{
"type": "FeatureCollection",
"name": "Sukarrieta",
"crs": { "type": "name", "properties": { "name": "urn:ogc:def:crs:EPSG::3035" } },
"features": [
{ "type": "Feature", "properties": { "CODE_18": "112", "Uso": "Tejido urbano discontinuo", "color": "#FF0000" }, "geometry": { "type": "MultiPolygon", "coordinates": [ [ [ [ 3294537.531808781437576, 2340126.610986112616956 ], [ 3294536.522966437973082, 2340129.243454644456506 ], [ 3294535.530689976643771, 2340131.172808568924665 ], [ 3294534.416218540165573, 2340133.346815230324864 ], [ 3294532.757263614796102, 2340135.788676047697663 ], [ 3294531.20717557426542, 2340137.409780273213983 ], [ 3294531.419819138012826, 2340140.376364199444652 ], [ 3294531.500793252140284, 2340141.488617332652211 ], [ 3294530.27945294836536, 2340151.485173497814685 ], [ 3294527.671214623376727, 2340157.046329796779901 ], [ 3294525.716481629293412, 2340160.159011775627732 ], [ 3294524.361860791221261, 2340160.49768292112276 ], [ 3294522.520618138834834, 2340160.962152551859617 ], [ 3294518.700836647767574, 2340162.909639630932361 ], [ 3294516.11787272663787, 2340164.97544823307544 ], [ 3294513.580288641620427, 2340167.936486274935305 ], [ 3294512.844037790317088, 2340169.323758577927947 ], [ 3294512.000462024938315, 2340170.922635969240218 ], [ 3294510.555619709659368, 2340175.102914680726826 ], [ 3294509.277119422331452, 2340183.018989086616784 ], [ 3294509.03011029958725, 2340184.543853278737515 ], [ 3294507.973426315002143, 2340188.554686628747731 ], [ 3294506.373569284565747, 2340191.666121118236333 ], [ 3294504.941209985874593, 2340193.51016659848392 ], [ 3294503.464318176265806, 2340194.773423536680639 ], [ 3294499.144049445167184, 2340197.133285389747471 ], [ 3294494.621227141935378, 2340198.38188613159582 ], [ 3294492.553008514456451, 2340198.946988846175373 ], [ 3294475.747075808234513, 2340200.458811371587217 ], [ 3294468.597992749884725, 2340201.40616656653583 ], [ 3294464.753944382537156, 2340200.607789466157556 ], [ 3294460.584762620739639, 2340199.744566616602242 ], [ 3294457.956805774010718, 2340198.81443771533668 ], [ 3294455.514220975805074, 2340197.344448301475495 ], [ 3294454.715332496911287, 2340196.865302423946559 ], [ 3294452.216503785923123, 2340194.248284538276494 ], [ 3294450.127635927405208, 2340191.28548576682806 ], [ 3294446.155612772796303, 2340184.572913187555969 ], [ 3294443.721194419078529, 2340179.874416820239276 ], [ 3294442.880238763988018, 2340177.839838547632098 ], [ 3294440.163139624521136, 2340171.232267571613193 ], [ 3294437.410985571332276, 2340162.24604535009712 ], [ 3294435.217799994628876, 2340155.059632175602019 ], [ 3294432.398543270304799, 2340142.076684820000082 ], [ 3294431.950368987396359, 2340139.344152884557843 ], [ 3294429.164248847868294, 2340122.357077664230019 ], [ 3294428.853760824538767, 2340121.01001000078395 ], [ 3294412.1202383316122, 2340121.01001000078395 ], [ 3294409.702312790323049, 2340123.633757133036852 ], [ 3294405.260924240108579, 2340129.708718136884272 ], [ 3294403.587564396671951, 2340132.00088646588847 ], [ 3294400.741026856005192, 2340136.294681072235107 ], [ 3294399.147872120607644, 2340138.70473047439009 ], [ 3294395.901698287110776, 2340144.458783803973347 ], [ 3294390.988561532460153, 2340154.523347972892225 ], [ 3294388.66077614761889, 2340158.330537701025605 ], [ 3294378.926116584334522, 2340170.172974563203752 ], [ 3294370.888009767048061, 2340181.596572109498084 ], [ 3294364.44020642247051, 2340189.788627764210105 ], [ 3294359.8844158584252, 2340194.980455376207829 ], [ 3294359.584707973524928, 2340195.256191566586494 ], [ 3294356.171197067480534, 2340198.319876402616501 ], [ 3294351.059828802011907, 2340201.670710193458945 ], [ 3294345.86440274072811, 2340203.828645281493664 ], [ 3294335.994070641696453, 2340206.307908652350307 ], [ 3294315.02429722994566, 2340210.700260503217578 ], [ 3294309.169668920338154, 2340212.364744062535465 ], [ 3294296.754829840734601, 2340216.649402997922152 ], [ 3294296.315900334622711, 2340216.756704668048769 ], [ 3294293.539249463006854, 2340217.456011483911425 ], [ 3294292.48819540720433, 2340219.892921988386661 ], [ 3294290.951683882623911, 2340226.545096647925675 ], [ 3294288.767560668289661, 2340248.918384960852563 ], [ 3294287.990180127322674, 2340253.580541030969471 ], [ 3294286.763003445230424, 2340256.799248791765422 ], [ 3294285.129715954884887, 2340258.840856358874589 ], [ 3294282.939386360347271, 2340260.269639411941171 ], [ 3294281.25547637604177, 2340260.889234744012356 ], [ 3294278.385678201448172, 2340261.391744612716138 ], [ 3294268.449552378617227, 2340261.304938649293035 ], [ 3294256.949398885015398, 2340261.207854870706797 ], [ 3294249.404852768871933, 2340261.970786578021944 ], [ 3294246.728132652118802, 2340262.784523649141192 ], [ 3294245.17196542583406, 2340263.564417153596878 ], [ 3294244.525475731119514, 2340263.89072911767289 ], [ 3294236.540015602484345, 2340270.748671027831733 ], [ 3294234.226491297129542, 2340272.168584374710917 ], [ 3294231.04396843444556, 2340273.547849598806351 ], [ 3294227.753888823091984, 2340274.580618279986084 ], [ 3294225.862186498939991, 2340274.861122447997332 ], [ 3294219.964562382083386, 2340272.737771142739803 ], [ 3294216.732801508624107, 2340272.146785927470773 ], [ 3294215.431807553395629, 2340272.070153277367353 ], [ 3294213.89590123668313, 2340271.983914442826062 ], [ 3294211.979467481840402, 2340272.299193812999874 ], [ 3294209.538738034665585, 2340272.696131572127342 ], [ 3294208.344377641566098, 2340273.331487984396517 ], [ 3294207.513595289550722, 2340273.771255479194224 ], [ 3294206.311531809158623, 2340274.854475806001574 ], [ 3294204.242711919359863, 2340278.261155689600855 ], [ 3294202.931640644557774, 2340282.823955496773124 ], [ 3294202.776251944713295, 2340286.453729401342571 ], [ 3294202.739350363612175, 2340287.403961513191462 ], [ 3294203.518384330905974, 2340294.442234616726637 ], [ 3294203.445737869478762, 2340296.535309762693942 ], [ 3294202.629294206853956, 2340299.103661636821926 ], [ 3294202.441303764469922, 2340299.380133328028023 ], [ 3294201.785032155457884, 2340300.327191307209432 ], [ 3294200.279872941318899, 2340301.727335602976382 ], [ 3294199.695637025870383, 2340302.123932092450559 ], [ 3294198.214514593128115, 2340303.11394470045343 ], [ 3294188.908337358850986, 2340307.300815132446587 ], [ 3294186.652060785796493, 2340308.822336343117058 ], [ 3294185.770431362558156, 2340309.879892526194453 ], [ 3294184.999207896180451, 2340310.806487304158509 ], [ 3294183.891917999833822, 2340313.395324613898993 ], [ 3294183.266935330349952, 2340316.265038253739476 ], [ 3294183.055301229935139, 2340318.747782254125923 ], [ 3294183.001063847448677, 2340319.406756232026964 ], [ 3294183.0819804626517, 2340323.796851518563926 ], [ 3294183.562299037352204, 2340327.467532825656235 ], [ 3294185.221811179537326, 2340333.255640464369208 ], [ 3294187.459468910936266, 2340337.805927541106939 ], [ 3294188.646137227769941, 2340340.216339171398431 ], [ 3294193.033534228336066, 2340347.048991689458489 ], [ 3294194.178977600298822, 2340348.218408820684999 ], [ 3294197.154803734272718, 2340351.269448912702501 ], [ 3294199.132726474665105, 2340352.627981171011925 ], [ 3294200.45953421574086, 2340353.542382877320051 ], [ 3294201.65366546344012, 2340353.647874739952385 ], [ 3294204.061651651747525, 2340353.855404803529382 ], [ 3294209.055210999213159, 2340353.559447816573083 ], [ 3294230.648169840686023, 2340350.245229355059564 ], [ 3294243.886923035606742, 2340348.880983864888549 ], [ 3294253.814332264009863, 2340347.863165779039264 ], [ 3294264.98002138081938, 2340347.034444625489414 ], [ 3294273.86877675075084, 2340345.498285707086325 ], [ 3294281.424565982073545, 2340344.185387391131371 ], [ 3294287.806562881916761, 2340342.519881545566022 ], [ 3294291.308286467567086, 2340341.602275717072189 ], [ 3294298.154713714960963, 2340339.490117522422224 ], [ 3294308.62166934274137, 2340336.256887557916343 ], [ 3294327.359702758025378, 2340329.515314717777073 ], [ 3294339.163942288141698, 2340325.65215552598238 ], [ 3294347.164978767745197, 2340323.03338812943548 ], [ 3294353.037940575741231, 2340321.913687231950462 ], [ 3294368.62529079336673, 2340320.209265683311969 ], [ 3294377.52815438946709, 2340318.944652558304369 ], [ 3294391.517421514727175, 2340316.403778220992535 ], [ 3294396.798520325683057, 2340315.448606663849205 ], [ 3294403.758675795514137, 2340313.844248915091157 ], [ 3294422.633644500747323, 2340309.483826297335327 ], [ 3294458.982356239110231, 2340299.394817502237856 ], [ 3294482.620374667458236, 2340291.044365426525474 ], [ 3294483.042122440412641, 2340290.584891765844077 ], [ 3294485.091536282096058, 2340288.35879963869229 ], [ 3294489.053611065261066, 2340285.361435935366899 ], [ 3294494.809699410106987, 2340283.034302858170122 ], [ 3294498.709062331356108, 2340281.448351455852389 ], [ 3294502.45864977594465, 2340280.61928526731208 ], [ 3294526.215107826516032, 2340276.763998356182128 ], [ 3294528.88243299536407, 2340275.769255241379142 ], [ 3294532.961234789341688, 2340272.741309342440218 ], [ 3294531.949768823105842, 2340267.316695986315608 ], [ 3294528.15486240061, 2340257.477954560425133 ], [ 3294526.410541009623557, 2340254.698377771768719 ], [ 3294520.030981240794063, 2340246.296565670520067 ], [ 3294518.49237327510491, 2340244.028963189106435 ], [ 3294517.358025564346462, 2340242.370494156144559 ], [ 3294519.466144716832787, 2340232.523095805663615 ], [ 3294526.116885043680668, 2340214.248969163745642 ], [ 3294529.03969339793548, 2340204.482181050349027 ], [ 3294537.077968987170607, 2340172.214522138237953 ], [ 3294538.101910945028067, 2340167.5092096417211 ], [ 3294607.440078837331384, 2340148.498109787236899 ], [ 3294608.727204377297312, 2340151.459219486452639 ], [ 3294609.488184039480984, 2340153.93401776207611 ], [ 3294610.1107128104195, 2340155.935804965905845 ], [ 3294612.381630283314735, 2340166.812634232454002 ], [ 3294614.023552583530545, 2340170.452426692470908 ], [ 3294614.403388501144946, 2340170.974504513666034 ], [ 3294615.716403469908983, 2340172.794502323493361 ], [ 3294617.34638584498316, 2340174.011006916873157 ], [ 3294618.292586163617671, 2340174.707913332618773 ], [ 3294620.386847550515085, 2340175.53868374787271 ], [ 3294623.829797654412687, 2340176.427597052883357 ], [ 3294626.880969593301415, 2340176.96904015680775 ], [ 3294633.319927157368511, 2340178.124911460094154 ], [ 3294643.955268212128431, 2340179.134600335266441 ], [ 3294649.228299434296787, 2340170.336448480840772 ], [ 3294655.116008583456278, 2340158.853073327802122 ], [ 3294656.044799286872149, 2340157.34075943659991 ], [ 3294656.861410924233496, 2340156.010455973446369 ], [ 3294658.532385939732194, 2340154.013008533511311 ], [ 3294661.393567187245935, 2340151.725977797992527 ], [ 3294664.219305997248739, 2340150.459955325350165 ], [ 3294669.135840338189155, 2340149.446874693967402 ], [ 3294674.091051486320794, 2340148.731463069561869 ], [ 3294678.888472666963935, 2340148.043680091388524 ], [ 3294681.690481382422149, 2340147.06595829455182 ], [ 3294683.139177250675857, 2340146.558598923962563 ], [ 3294683.887833508662879, 2340146.112924623768777 ], [ 3294685.98410192783922, 2340144.852853650227189 ], [ 3294687.773805023636669, 2340143.331872104201466 ], [ 3294689.341308536939323, 2340141.32209959346801 ], [ 3294690.087962616235018, 2340140.36937506031245 ], [ 3294692.409365750849247, 2340135.842814800795168 ], [ 3294693.415821648668498, 2340133.505062191281468 ], [ 3294696.476409868337214, 2340126.433847386389971 ], [ 3294698.76606979733333, 2340122.765279836952686 ], [ 3294700.363390039652586, 2340121.308428552933037 ], [ 3294701.103444604203105, 2340121.01001000078395 ], [ 3294539.31318872096017, 2340121.01001000078395 ], [ 3294537.531808781437576, 2340126.610986112616956 ] ] ], [ [ [ 3294705.286395693197846, 2340121.633757517207414 ], [ 3294706.515427373815328, 2340124.178821858484298 ], [ 3294706.835777466185391, 2340127.430983820464462 ], [ 3294706.498695634771138, 2340130.138637185562402 ], [ 3294706.123632785398513, 2340131.625030822120607 ], [ 3294705.761821980588138, 2340133.068512073718011 ], [ 3294703.323304174467921, 2340139.72636499395594 ], [ 3294699.423914342187345, 2340149.105977626517415 ], [ 3294696.09975381847471, 2340157.10622180858627 ], [ 3294691.913985448423773, 2340168.636621076613665 ], [ 3294687.3783546583727, 2340180.136949411593378 ], [ 3294682.354948339052498, 2340192.869413826148957 ], [ 3294681.115584571845829, 2340197.003557729534805 ], [ 3294680.638361047487706, 2340198.609320950228721 ], [ 3294678.709202367812395, 2340209.79534645890817 ], [ 3294678.330906318966299, 2340211.262011901475489 ], [ 3294677.514526650775224, 2340214.449364026077092 ], [ 3294673.343489583581686, 2340227.30658598151058 ], [ 3294670.606433992739767, 2340235.731738527305424 ], [ 3294665.999169253744185, 2340248.279721177183092 ], [ 3294665.185335270129144, 2340252.410396117251366 ], [ 3294665.16784709924832, 2340254.77794938813895 ], [ 3294665.1626858105883, 2340256.16913334466517 ], [ 3294665.36107987165451, 2340257.62615591334179 ], [ 3294665.60639510769397, 2340259.369255688972771 ], [ 3294666.609227001201361, 2340263.009323643520474 ], [ 3294668.762971514370292, 2340267.604747098404914 ], [ 3294671.425064424052835, 2340271.279022283386439 ], [ 3294675.21757494751364, 2340274.917734519578516 ], [ 3294682.876329603604972, 2340282.273581240326166 ], [ 3294684.310926110483706, 2340284.09258783608675 ], [ 3294685.512997817713767, 2340285.607275482267141 ], [ 3294686.542949558235705, 2340287.618910117074847 ], [ 3294687.069328287616372, 2340288.663322980515659 ], [ 3294688.06368616130203, 2340291.756881400477141 ], [ 3294688.161534785758704, 2340292.044189476873726 ], [ 3294689.531187103129923, 2340298.10629719030112 ], [ 3294690.419916675426066, 2340302.040341523475945 ], [ 3294693.141418426297605, 2340308.860253526363522 ], [ 3294694.0685142762959, 2340310.615901139564812 ], [ 3294696.288983368314803, 2340314.814017207361758 ], [ 3294698.288483527954668, 2340318.036020742729306 ], [ 3294700.361792811192572, 2340320.656514696311206 ], [ 3294702.410524514969438, 2340323.250868023373187 ], [ 3294706.62586873350665, 2340328.601598992012441 ], [ 3294707.471990223508328, 2340330.543941634241492 ], [ 3294707.849285560660064, 2340331.421645955182612 ], [ 3294709.39452457614243, 2340334.966741864103824 ], [ 3294710.832128806971014, 2340337.546324901748449 ], [ 3294713.48983362223953, 2340341.008261130657047 ], [ 3294717.266554322093725, 2340345.045513055287302 ], [ 3294721.423342186026275, 2340348.863996423315257 ], [ 3294725.768429578281939, 2340352.28418027702719 ], [ 3294726.232785671018064, 2340352.517462566494942 ], [ 3294729.059833767358214, 2340353.981029214337468 ], [ 3294732.179423665627837, 2340354.754046971909702 ], [ 3294735.921389191411436, 2340354.991872193291783 ], [ 3294737.411841767840087, 2340354.862824974581599 ], [ 3294740.675351299345493, 2340354.595840046647936 ], [ 3294744.52502503991127, 2340353.82029929663986 ], [ 3294758.300747767556459, 2340349.97736257314682 ], [ 3294762.290568247903138, 2340349.004767672624439 ], [ 3294765.940077254083008, 2340348.122204030398279 ], [ 3294784.278463147580624, 2340344.819915471598506 ], [ 3294786.790922808460891, 2340340.097529079765081 ], [ 3294791.506739473901689, 2340333.345367090310901 ], [ 3294795.29623323911801, 2340325.831929719075561 ], [ 3294796.341126907616854, 2340323.23374448530376 ], [ 3294797.693587197456509, 2340319.851048357319087 ], [ 3294798.494935709051788, 2340314.159766752738506 ], [ 3294797.576931851450354, 2340312.706967737525702 ], [ 3294796.755466744769365, 2340311.409781808964908 ], [ 3294789.941747924312949, 2340303.82478197151795 ], [ 3294785.428392003756016, 2340298.079715983010828 ], [ 3294783.077948397491127, 2340293.955097753088921 ], [ 3294781.789275469258428, 2340290.304191351868212 ], [ 3294780.958023971877992, 2340285.730907151475549 ], [ 3294780.873966172337532, 2340284.538010268937796 ], [ 3294780.753311329055578, 2340282.874564181081951 ], [ 3294780.826734912116081, 2340280.476922454778105 ], [ 3294780.877969807013869, 2340279.057376184500754 ], [ 3294781.450188613962382, 2340275.618484240025282 ], [ 3294782.569048339966685, 2340271.058928548358381 ], [ 3294783.989697431214154, 2340266.050758759491146 ], [ 3294785.553344431798905, 2340261.667024687863886 ], [ 3294787.15859672287479, 2340259.021465822122991 ], [ 3294788.280462856404483, 2340257.820379893761128 ], [ 3294790.150214143563062, 2340256.478195999749005 ], [ 3294793.326279739383608, 2340255.059505178127438 ], [ 3294800.636092551518232, 2340252.927170176059008 ], [ 3294803.733648625202477, 2340252.019479618407786 ], [ 3294806.797689890488982, 2340250.721884724218398 ], [ 3294808.810362015850842, 2340249.385121351107955 ], [ 3294813.121162479743361, 2340244.926302345469594 ], [ 3294814.698139901272953, 2340243.716566652525216 ], [ 3294816.238905766047537, 2340242.533467477653176 ], [ 3294818.581103859469295, 2340241.473891605623066 ], [ 3294819.156791509129107, 2340241.210724402684718 ], [ 3294826.238319518044591, 2340239.047328901477158 ], [ 3294831.924930518493056, 2340236.915066063869745 ], [ 3294832.337511004880071, 2340238.131624273490161 ], [ 3294833.365765858907253, 2340239.514378774911165 ], [ 3294835.243144450709224, 2340241.002158268820494 ], [ 3294835.777689243666828, 2340241.415964158251882 ], [ 3294837.103958520106971, 2340241.894105156883597 ], [ 3294838.906217786949128, 2340242.55275220843032 ], [ 3294842.737637187819928, 2340243.150400687009096 ], [ 3294849.89482383383438, 2340243.551356833428144 ], [ 3294854.157470410689712, 2340243.190623971167952 ], [ 3294855.919820668175817, 2340242.739977557212114 ], [ 3294858.535687097348273, 2340241.307749818079174 ], [ 3294859.435430933721364, 2340240.236890253610909 ], [ 3294859.82944498443976, 2340239.051619825419039 ], [ 3294870.106935568153858, 2340221.116771048400551 ], [ 3294882.019408600404859, 2340217.35657225549221 ], [ 3294892.822034783195704, 2340213.942921482492238 ], [ 3294905.718227451201528, 2340214.881532041355968 ], [ 3294930.999342611525208, 2340213.641509441193193 ], [ 3294946.688123684376478, 2340231.606630574446172 ], [ 3294952.578967223875225, 2340248.100807271432132 ], [ 3294977.835881717503071, 2340256.424457003362477 ], [ 3294989.182142696809024, 2340257.624310941901058 ], [ 3295006.841253953054547, 2340254.633856942877173 ], [ 3295009.51890792325139, 2340258.65044484520331 ], [ 3295015.950005768798292, 2340272.005627676378936 ], [ 3295016.697736637666821, 2340273.224392272066325 ], [ 3295018.376413696445525, 2340275.974874515086412 ], [ 3295024.818845022469759, 2340282.904386604204774 ], [ 3295030.45576250879094, 2340286.778314643073827 ], [ 3295033.98054077476263, 2340289.093935773242265 ], [ 3295038.942304893396795, 2340291.634911947883666 ], [ 3295052.542394503951073, 2340296.184766054619104 ], [ 3295060.498861490748823, 2340300.159967553801835 ], [ 3295067.968012626748532, 2340303.885609359014779 ], [ 3295069.935845629312098, 2340304.687787490896881 ], [ 3295072.837553763762116, 2340305.864298450760543 ], [ 3295076.54400830809027, 2340306.504135070368648 ], [ 3295078.969726678449661, 2340306.20119437109679 ], [ 3295080.310790541116148, 2340306.027276831679046 ], [ 3295087.834340831264853, 2340302.538313971832395 ], [ 3295105.317949589341879, 2340294.890236036852002 ], [ 3295138.952701464295387, 2340360.788142495322973 ], [ 3295148.101158804260194, 2340378.711112055927515 ], [ 3295159.867496196180582, 2340400.904692939482629 ], [ 3295174.087117265444249, 2340400.201052010990679 ], [ 3295178.50809567887336, 2340397.651090452447534 ], [ 3295214.912513570860028, 2340376.643708078190684 ], [ 3295133.792278525885195, 2340232.893282088451087 ], [ 3295113.507584203034639, 2340198.968343069776893 ], [ 3295060.470103092957288, 2340207.016511248890311 ], [ 3295052.322210071608424, 2340191.049448878504336 ], [ 3295026.551059871912003, 2340140.559552325867116 ], [ 3295036.053402930498123, 2340136.145696968771517 ], [ 3295028.368180389050394, 2340121.01001000078395 ], [ 3294704.375384800601751, 2340121.01001000078395 ], [ 3294705.286395693197846, 2340121.633757517207414 ] ] ], [ [ [ 3295265.917740229517221, 2341436.058466086164117 ], [ 3295263.811069608666003, 2341435.585044665262103 ], [ 3295259.646821626462042, 2341435.370416335295886 ], [ 3295241.924017395358533, 2341436.301923708524555 ], [ 3295234.590801540762186, 2341436.002842756453902 ], [ 3295230.208740296773612, 2341435.51176399923861 ], [ 3295224.566902204416692, 2341434.886085259728134 ], [ 3295222.250140310265124, 2341434.987300202716142 ], [ 3295220.910399118438363, 2341435.29292130516842 ], [ 3295219.718585132155567, 2341435.572640853002667 ], [ 3295216.272137998603284, 2341437.383725957944989 ], [ 3295214.003642714582384, 2341439.201665417291224 ], [ 3295211.330534903798252, 2341442.511184355709702 ], [ 3295210.361479580868036, 2341443.715968508739024 ], [ 3295204.499971203505993, 2341453.378329106140882 ], [ 3295203.559189120307565, 2341454.44623784488067 ], [ 3295194.029162555001676, 2341475.203487905208021 ], [ 3295191.719536282122135, 2341480.976241186726838 ], [ 3295189.916404807008803, 2341486.558827892877162 ], [ 3295185.119999122805893, 2341507.167164461687207 ], [ 3295184.351080250926316, 2341510.457859712652862 ], [ 3295179.036162498407066, 2341530.811957910656929 ], [ 3295177.697761931922287, 2341539.103903104551136 ], [ 3295177.484250003471971, 2341544.976447939872742 ], [ 3295176.889305580407381, 2341545.060325699392706 ], [ 3295176.409619078971446, 2341545.042837137822062 ], [ 3295174.306887919083238, 2341544.964506052434444 ], [ 3295163.83549034781754, 2341539.511696526315063 ], [ 3295155.749762896914035, 2341535.305448879487813 ], [ 3295160.390006544534117, 2341522.589222361333668 ], [ 3295132.746377340052277, 2341486.54288606531918 ], [ 3295132.290700057055801, 2341478.260639195330441 ], [ 3295131.704687296412885, 2341467.575818499550223 ], [ 3295133.144787880592048, 2341465.902924725785851 ], [ 3295139.099496425595134, 2341459.035254458896816 ], [ 3295138.619495402090251, 2341448.007134309969842 ], [ 3295137.990875752642751, 2341433.35172318154946 ], [ 3295131.771836711093783, 2341408.055617264937609 ], [ 3295131.152628647629172, 2341404.713687266223133 ], [ 3295129.995274035260081, 2341398.462149905506521 ], [ 3295131.874178097583354, 2341398.041824468411505 ], [ 3295134.331755789462477, 2341396.819955997634679 ], [ 3295136.302409999072552, 2341395.845716517418623 ], [ 3295139.912849678657949, 2341392.189404119737446 ], [ 3295151.589965283405036, 2341372.832123575732112 ], [ 3295155.564415244851261, 2341367.498530370183289 ], [ 3295156.379467327147722, 2341366.777375775389373 ], [ 3295157.495839873328805, 2341365.790350909810513 ], [ 3295158.455442470498383, 2341361.806645599193871 ], [ 3295162.256662690080702, 2341354.798507230356336 ], [ 3295169.498206720221788, 2341343.839110986329615 ], [ 3295178.63463920680806, 2341330.021056087687612 ], [ 3295181.938121948391199, 2341325.606651679612696 ], [ 3295185.36526039801538, 2341321.01837491709739 ], [ 3295189.00787014933303, 2341315.022379409056157 ], [ 3295192.152317960746586, 2341309.823976753279567 ], [ 3295194.464025791268796, 2341307.156183341983706 ], [ 3295198.111539893317968, 2341303.787684024311602 ], [ 3295204.201220514252782, 2341298.794098337180912 ], [ 3295209.127383459825069, 2341295.242306592408568 ], [ 3295212.674533187877387, 2341293.241077018901706 ], [ 3295215.470195581205189, 2341292.162980061024427 ], [ 3295216.821112502366304, 2341291.987328862771392 ], [ 3295218.837626085616648, 2341291.725578889250755 ], [ 3295220.377777030225843, 2341292.085086105857044 ], [ 3295221.571451976429671, 2341292.373334740288556 ], [ 3295222.860444100573659, 2341293.304518837481737 ], [ 3295224.585698282346129, 2341295.84389633545652 ], [ 3295225.67579458700493, 2341298.778633360285312 ], [ 3295228.76225871546194, 2341312.090334332082421 ], [ 3295229.240134033374488, 2341314.1377570675686 ], [ 3295230.245628932490945, 2341316.742273013107479 ], [ 3295231.096394095569849, 2341318.156111971475184 ], [ 3295231.482164436019957, 2341318.281378783751279 ], [ 3295241.977663809433579, 2341319.366310602054 ], [ 3295246.18536174017936, 2341319.289187178947031 ], [ 3295248.713925277348608, 2341319.24222255172208 ], [ 3295252.535917554982007, 2341318.359900135546923 ], [ 3295255.436276383697987, 2341316.806809242814779 ], [ 3295257.739588769152761, 2341314.211525799240917 ], [ 3295258.998006836045533, 2341311.616533036809415 ], [ 3295259.514646357856691, 2341310.003860545810312 ], [ 3295260.112410634290427, 2341308.143577802460641 ], [ 3295261.47906257212162, 2341300.394707858562469 ], [ 3295261.971249457448721, 2341292.81924907816574 ], [ 3295262.119383366778493, 2341278.322157995309681 ], [ 3295262.431963494047523, 2341274.228493733331561 ], [ 3295262.627647119574249, 2341273.504161613062024 ], [ 3295263.125176443718374, 2341271.651282222010195 ], [ 3295264.878853515256196, 2341269.416089056991041 ], [ 3295267.271954, 2341268.357741680927575 ], [ 3295267.750176209025085, 2341268.304451814852655 ], [ 3295268.954784504137933, 2341268.164568040985614 ], [ 3295275.239110536873341, 2341268.748797486536205 ], [ 3295278.103677291423082, 2341269.0184814655222 ], [ 3295283.685867029707879, 2341268.538327492307872 ], [ 3295305.722402055282146, 2341262.609656217042357 ], [ 3295313.220325014553964, 2341261.438890079036355 ], [ 3295316.969680299982429, 2341261.350693775340915 ], [ 3295322.875869029667228, 2341262.041729899588972 ], [ 3295326.805842673406005, 2341263.302046212833375 ], [ 3295329.663806644733995, 2341264.892137428279966 ], [ 3295333.094981222879142, 2341261.317978118546307 ], [ 3295336.249631305225194, 2341257.294981639832258 ], [ 3295339.005872553214431, 2341252.945969744585454 ], [ 3295344.266037828288972, 2341244.627012444194406 ], [ 3295344.537621048279107, 2341244.427239183336496 ], [ 3295339.997466336004436, 2341294.430163328070194 ], [ 3295340.230435247067362, 2341297.829567350912839 ], [ 3295340.605364119168371, 2341303.578763433732092 ], [ 3295359.298823826014996, 2341294.277710866648704 ], [ 3295362.49639109428972, 2341267.941751780919731 ], [ 3295368.205486880149692, 2341211.087198656983674 ], [ 3295376.33853717893362, 2341155.959652234334499 ], [ 3295369.111962534487247, 2341125.015044128522277 ], [ 3295349.404829915147275, 2341083.357507565524429 ], [ 3295329.514727904461324, 2341040.646174933295697 ], [ 3295296.271644363645464, 2340982.026657399721444 ], [ 3295287.152085978072137, 2340946.035058452282101 ], [ 3295288.620027481112629, 2340915.709389011375606 ], [ 3295297.395627709571272, 2340884.104226415045559 ], [ 3295317.181054655462503, 2340836.617825467605144 ], [ 3295337.452534193173051, 2340787.950375643093139 ], [ 3295348.62209795974195, 2340763.455951985437423 ], [ 3295357.118680916726589, 2340744.807996938936412 ], [ 3295405.119188088923693, 2340776.995768971741199 ], [ 3295426.489537694491446, 2340779.251569323707372 ], [ 3295441.046857384964824, 2340780.79242167621851 ], [ 3295442.171961492393166, 2340780.910019150469452 ], [ 3295443.359472963027656, 2340781.036985961720347 ], [ 3295548.369876101613045, 2340684.7855209344998 ], [ 3295548.218170337378979, 2340684.355422237422317 ], [ 3295545.592096641194075, 2340676.818582705687732 ], [ 3295472.412132101133466, 2340467.177061875350773 ], [ 3295475.324781384319067, 2340460.13180222036317 ], [ 3295516.583617575932294, 2340360.104825908318162 ], [ 3295521.121571442577988, 2340355.484527439810336 ], [ 3295541.933576240204275, 2340334.294891893398017 ], [ 3295570.864525435492396, 2340304.83392977854237 ], [ 3295591.016047218348831, 2340284.318111735396087 ], [ 3295599.387003694660962, 2340275.789547505788505 ], [ 3295597.99779982259497, 2340270.96893669012934 ], [ 3295593.784425466321409, 2340256.413637548685074 ], [ 3295583.974959446117282, 2340222.52188940346241 ], [ 3295590.196155343204737, 2340219.50457576662302 ], [ 3295595.139227432664484, 2340217.10680602863431 ], [ 3295597.118871137965471, 2340213.898488744162023 ], [ 3295599.349454169627279, 2340210.859344568103552 ], [ 3295601.80139069724828, 2340207.994553382042795 ], [ 3295604.481152394786477, 2340205.343573964666575 ], [ 3295607.369015362113714, 2340202.909859559964389 ], [ 3295610.42714973911643, 2340200.710181338712573 ], [ 3295613.647311480715871, 2340198.756130609661341 ], [ 3295626.073900382965803, 2340195.717927497811615 ], [ 3295597.682795525528491, 2340180.03751739859581 ], [ 3295577.211617881897837, 2340121.01001000078395 ], [ 3295440.629001067951322, 2340121.01001000078395 ], [ 3295438.960477789398283, 2340122.685240811202675 ], [ 3295436.865496469195932, 2340125.375914819538593 ], [ 3295436.378790406510234, 2340126.181632929947227 ], [ 3295445.989546088501811, 2340153.542434303089976 ], [ 3295444.539106006734073, 2340177.42083529708907 ], [ 3295432.149991795420647, 2340193.553539488464594 ], [ 3295417.60166731942445, 2340307.799414455890656 ], [ 3295413.777404940221459, 2340306.317606841679662 ], [ 3295394.6790538020432, 2340298.924847247079015 ], [ 3295392.392518357373774, 2340376.652800028212368 ], [ 3295381.792053948156536, 2340454.72017197497189 ], [ 3295367.863700306043029, 2340557.278968669939786 ], [ 3295371.829303021542728, 2340570.446818184107542 ], [ 3295265.432359036523849, 2340602.20709898788482 ], [ 3295274.21191029669717, 2340619.859797033015639 ], [ 3295273.703349425457418, 2340624.11967449914664 ], [ 3295273.175360336899757, 2340625.663285553455353 ], [ 3295272.546365462243557, 2340627.518874064087868 ], [ 3295271.538534078747034, 2340629.10590803809464 ], [ 3295269.682273297570646, 2340630.963268588297069 ], [ 3295269.12392349448055, 2340631.517690036911517 ], [ 3295265.015690327156335, 2340634.489854915067554 ], [ 3295259.952780663501471, 2340637.517545342445374 ], [ 3295256.447426839265972, 2340639.217131780926138 ], [ 3295254.476053606718779, 2340639.815997905097902 ], [ 3295252.969960589893162, 2340640.282658578827977 ], [ 3295251.933152689598501, 2340640.332268001046032 ], [ 3295250.411648425273597, 2340640.39570633880794 ], [ 3295245.971943625248969, 2340639.305814687162638 ], [ 3295231.968722895719111, 2340633.040478950366378 ], [ 3295227.739046389237046, 2340632.055886860471219 ], [ 3295225.6839978848584, 2340631.959043155889958 ], [ 3295224.560358763672411, 2340631.912227998953313 ], [ 3295220.398953329306096, 2340632.519070028793067 ], [ 3295215.291583309881389, 2340634.286046990193427 ], [ 3295211.719818382523954, 2340636.261112914886326 ], [ 3295209.404978332575411, 2340637.54929550178349 ], [ 3295207.612202824093401, 2340638.989622596651316 ], [ 3295204.905742990784347, 2340641.168363926000893 ], [ 3295202.311548851896077, 2340645.08305687783286 ], [ 3295200.301204641349614, 2340648.103978099301457 ], [ 3295198.623470211401582, 2340651.482731867115945 ], [ 3295198.321764170192182, 2340652.550359988585114 ], [ 3295198.1262252246961, 2340653.213774407282472 ], [ 3295196.827058111783117, 2340663.477642016485333 ], [ 3295197.077625011093915, 2340665.747519929427654 ], [ 3295197.312165490817279, 2340667.857835535891354 ], [ 3295198.530215032864362, 2340672.809911919292063 ], [ 3295203.905914293136448, 2340680.595981561113149 ], [ 3295206.125555833335966, 2340684.479662942700088 ], [ 3295210.851068647578359, 2340692.75505137257278 ], [ 3295213.88125410117209, 2340699.662999014370143 ], [ 3295215.536780630238354, 2340705.735945397987962 ], [ 3295215.855866068508476, 2340711.454304266255349 ], [ 3295214.858695176430047, 2340716.631877049803734 ], [ 3295212.396191825158894, 2340722.400900847744197 ], [ 3295209.099660594016314, 2340727.291004680097103 ], [ 3295204.908773011062294, 2340731.119938978925347 ], [ 3295198.13538699503988, 2340735.532970133237541 ], [ 3295185.618092876393348, 2340742.656579162459821 ], [ 3295183.425603887531906, 2340743.639198552817106 ], [ 3295181.902564798481762, 2340744.311790624633431 ], [ 3295178.568024652544409, 2340745.38274504756555 ], [ 3295176.720465833786875, 2340745.746828672941774 ], [ 3295173.929403926245868, 2340746.296407687943429 ], [ 3295169.088456532917917, 2340746.656910427846014 ], [ 3295159.602714163716882, 2340746.470841474831104 ], [ 3295150.769166177138686, 2340746.302504556719214 ], [ 3295135.933982898946851, 2340747.459004274103791 ], [ 3295132.738206429407001, 2340748.881142660044134 ], [ 3295127.613969850353897, 2340750.174129941500723 ], [ 3295119.289400263689458, 2340751.43888542521745 ], [ 3295108.035622576251626, 2340752.658382680732757 ], [ 3295103.439687837846577, 2340753.58487358642742 ], [ 3295100.209697848651558, 2340754.241753735113889 ], [ 3295096.890879699029028, 2340755.594105990603566 ], [ 3295094.583214920014143, 2340757.297110883984715 ], [ 3295092.963576659560204, 2340759.792971083894372 ], [ 3295092.410637503489852, 2340762.112207944970578 ], [ 3295092.688431091606617, 2340767.269513753708452 ], [ 3295094.37810017215088, 2340773.488707663025707 ], [ 3295097.176088540814817, 2340781.269454201683402 ], [ 3295110.879318454302847, 2340815.95106589095667 ], [ 3295113.158247709274292, 2340823.041298335883766 ], [ 3295114.493036998901516, 2340827.962792985606939 ], [ 3295117.304155460558832, 2340838.359438677318394 ], [ 3295118.400963163934648, 2340844.489628110546619 ], [ 3295119.556175226345658, 2340850.914032989647239 ], [ 3295119.811771562788635, 2340854.451540541835129 ], [ 3295120.064132009632885, 2340857.969318674877286 ], [ 3295119.858216881752014, 2340860.796086261048913 ], [ 3295119.788346357643604, 2340861.792680807877332 ], [ 3295119.254214575514197, 2340864.473956113215536 ], [ 3295118.162504582665861, 2340867.40508055081591 ], [ 3295116.740876435767859, 2340869.561831633094698 ], [ 3295113.602365334983915, 2340872.384527821093798 ], [ 3295111.530846004374325, 2340873.609821913763881 ], [ 3295109.395147985778749, 2340874.876797555480152 ], [ 3295084.251989458221942, 2340887.905057620257139 ], [ 3295070.742778499145061, 2340895.537285376805812 ], [ 3295061.283831198699772, 2340899.720362684223801 ], [ 3295052.501488091889769, 2340902.709278152324259 ], [ 3295044.153443174436688, 2340904.820455284789205 ], [ 3295024.075648314319551, 2340907.970653498079628 ], [ 3295014.138690839521587, 2340910.167234060354531 ], [ 3295009.921295962296426, 2340911.484121561050415 ], [ 3295006.197146757971495, 2340912.653755783569068 ], [ 3295004.649228600319475, 2340913.422044948674738 ], [ 3295002.510757918469608, 2340914.48655071714893 ], [ 3295003.347748973406851, 2340918.10492798872292 ], [ 3295004.985980660654604, 2340925.185573515947908 ], [ 3295005.607223232742399, 2340927.055668648798019 ], [ 3295007.084552423562855, 2340931.485399247612804 ], [ 3295009.92296927375719, 2340935.615920491050929 ], [ 3295011.188690103590488, 2340936.65265764342621 ], [ 3295011.749434831552207, 2340937.10246888268739 ], [ 3295013.818512302823365, 2340938.150762462057173 ], [ 3295015.152176823467016, 2340938.302869563922286 ], [ 3295018.282705696765333, 2340938.64775619469583 ], [ 3295024.307454926427454, 2340938.577209596056491 ], [ 3295029.996203813701868, 2340938.190017526969314 ], [ 3295034.421325784176588, 2340937.892156753223389 ], [ 3295036.796104890294373, 2340937.587972055189312 ], [ 3295041.336946450173855, 2340937.00600024824962 ], [ 3295054.573311031796038, 2340934.637633870821446 ], [ 3295093.205071939155459, 2340926.716532687656581 ], [ 3295096.503629557322711, 2340926.230306083802134 ], [ 3295100.543443860951811, 2340925.624437884893268 ], [ 3295102.122497297823429, 2340925.540767651982605 ], [ 3295103.770583679433912, 2340925.445010181516409 ], [ 3295105.799125605728477, 2340925.627671048045158 ], [ 3295107.569794839248061, 2340925.784447616431862 ], [ 3295112.612073908559978, 2340927.022517361678183 ], [ 3295120.558996394276619, 2340929.578651463612914 ], [ 3295126.171966528985649, 2340931.883823700249195 ], [ 3295128.727902329992503, 2340933.364425109699368 ], [ 3295130.604375153779984, 2340935.217697743792087 ], [ 3295131.282848598435521, 2340935.890449391677976 ], [ 3295132.373303019441664, 2340938.023421834688634 ], [ 3295132.993164805695415, 2340940.441753271967173 ], [ 3295133.181574635207653, 2340943.260367092676461 ], [ 3295133.219488205388188, 2340943.862611918710172 ], [ 3295133.042327273637056, 2340947.66870800871402 ], [ 3295132.396889945492148, 2340952.145383827388287 ], [ 3295132.169469359796494, 2340953.727708202321082 ], [ 3295130.519842362031341, 2340960.308342623524368 ], [ 3295128.438188478350639, 2340964.255091915372759 ], [ 3295127.337833771016449, 2340965.40167496772483 ], [ 3295124.579768992494792, 2340967.203843662515283 ], [ 3295116.422199039719999, 2340970.661799796391279 ], [ 3295111.880299086682498, 2340972.969122253824025 ], [ 3295103.737087592482567, 2340978.555659382138401 ], [ 3295097.664711031131446, 2340983.840494218282402 ], [ 3295091.984186278190464, 2340988.792869472876191 ], [ 3295085.030973588116467, 2340996.129624808207154 ], [ 3295081.622216964140534, 2341000.582746040076017 ], [ 3295079.91877563437447, 2341003.74276467692107 ], [ 3295076.84533967403695, 2341009.436125961598009 ], [ 3295074.830817264039069, 2341014.781707772519439 ], [ 3295073.453056362457573, 2341018.442845714278519 ], [ 3295071.099589510820806, 2341027.907002595253289 ], [ 3295069.253900851123035, 2341040.590520839672536 ], [ 3295069.146682685706764, 2341042.720092423260212 ], [ 3295069.015278808772564, 2341045.320710012223572 ], [ 3295069.190204904414713, 2341047.624136856757104 ], [ 3295069.261640233453363, 2341048.61628759233281 ], [ 3295070.000548135954887, 2341051.389255356043577 ], [ 3295071.27553790435195, 2341053.96687666978687 ], [ 3295075.231365457177162, 2341058.662851558532566 ], [ 3295083.622211986687034, 2341065.657137624919415 ], [ 3295085.403765817638487, 2341067.364660527557135 ], [ 3295086.369085728656501, 2341068.301776469219476 ], [ 3295087.867116549052298, 2341070.383681341074407 ], [ 3295088.523636650294065, 2341071.293682328891009 ], [ 3295089.32217615749687, 2341073.873543839901686 ], [ 3295089.799651171080768, 2341075.423779058270156 ], [ 3295089.705397896468639, 2341078.931218281388283 ], [ 3295088.807414915878326, 2341083.228863928932697 ], [ 3295083.049033988732845, 2341100.200049625243992 ], [ 3295081.46028492320329, 2341106.100265693850815 ], [ 3295048.297153647057712, 2341134.557525906711817 ], [ 3295067.124269556254148, 2341167.509886873420328 ], [ 3295072.869726540520787, 2341190.970893738325685 ], [ 3295067.908267349004745, 2341194.183838637080044 ], [ 3295055.950732017867267, 2341200.884802617598325 ], [ 3295054.403366537764668, 2341202.089366335421801 ], [ 3295054.750389081891626, 2341202.596896135248244 ], [ 3295048.102278587408364, 2341212.102690390776843 ], [ 3295040.891978898551315, 2341217.810060526244342 ], [ 3295035.038128198124468, 2341222.44777751667425 ], [ 3295027.205201318487525, 2341226.833291570656002 ], [ 3295014.142081866972148, 2341234.154076584149152 ], [ 3294993.676468094345182, 2341248.484411751385778 ], [ 3294978.21746014803648, 2341267.79355561779812 ], [ 3294977.899961521849036, 2341280.392195181455463 ], [ 3294968.619647921063006, 2341299.827087733894587 ], [ 3294967.662555275950581, 2341302.156219720840454 ], [ 3294953.11872291797772, 2341317.519899814389646 ], [ 3294934.152457170188427, 2341339.320603389758617 ], [ 3294932.700263462495059, 2341341.229025142267346 ], [ 3294929.586549012921751, 2341345.315928817726672 ], [ 3294924.739926528185606, 2341353.187067885417491 ], [ 3294926.547764170449227, 2341358.827451447024941 ], [ 3294927.430364153347909, 2341364.579105076380074 ], [ 3294927.810768871568143, 2341373.392089589498937 ], [ 3294927.670263338368386, 2341385.52338549355045 ], [ 3294926.159887592308223, 2341397.529217408504337 ], [ 3294924.669431156013161, 2341404.213952861260623 ], [ 3294921.723056963644922, 2341414.949016686994582 ], [ 3294920.909983337856829, 2341421.433957630768418 ], [ 3294921.324417386669666, 2341425.197375920135528 ], [ 3294922.38225019723177, 2341428.553838548716158 ], [ 3294924.983711906243116, 2341432.847633992787451 ], [ 3294928.299743183422834, 2341435.8695701174438 ], [ 3294931.656887586694211, 2341451.325894723180681 ], [ 3294936.186035162769258, 2341462.609087413642555 ], [ 3294940.131725034676492, 2341467.428614928387105 ], [ 3294942.911221212241799, 2341470.828647207934409 ], [ 3294946.55544183216989, 2341472.697120849043131 ], [ 3294954.629834239371121, 2341476.834297028370202 ], [ 3294966.590447530150414, 2341476.0896703354083 ], [ 3294979.315796630457044, 2341471.101154198870063 ], [ 3294988.571326201315969, 2341462.833485195413232 ], [ 3294989.81034500990063, 2341458.141214735805988 ], [ 3294992.825656108558178, 2341446.775049289222807 ], [ 3294993.492410995997488, 2341446.881558217573911 ], [ 3294997.203010161872953, 2341447.175602748990059 ], [ 3294999.322685642167926, 2341447.048000188544393 ], [ 3295000.67991912458092, 2341446.972717109601945 ], [ 3295001.751771462149918, 2341446.703849949873984 ], [ 3295003.7278256053105, 2341446.195471445098519 ], [ 3295004.875794246792793, 2341445.710314166732132 ], [ 3295005.860966863110662, 2341445.284106955863535 ], [ 3295010.646507224068046, 2341442.112090597860515 ], [ 3295013.952993103303015, 2341438.458246428519487 ], [ 3295014.393905407749116, 2341437.559045790694654 ], [ 3295014.965250343084335, 2341436.403599902056158 ], [ 3295015.485487055964768, 2341434.008886045776308 ], [ 3295015.338878414593637, 2341430.888644417282194 ], [ 3295014.26510797906667, 2341427.991637967061251 ], [ 3295013.237438453827053, 2341426.365220580715686 ], [ 3295006.299146101344377, 2341417.959714980795979 ], [ 3295004.293179040774703, 2341414.018312288448215 ], [ 3295003.564634899608791, 2341410.380933726672083 ], [ 3295003.811096719931811, 2341406.440905869938433 ], [ 3295004.117639087606221, 2341405.402864016126841 ], [ 3295005.035495372023433, 2341402.33978911768645 ], [ 3295007.089292732998729, 2341398.347147208638489 ], [ 3295003.766391988378018, 2341383.656092774122953 ], [ 3295002.498508177697659, 2341367.762913394253701 ], [ 3295007.11835423251614, 2341346.820147279184312 ], [ 3295016.509350850712508, 2341330.410303719807416 ], [ 3295023.071761087980121, 2341313.146052995696664 ], [ 3295023.330734551884234, 2341298.335229569114745 ], [ 3295027.708585238549858, 2341284.142745166551322 ], [ 3295036.857577983289957, 2341274.483182976953685 ], [ 3295048.175809907726943, 2341269.822281244210899 ], [ 3295057.753614917397499, 2341262.776884887367487 ], [ 3295061.043313588015735, 2341250.11449290253222 ], [ 3295064.342877675779164, 2341237.450375688727945 ], [ 3295069.080392329953611, 2341227.244017312303185 ], [ 3295078.940963625907898, 2341220.128823271021247 ], [ 3295088.073010540101677, 2341218.529826205223799 ], [ 3295091.998607385903597, 2341220.876741547137499 ], [ 3295098.489853416569531, 2341224.763443215750158 ], [ 3295104.431067948695272, 2341228.513048336841166 ], [ 3295110.598645549733192, 2341232.405683794524521 ], [ 3295116.054772296454757, 2341235.67193447612226 ], [ 3295107.63211374823004, 2341354.529638730920851 ], [ 3295107.560329127125442, 2341355.638202040456235 ], [ 3295107.526028232648969, 2341396.804877261165529 ], [ 3295106.665995411574841, 2341423.969702051021159 ], [ 3295106.53610350843519, 2341427.940056233666837 ], [ 3295106.127345085144043, 2341440.909863397013396 ], [ 3295105.941791228484362, 2341446.767363077029586 ], [ 3295106.06226552836597, 2341449.171664126683027 ], [ 3295106.350231970194727, 2341454.88536265771836 ], [ 3295107.48708212794736, 2341477.834121494553983 ], [ 3295107.718935544136912, 2341482.339874270837754 ], [ 3295107.830764125101268, 2341490.814255842007697 ], [ 3295108.030093637760729, 2341505.017144020646811 ], [ 3295109.687112963292748, 2341515.118660736829042 ], [ 3295112.297370902262628, 2341523.11497804755345 ], [ 3295115.77427789894864, 2341529.467774074990302 ], [ 3295117.013596892356873, 2341531.209354401100427 ], [ 3295120.030878266319633, 2341535.440491759683937 ], [ 3295120.202772692777216, 2341535.684391996823251 ], [ 3295125.760886771604419, 2341540.871069552376866 ], [ 3295131.034993787296116, 2341545.315924556925893 ], [ 3295136.734501966275275, 2341547.83933691540733 ], [ 3295137.336773840244859, 2341548.109359414316714 ], [ 3295145.661444058641791, 2341550.061479003634304 ], [ 3295147.635055470280349, 2341550.527749617118388 ], [ 3295167.088995010592043, 2341553.717651351820678 ], [ 3295169.153286328539252, 2341554.056415446102619 ], [ 3295189.38142515392974, 2341555.78136040456593 ], [ 3295199.187504873145372, 2341556.62165293795988 ], [ 3295216.807581663131714, 2341558.651052181143314 ], [ 3295240.476761267520487, 2341561.376893153879791 ], [ 3295246.838600866030902, 2341562.495532022789121 ], [ 3295257.189341488294303, 2341564.306014649569988 ], [ 3295270.269542336463928, 2341567.850863222032785 ], [ 3295280.197202610783279, 2341571.968010727781802 ], [ 3295288.361676415428519, 2341576.221370283514261 ], [ 3295288.711083456408232, 2341576.434188799932599 ], [ 3295291.985415847506374, 2341578.397887533064932 ], [ 3295297.364434283226728, 2341581.626906073652208 ], [ 3295306.548429898917675, 2341588.137295411434025 ], [ 3295327.299377581104636, 2341604.800067838281393 ], [ 3295329.474653907120228, 2341606.743098673876375 ], [ 3295362.313376924023032, 2341636.176609380636364 ], [ 3295361.653423297218978, 2341614.341833428479731 ], [ 3295360.99640983575955, 2341592.648619844578207 ], [ 3295352.871436256915331, 2341553.631122552789748 ], [ 3295348.321169714909047, 2341531.76717005809769 ], [ 3295349.279541411437094, 2341528.270790468435735 ], [ 3295353.368187826126814, 2341513.428749661426991 ], [ 3295359.432112884707749, 2341508.216418483760208 ], [ 3295376.894515570253134, 2341493.204398154746741 ], [ 3295338.669141239486635, 2341472.122159863822162 ], [ 3295326.700571550987661, 2341469.478643506765366 ], [ 3295301.753708536736667, 2341465.890627836342901 ], [ 3295295.604735826142132, 2341464.399820914957672 ], [ 3295290.53793782973662, 2341462.455679879989475 ], [ 3295286.946321745868772, 2341459.91835391195491 ], [ 3295284.757250093854964, 2341457.581964054144919 ], [ 3295275.0240154187195, 2341444.074231672100723 ], [ 3295271.328810737468302, 2341439.606611489318311 ], [ 3295268.082359065767378, 2341437.008849223610014 ], [ 3295265.917740229517221, 2341436.058466086164117 ] ] ], [ [ [ 3295411.736494436860085, 2342012.663861624896526 ], [ 3295396.748298778664321, 2342010.660732659511268 ], [ 3295383.52399227488786, 2342008.896750173531473 ], [ 3295383.150077056605369, 2342005.99896923918277 ], [ 3295382.967822096776217, 2342004.640588507056236 ], [ 3295382.659991813823581, 2342003.568047234788537 ], [ 3295382.274028339888901, 2342002.204743220470846 ], [ 3295375.482395903673023, 2341997.538483580574393 ], [ 3295366.75048528984189, 2341991.557821137364954 ], [ 3295360.823036923538893, 2341988.201574737671763 ], [ 3295351.438880145084113, 2341982.883120489772409 ], [ 3295346.699147471226752, 2341978.912981350906193 ], [ 3295344.798276422079653, 2341976.292717991396785 ], [ 3295344.378121613524854, 2341975.463103582151234 ], [ 3295343.593441724777222, 2341973.895615295507014 ], [ 3295343.146842111367732, 2341972.471891853027046 ], [ 3295342.755719996988773, 2341971.200824366882443 ], [ 3295342.187767615541816, 2341967.058355417568237 ], [ 3295342.177882825024426, 2341963.782241235487163 ], [ 3295342.334470109082758, 2341962.263048238586634 ], [ 3295342.70494912751019, 2341958.646333268843591 ], [ 3295343.893973054829985, 2341952.907407130114734 ], [ 3295344.747127417474985, 2341948.769806982949376 ], [ 3295350.539253394119442, 2341928.047953027766198 ], [ 3295351.151024835184216, 2341923.861287046223879 ], [ 3295350.838968808297068, 2341920.536602954845876 ], [ 3295350.142646502237767, 2341918.456385759171098 ], [ 3295349.314979948569089, 2341916.997906042728573 ], [ 3295348.546179530210793, 2341915.650896398350596 ], [ 3295362.397689623758197, 2341876.83435695618391 ], [ 3295354.221890557557344, 2341875.78978611016646 ], [ 3295277.260824184864759, 2341851.047780061140656 ], [ 3295277.643613764550537, 2341841.197964505292475 ], [ 3295278.900699809193611, 2341827.957810691092163 ], [ 3295280.007627724204212, 2341820.234083584044129 ], [ 3295280.672692154534161, 2341817.732823271304369 ], [ 3295281.500305674504489, 2341814.614509941544384 ], [ 3295282.652690629009157, 2341812.362808278761804 ], [ 3295284.622841941658407, 2341810.272360034752637 ], [ 3295285.902704432141036, 2341809.601739996112883 ], [ 3295287.379955071490258, 2341808.835668803658336 ], [ 3295290.845288103446364, 2341808.005633594468236 ], [ 3295296.539326816797256, 2341807.465278417803347 ], [ 3295299.487391468137503, 2341807.192630300298333 ], [ 3295303.152892229612917, 2341806.469620405696332 ], [ 3295305.275861609727144, 2341805.681818272918463 ], [ 3295307.327628958038986, 2341804.459966549184173 ], [ 3295309.386842121370137, 2341802.232147765811533 ], [ 3295311.546525147743523, 2341797.277190376073122 ], [ 3295312.623335069045424, 2341792.40021364018321 ], [ 3295313.553930785041302, 2341788.178022148087621 ], [ 3295314.658028682693839, 2341780.931757536716759 ], [ 3295315.676854184363037, 2341774.278866970911622 ], [ 3295316.668042446020991, 2341765.540305144153535 ], [ 3295317.543153427075595, 2341757.887620659545064 ], [ 3295310.974486360792071, 2341755.384462221525609 ], [ 3295306.385295146144927, 2341753.630697487853467 ], [ 3295302.000058708712459, 2341752.43995944596827 ], [ 3295294.017614556476474, 2341750.28583351848647 ], [ 3295286.716431141830981, 2341749.006935637444258 ], [ 3295267.31027139024809, 2341746.417543015442789 ], [ 3295261.049431431572884, 2341744.98692915122956 ], [ 3295246.936674008145928, 2341741.764968154020607 ], [ 3295231.124148491770029, 2341738.942119464278221 ], [ 3295225.553880701772869, 2341737.948736156802624 ], [ 3295211.900817849673331, 2341736.168507101945579 ], [ 3295205.282058278098702, 2341735.957455052062869 ], [ 3295202.15263544768095, 2341736.485120562836528 ], [ 3295199.583200086839497, 2341737.767174371052533 ], [ 3295197.59417930804193, 2341740.175520059652627 ], [ 3295196.925172228831798, 2341742.28169453702867 ], [ 3295196.135290906764567, 2341744.764218351338059 ], [ 3295195.698053542524576, 2341747.479289694689214 ], [ 3295195.003987771924585, 2341751.720957319252193 ], [ 3295193.762834153138101, 2341759.244930211920291 ], [ 3295183.369890059344471, 2341829.473246552981436 ], [ 3295182.667300748638809, 2341837.126181653235108 ], [ 3295182.838929122313857, 2341838.790866730269045 ], [ 3295184.023121600039303, 2341841.556914770044386 ], [ 3295185.424692695960402, 2341842.803272811695933 ], [ 3295185.69844255503267, 2341843.04963459726423 ], [ 3295189.310612550005317, 2341844.598986864555627 ], [ 3295211.099425071850419, 2341850.952167517039925 ], [ 3295236.54259943543002, 2341857.751323094125837 ], [ 3295247.449208782985806, 2341888.244538810569793 ], [ 3295265.067835986148566, 2341937.513704071752727 ], [ 3295262.602037634234875, 2341944.003901346120983 ], [ 3295259.203008885495365, 2341951.175063565373421 ], [ 3295254.029150976333767, 2341960.514109659474343 ], [ 3295252.838240036740899, 2341962.407229655887932 ], [ 3295247.845245120115578, 2341970.375054955482483 ], [ 3295244.491203018464148, 2341974.666421550791711 ], [ 3295237.898184440564364, 2341981.909750495105982 ], [ 3295235.982607286423445, 2341984.518353765364736 ], [ 3295233.559321913868189, 2341987.804449765011668 ], [ 3295236.273008213378489, 2341989.937349980697036 ], [ 3295238.519401877187192, 2341991.69540779478848 ], [ 3295240.673402222339064, 2341992.952088884543628 ], [ 3295243.467200176790357, 2341994.583851021714509 ], [ 3295246.615468725096434, 2341995.717174987308681 ], [ 3295247.461201677564532, 2341995.863381806295365 ], [ 3295249.747153715696186, 2341996.254662803374231 ], [ 3295251.147220471408218, 2341996.131286665331572 ], [ 3295251.687847294379026, 2341996.087362798396498 ], [ 3295253.709053311496973, 2341995.916113150771707 ], [ 3295254.887915072031319, 2341995.557470737956464 ], [ 3295255.476536824833602, 2341995.37321714963764 ], [ 3295265.975657549221069, 2341989.73940499080345 ], [ 3295268.705500906798989, 2341988.693110790103674 ], [ 3295271.108384103514254, 2341988.312955896370113 ], [ 3295273.855059656780213, 2341988.420601981692016 ], [ 3295275.731824627611786, 2341988.853088644798845 ], [ 3295279.844928782433271, 2341989.807322339620441 ], [ 3295287.383329657372087, 2341993.459927416406572 ], [ 3295288.660850157029927, 2341994.382971656974405 ], [ 3295289.76293360022828, 2341995.164216805715114 ], [ 3295291.876518435310572, 2341997.4732337417081 ], [ 3295292.787783880718052, 2341999.008408789057285 ], [ 3295293.651039661373943, 2342002.662802228704095 ], [ 3295293.370690256357193, 2342005.715739325620234 ], [ 3295292.465965169481933, 2342008.796820162795484 ], [ 3295291.805724172387272, 2342010.028723748400807 ], [ 3295291.294018406420946, 2342010.991063476540148 ], [ 3295287.869535586796701, 2342014.543800997547805 ], [ 3295286.091374055482447, 2342016.072935158386827 ], [ 3295284.67300077714026, 2342017.297290000598878 ], [ 3295409.232110546436161, 2342017.297290000598878 ], [ 3295411.736494436860085, 2342012.663861624896526 ] ] ] ] } },
{ "type": "Feature", "properties": { "CODE_18": "231", "Uso": "Praderas", "color": "#E6E64D" }, "geometry": { "type": "MultiPolygon", "coordinates": [ [ [ [ 3295597.682795525528491, 2340180.03751739859581 ], [ 3295626.073900382965803, 2340195.717927497811615 ], [ 3295635.137098156381398, 2340194.75018425937742 ], [ 3295664.1196418274194, 2340191.644685531035066 ], [ 3295690.899706475436687, 2340181.790800372138619 ], [ 3295713.930516180582345, 2340164.850458745844662 ], [ 3295726.108218771405518, 2340144.644951631315053 ], [ 3295738.343513994943351, 2340121.01001000078395 ], [ 3295577.211617881897837, 2340121.01001000078395 ], [ 3295597.682795525528491, 2340180.03751739859581 ] ] ], [ [ [ 3295036.053402930498123, 2340136.145696968771517 ], [ 3295026.551059871912003, 2340140.559552325867116 ], [ 3295052.322210071608424, 2340191.049448878504336 ], [ 3295060.470103092957288, 2340207.016511248890311 ], [ 3295113.507584203034639, 2340198.968343069776893 ], [ 3295133.792278525885195, 2340232.893282088451087 ], [ 3295214.912513570860028, 2340376.643708078190684 ], [ 3295178.50809567887336, 2340397.651090452447534 ], [ 3295174.087117265444249, 2340400.201052010990679 ], [ 3295225.989753372501582, 2340501.148344391956925 ], [ 3295229.065215991809964, 2340507.033556704875082 ], [ 3295232.088595492765307, 2340512.724928143434227 ], [ 3295233.372112434823066, 2340515.169125893618912 ], [ 3295235.052958088926971, 2340518.365744859911501 ], [ 3295236.362517094239593, 2340520.906863117124885 ], [ 3295237.905912240035832, 2340523.883995900396258 ], [ 3295240.83937998348847, 2340529.398298133164644 ], [ 3295243.621991685125977, 2340534.796941487584263 ], [ 3295246.473637065850198, 2340540.183497996069491 ], [ 3295247.032840687781572, 2340541.242461228277534 ], [ 3295250.163917483761907, 2340542.023636077065021 ], [ 3295255.766480984166265, 2340543.894284697249532 ], [ 3295262.204842876642942, 2340546.592804376967251 ], [ 3295265.529310355428606, 2340548.862320889253169 ], [ 3295267.677284937817603, 2340551.19575505470857 ], [ 3295272.648397909477353, 2340558.494521197862923 ], [ 3295275.026511472649872, 2340561.426985605619848 ], [ 3295276.803045392036438, 2340563.165834079962224 ], [ 3295278.858868999872357, 2340564.257049771491438 ], [ 3295280.158330114092678, 2340564.942850839346647 ], [ 3295282.170080712065101, 2340565.27053449396044 ], [ 3295284.056321919895709, 2340565.204124969895929 ], [ 3295290.207673962228, 2340563.802362622693181 ], [ 3295295.06858292222023, 2340562.697577579878271 ], [ 3295306.549752958118916, 2340561.874685951974243 ], [ 3295313.539986692368984, 2340561.381441589910537 ], [ 3295349.715806741267443, 2340558.650072724558413 ], [ 3295367.863700306043029, 2340557.278968669939786 ], [ 3295381.792053948156536, 2340454.72017197497189 ], [ 3295392.392518357373774, 2340376.652800028212368 ], [ 3295394.6790538020432, 2340298.924847247079015 ], [ 3295413.777404940221459, 2340306.317606841679662 ], [ 3295417.60166731942445, 2340307.799414455890656 ], [ 3295432.149991795420647, 2340193.553539488464594 ], [ 3295444.539106006734073, 2340177.42083529708907 ], [ 3295445.989546088501811, 2340153.542434303089976 ], [ 3295436.378790406510234, 2340126.181632929947227 ], [ 3295436.865496469195932, 2340125.375914819538593 ], [ 3295438.960477789398283, 2340122.685240811202675 ], [ 3295440.629001067951322, 2340121.01001000078395 ], [ 3295028.368180389050394, 2340121.01001000078395 ], [ 3295036.053402930498123, 2340136.145696968771517 ] ] ], [ [ [ 3293530.673448146786541, 2340650.248928928282112 ], [ 3293536.758876400534064, 2340650.857695708051324 ], [ 3293538.873842831235379, 2340650.639545816462487 ], [ 3293541.437443190254271, 2340650.373275875113904 ], [ 3293543.0199417588301, 2340649.568445484619588 ], [ 3293543.957576145417988, 2340649.099802813492715 ], [ 3293544.819313724059612, 2340648.106599107850343 ], [ 3293545.449137545656413, 2340646.56541523616761 ], [ 3293545.695118652191013, 2340644.787005177699029 ], [ 3293545.553867627866566, 2340642.812555082142353 ], [ 3293545.404679511673748, 2340640.727865290828049 ], [ 3293544.263316815719008, 2340634.016849035862833 ], [ 3293543.233092348091304, 2340630.148149090819061 ], [ 3293542.417681261897087, 2340627.094275900162756 ], [ 3293539.712283774744719, 2340619.074041517451406 ], [ 3293530.868574519176036, 2340596.206298199016601 ], [ 3293528.476833215449005, 2340588.242767496965826 ], [ 3293527.335339659824967, 2340582.891627975739539 ], [ 3293524.946602457202971, 2340568.513942814432085 ], [ 3293522.985615728422999, 2340559.774757930543274 ], [ 3293520.624898284673691, 2340549.278907756321132 ], [ 3293519.941375301219523, 2340544.740606926381588 ], [ 3293519.537318329326808, 2340542.09166210796684 ], [ 3293518.178593886550516, 2340539.498268130235374 ], [ 3293516.468442250043154, 2340534.886046100407839 ], [ 3293514.133034879807383, 2340527.389615785796195 ], [ 3293512.128995099104941, 2340519.439379437360913 ], [ 3293503.623190046753734, 2340470.056270955130458 ], [ 3293495.573039116337895, 2340432.852333978749812 ], [ 3293494.813739294186234, 2340431.006414592266083 ], [ 3293493.767053614370525, 2340428.459859631024301 ], [ 3293492.971779450774193, 2340427.198683861643076 ], [ 3293492.232132928911597, 2340426.029248042032123 ], [ 3293491.352496391162276, 2340424.99595657736063 ], [ 3293490.487575795967132, 2340423.990532486699522 ], [ 3293497.947935872711241, 2340414.240837525110692 ], [ 3293499.908859524875879, 2340410.609448355156928 ], [ 3293505.15286041656509, 2340400.892696682363749 ], [ 3293509.540695987641811, 2340386.698328436352313 ], [ 3293505.00023736897856, 2340375.407018154393882 ], [ 3293493.92410265468061, 2340373.317838182207197 ], [ 3293476.748244607355446, 2340374.986087475903332 ], [ 3293466.586528244893998, 2340377.729662914294749 ], [ 3293462.612924741115421, 2340378.800995241384953 ], [ 3293444.999597469344735, 2340387.822077923454344 ], [ 3293435.758312763646245, 2340378.673228250816464 ], [ 3293432.180232704617083, 2340376.651154231280088 ], [ 3293427.369205149356276, 2340375.585807026363909 ], [ 3293423.485350796487182, 2340375.596167149022222 ], [ 3293419.764528959989548, 2340376.105680578853935 ], [ 3293416.800218304153532, 2340376.959677072707564 ], [ 3293412.421975953504443, 2340378.223650816828012 ], [ 3293406.935446626972407, 2340380.524003206286579 ], [ 3293398.022427054587752, 2340385.190178629010916 ], [ 3293393.142321672290564, 2340387.414780578576028 ], [ 3293389.291148561984301, 2340388.79956737626344 ], [ 3293388.447582467459142, 2340389.099514723755419 ], [ 3293382.304236270487309, 2340390.611707498319447 ], [ 3293378.455366191454232, 2340391.082759076263756 ], [ 3293372.205606969073415, 2340391.142107391729951 ], [ 3293365.223524649627507, 2340390.385923659428954 ], [ 3293356.442972581833601, 2340389.427134186495095 ], [ 3293339.786236721556634, 2340388.508073581382632 ], [ 3293336.796487187035382, 2340387.722530136816204 ], [ 3293334.52296358672902, 2340388.272893707733601 ], [ 3293324.34871734958142, 2340392.733728397171944 ], [ 3293324.026361318305135, 2340392.87136491201818 ], [ 3293314.341719492338598, 2340395.369054668582976 ], [ 3293309.961792930960655, 2340397.303110364358872 ], [ 3293308.219814808107913, 2340398.805649590212852 ], [ 3293306.316505323164165, 2340400.437923003919423 ], [ 3293304.255881203804165, 2340403.214042180217803 ], [ 3293301.345470006112009, 2340408.107718796469271 ], [ 3293298.21439043013379, 2340411.903446905780584 ], [ 3293297.502501258160919, 2340412.758781041949987 ], [ 3293295.212811885867268, 2340414.509459627792239 ], [ 3293294.87558663636446, 2340414.680144795682281 ], [ 3293292.847227560821921, 2340415.73557722568512 ], [ 3293290.609609351027757, 2340416.381136940792203 ], [ 3293288.323909908067435, 2340416.548005556222051 ], [ 3293286.640699309296906, 2340416.244031737092882 ], [ 3293284.821195411961526, 2340415.913185159675777 ], [ 3293281.669641172513366, 2340414.141164876054972 ], [ 3293280.607945620082319, 2340412.987535084132105 ], [ 3293279.394613407086581, 2340410.723867176100612 ], [ 3293278.730457898229361, 2340408.282841131091118 ], [ 3293278.546586698852479, 2340404.316669205669314 ], [ 3293278.948660648427904, 2340401.881737901363522 ], [ 3293279.283864157274365, 2340399.905035803560168 ], [ 3293280.682117701508105, 2340395.935799518600106 ], [ 3293283.475639592390507, 2340389.834665629081428 ], [ 3293284.013029570691288, 2340389.771001380868256 ], [ 3293285.171935059595853, 2340388.857681307941675 ], [ 3293286.396707157138735, 2340387.232604284305125 ], [ 3293287.990189279429615, 2340382.721772741526365 ], [ 3293288.691642579622567, 2340370.360266043338925 ], [ 3293289.991492766421288, 2340364.368486502207816 ], [ 3293291.110089002642781, 2340361.848670628853142 ], [ 3293292.694503937382251, 2340359.63290965044871 ], [ 3293296.849217143375427, 2340356.449479433707893 ], [ 3293302.322185080498457, 2340354.313861845061183 ], [ 3293309.480218631215394, 2340353.050191233865917 ], [ 3293324.570525321178138, 2340351.655785545706749 ], [ 3293342.685483197215945, 2340350.888594002462924 ], [ 3293352.504203968681395, 2340349.950543650425971 ], [ 3293362.741962901782244, 2340347.670595534611493 ], [ 3293372.350257720798254, 2340344.831103985197842 ], [ 3293377.327912304550409, 2340334.541945966426283 ], [ 3293378.066048745065928, 2340330.444761971011758 ], [ 3293378.050110486336052, 2340322.430524703115225 ], [ 3293377.435093741863966, 2340317.443861525505781 ], [ 3293376.460363143123686, 2340313.727819605730474 ], [ 3293370.531614785082638, 2340299.848298999480903 ], [ 3293368.859688798431307, 2340294.417537399567664 ], [ 3293368.37034797668457, 2340291.063012709375471 ], [ 3293368.740898336283863, 2340286.147313828580081 ], [ 3293369.744231487158686, 2340282.429911991581321 ], [ 3293370.174568014685065, 2340277.260188648477197 ], [ 3293369.535472920630127, 2340266.188863828778267 ], [ 3293369.046250625047833, 2340257.577586669940501 ], [ 3293369.220815894659609, 2340254.807021392975003 ], [ 3293369.352625793311745, 2340252.703572012484074 ], [ 3293369.720350433140993, 2340250.863253451418132 ], [ 3293370.146242565475404, 2340248.759045436047018 ], [ 3293371.267079356126487, 2340246.005436710081995 ], [ 3293371.91178408684209, 2340244.43120591621846 ], [ 3293374.570672271307558, 2340240.91099726781249 ], [ 3293383.427369442768395, 2340233.179813255555928 ], [ 3293386.71509994007647, 2340229.163855208083987 ], [ 3293387.601261550094932, 2340226.958750106859952 ], [ 3293388.351825650781393, 2340225.102130794432014 ], [ 3293388.890648348722607, 2340219.91341311763972 ], [ 3293388.007366708479822, 2340214.466325911693275 ], [ 3293385.379066235851496, 2340205.864312588237226 ], [ 3293383.655073502101004, 2340201.538669803179801 ], [ 3293382.41108066495508, 2340198.407634185161442 ], [ 3293380.100154055282474, 2340193.596183130517602 ], [ 3293377.776130000129342, 2340188.766729540191591 ], [ 3293376.475514832884073, 2340186.589385366532952 ], [ 3293373.903716359753162, 2340182.290431779809296 ], [ 3293372.421430513262749, 2340180.489937777630985 ], [ 3293371.006251784507185, 2340178.789321490097791 ], [ 3293368.828478658571839, 2340177.201953226700425 ], [ 3293365.905294186901301, 2340176.080008348915726 ], [ 3293360.872688085772097, 2340175.581165316980332 ], [ 3293357.214422591030598, 2340176.03912898991257 ], [ 3293353.622034239582717, 2340177.084296033252031 ], [ 3293350.398002767935395, 2340178.643400396220386 ], [ 3293349.307428653817624, 2340179.169268473982811 ], [ 3293341.080707049928606, 2340183.999396474566311 ], [ 3293335.445851704571396, 2340185.828461014200002 ], [ 3293330.063083577901125, 2340186.720345640555024 ], [ 3293315.008355754427612, 2340188.331757203210145 ], [ 3293311.970923448447138, 2340188.863670586142689 ], [ 3293304.761952912434936, 2340190.126102040521801 ], [ 3293299.728126777801663, 2340191.413549115881324 ], [ 3293294.3425124110654, 2340192.782898071222007 ], [ 3293286.325037900358438, 2340195.424989430233836 ], [ 3293282.875805863179266, 2340197.033684137742966 ], [ 3293279.446297580841929, 2340198.638925124425441 ], [ 3293271.609354763757437, 2340203.309475817717612 ], [ 3293265.779824948869646, 2340207.41537832422182 ], [ 3293256.989463143050671, 2340214.252078424673527 ], [ 3293252.004966599401087, 2340218.128815676551312 ], [ 3293243.689582446590066, 2340223.593527657911181 ], [ 3293238.140877491328865, 2340226.442628398071975 ], [ 3293233.062067505437881, 2340228.630997395608574 ], [ 3293228.916809809859842, 2340230.016549265943468 ], [ 3293219.83542700484395, 2340233.037781612016261 ], [ 3293210.827850031666458, 2340235.457498562056571 ], [ 3293207.050787315703928, 2340236.118944270070642 ], [ 3293203.258312646299601, 2340236.377163501922041 ], [ 3293200.206547155976295, 2340236.079446584917605 ], [ 3293197.619596211239696, 2340235.832256460562348 ], [ 3293191.639486481435597, 2340234.504839460831136 ], [ 3293184.711949689779431, 2340232.967857046052814 ], [ 3293178.762664457783103, 2340232.446894579567015 ], [ 3293176.61664682161063, 2340232.599450827110559 ], [ 3293173.188905009068549, 2340232.854687915183604 ], [ 3293171.528736219275743, 2340233.186013143509626 ], [ 3293169.878429232165217, 2340233.515611408278346 ], [ 3293163.357641926035285, 2340235.509991943836212 ], [ 3293161.559643786400557, 2340236.423602569848299 ], [ 3293156.108097027055919, 2340239.184661840088665 ], [ 3293137.662209622561932, 2340246.098736523184925 ], [ 3293132.047090139705688, 2340247.924370257183909 ], [ 3293128.690542890224606, 2340248.61366114905104 ], [ 3293127.239090153947473, 2340248.91858505923301 ], [ 3293121.939998315647244, 2340249.207246271427721 ], [ 3293108.035488212481141, 2340248.800770673435181 ], [ 3293106.342959764879197, 2340248.934802007861435 ], [ 3293100.854569664224982, 2340249.368245393969119 ], [ 3293099.871628283988684, 2340249.560678100213408 ], [ 3293095.122953636571765, 2340250.483617579098791 ], [ 3293081.401233743876219, 2340254.469732239376754 ], [ 3293074.708787000738084, 2340255.479371322784573 ], [ 3293069.240346563514322, 2340255.16850899066776 ], [ 3293060.364905713591725, 2340256.661926933564246 ], [ 3293050.937206336297095, 2340258.252060524187982 ], [ 3293033.974962248466909, 2340261.222571884747595 ], [ 3293027.096384208649397, 2340263.076665956061333 ], [ 3293019.849531599320471, 2340265.035847892053425 ], [ 3293009.222030242439359, 2340268.774403666611761 ], [ 3293004.617825291119516, 2340270.39257082901895 ], [ 3292989.384503630921245, 2340275.739433815702796 ], [ 3292975.250835783779621, 2340279.564314270857722 ], [ 3292967.638085456565022, 2340280.034913478884846 ], [ 3292963.300137761048973, 2340280.307490987237543 ], [ 3292955.702125088777393, 2340274.930167371872813 ], [ 3292950.721364688128233, 2340264.294411597307771 ], [ 3292948.429419817402959, 2340263.68097560480237 ], [ 3292945.920906013809144, 2340263.602726768702269 ], [ 3292944.650203075259924, 2340263.896297906525433 ], [ 3292942.439243062399328, 2340264.395125876180828 ], [ 3292940.144617693964392, 2340265.497199604287744 ], [ 3292937.257908958476037, 2340267.504668284673244 ], [ 3292930.823849328793585, 2340273.553306311834604 ], [ 3292926.419305643998086, 2340278.739114139229059 ], [ 3292911.216445941478014, 2340301.342704563867301 ], [ 3292903.675084674265236, 2340313.258097755722702 ], [ 3292900.390156564302742, 2340317.47657453129068 ], [ 3292897.56694619031623, 2340320.365966721903533 ], [ 3292894.218287299852818, 2340323.144416559487581 ], [ 3292892.674008990637958, 2340324.429680611472577 ], [ 3292890.950057100038975, 2340325.299890959635377 ], [ 3292887.408390081487596, 2340327.087177024688572 ], [ 3292881.735036046244204, 2340328.557706360705197 ], [ 3292877.9194579673931, 2340328.860588236711919 ], [ 3292874.721236832439899, 2340328.659574678167701 ], [ 3292870.608634376432747, 2340327.522692498750985 ], [ 3292869.421206613536924, 2340326.715827390551567 ], [ 3292867.881140941753983, 2340325.676422159653157 ], [ 3292865.974014232866466, 2340322.955813466571271 ], [ 3292864.703814608044922, 2340319.788770823273808 ], [ 3292863.818837286904454, 2340316.310708553530276 ], [ 3292862.474459441378713, 2340307.372196558397263 ], [ 3292860.830286842770875, 2340289.616683190688491 ], [ 3292861.066065539140254, 2340284.064933246467263 ], [ 3292861.488323366269469, 2340281.4437923906371 ], [ 3292862.034153775777668, 2340278.029749405570328 ], [ 3292863.521385662257671, 2340273.304097081068903 ], [ 3292865.720282660331577, 2340268.463960665278137 ], [ 3292867.734134506899863, 2340265.340827747248113 ], [ 3292870.020809286274016, 2340262.829547252506018 ], [ 3292871.052124316804111, 2340261.695007052738219 ], [ 3292876.180284663569182, 2340257.519063962623477 ], [ 3292880.742097572889179, 2340254.467270033899695 ], [ 3292898.573329016100615, 2340244.36259060446173 ], [ 3292901.840867340564728, 2340241.831759249791503 ], [ 3292903.363417213317007, 2340240.042894323822111 ], [ 3292904.698133068624884, 2340238.469591329339892 ], [ 3292905.809796124696732, 2340236.09305324126035 ], [ 3292905.909488575998694, 2340235.649371420498937 ], [ 3292906.356256299186498, 2340233.73431226471439 ], [ 3292906.116917612496763, 2340229.615479077212512 ], [ 3292904.965761359315366, 2340226.803072594571859 ], [ 3292903.530314564704895, 2340224.669639348983765 ], [ 3292901.272255143150687, 2340222.345378417521715 ], [ 3292900.332376211415976, 2340221.748864289838821 ], [ 3292899.32523653563112, 2340221.113388529978693 ], [ 3292897.705203043296933, 2340220.514209949411452 ], [ 3292895.448241220321506, 2340220.361464301589876 ], [ 3292894.247491907328367, 2340220.277451337315142 ], [ 3292889.650681732222438, 2340221.569589940831065 ], [ 3292884.040282857138664, 2340224.784720782656223 ], [ 3292872.913651729002595, 2340232.96427519666031 ], [ 3292867.40418716520071, 2340236.547362810466439 ], [ 3292862.490963889751583, 2340238.879289673175663 ], [ 3292858.447642389219254, 2340239.587388322222978 ], [ 3292856.445622433442622, 2340239.318959739990532 ], [ 3292853.496708055026829, 2340237.978282241150737 ], [ 3292844.401696614455432, 2340230.772610933054239 ], [ 3292843.759985415730625, 2340230.509510344825685 ], [ 3292842.041641709394753, 2340229.805771911051124 ], [ 3292840.635874471627176, 2340229.585145573597401 ], [ 3292839.949401532765478, 2340229.482106615789235 ], [ 3292834.693851626478136, 2340230.098056955263019 ], [ 3292832.183189613278955, 2340230.872634728904814 ], [ 3292818.261269885580987, 2340236.730694171972573 ], [ 3292816.917838798370212, 2340237.199375490657985 ], [ 3292813.673557156696916, 2340238.32569201849401 ], [ 3292811.608906892128289, 2340238.788753488101065 ], [ 3292810.111384420190006, 2340239.122050081379712 ], [ 3292806.203813890460879, 2340239.420747986994684 ], [ 3292800.890393581707031, 2340238.879796585068107 ], [ 3292795.738682193215936, 2340237.407338126562536 ], [ 3292794.309258726425469, 2340236.79507694253698 ], [ 3292790.286795250605792, 2340235.094410124234855 ], [ 3292789.166110000107437, 2340234.499257747549564 ], [ 3292789.166110000107437, 2340820.929018145427108 ], [ 3292791.63848476158455, 2340819.40416502719745 ], [ 3292793.21565670799464, 2340818.752463506069034 ], [ 3292794.250129129271954, 2340818.317586123012006 ], [ 3292793.520921480376273, 2340826.736395859159529 ], [ 3292794.134170062839985, 2340843.586681676097214 ], [ 3292793.083933181129396, 2340848.996951871551573 ], [ 3292792.168225436937064, 2340851.20726620638743 ], [ 3292791.247510569170117, 2340853.448902227450162 ], [ 3292789.831390956416726, 2340855.391668288037181 ], [ 3292789.166110000107437, 2340856.305618355050683 ], [ 3292789.166110000107437, 2340880.131377856712788 ], [ 3292790.93781489925459, 2340879.330385228618979 ], [ 3292791.834222642704844, 2340878.919687055051327 ], [ 3292796.57526259822771, 2340875.785716846119612 ], [ 3292801.655295529402792, 2340872.430006178561598 ], [ 3292821.765440596733242, 2340856.922967861872166 ], [ 3292828.48526993766427, 2340852.184068497270346 ], [ 3292835.381326027214527, 2340848.581353098154068 ], [ 3292836.940087048336864, 2340848.064803713001311 ], [ 3292842.40561254369095, 2340846.255154140293598 ], [ 3292850.109377971384674, 2340844.855223637074232 ], [ 3292853.473776200786233, 2340844.956083457451314 ], [ 3292854.726608968805522, 2340845.233933256473392 ], [ 3292855.559082963503897, 2340845.423030441161245 ], [ 3292857.236212133895606, 2340846.184723978862166 ], [ 3292858.661180102732033, 2340847.26458144467324 ], [ 3292859.010430355090648, 2340847.538307366427034 ], [ 3292860.210745706688613, 2340849.104030865244567 ], [ 3292861.096493343822658, 2340850.978551317472011 ], [ 3292861.397254056762904, 2340853.554267775267363 ], [ 3292861.561388749629259, 2340854.925977071747184 ], [ 3292860.455494858324528, 2340858.945536479819566 ], [ 3292858.346915648318827, 2340861.862023851834238 ], [ 3292856.394630822353065, 2340863.381128752604127 ], [ 3292854.678783976472914, 2340864.300673156045377 ], [ 3292853.653867835644633, 2340864.855654909275472 ], [ 3292851.616584941744804, 2340865.54734346922487 ], [ 3292849.436230950988829, 2340866.294533401727676 ], [ 3292841.32483830768615, 2340868.425489598885179 ], [ 3292834.633837479632348, 2340870.185909275431186 ], [ 3292828.735801868606359, 2340872.822277205996215 ], [ 3292819.102008442860097, 2340878.660111355595291 ], [ 3292814.877012678887695, 2340881.723998684436083 ], [ 3292810.535538494586945, 2340885.376586868427694 ], [ 3292806.747480116784573, 2340889.125069705303758 ], [ 3292803.979268348775804, 2340893.029833941254765 ], [ 3292803.583578395657241, 2340893.586248173844069 ], [ 3292799.411794709973037, 2340902.293383680749685 ], [ 3292794.56944679422304, 2340912.416933985427022 ], [ 3292789.92760359402746, 2340920.546761564910412 ], [ 3292789.166110000107437, 2340921.63260843930766 ], [ 3292789.166110000107437, 2341287.717852306552231 ], [ 3292789.374251808971167, 2341287.32025781320408 ], [ 3292791.566509753, 2341283.12056040065363 ], [ 3292793.665501720272005, 2341280.083951825276017 ], [ 3292795.009334188885987, 2341278.133538002148271 ], [ 3292813.828463742043823, 2341255.870482268743217 ], [ 3292832.346352343913168, 2341233.193381735123694 ], [ 3292833.558844150509685, 2341231.864720508921891 ], [ 3292852.714806026313454, 2341210.912721353117377 ], [ 3292858.408883668482304, 2341205.73439740948379 ], [ 3292868.494574213400483, 2341197.209286207333207 ], [ 3292884.885926397982985, 2341183.337860106024891 ], [ 3292907.155026687309146, 2341166.397242522332817 ], [ 3292911.027761461213231, 2341163.598005451261997 ], [ 3292916.156319705303758, 2341160.538236725144088 ], [ 3292919.375439668539912, 2341158.949482228606939 ], [ 3292922.031986217014492, 2341157.641922848764807 ], [ 3292923.4129274263978, 2341157.278292435221374 ], [ 3292924.552181069273502, 2341156.987434801179916 ], [ 3292926.410821741446853, 2341157.433187986724079 ], [ 3292928.545284781605005, 2341157.952413958963007 ], [ 3292932.19521143194288, 2341158.185932640451938 ], [ 3292934.102304701693356, 2341158.308604716323316 ], [ 3292956.133023980539292, 2341157.849919380620122 ], [ 3292966.784633452538401, 2341158.217067632358521 ], [ 3292978.413923229556531, 2341157.864987380802631 ], [ 3292994.199722775723785, 2341158.175271990709007 ], [ 3292993.259326556697488, 2341149.906780728604645 ], [ 3292993.287801041733474, 2341145.751164358109236 ], [ 3292994.07669376488775, 2341141.036147187463939 ], [ 3292996.796183292753994, 2341133.618478390388191 ], [ 3293001.431647916324437, 2341124.089317670091987 ], [ 3293003.162292005959898, 2341120.538788525853306 ], [ 3293005.690599666908383, 2341114.676839890889823 ], [ 3293008.414550694171339, 2341106.791574383620173 ], [ 3293014.264553389046341, 2341087.906155711971223 ], [ 3293014.707594649866223, 2341086.154106382746249 ], [ 3293015.177137273363769, 2341084.316229982301593 ], [ 3293039.246111016720533, 2341062.453196848277003 ], [ 3293049.920163871254772, 2341053.865700787864625 ], [ 3293054.239770773798227, 2341047.791529403999448 ], [ 3293058.641814038623124, 2341041.601439578458667 ], [ 3293060.631280713248998, 2341029.176634926348925 ], [ 3293057.511439062189311, 2341023.268748161848634 ], [ 3293054.788936185184866, 2341018.113280995748937 ], [ 3293048.946593592409045, 2341007.049927348271012 ], [ 3293045.845657001249492, 2340992.289481458254158 ], [ 3293044.420595245435834, 2340990.590596330817789 ], [ 3293042.219635317567736, 2340986.449947423301637 ], [ 3293041.27682199049741, 2340982.433996936306357 ], [ 3293041.257007412612438, 2340981.818425653968006 ], [ 3293041.171185380779207, 2340978.697655765805393 ], [ 3293041.532773343846202, 2340976.016089603770524 ], [ 3293043.222182984929532, 2340971.224559633992612 ], [ 3293044.70971562108025, 2340968.974995064549148 ], [ 3293045.76681310730055, 2340967.379261766560376 ], [ 3293046.687097650952637, 2340966.619346227962524 ], [ 3293047.418086087331176, 2340966.004212800879031 ], [ 3293049.208921265788376, 2340962.696857231203467 ], [ 3293051.106402806006372, 2340960.101496470626444 ], [ 3293053.392949546687305, 2340956.971180501859635 ], [ 3293059.932902353815734, 2340942.724485013633966 ], [ 3293062.914115756750107, 2340933.809809057042003 ], [ 3293065.900469618383795, 2340920.226055995561182 ], [ 3293057.750542391091585, 2340893.177473283838481 ], [ 3293056.583793018013239, 2340886.744876534212381 ], [ 3293056.501698758918792, 2340884.760056209284812 ], [ 3293056.416521101258695, 2340882.694590238854289 ], [ 3293057.058405109681189, 2340876.341027615591884 ], [ 3293058.353662275709212, 2340871.496753519866616 ], [ 3293062.347752493806183, 2340860.283723743166775 ], [ 3293068.415048468858004, 2340845.196336349472404 ], [ 3293069.327498797792941, 2340841.667334700003266 ], [ 3293069.815410865470767, 2340837.096379872411489 ], [ 3293069.617398425936699, 2340832.858663283288479 ], [ 3293069.078710942994803, 2340829.512761935591698 ], [ 3293067.305613576434553, 2340822.475983635988086 ], [ 3293066.159462116193026, 2340820.931217539124191 ], [ 3293062.973106200806797, 2340816.658697596751153 ], [ 3293060.393717991188169, 2340812.74669711664319 ], [ 3293058.125292752403766, 2340809.307944494299591 ], [ 3293053.760768670588732, 2340801.192623750306666 ], [ 3293052.827091127634048, 2340798.778494672384113 ], [ 3293052.295361690688878, 2340796.588270488660783 ], [ 3293051.672558099031448, 2340794.02836440037936 ], [ 3293051.62711205240339, 2340790.535193307325244 ], [ 3293051.587921679951251, 2340787.822338366881013 ], [ 3293052.205071576870978, 2340784.781426670961082 ], [ 3293054.056748494971544, 2340779.494672652333975 ], [ 3293056.379559084773064, 2340774.358818358276039 ], [ 3293063.242293141782284, 2340759.172733202576637 ], [ 3293065.88269414845854, 2340754.488671518396586 ], [ 3293073.232820057310164, 2340743.4490339551121 ], [ 3293075.375064229592681, 2340739.562589322216809 ], [ 3293077.048582074232399, 2340736.529495334252715 ], [ 3293077.16958887130022, 2340734.793258431367576 ], [ 3293077.514351272024214, 2340729.658782777376473 ], [ 3293076.295164966024458, 2340723.834120885934681 ], [ 3293075.155573101248592, 2340718.371003152802587 ], [ 3293078.781367174815387, 2340717.096687098965049 ], [ 3293083.989128158427775, 2340715.880214494187385 ], [ 3293086.714662312995642, 2340715.240525213070214 ], [ 3293103.58417831780389, 2340713.189387742429972 ], [ 3293112.334950284101069, 2340712.9152593575418 ], [ 3293136.297290544956923, 2340713.965406866278499 ], [ 3293157.952576876617968, 2340713.877066293731332 ], [ 3293172.441572577692568, 2340712.466102723963559 ], [ 3293181.64419516036287, 2340710.864626563619822 ], [ 3293187.70916632283479, 2340709.802489454392344 ], [ 3293195.235687314067036, 2340708.991806473582983 ], [ 3293199.675986451562494, 2340706.560039542615414 ], [ 3293201.568741476163268, 2340705.853085795417428 ], [ 3293205.716053030453622, 2340704.294632229022682 ], [ 3293216.303302723448724, 2340700.86756173428148 ], [ 3293220.581135348416865, 2340699.671882877591997 ], [ 3293226.856507427059114, 2340697.913272223435342 ], [ 3293231.643149584066123, 2340696.912637858651578 ], [ 3293234.802450716961175, 2340696.257881866302341 ], [ 3293239.395640882197767, 2340695.747794721275568 ], [ 3293240.131576349493116, 2340695.781284626573324 ], [ 3293241.399739930871874, 2340695.843346061185002 ], [ 3293242.819765432272106, 2340696.274591670371592 ], [ 3293244.111741337459534, 2340696.667372952215374 ], [ 3293244.611847499385476, 2340697.056756156496704 ], [ 3293245.180832790210843, 2340697.494965964928269 ], [ 3293245.791123384144157, 2340698.494240240659565 ], [ 3293246.861154595389962, 2340700.255301239900291 ], [ 3293247.779432272538543, 2340703.565165144857019 ], [ 3293249.929177987389266, 2340719.578001974150538 ], [ 3293253.227198976092041, 2340739.560651313513517 ], [ 3293255.467754335142672, 2340771.094459661282599 ], [ 3293256.335419438313693, 2340778.858093919698149 ], [ 3293257.794118427205831, 2340792.01854048948735 ], [ 3293257.821585200726986, 2340794.165146004408598 ], [ 3293257.855524565093219, 2340796.351210790220648 ], [ 3293257.298089233227074, 2340799.818030464928597 ], [ 3293259.31916381418705, 2340805.583445012569427 ], [ 3293259.806743619032204, 2340807.69006572663784 ], [ 3293260.412905741948634, 2340810.334069975186139 ], [ 3293264.384338510688394, 2340842.833296491764486 ], [ 3293266.303129761479795, 2340850.077964460477233 ], [ 3293268.544120992068201, 2340915.506694477051497 ], [ 3293277.191128279082477, 2340982.137528507504612 ], [ 3293277.482945650350302, 2340984.349472381640226 ], [ 3293278.039148479700089, 2341020.024484062567353 ], [ 3293278.059755519032478, 2341021.634439845569432 ], [ 3293278.456430756486952, 2341047.554527812637389 ], [ 3293272.64656226336956, 2341100.886022926773876 ], [ 3293269.105132890865207, 2341133.412214328534901 ], [ 3293268.111247988417745, 2341142.567443664651364 ], [ 3293262.015561798587441, 2341198.546991531271487 ], [ 3293292.452135265804827, 2341200.411743919365108 ], [ 3293322.795103510376066, 2341202.262459014542401 ], [ 3293467.244582436513156, 2341211.073556242976338 ], [ 3293545.649809699505568, 2341215.863285542465746 ], [ 3293523.745503698475659, 2341361.37843028921634 ], [ 3293505.745876682922244, 2341480.971349223516881 ], [ 3293505.877963495440781, 2341482.023929280694574 ], [ 3293506.351860348135233, 2341484.356214966159314 ], [ 3293506.611540325917304, 2341485.630007405299693 ], [ 3293506.84285318525508, 2341486.421652778517455 ], [ 3293507.63611360359937, 2341489.154679332859814 ], [ 3293508.920479964464903, 2341492.593261415604502 ], [ 3293510.481126290280372, 2341495.922569855116308 ], [ 3293512.301717884838581, 2341499.104872409719974 ], [ 3293514.360913075506687, 2341502.133758353069425 ], [ 3293516.647231898270547, 2341505.001089937984943 ], [ 3293517.568102707155049, 2341505.976421456318349 ], [ 3293519.154201344586909, 2341507.667407845146954 ], [ 3293520.798308627679944, 2341509.155418988782912 ], [ 3293521.870341449044645, 2341510.124574330635369 ], [ 3293523.136219522915781, 2341511.100374915637076 ], [ 3293524.764448854140937, 2341512.367905749473721 ], [ 3293527.831668803468347, 2341514.367807641625404 ], [ 3293531.050659639760852, 2341516.117869305424392 ], [ 3293533.031434769742191, 2341516.998916432261467 ], [ 3293534.400079713203013, 2341517.611680055968463 ], [ 3293537.848725678399205, 2341518.844556259457022 ], [ 3293539.781105671077967, 2341519.368742643855512 ], [ 3293541.393361038062721, 2341519.796768282540143 ], [ 3293543.370499239768833, 2341520.160892945248634 ], [ 3293545.002782458439469, 2341520.4636325025931 ], [ 3293548.657266545575112, 2341520.848603037185967 ], [ 3293552.335471671074629, 2341520.945269197691232 ], [ 3293556.006194506771863, 2341520.748947340063751 ], [ 3293557.843554749153554, 2341520.508361274376512 ], [ 3293559.661191619001329, 2341520.27122937142849 ], [ 3293560.994291451759636, 2341519.98702618572861 ], [ 3293563.269259684719145, 2341519.507431625854224 ], [ 3293566.810675331391394, 2341518.461008228361607 ], [ 3293570.255853485781699, 2341517.137140337377787 ], [ 3293573.598168965429068, 2341515.557284666690975 ], [ 3293576.796556753572077, 2341513.71848459308967 ], [ 3293578.366546197794378, 2341512.651975771412253 ], [ 3293579.854253362398595, 2341511.640469751320779 ], [ 3293582.740055477712303, 2341509.318556468933821 ], [ 3293588.793647296261042, 2341499.652717957273126 ], [ 3293622.548481079284102, 2341462.251441325526685 ], [ 3293649.711256713140756, 2341433.707139792852104 ], [ 3293674.602587911300361, 2341423.289574588183314 ], [ 3293694.244293950032443, 2341415.070032888092101 ], [ 3293740.7726133861579, 2341391.52701214607805 ], [ 3293742.993577669374645, 2341365.361641941592097 ], [ 3293632.542829912621528, 2341341.168365150224417 ], [ 3293643.173142687417567, 2341292.30026585701853 ], [ 3293654.441677000373602, 2341240.519527649972588 ], [ 3293668.687047206796706, 2341175.035015707835555 ], [ 3293676.80415663914755, 2341139.170587185770273 ], [ 3293683.103822234086692, 2341111.337066006381065 ], [ 3293722.882382750976831, 2340935.627226495184004 ], [ 3293755.230409133248031, 2340792.728991946671158 ], [ 3293760.340786278247833, 2340770.137339579407126 ], [ 3293734.874059620779008, 2340774.07944145007059 ], [ 3293717.302920270245522, 2340776.801269128918648 ], [ 3293696.23925206810236, 2340780.063670221250504 ], [ 3293635.442905350588262, 2340789.482314425520599 ], [ 3293570.044687741436064, 2340799.605428871698678 ], [ 3293519.357857616618276, 2340807.446640630718321 ], [ 3293477.437685377895832, 2340813.935331100597978 ], [ 3293477.196081488393247, 2340810.050298862624913 ], [ 3293477.504285803064704, 2340802.466382437385619 ], [ 3293477.854387182276696, 2340793.900905114598572 ], [ 3293477.723691191058606, 2340787.723261098843068 ], [ 3293477.183481797575951, 2340780.409700067713857 ], [ 3293476.257571869529784, 2340772.290941555052996 ], [ 3293475.828291527926922, 2340768.560554857831448 ], [ 3293475.521245727315545, 2340762.606609947048128 ], [ 3293475.08226008573547, 2340754.240210778079927 ], [ 3293473.694105085916817, 2340737.860610572621226 ], [ 3293473.480816285125911, 2340721.407194203697145 ], [ 3293472.965553507208824, 2340707.44222124805674 ], [ 3293472.915635365061462, 2340692.665090508759022 ], [ 3293472.891965816728771, 2340686.397671817801893 ], [ 3293472.079672022257, 2340675.569759904406965 ], [ 3293469.632562271784991, 2340654.342127976939082 ], [ 3293469.498425923287868, 2340648.885612548328936 ], [ 3293469.750725294463336, 2340647.207576215732843 ], [ 3293470.183447910472751, 2340644.341054086573422 ], [ 3293470.952034422196448, 2340643.151050229091197 ], [ 3293471.577089043799788, 2340642.199293117038906 ], [ 3293472.389756204560399, 2340641.772829833440483 ], [ 3293474.052919534500688, 2340640.903130520135164 ], [ 3293476.263266780879349, 2340640.647979057393968 ], [ 3293477.407078437972814, 2340640.508562966249883 ], [ 3293479.938401935622096, 2340640.66401728335768 ], [ 3293484.960222800262272, 2340641.530076161958277 ], [ 3293505.307780602015555, 2340646.024440371897072 ], [ 3293524.216270135715604, 2340649.167411311995238 ], [ 3293530.673448146786541, 2340650.248928928282112 ] ] ], [ [ [ 3293001.783847308717668, 2342008.11483203060925 ], [ 3292986.595833137631416, 2341997.348668974358588 ], [ 3292969.019593983888626, 2341988.35051232483238 ], [ 3292954.901316504459828, 2341984.105033688712865 ], [ 3292933.81064221682027, 2341986.459327921736985 ], [ 3292915.118058327119797, 2341987.043895334936678 ], [ 3292900.126915405038744, 2341985.640608170535415 ], [ 3292884.708526917733252, 2341981.632997357286513 ], [ 3292867.336056354921311, 2341973.938751731067896 ], [ 3292845.61276532523334, 2341972.374991485849023 ], [ 3292827.793057611677796, 2341970.117399434559047 ], [ 3292812.132814773358405, 2341972.860205027740449 ], [ 3292798.213033955078572, 2341977.987488517537713 ], [ 3292789.166110000107437, 2341985.769808155018836 ], [ 3292789.166110000107437, 2342017.297290000598878 ], [ 3293009.290743278805166, 2342017.297290000598878 ], [ 3293001.783847308717668, 2342008.11483203060925 ] ] ] ] } },
{ "type": "Feature", "properties": { "CODE_18": "242", "Uso": "Mosaico de cultivos", "color": "#FFE64D" }, "geometry": { "type": "MultiPolygon", "coordinates": [ [ [ [ 3296570.318059899844229, 2340435.137861166615039 ], [ 3296580.736710242461413, 2340432.228110219351947 ], [ 3296585.561683339998126, 2340431.708166719414294 ], [ 3296584.925838836003095, 2340427.831356550566852 ], [ 3296584.006857944652438, 2340422.228231510147452 ], [ 3296580.120281371753663, 2340414.861347250174731 ], [ 3296572.632367230486125, 2340411.392547772265971 ], [ 3296571.941410588566214, 2340411.757058487273753 ], [ 3296571.504093027673662, 2340411.874208380002528 ], [ 3296569.615380202420056, 2340410.317344309296459 ], [ 3296568.800615829881281, 2340409.617704411968589 ], [ 3296562.518594291526824, 2340400.326011722907424 ], [ 3296557.528967345599085, 2340401.635872924234718 ], [ 3296550.576246362645179, 2340406.749833962880075 ], [ 3296545.319817405659705, 2340406.371113518252969 ], [ 3296540.841963580809534, 2340402.821871716529131 ], [ 3296540.652122335974127, 2340402.53037334792316 ], [ 3296539.095871322322637, 2340400.093328111805022 ], [ 3296537.419365332927555, 2340395.191100418101996 ], [ 3296535.760997758246958, 2340385.079826589208096 ], [ 3296535.229044372681528, 2340376.516797161661088 ], [ 3296536.491394956130534, 2340373.697944160550833 ], [ 3296532.442624723073095, 2340368.744211392942816 ], [ 3296529.990788342431188, 2340365.733302593231201 ], [ 3296532.811878136359155, 2340361.779000089969486 ], [ 3296533.452933215536177, 2340357.769983279053122 ], [ 3296535.029867489822209, 2340343.631897263694555 ], [ 3296535.011070639360696, 2340343.269863771274686 ], [ 3296534.633843949064612, 2340333.299636932555586 ], [ 3296537.413431406486779, 2340315.916794874239713 ], [ 3296539.05454994738102, 2340312.747494822833687 ], [ 3296539.995612056925893, 2340310.938791490159929 ], [ 3296541.357740867882967, 2340308.295283332001418 ], [ 3296549.098939042538404, 2340297.411219690460712 ], [ 3296552.145296480506659, 2340286.912691134493798 ], [ 3296559.739095854572952, 2340277.789725356735289 ], [ 3296560.873793723993003, 2340274.130653739906847 ], [ 3296562.164209126494825, 2340260.905311293900013 ], [ 3296561.690343626774848, 2340255.356192082166672 ], [ 3296563.040424273815006, 2340247.752481398172677 ], [ 3296570.889671571552753, 2340227.320656848605722 ], [ 3296583.414883880876005, 2340232.058974277228117 ], [ 3296588.553520631976426, 2340231.59575558360666 ], [ 3296591.275444801431149, 2340229.820323204156011 ], [ 3296593.810003544669598, 2340226.778763105161488 ], [ 3296605.859890561085194, 2340210.370937870815396 ], [ 3296614.084866155404598, 2340202.436426769476384 ], [ 3296618.927123144734651, 2340200.289810105226934 ], [ 3296622.290066492278129, 2340199.701091237366199 ], [ 3296634.311809865757823, 2340201.493342459201813 ], [ 3296635.025308770127594, 2340204.544721213169396 ], [ 3296636.536631155759096, 2340207.202735906932503 ], [ 3296638.798871571198106, 2340207.882381798233837 ], [ 3296639.116228309459984, 2340207.776085855439305 ], [ 3296639.617727370467037, 2340207.617258154787123 ], [ 3296640.841080081649125, 2340207.220435939729214 ], [ 3296642.845104973763227, 2340203.480221456848085 ], [ 3296642.659596894867718, 2340201.483122147619724 ], [ 3296642.454983778297901, 2340199.245818485040218 ], [ 3296641.388239197432995, 2340194.906612272839993 ], [ 3296641.046782516408712, 2340193.505094262305647 ], [ 3296638.427848728839308, 2340189.660867863334715 ], [ 3296633.596942690666765, 2340189.278674934525043 ], [ 3296632.057161403354257, 2340189.416307147592306 ], [ 3296628.238201013766229, 2340187.781288693193346 ], [ 3296621.135290812700987, 2340184.742325001396239 ], [ 3296617.368059691973031, 2340180.206107717938721 ], [ 3296616.11402243655175, 2340175.219781802967191 ], [ 3296616.044791100081056, 2340172.075913412962109 ], [ 3296615.986420827452093, 2340169.183840552344918 ], [ 3296616.610217358451337, 2340166.801515384577215 ], [ 3296617.051559813320637, 2340165.100594487041235 ], [ 3296621.842443007975817, 2340154.722903413232416 ], [ 3296624.995712491683662, 2340150.010265382938087 ], [ 3296627.405237539671361, 2340146.391875291708857 ], [ 3296628.952504166401923, 2340145.248294191900641 ], [ 3296635.373206549789757, 2340144.560645095538348 ], [ 3296635.824467179365456, 2340144.775935650803149 ], [ 3296639.402264854405075, 2340146.919974934775382 ], [ 3296642.806950436905026, 2340148.008497506380081 ], [ 3296643.783289397135377, 2340147.837579891085625 ], [ 3296645.351348954252899, 2340147.563075870741159 ], [ 3296647.814489297568798, 2340144.828313662670553 ], [ 3296647.324274790473282, 2340141.839326877612621 ], [ 3296645.001204552128911, 2340137.943307314999402 ], [ 3296641.347901493310928, 2340135.771894189529121 ], [ 3296636.990191606804729, 2340130.851948275696486 ], [ 3296636.720302149187773, 2340130.381653863471001 ], [ 3296635.174543533474207, 2340127.699224820360541 ], [ 3296632.253081898204982, 2340121.01001000078395 ], [ 3296163.374794339761138, 2340121.01001000078395 ], [ 3296175.593664899468422, 2340126.799595332704484 ], [ 3296196.96714600129053, 2340136.929970419500023 ], [ 3296207.077080497518182, 2340141.725741435773671 ], [ 3296208.746134632267058, 2340142.438186612911522 ], [ 3296209.794811840634793, 2340142.893915171269327 ], [ 3296225.137890788260847, 2340149.472877048421651 ], [ 3296243.866617097984999, 2340157.519150261301547 ], [ 3296265.318385233171284, 2340202.828753323294222 ], [ 3296275.270477090030909, 2340223.8583630383946 ], [ 3296300.906181728001684, 2340265.543359301052988 ], [ 3296343.203938725404441, 2340225.228803955484182 ], [ 3296376.413759340997785, 2340180.101976129226387 ], [ 3296390.823065412696451, 2340184.327763123437762 ], [ 3296400.510442477185279, 2340185.371777893975377 ], [ 3296407.006472624838352, 2340186.071322700940073 ], [ 3296415.762588201090693, 2340187.004377294331789 ], [ 3296434.195565125904977, 2340193.123631602153182 ], [ 3296458.26974626770243, 2340199.493363085668534 ], [ 3296470.050461533479393, 2340203.032624066341668 ], [ 3296474.063660674728453, 2340212.285136067774147 ], [ 3296475.595589356962591, 2340228.182534880470484 ], [ 3296475.8291728021577, 2340230.658319031819701 ], [ 3296469.648328880779445, 2340248.829404044430703 ], [ 3296469.535683518275619, 2340249.194152405951172 ], [ 3296466.330007283482701, 2340257.731591896619648 ], [ 3296463.033338642213494, 2340266.518363607116044 ], [ 3296456.534670288208872, 2340287.576361094135791 ], [ 3296459.291987600270659, 2340311.996587051078677 ], [ 3296475.291817252524197, 2340310.332151532173157 ], [ 3296499.183083143550903, 2340307.854497625958174 ], [ 3296498.844741735607386, 2340333.070356938056648 ], [ 3296497.648915203753859, 2340342.047484478913248 ], [ 3296496.896824147086591, 2340347.730047621298581 ], [ 3296494.977020024321973, 2340352.602246244903654 ], [ 3296491.623585867229849, 2340361.104672614485025 ], [ 3296479.589928767178208, 2340381.508001545444131 ], [ 3296469.776714636944234, 2340384.088522252626717 ], [ 3296468.227839526254684, 2340385.222247689962387 ], [ 3296466.471870510838926, 2340385.093296692706645 ], [ 3296461.828643376007676, 2340387.15435563120991 ], [ 3296456.787392694503069, 2340389.386574234813452 ], [ 3296449.776615066453815, 2340388.888774724677205 ], [ 3296445.159621449187398, 2340384.491176166106015 ], [ 3296441.115726876538247, 2340375.670241283252835 ], [ 3296437.762685246765614, 2340371.061516705900431 ], [ 3296422.555025357287377, 2340365.493904492817819 ], [ 3296420.069733675569296, 2340365.309971627779305 ], [ 3296417.298599138855934, 2340365.115192723926157 ], [ 3296413.925802916754037, 2340365.705653889104724 ], [ 3296407.832784840837121, 2340368.700435250997543 ], [ 3296404.310897115152329, 2340370.423119614366442 ], [ 3296396.579622574616224, 2340376.109759568236768 ], [ 3296389.911846489179879, 2340377.703274361789227 ], [ 3296384.724992097821087, 2340377.748746103141457 ], [ 3296380.296958523336798, 2340379.822878543753177 ], [ 3296377.061672887764871, 2340383.84970564302057 ], [ 3296375.273634006269276, 2340387.298435440286994 ], [ 3296373.117385966703296, 2340391.471240791492164 ], [ 3296370.297909062821418, 2340398.03328777756542 ], [ 3296368.374778922181576, 2340407.462492354214191 ], [ 3296366.473017485812306, 2340411.702374028973281 ], [ 3296358.94884708058089, 2340418.651700621470809 ], [ 3296362.025214107241482, 2340424.171433582436293 ], [ 3296380.448405996896327, 2340430.911388598382473 ], [ 3296396.641731191426516, 2340434.571137440390885 ], [ 3296400.972187443636358, 2340439.881469698622823 ], [ 3296403.427269062958658, 2340441.613171809352934 ], [ 3296406.447107214480639, 2340442.210916986688972 ], [ 3296409.246900551021099, 2340442.766001497395337 ], [ 3296415.202450281009078, 2340442.149596273899078 ], [ 3296415.940788899548352, 2340441.88841509539634 ], [ 3296420.12411709362641, 2340440.425405244808644 ], [ 3296425.233143837191164, 2340442.565211704932153 ], [ 3296429.414573405869305, 2340452.224644230678678 ], [ 3296432.769238948822021, 2340456.843233370222151 ], [ 3296434.730685095768422, 2340458.224995052907616 ], [ 3296435.284019380807877, 2340461.598710308782756 ], [ 3296433.163674199488014, 2340467.165641869883984 ], [ 3296428.528537936508656, 2340470.574964138679206 ], [ 3296422.700651765801013, 2340472.03159238724038 ], [ 3296420.383084012661129, 2340473.736254059709609 ], [ 3296418.893901917617768, 2340480.49162483215332 ], [ 3296419.230269747786224, 2340485.202257526107132 ], [ 3296417.828785419929773, 2340487.172756358981133 ], [ 3296416.551658311393112, 2340488.045805520378053 ], [ 3296413.539900603238493, 2340490.095251876860857 ], [ 3296403.027053460478783, 2340489.337838626932353 ], [ 3296398.105390103068203, 2340491.062033240683377 ], [ 3296395.226225146092474, 2340494.6003078520298 ], [ 3296394.560919556766748, 2340497.162429108284414 ], [ 3296394.161119953729212, 2340498.683573122136295 ], [ 3296396.174007529392838, 2340508.29643715498969 ], [ 3296398.949127775151283, 2340514.701040329877287 ], [ 3296400.355448827613145, 2340517.955871117301285 ], [ 3296402.298774997703731, 2340524.54668636014685 ], [ 3296411.788080932572484, 2340545.413798444904387 ], [ 3296413.560445263981819, 2340551.395225497428328 ], [ 3296415.684602001681924, 2340558.593703326769173 ], [ 3296417.323273048736155, 2340573.904180227778852 ], [ 3296416.687476471066475, 2340578.439981725532562 ], [ 3296416.327741534914821, 2340581.009496564976871 ], [ 3296417.026858942583203, 2340582.612250520847738 ], [ 3296416.385829317849129, 2340584.023408258799464 ], [ 3296416.644694384653121, 2340590.797493705525994 ], [ 3296416.781908684410155, 2340594.355688938871026 ], [ 3296417.413072045892477, 2340595.544126769527793 ], [ 3296417.080148597247899, 2340599.204923986457288 ], [ 3296416.968583460897207, 2340600.442206370644271 ], [ 3296423.549357219599187, 2340601.411040558014065 ], [ 3296435.559599185362458, 2340603.195089786313474 ], [ 3296453.70613161008805, 2340608.24818757455796 ], [ 3296455.577054433524609, 2340607.098668471910059 ], [ 3296457.640516823157668, 2340605.82411081995815 ], [ 3296459.051858427003026, 2340603.851884530857205 ], [ 3296463.024101666174829, 2340585.82382756145671 ], [ 3296462.846126231830567, 2340584.73871404863894 ], [ 3296462.747430772520602, 2340584.136969282757491 ], [ 3296465.785475205164403, 2340573.650000095367432 ], [ 3296475.269043636973947, 2340548.771310686133802 ], [ 3296481.532438400667161, 2340532.341303100343794 ], [ 3296483.661038540303707, 2340521.567046868149191 ], [ 3296489.468726598657668, 2340501.492541959974915 ], [ 3296490.439754616934806, 2340498.876901993062347 ], [ 3296499.061825360637158, 2340475.549472080077976 ], [ 3296511.089838552754372, 2340435.318109650164843 ], [ 3296516.799985201098025, 2340422.62808224465698 ], [ 3296521.37542071333155, 2340418.79286390915513 ], [ 3296526.000689215492457, 2340417.983144365716726 ], [ 3296528.387818137183785, 2340419.300534246489406 ], [ 3296529.777799042407423, 2340422.517632128670812 ], [ 3296531.78079255996272, 2340434.730080196633935 ], [ 3296535.764998431317508, 2340440.52724448684603 ], [ 3296542.395692412741482, 2340443.841671156696975 ], [ 3296542.837091516237706, 2340444.058687090873718 ], [ 3296545.105655478779227, 2340443.539767934475094 ], [ 3296547.54187313420698, 2340442.991498725954443 ], [ 3296551.18965079728514, 2340442.160093714948744 ], [ 3296564.177355276886374, 2340436.852193346712738 ], [ 3296570.318059899844229, 2340435.137861166615039 ] ] ], [ [ [ 3294924.739926528185606, 2341353.187067885417491 ], [ 3294929.586549012921751, 2341345.315928817726672 ], [ 3294932.700263462495059, 2341341.229025142267346 ], [ 3294934.152457170188427, 2341339.320603389758617 ], [ 3294953.11872291797772, 2341317.519899814389646 ], [ 3294967.662555275950581, 2341302.156219720840454 ], [ 3294968.619647921063006, 2341299.827087733894587 ], [ 3294977.899961521849036, 2341280.392195181455463 ], [ 3294978.21746014803648, 2341267.79355561779812 ], [ 3294993.676468094345182, 2341248.484411751385778 ], [ 3295014.142081866972148, 2341234.154076584149152 ], [ 3295027.205201318487525, 2341226.833291570656002 ], [ 3295035.038128198124468, 2341222.44777751667425 ], [ 3295040.891978898551315, 2341217.810060526244342 ], [ 3295048.102278587408364, 2341212.102690390776843 ], [ 3295054.750389081891626, 2341202.596896135248244 ], [ 3295054.403366537764668, 2341202.089366335421801 ], [ 3295055.950732017867267, 2341200.884802617598325 ], [ 3295067.908267349004745, 2341194.183838637080044 ], [ 3295072.869726540520787, 2341190.970893738325685 ], [ 3295067.124269556254148, 2341167.509886873420328 ], [ 3295048.297153647057712, 2341134.557525906711817 ], [ 3295081.46028492320329, 2341106.100265693850815 ], [ 3295083.049033988732845, 2341100.200049625243992 ], [ 3295088.807414915878326, 2341083.228863928932697 ], [ 3295089.705397896468639, 2341078.931218281388283 ], [ 3295089.799651171080768, 2341075.423779058270156 ], [ 3295089.32217615749687, 2341073.873543839901686 ], [ 3295088.523636650294065, 2341071.293682328891009 ], [ 3295087.867116549052298, 2341070.383681341074407 ], [ 3295086.369085728656501, 2341068.301776469219476 ], [ 3295085.403765817638487, 2341067.364660527557135 ], [ 3295083.622211986687034, 2341065.657137624919415 ], [ 3295075.231365457177162, 2341058.662851558532566 ], [ 3295071.27553790435195, 2341053.96687666978687 ], [ 3295070.000548135954887, 2341051.389255356043577 ], [ 3295069.261640233453363, 2341048.61628759233281 ], [ 3295069.190204904414713, 2341047.624136856757104 ], [ 3295069.015278808772564, 2341045.320710012223572 ], [ 3295069.146682685706764, 2341042.720092423260212 ], [ 3295069.253900851123035, 2341040.590520839672536 ], [ 3295071.099589510820806, 2341027.907002595253289 ], [ 3295073.453056362457573, 2341018.442845714278519 ], [ 3295074.830817264039069, 2341014.781707772519439 ], [ 3295076.84533967403695, 2341009.436125961598009 ], [ 3295079.91877563437447, 2341003.74276467692107 ], [ 3295081.622216964140534, 2341000.582746040076017 ], [ 3295085.030973588116467, 2340996.129624808207154 ], [ 3295091.984186278190464, 2340988.792869472876191 ], [ 3295097.664711031131446, 2340983.840494218282402 ], [ 3295103.737087592482567, 2340978.555659382138401 ], [ 3295111.880299086682498, 2340972.969122253824025 ], [ 3295116.422199039719999, 2340970.661799796391279 ], [ 3295124.579768992494792, 2340967.203843662515283 ], [ 3295127.337833771016449, 2340965.40167496772483 ], [ 3295128.438188478350639, 2340964.255091915372759 ], [ 3295130.519842362031341, 2340960.308342623524368 ], [ 3295132.169469359796494, 2340953.727708202321082 ], [ 3295132.396889945492148, 2340952.145383827388287 ], [ 3295133.042327273637056, 2340947.66870800871402 ], [ 3295133.219488205388188, 2340943.862611918710172 ], [ 3295133.181574635207653, 2340943.260367092676461 ], [ 3295132.993164805695415, 2340940.441753271967173 ], [ 3295132.373303019441664, 2340938.023421834688634 ], [ 3295131.282848598435521, 2340935.890449391677976 ], [ 3295130.604375153779984, 2340935.217697743792087 ], [ 3295128.727902329992503, 2340933.364425109699368 ], [ 3295126.171966528985649, 2340931.883823700249195 ], [ 3295120.558996394276619, 2340929.578651463612914 ], [ 3295112.612073908559978, 2340927.022517361678183 ], [ 3295107.569794839248061, 2340925.784447616431862 ], [ 3295105.799125605728477, 2340925.627671048045158 ], [ 3295103.770583679433912, 2340925.445010181516409 ], [ 3295102.122497297823429, 2340925.540767651982605 ], [ 3295100.543443860951811, 2340925.624437884893268 ], [ 3295096.503629557322711, 2340926.230306083802134 ], [ 3295093.205071939155459, 2340926.716532687656581 ], [ 3295054.573311031796038, 2340934.637633870821446 ], [ 3295041.336946450173855, 2340937.00600024824962 ], [ 3295036.796104890294373, 2340937.587972055189312 ], [ 3295034.421325784176588, 2340937.892156753223389 ], [ 3295029.996203813701868, 2340938.190017526969314 ], [ 3295024.307454926427454, 2340938.577209596056491 ], [ 3295018.282705696765333, 2340938.64775619469583 ], [ 3295015.152176823467016, 2340938.302869563922286 ], [ 3295013.818512302823365, 2340938.150762462057173 ], [ 3295011.749434831552207, 2340937.10246888268739 ], [ 3295011.188690103590488, 2340936.65265764342621 ], [ 3295009.92296927375719, 2340935.615920491050929 ], [ 3295007.084552423562855, 2340931.485399247612804 ], [ 3295005.607223232742399, 2340927.055668648798019 ], [ 3295004.985980660654604, 2340925.185573515947908 ], [ 3295003.347748973406851, 2340918.10492798872292 ], [ 3295002.510757918469608, 2340914.48655071714893 ], [ 3295004.649228600319475, 2340913.422044948674738 ], [ 3295006.197146757971495, 2340912.653755783569068 ], [ 3295009.921295962296426, 2340911.484121561050415 ], [ 3295014.138690839521587, 2340910.167234060354531 ], [ 3295024.075648314319551, 2340907.970653498079628 ], [ 3295044.153443174436688, 2340904.820455284789205 ], [ 3295052.501488091889769, 2340902.709278152324259 ], [ 3295061.283831198699772, 2340899.720362684223801 ], [ 3295070.742778499145061, 2340895.537285376805812 ], [ 3295084.251989458221942, 2340887.905057620257139 ], [ 3295109.395147985778749, 2340874.876797555480152 ], [ 3295111.530846004374325, 2340873.609821913763881 ], [ 3295113.602365334983915, 2340872.384527821093798 ], [ 3295116.740876435767859, 2340869.561831633094698 ], [ 3295118.162504582665861, 2340867.40508055081591 ], [ 3295119.254214575514197, 2340864.473956113215536 ], [ 3295119.788346357643604, 2340861.792680807877332 ], [ 3295119.858216881752014, 2340860.796086261048913 ], [ 3295120.064132009632885, 2340857.969318674877286 ], [ 3295119.811771562788635, 2340854.451540541835129 ], [ 3295119.556175226345658, 2340850.914032989647239 ], [ 3295118.400963163934648, 2340844.489628110546619 ], [ 3295117.304155460558832, 2340838.359438677318394 ], [ 3295114.493036998901516, 2340827.962792985606939 ], [ 3295113.158247709274292, 2340823.041298335883766 ], [ 3295110.879318454302847, 2340815.95106589095667 ], [ 3295097.176088540814817, 2340781.269454201683402 ], [ 3295094.37810017215088, 2340773.488707663025707 ], [ 3295092.688431091606617, 2340767.269513753708452 ], [ 3295092.410637503489852, 2340762.112207944970578 ], [ 3295092.963576659560204, 2340759.792971083894372 ], [ 3295094.583214920014143, 2340757.297110883984715 ], [ 3295096.890879699029028, 2340755.594105990603566 ], [ 3295100.209697848651558, 2340754.241753735113889 ], [ 3295103.439687837846577, 2340753.58487358642742 ], [ 3295108.035622576251626, 2340752.658382680732757 ], [ 3295119.289400263689458, 2340751.43888542521745 ], [ 3295127.613969850353897, 2340750.174129941500723 ], [ 3295132.738206429407001, 2340748.881142660044134 ], [ 3295135.933982898946851, 2340747.459004274103791 ], [ 3295134.556619616691023, 2340745.741598511114717 ], [ 3295133.639456147328019, 2340744.603237835690379 ], [ 3295131.546334656421095, 2340742.666122467257082 ], [ 3295126.647958713583648, 2340739.08909736154601 ], [ 3295108.707049859687686, 2340729.413440708070993 ], [ 3295102.409528967458755, 2340726.893239479511976 ], [ 3295100.037899487651885, 2340726.59813135350123 ], [ 3295097.874833572190255, 2340726.337541639339179 ], [ 3295092.492488829419017, 2340727.046545514371246 ], [ 3295089.731863513123244, 2340727.905388244427741 ], [ 3295077.726146831177175, 2340732.828658305574208 ], [ 3295073.194933860562742, 2340734.149740168824792 ], [ 3295072.71994648501277, 2340734.222759125754237 ], [ 3295069.618468006141484, 2340734.735362492036074 ], [ 3295066.089457956142724, 2340734.744385556317866 ], [ 3295064.07031623320654, 2340734.742742113769054 ], [ 3295060.773362076841295, 2340733.93988289590925 ], [ 3295058.829336425289512, 2340733.468425414059311 ], [ 3295053.430710304528475, 2340730.86187425814569 ], [ 3295050.075957403052598, 2340728.222191983368248 ], [ 3295047.218148164451122, 2340725.272241313941777 ], [ 3295045.59061371255666, 2340723.081089688464999 ], [ 3295044.35278147412464, 2340721.410290207248181 ], [ 3295043.901440187357366, 2340720.575993335805833 ], [ 3295043.579306655563414, 2340719.972774093970656 ], [ 3295042.023119749501348, 2340718.154755632393062 ], [ 3295041.429861887358129, 2340717.568564371205866 ], [ 3295040.951095785014331, 2340717.185583270154893 ], [ 3295039.435748983640224, 2340716.111369104124606 ], [ 3295038.674839512910694, 2340715.554532562382519 ], [ 3295038.392849759198725, 2340715.319761969149113 ], [ 3295037.912772880401462, 2340714.805085844825953 ], [ 3295037.647117147687823, 2340714.608047438319772 ], [ 3295037.036757172551006, 2340714.28869975078851 ], [ 3295036.694131847470999, 2340713.993509766180068 ], [ 3295035.955485911108553, 2340713.077593575231731 ], [ 3295035.612860590685159, 2340712.78240358736366 ], [ 3295035.002500626724213, 2340712.463055917993188 ], [ 3295034.650013447739184, 2340712.169592681340873 ], [ 3295033.911367538385093, 2340711.253676505759358 ], [ 3295033.568742226809263, 2340710.958486524876207 ], [ 3295032.960000308696181, 2340710.649003594182432 ], [ 3295032.61737500037998, 2340710.353813617490232 ], [ 3295031.877111076842993, 2340709.428032717201859 ], [ 3295031.524623912293464, 2340709.13456948986277 ], [ 3295030.946931995917112, 2340708.890686212107539 ], [ 3295028.986726203467697, 2340708.320581925101578 ], [ 3295028.338383232243359, 2340708.078921170439571 ], [ 3295027.99059655983001, 2340707.875967303756624 ], [ 3295027.749672315083444, 2340707.644154470879585 ], [ 3295027.534943945705891, 2340707.448347077704966 ], [ 3295027.303727933205664, 2340707.275722648017108 ], [ 3295026.566935484297574, 2340706.927772340364754 ], [ 3295025.425110510550439, 2340706.275263110175729 ], [ 3295024.404095788486302, 2340705.926338132470846 ], [ 3295023.947828662116081, 2340705.742378527764231 ], [ 3295023.687027072999626, 2340705.574934350326657 ], [ 3295023.277294067665935, 2340705.179866068065166 ], [ 3295023.010020327754319, 2340704.972962960600853 ], [ 3295022.713007375597954, 2340704.832155254203826 ], [ 3295022.263366037048399, 2340704.626739436760545 ], [ 3295021.723657182883471, 2340704.305169332306832 ], [ 3295021.239729784429073, 2340704.014424410648644 ], [ 3295020.264788308180869, 2340703.637136255390942 ], [ 3295019.893888225778937, 2340703.478821610566229 ], [ 3295017.677038827445358, 2340702.395511940121651 ], [ 3295005.155267920345068, 2340675.473264186643064 ], [ 3294998.018278603442013, 2340641.67157620517537 ], [ 3294994.230346840340644, 2340608.866591102443635 ], [ 3294995.574673274997622, 2340586.569380543194711 ], [ 3294995.265719321556389, 2340586.603180179838091 ], [ 3294995.777131766546518, 2340583.164784230757505 ], [ 3294995.448881316464394, 2340576.52455654554069 ], [ 3294994.800819544121623, 2340570.965277212671936 ], [ 3294994.661208952777088, 2340570.299655818380415 ], [ 3294994.415966093540192, 2340569.175572364591062 ], [ 3294982.75077381869778, 2340558.299620510078967 ], [ 3294945.203935311641544, 2340513.890103170182556 ], [ 3294931.900945395231247, 2340492.533863347489387 ], [ 3294919.25578435510397, 2340472.219319910742342 ], [ 3294910.349881767295301, 2340446.064416577573866 ], [ 3294903.893454367760569, 2340427.111946610733867 ], [ 3294901.105657413601875, 2340410.115021037869155 ], [ 3294899.066993171814829, 2340397.685464930720627 ], [ 3294887.06980724260211, 2340370.620666893664747 ], [ 3294876.809833447448909, 2340373.198515839874744 ], [ 3294872.494028677698225, 2340373.791815894190222 ], [ 3294870.83738714735955, 2340374.020994652062654 ], [ 3294868.293792547658086, 2340374.161920486483723 ], [ 3294867.272009138483554, 2340374.117571477312595 ], [ 3294864.839129136409611, 2340374.0057074688375 ], [ 3294863.694457219447941, 2340373.830655101686716 ], [ 3294862.799414235167205, 2340373.693078561685979 ], [ 3294860.592971298377961, 2340373.044313780032098 ], [ 3294859.339586563408375, 2340372.330154969356954 ], [ 3294858.132121281698346, 2340371.648548078257591 ], [ 3294857.024198653642088, 2340370.584182986523956 ], [ 3294855.916351842693985, 2340368.839886891189963 ], [ 3294854.898877640720457, 2340365.790967868175358 ], [ 3294853.519511471502483, 2340358.370726763270795 ], [ 3294852.870319335721433, 2340356.515679221134633 ], [ 3294852.516985658556223, 2340355.907776 ], [ 3294851.735121245495975, 2340354.542767690028995 ], [ 3294850.817348542157561, 2340353.648069150745869 ], [ 3294849.874998154118657, 2340352.727229939773679 ], [ 3294848.626775550190359, 2340351.920835139229894 ], [ 3294847.878812781535089, 2340351.442917103413492 ], [ 3294847.246958578936756, 2340351.178073775488883 ], [ 3294846.539599312003702, 2340350.885858814697713 ], [ 3294843.963413130026311, 2340350.271389897447079 ], [ 3294841.410572681576014, 2340350.170382667332888 ], [ 3294839.397285590879619, 2340350.45186034636572 ], [ 3294837.272821921855211, 2340351.168873488437384 ], [ 3294835.57842897484079, 2340352.033840594347566 ], [ 3294832.801927626598626, 2340353.971156579442322 ], [ 3294824.731455786619335, 2340361.30054724495858 ], [ 3294824.153689150232822, 2340361.736595672555268 ], [ 3294822.247575496323407, 2340363.166331954300404 ], [ 3294820.639860030729324, 2340364.188639578409493 ], [ 3294819.912547333166003, 2340364.640724704135209 ], [ 3294817.792322373017669, 2340365.630993550177664 ], [ 3294817.207081794273108, 2340365.774057917296886 ], [ 3294815.509067311882973, 2340366.122110646683723 ], [ 3294813.196850457694381, 2340370.271589418873191 ], [ 3294810.581765637267381, 2340373.997141659725457 ], [ 3294807.634535062592477, 2340377.182117389515042 ], [ 3294801.314701230730861, 2340382.195678030140698 ], [ 3294796.176979773212224, 2340385.57138575008139 ], [ 3294767.169322998728603, 2340403.244195541366935 ], [ 3294762.117508661001921, 2340405.782875566277653 ], [ 3294759.811220588628203, 2340406.93765120441094 ], [ 3294752.321291956584901, 2340410.136640591546893 ], [ 3294745.977728084661067, 2340412.840614413376898 ], [ 3294738.704225453548133, 2340416.864294329192489 ], [ 3294733.565740612801164, 2340420.544586210511625 ], [ 3294730.915756954811513, 2340423.129528863821179 ], [ 3294729.581868525128812, 2340425.017218431923538 ], [ 3294728.323792991228402, 2340426.810449204873294 ], [ 3294727.329218227416277, 2340429.653530477546155 ], [ 3294723.76300518354401, 2340432.033572981599718 ], [ 3294722.848010804038495, 2340432.640299153048545 ], [ 3294721.256940272636712, 2340433.578512852080166 ], [ 3294716.613705029711127, 2340436.319655728526413 ], [ 3294714.646419750526547, 2340437.252707379870117 ], [ 3294710.891134738456458, 2340439.036678426899016 ], [ 3294708.401478635147214, 2340439.939419328700751 ], [ 3294707.543342783581465, 2340440.150564496405423 ], [ 3294696.691677022725344, 2340442.832057890482247 ], [ 3294693.537881464231759, 2340442.592730917036533 ], [ 3294679.872032398823649, 2340443.270564157515764 ], [ 3294667.987249988131225, 2340443.240766231436282 ], [ 3294656.466747371014208, 2340444.689689319115132 ], [ 3294649.426537204068154, 2340446.115228249691427 ], [ 3294645.772721788845956, 2340447.404479181859642 ], [ 3294643.873468216508627, 2340448.071920436341316 ], [ 3294640.543402304407209, 2340449.974255170673132 ], [ 3294636.714934206567705, 2340453.415030757430941 ], [ 3294634.607665028423071, 2340455.783175947144628 ], [ 3294634.225058179814368, 2340456.357572305481881 ], [ 3294633.286723709199578, 2340457.749787282198668 ], [ 3294628.981171688530594, 2340457.539617693517357 ], [ 3294623.610077981837094, 2340457.698688103817403 ], [ 3294620.386020385660231, 2340457.958774405531585 ], [ 3294619.131792997010052, 2340458.229128131177276 ], [ 3294617.455123877618462, 2340458.583598920144141 ], [ 3294615.328740696888417, 2340459.412588162347674 ], [ 3294609.785000707954168, 2340462.230235786642879 ], [ 3294598.125073367264122, 2340468.148433471098542 ], [ 3294590.478834822773933, 2340471.445858107414097 ], [ 3294585.200203477870673, 2340472.725324738305062 ], [ 3294582.569937359541655, 2340472.708924068603665 ], [ 3294580.832553247921169, 2340472.383959523402154 ], [ 3294578.780666330829263, 2340471.687845921143889 ], [ 3294577.826065836474299, 2340471.063447555527091 ], [ 3294575.426466753706336, 2340469.484448997303843 ], [ 3294570.869642990641296, 2340464.031143847852945 ], [ 3294565.533111761789769, 2340457.658967513591051 ], [ 3294562.707595014944673, 2340454.287304875906557 ], [ 3294562.293009561486542, 2340453.862643869128078 ], [ 3294553.865468319505453, 2340445.159802891779691 ], [ 3294550.995423173997551, 2340442.506301424931735 ], [ 3294549.238309354986995, 2340440.885840869508684 ], [ 3294546.352318075951189, 2340438.69179421570152 ], [ 3294543.70717627601698, 2340437.409492237493396 ], [ 3294541.497192541137338, 2340436.862838743720204 ], [ 3294538.403881000820547, 2340436.744853417389095 ], [ 3294533.398453172296286, 2340437.834412568248808 ], [ 3294527.501534045673907, 2340439.983249554410577 ], [ 3294508.378658110741526, 2340447.532967001665384 ], [ 3294498.832863786257803, 2340451.619679677765816 ], [ 3294492.833016275428236, 2340454.192466773092747 ], [ 3294489.885714845731854, 2340455.459498374257237 ], [ 3294487.702088100835681, 2340456.186887541785836 ], [ 3294481.744844478555024, 2340458.15348057448864 ], [ 3294478.140262911096215, 2340458.815090962685645 ], [ 3294476.642880375497043, 2340459.087432431057096 ], [ 3294474.615191242657602, 2340459.219225806184113 ], [ 3294471.130028313491493, 2340459.433707667980343 ], [ 3294461.182113859802485, 2340459.460578135214746 ], [ 3294453.538789205253124, 2340459.002728356979787 ], [ 3294451.196370605379343, 2340459.504222186747938 ], [ 3294449.578874452039599, 2340459.848336811177433 ], [ 3294443.430853213183582, 2340459.291027247905731 ], [ 3294440.527847179211676, 2340459.281797424890101 ], [ 3294434.238597576506436, 2340458.049001482781023 ], [ 3294431.247677013278008, 2340457.070803607814014 ], [ 3294417.43770042899996, 2340458.230598957277834 ], [ 3294401.293697262182832, 2340458.520434863865376 ], [ 3294390.619480977300555, 2340459.252934124320745 ], [ 3294389.696011506486684, 2340459.313155421987176 ], [ 3294373.366269715130329, 2340462.243576678447425 ], [ 3294358.516121163964272, 2340466.092097897082567 ], [ 3294352.022493741940707, 2340468.37588646216318 ], [ 3294345.115600168239325, 2340471.665663251653314 ], [ 3294341.918755587656051, 2340473.514247951097786 ], [ 3294323.000879087485373, 2340484.478491744026542 ], [ 3294311.479970570188016, 2340490.00708700157702 ], [ 3294301.475462852511555, 2340493.585575598757714 ], [ 3294283.88335810881108, 2340498.715949628967792 ], [ 3294280.119456686545163, 2340500.014356762636453 ], [ 3294277.026467116549611, 2340501.073507136665285 ], [ 3294271.525347651913762, 2340503.284995764028281 ], [ 3294267.469831451307982, 2340504.908465526998043 ], [ 3294249.906109334900975, 2340513.118900812696666 ], [ 3294247.886749214492738, 2340513.858129586558789 ], [ 3294245.224445158615708, 2340514.821570612490177 ], [ 3294244.137719004880637, 2340515.123491625767201 ], [ 3294237.582769129890949, 2340516.971519927494228 ], [ 3294237.577853426337242, 2340518.920813405886292 ], [ 3294237.574852864257991, 2340519.459187447093427 ], [ 3294236.901729482226074, 2340522.530148798134178 ], [ 3294236.333758029155433, 2340523.644412781577557 ], [ 3294234.718436308205128, 2340525.733625034801662 ], [ 3294232.869431397877634, 2340527.325908102095127 ], [ 3294232.34583309199661, 2340527.782924564555287 ], [ 3294214.14204616099596, 2340538.338036368135363 ], [ 3294207.846457409206778, 2340542.880638679489493 ], [ 3294207.062755246646702, 2340543.545570970512927 ], [ 3294205.450895989313722, 2340544.913664247374982 ], [ 3294204.567807804327458, 2340545.900442525744438 ], [ 3294203.20526956114918, 2340547.427839982323349 ], [ 3294201.722853871993721, 2340549.585114440880716 ], [ 3294200.237438199110329, 2340552.280763263814151 ], [ 3294200.983629294671118, 2340552.809726061299443 ], [ 3294202.603908039629459, 2340553.967033221386373 ], [ 3294206.031911308411509, 2340555.568902353290468 ], [ 3294219.618792504537851, 2340560.780520561151206 ], [ 3294222.085805989336222, 2340562.337556123733521 ], [ 3294223.38904219167307, 2340563.479343238286674 ], [ 3294224.882664469070733, 2340565.348899418953806 ], [ 3294225.883656427264214, 2340567.122052793391049 ], [ 3294226.911162873730063, 2340570.108334408141673 ], [ 3294227.484718641731888, 2340573.295882953796536 ], [ 3294227.639542801771313, 2340577.703488774131984 ], [ 3294227.152841390576214, 2340585.683930110186338 ], [ 3294227.599434667266905, 2340589.705558533780277 ], [ 3294229.230379732325673, 2340594.453423668630421 ], [ 3294230.950600536540151, 2340597.024111998267472 ], [ 3294231.765364147722721, 2340597.723733183927834 ], [ 3294234.09508050698787, 2340599.000367713160813 ], [ 3294237.823864130303264, 2340599.900090984068811 ], [ 3294256.180903480388224, 2340600.237485854886472 ], [ 3294257.737996354699135, 2340600.391048854216933 ], [ 3294260.52042340580374, 2340600.654787095729262 ], [ 3294264.686292936094105, 2340602.178193659521639 ], [ 3294268.40284169325605, 2340604.673311390448362 ], [ 3294273.213850697968155, 2340601.841848096810281 ], [ 3294282.220138033851981, 2340597.991620738990605 ], [ 3294283.399623710196465, 2340597.389310319907963 ], [ 3294285.066035389900208, 2340596.539366906043142 ], [ 3294293.831459794659168, 2340590.47844288405031 ], [ 3294298.846486727707088, 2340587.530073652043939 ], [ 3294299.905705713201314, 2340587.060452109202743 ], [ 3294303.571906943339854, 2340585.413819586392492 ], [ 3294308.612988310866058, 2340583.861325465608388 ], [ 3294318.833535753190517, 2340581.909285030327737 ], [ 3294326.713441616855562, 2340580.407696870155632 ], [ 3294345.236420427449048, 2340577.488973608240485 ], [ 3294361.07758802967146, 2340573.497344962321222 ], [ 3294375.833331745117903, 2340568.640383183024824 ], [ 3294381.46297244168818, 2340567.583574511110783 ], [ 3294384.938576562330127, 2340567.248981096316129 ], [ 3294389.854243715759367, 2340567.220371887553483 ], [ 3294405.406926054041833, 2340568.830271347425878 ], [ 3294409.190254668705165, 2340568.949199635535479 ], [ 3294410.008243965916336, 2340568.36959960218519 ], [ 3294411.666957068257034, 2340567.96752454014495 ], [ 3294414.877756765112281, 2340567.75033758720383 ], [ 3294417.917669293005019, 2340567.54277754155919 ], [ 3294425.046555966604501, 2340568.080548628233373 ], [ 3294432.18530472740531, 2340568.616593606770039 ], [ 3294440.700163659173995, 2340568.75945745036006 ], [ 3294452.019020182080567, 2340568.431631255894899 ], [ 3294459.353695866651833, 2340568.801447025034577 ], [ 3294466.869049116969109, 2340569.83984365221113 ], [ 3294477.886757061816752, 2340572.314881842583418 ], [ 3294483.726530414540321, 2340574.580300660803914 ], [ 3294484.402378458995372, 2340574.989658031612635 ], [ 3294485.134007832035422, 2340575.42984027788043 ], [ 3294486.297714556567371, 2340576.525026135146618 ], [ 3294489.74359156191349, 2340577.555485724471509 ], [ 3294494.351086473092437, 2340578.555061131715775 ], [ 3294498.012766845524311, 2340579.354920133948326 ], [ 3294501.367962213233113, 2340580.512887557037175 ], [ 3294501.998044444713742, 2340580.828778026625514 ], [ 3294502.984156372025609, 2340581.336028843652457 ], [ 3294505.014168684370816, 2340582.888407537247986 ], [ 3294506.409172907471657, 2340584.775234897620976 ], [ 3294507.010601465590298, 2340586.029765322804451 ], [ 3294507.594088192563504, 2340588.535650271456689 ], [ 3294507.604113841429353, 2340589.77195957954973 ], [ 3294507.606202942319214, 2340590.898029799573123 ], [ 3294507.235477820970118, 2340593.276704978197813 ], [ 3294506.864752819295973, 2340595.655380197800696 ], [ 3294505.54291930096224, 2340600.585393628571182 ], [ 3294504.756768816150725, 2340603.523918421473354 ], [ 3294504.392127204686403, 2340605.444865396711975 ], [ 3294504.20067681837827, 2340606.442455769516528 ], [ 3294503.966092965565622, 2340608.90892159473151 ], [ 3294504.355365996714681, 2340613.5088733099401 ], [ 3294505.808867384213954, 2340617.607886223588139 ], [ 3294507.194707390386611, 2340619.871797225438058 ], [ 3294508.883028251118958, 2340622.062447081785649 ], [ 3294510.939473135862499, 2340624.208933828398585 ], [ 3294512.99421771382913, 2340625.726537698414177 ], [ 3294516.308584078215063, 2340627.43965036701411 ], [ 3294522.772890758700669, 2340629.61600998789072 ], [ 3294529.564020300284028, 2340631.187146832700819 ], [ 3294539.369635545182973, 2340632.21014668373391 ], [ 3294555.047684041783214, 2340634.275083364453167 ], [ 3294557.994837352074683, 2340634.367917179130018 ], [ 3294559.390056846663356, 2340634.214945065788925 ], [ 3294559.988239211961627, 2340634.150794851128012 ], [ 3294562.630975585896522, 2340633.129904434084892 ], [ 3294563.683334520552307, 2340632.123641297686845 ], [ 3294564.52111902134493, 2340630.860656367614865 ], [ 3294565.523461470846087, 2340628.188719514291734 ], [ 3294567.301692633423954, 2340620.783847876358777 ], [ 3294568.957149478141218, 2340617.764144856482744 ], [ 3294570.15435396367684, 2340616.651334988884628 ], [ 3294573.108737453818321, 2340615.18010119907558 ], [ 3294575.558324030134827, 2340614.527918972074986 ], [ 3294577.154016736429185, 2340614.360140640754253 ], [ 3294579.149037153460085, 2340614.152883974835277 ], [ 3294581.623969688080251, 2340613.222266100812703 ], [ 3294583.562819649931043, 2340612.486997468862683 ], [ 3294591.806539766024798, 2340610.049006608314812 ], [ 3294594.25404790462926, 2340609.569706430658698 ], [ 3294600.672795610036701, 2340608.313856343738735 ], [ 3294604.957924364134669, 2340608.152116930577904 ], [ 3294610.593900144100189, 2340608.494653108064085 ], [ 3294613.467863982543349, 2340608.94533986132592 ], [ 3294614.801373384892941, 2340609.158357130363584 ], [ 3294618.444796413648874, 2340610.032455328386277 ], [ 3294618.876638572197407, 2340610.129356870893389 ], [ 3294622.578771852888167, 2340611.175840269774199 ], [ 3294624.801086125895381, 2340612.045073242858052 ], [ 3294625.25573443248868, 2340612.219165984075516 ], [ 3294629.161586860660464, 2340614.569523056969047 ], [ 3294633.794767984189093, 2340619.065691706724465 ], [ 3294641.500492029357702, 2340628.006558924913406 ], [ 3294645.168278374709189, 2340630.946597415022552 ], [ 3294646.845109146554023, 2340631.830160356126726 ], [ 3294648.177389870863408, 2340632.530500374734402 ], [ 3294652.348273579031229, 2340634.022606235463172 ], [ 3294657.904669460374862, 2340635.30255392100662 ], [ 3294660.89728313498199, 2340635.610689963214099 ], [ 3294661.413867480121553, 2340634.677946969866753 ], [ 3294662.79358323244378, 2340632.203785396646708 ], [ 3294664.814759481232613, 2340626.836735248565674 ], [ 3294665.727712910622358, 2340621.826103604398668 ], [ 3294666.357458462007344, 2340618.366974968928844 ], [ 3294667.124122790060937, 2340615.990010874345899 ], [ 3294667.553026403766125, 2340614.646402440965176 ], [ 3294668.42247702088207, 2340613.205358490347862 ], [ 3294669.010562701150775, 2340612.58483403082937 ], [ 3294669.794728176668286, 2340611.737163024954498 ], [ 3294673.362085093744099, 2340609.549720646813512 ], [ 3294678.520978108979762, 2340607.540265081916004 ], [ 3294681.707122742198408, 2340606.677932857535779 ], [ 3294686.011895687785, 2340605.89372799359262 ], [ 3294687.568449483718723, 2340605.611029280815274 ], [ 3294690.028288932517171, 2340605.454312124289572 ], [ 3294695.279881046153605, 2340605.123352822847664 ], [ 3294705.680985426995903, 2340605.199821815360337 ], [ 3294714.602731615304947, 2340604.916294112801552 ], [ 3294718.143985146656632, 2340604.610816657543182 ], [ 3294723.229309672489762, 2340603.760977965779603 ], [ 3294732.940375400707126, 2340601.238597203511745 ], [ 3294764.124057710636407, 2340591.018972553312778 ], [ 3294764.77000480890274, 2340590.256393644493073 ], [ 3294765.178652682341635, 2340589.778918442782015 ], [ 3294767.264041941612959, 2340588.267042741645128 ], [ 3294784.04272024333477, 2340579.970975855365396 ], [ 3294789.338674228172749, 2340576.384882621467113 ], [ 3294791.338236393406987, 2340575.030109130777419 ], [ 3294787.105657219421118, 2340564.131407667417079 ], [ 3294786.055115700699389, 2340560.50983584811911 ], [ 3294785.790909492876381, 2340557.785680361092091 ], [ 3294786.237452758476138, 2340555.312552918680012 ], [ 3294786.713128004223108, 2340554.315939557738602 ], [ 3294789.528750372119248, 2340551.194589776452631 ], [ 3294798.829376447945833, 2340544.004954991862178 ], [ 3294800.179521493148059, 2340542.834929555188864 ], [ 3294802.98520992603153, 2340540.39523967821151 ], [ 3294815.596542812883854, 2340526.608128630556166 ], [ 3294817.443632856011391, 2340525.127834199462086 ], [ 3294820.100552354007959, 2340523.698555074632168 ], [ 3294822.315386299043894, 2340522.975861970800906 ], [ 3294823.766698115039617, 2340522.731891727540642 ], [ 3294825.178562495857477, 2340522.494828595314175 ], [ 3294829.937917431816459, 2340522.56466267677024 ], [ 3294830.782340263016522, 2340522.579176745377481 ], [ 3294836.137726119253784, 2340523.437676608562469 ], [ 3294859.823039682116359, 2340528.241064236499369 ], [ 3294866.978988715447485, 2340529.12933023320511 ], [ 3294871.783415080048144, 2340528.91727851331234 ], [ 3294882.222584356553853, 2340526.937215095385909 ], [ 3294885.963701458647847, 2340526.860604093410075 ], [ 3294888.699911057949066, 2340527.213647968135774 ], [ 3294892.320071241818368, 2340528.193316004704684 ], [ 3294897.088606836274266, 2340530.483967661857605 ], [ 3294897.431231353897601, 2340530.779157334007323 ], [ 3294897.823011406697333, 2340531.126628378871828 ], [ 3294896.17488731443882, 2340539.696004017721862 ], [ 3294895.52049983618781, 2340547.705757241230458 ], [ 3294896.2574857249856, 2340555.786478367634118 ], [ 3294900.12516305455938, 2340579.119531203992665 ], [ 3294900.639693431556225, 2340582.256516658235341 ], [ 3294900.79837042465806, 2340589.038068861234933 ], [ 3294900.120262225624174, 2340597.336123945191503 ], [ 3294901.11077624373138, 2340599.354667169041932 ], [ 3294901.233219959773123, 2340602.266012206673622 ], [ 3294900.601381171029061, 2340604.59906536154449 ], [ 3294899.433838783297688, 2340606.325702619738877 ], [ 3294897.73529311735183, 2340607.536433377768844 ], [ 3294895.637030672281981, 2340608.289454399608076 ], [ 3294884.339651372749358, 2340609.861649280413985 ], [ 3294880.397682650014758, 2340610.754830479156226 ], [ 3294877.718727815430611, 2340611.802341702859849 ], [ 3294875.846058960072696, 2340613.002969403285533 ], [ 3294874.053676766343415, 2340614.940494773443788 ], [ 3294873.406346070580184, 2340616.251308912411332 ], [ 3294872.765641221776605, 2340617.540666840504855 ], [ 3294872.235965614207089, 2340619.754352384246886 ], [ 3294872.278521423693746, 2340623.724935345351696 ], [ 3294873.426527610979974, 2340627.136629182379693 ], [ 3294875.410170485265553, 2340630.138157511129975 ], [ 3294878.663760329596698, 2340633.150728846900165 ], [ 3294881.185403577052057, 2340634.545996772125363 ], [ 3294884.869127980433404, 2340635.727641509380192 ], [ 3294894.548717094585299, 2340637.21927626663819 ], [ 3294898.655344589613378, 2340638.134060435928404 ], [ 3294900.966264328919351, 2340639.048675280064344 ], [ 3294903.898643765132874, 2340641.09253716468811 ], [ 3294906.387556007131934, 2340644.391221439000219 ], [ 3294907.196318747475743, 2340646.167591657023877 ], [ 3294907.89236166793853, 2340647.68970134248957 ], [ 3294908.247551318258047, 2340648.865570966619998 ], [ 3294908.985744568053633, 2340651.263180382084101 ], [ 3294909.778969595208764, 2340656.594087556470186 ], [ 3294909.564902923069894, 2340662.64936152100563 ], [ 3294908.852880460675806, 2340667.462431314401329 ], [ 3294908.246021156199276, 2340671.617760745342821 ], [ 3294906.450597912538797, 2340678.670435487292707 ], [ 3294904.446131459437311, 2340683.273441297933459 ], [ 3294903.323661751579493, 2340684.718190930783749 ], [ 3294900.179440278094262, 2340687.196860002353787 ], [ 3294896.132239897269756, 2340689.427715193480253 ], [ 3294887.30266594234854, 2340693.551342441234738 ], [ 3294885.482391344383359, 2340694.823982155881822 ], [ 3294883.199931114446372, 2340697.608424264937639 ], [ 3294882.251514315139502, 2340699.743210572283715 ], [ 3294881.373452107422054, 2340703.296553613618016 ], [ 3294881.089190825819969, 2340707.872358439490199 ], [ 3294881.322825260460377, 2340711.64711809437722 ], [ 3294882.054653484374285, 2340717.222184027545154 ], [ 3294882.627063488587737, 2340721.516064686700702 ], [ 3294882.719868823420256, 2340726.411473310086876 ], [ 3294883.404965871945024, 2340727.062767474446446 ], [ 3294886.461465131491423, 2340728.750009604264051 ], [ 3294911.211147984489799, 2340740.166215321514755 ], [ 3294916.593130695167929, 2340742.856855122838169 ], [ 3294918.873237267136574, 2340744.263971332460642 ], [ 3294919.627828116994351, 2340744.720432685222477 ], [ 3294927.107254771050066, 2340750.240456174127758 ], [ 3294932.642421220429242, 2340754.730924675241113 ], [ 3294947.286571717821062, 2340768.738568536937237 ], [ 3294949.257182095199823, 2340769.743214431684464 ], [ 3294950.638384463265538, 2340769.937738298438489 ], [ 3294951.7584781027399, 2340770.086648682598025 ], [ 3294952.509596790187061, 2340769.965279201045632 ], [ 3294953.042136716190726, 2340769.87203383538872 ], [ 3294954.548992027062923, 2340769.100787571631372 ], [ 3294955.42044890858233, 2340768.166799321305007 ], [ 3294956.268934221472591, 2340765.917586469091475 ], [ 3294956.323014977853745, 2340765.319530121982098 ], [ 3294956.42277917265892, 2340764.195924140512943 ], [ 3294955.560960517264903, 2340757.395408830605447 ], [ 3294954.330108168534935, 2340752.303494272753596 ], [ 3294953.047171592712402, 2340747.017738537862897 ], [ 3294951.86839363630861, 2340740.820716809481382 ], [ 3294951.791802340187132, 2340739.92080301232636 ], [ 3294951.584220479708165, 2340737.541913556866348 ], [ 3294951.754531953949481, 2340733.199171425774693 ], [ 3294952.28188886679709, 2340730.600265399552882 ], [ 3294953.364899423904717, 2340727.863475004211068 ], [ 3294954.65316605893895, 2340725.821404951624572 ], [ 3294956.152464353479445, 2340724.138158318120986 ], [ 3294957.772265947423875, 2340722.880326406098902 ], [ 3294958.730944673996419, 2340722.539949712809175 ], [ 3294964.597841409035027, 2340732.949536626692861 ], [ 3294967.291707127355039, 2340737.064772506244481 ], [ 3294969.041127692908049, 2340739.133101308718324 ], [ 3294972.110819249413908, 2340742.756314049474895 ], [ 3294981.334056720137596, 2340751.918600705452263 ], [ 3294984.808935227338225, 2340755.785457224585116 ], [ 3294986.776710561010987, 2340758.566509207710624 ], [ 3294988.268105555791408, 2340760.669869245495647 ], [ 3294990.420882015954703, 2340765.011772403027862 ], [ 3294990.976712120696902, 2340767.410869732499123 ], [ 3294991.011021534446627, 2340770.094095633830875 ], [ 3294990.604783820919693, 2340772.874755249358714 ], [ 3294989.804839864838868, 2340775.419909390155226 ], [ 3294988.063709263224155, 2340778.535782730672508 ], [ 3294986.364329283125699, 2340780.7310213111341 ], [ 3294984.453764048404992, 2340782.628351822029799 ], [ 3294981.864502788987011, 2340784.59377860231325 ], [ 3294979.161812217906117, 2340784.630640430841595 ], [ 3294976.047475283965468, 2340785.683348621241748 ], [ 3294974.93023993819952, 2340786.355929740704596 ], [ 3294973.332549499813467, 2340787.315597411710769 ], [ 3294967.275178387295455, 2340792.50647311238572 ], [ 3294966.273049334529787, 2340793.138603839091957 ], [ 3294965.593432233668864, 2340793.572191429324448 ], [ 3294963.408034818246961, 2340794.350618912372738 ], [ 3294962.604524375405163, 2340794.399977542459965 ], [ 3294959.216358988545835, 2340794.587308262474835 ], [ 3294955.81663076300174, 2340794.14748435979709 ], [ 3294949.153468789067119, 2340793.294712751172483 ], [ 3294946.423354890197515, 2340793.782892398070544 ], [ 3294945.308966058772057, 2340793.97801729105413 ], [ 3294942.116822564043105, 2340795.917084254324436 ], [ 3294939.892214780207723, 2340797.260521471500397 ], [ 3294935.651422137394547, 2340801.341778370551765 ], [ 3294935.121504568029195, 2340801.698414378799498 ], [ 3294934.371083279140294, 2340802.195140330120921 ], [ 3294929.783566030673683, 2340804.348088908474892 ], [ 3294925.289813363458961, 2340806.454176006838679 ], [ 3294922.929346409160644, 2340804.990094368811697 ], [ 3294921.403829994145781, 2340804.03943975456059 ], [ 3294918.554971520788968, 2340802.752206357661635 ], [ 3294916.396985941100866, 2340801.780370173044503 ], [ 3294912.559544587507844, 2340799.66157652111724 ], [ 3294901.103002521209419, 2340793.336021474562585 ], [ 3294895.258445809595287, 2340791.660000332631171 ], [ 3294889.635173209942877, 2340790.838262757286429 ], [ 3294889.53517335979268, 2340791.403767661657184 ], [ 3294889.473463300149888, 2340791.76975499978289 ], [ 3294889.773654942866415, 2340793.909173387568444 ], [ 3294891.013357046991587, 2340797.446887756697834 ], [ 3294892.115133959334344, 2340799.648912332952023 ], [ 3294892.927598068024963, 2340801.262266885954887 ], [ 3294897.936502757482231, 2340809.22418427746743 ], [ 3294898.714220452588052, 2340810.934955448377877 ], [ 3294898.933189392089844, 2340811.40401772223413 ], [ 3294899.252478224691004, 2340812.484694092534482 ], [ 3294899.677708500064909, 2340813.902002588845789 ], [ 3294899.834200230427086, 2340815.041628423612565 ], [ 3294900.022899792063981, 2340816.43946437118575 ], [ 3294900.014375998172909, 2340819.170785426627845 ], [ 3294899.476785935461521, 2340822.573183969594538 ], [ 3294899.096204687841237, 2340824.953580765984952 ], [ 3294898.113827868364751, 2340828.180158810690045 ], [ 3294897.969680301845074, 2340828.662061442621052 ], [ 3294896.35345372185111, 2340832.415695516392589 ], [ 3294893.49849935201928, 2340837.461922352202237 ], [ 3294891.230150586459786, 2340840.517896741628647 ], [ 3294886.943291381467134, 2340844.627523746807128 ], [ 3294876.23679512180388, 2340852.956374563742429 ], [ 3294873.274729704018682, 2340856.174411162734032 ], [ 3294872.29287048522383, 2340857.239362409804016 ], [ 3294871.847246913705021, 2340858.048050948418677 ], [ 3294870.985738738439977, 2340859.599332428537309 ], [ 3294870.331106494180858, 2340861.855199382640421 ], [ 3294870.119198116473854, 2340865.758717946242541 ], [ 3294870.293574060779065, 2340867.625873831100762 ], [ 3294870.865828052163124, 2340870.681722601875663 ], [ 3294870.998816954437643, 2340871.368801312986761 ], [ 3294845.610579845961183, 2340867.563853867352009 ], [ 3294844.58978811930865, 2340866.474084043875337 ], [ 3294843.851684312336147, 2340865.994440592825413 ], [ 3294843.408822031226009, 2340865.706654531881213 ], [ 3294841.214011743664742, 2340865.005118746310472 ], [ 3294838.52650069212541, 2340864.887109603267163 ], [ 3294837.391385102644563, 2340864.83216481981799 ], [ 3294833.961084556300193, 2340865.44295335887 ], [ 3294830.581948990467936, 2340866.613075193017721 ], [ 3294826.374894817359746, 2340869.044452631380409 ], [ 3294818.830568973906338, 2340874.942235578782856 ], [ 3294814.988096874207258, 2340877.431553420610726 ], [ 3294809.550086403265595, 2340880.027731756679714 ], [ 3294805.922788145486265, 2340881.23116070497781 ], [ 3294801.458545724861324, 2340882.713063220027834 ], [ 3294794.879086223430932, 2340883.854974094778299 ], [ 3294788.859504074789584, 2340883.833303570747375 ], [ 3294782.985602246131748, 2340882.720577063038945 ], [ 3294778.445892498362809, 2340880.897274829447269 ], [ 3294774.482118969783187, 2340880.667855379171669 ], [ 3294772.160570196807384, 2340880.05955029418692 ], [ 3294770.36932878009975, 2340879.591794337611645 ], [ 3294767.39434527605772, 2340878.154134508688003 ], [ 3294764.597096872515976, 2340875.944543745368719 ], [ 3294762.265586033929139, 2340873.419996695127338 ], [ 3294759.11660122172907, 2340869.313416203018278 ], [ 3294755.680296675302088, 2340863.82626665616408 ], [ 3294751.993666177615523, 2340857.926285865716636 ], [ 3294748.673710712697357, 2340853.21031389106065 ], [ 3294746.396670868620276, 2340850.584896669257432 ], [ 3294743.31857604207471, 2340847.034196194261312 ], [ 3294739.705250801984221, 2340843.993285787291825 ], [ 3294738.584767512045801, 2340843.347192093729973 ], [ 3294737.979415285401046, 2340842.996525853406638 ], [ 3294735.89323951350525, 2340842.21508269244805 ], [ 3294721.405590742826462, 2340837.820735986344516 ], [ 3294710.609533503651619, 2340835.398196597583592 ], [ 3294703.278551986906677, 2340834.865349241532385 ], [ 3294685.787640719208866, 2340835.045966155827045 ], [ 3294679.274133552797139, 2340836.09515474177897 ], [ 3294673.526237352285534, 2340837.791687020566314 ], [ 3294670.69374591158703, 2340839.140098380856216 ], [ 3294667.894774121697992, 2340840.878415795508772 ], [ 3294664.824610073119402, 2340843.313696825876832 ], [ 3294655.424819935113192, 2340850.764317115303129 ], [ 3294652.911075260490179, 2340852.75713463826105 ], [ 3294649.634274112526327, 2340855.045934220310301 ], [ 3294646.35585512034595, 2340857.324869345407933 ], [ 3294642.278935351409018, 2340859.621846771799028 ], [ 3294639.046965008601546, 2340861.070654436014593 ], [ 3294637.139783732127398, 2340861.627863535657525 ], [ 3294633.111697364132851, 2340862.800001634284854 ], [ 3294629.757366383448243, 2340863.255426954012364 ], [ 3294627.894248645287007, 2340863.277220303192735 ], [ 3294627.113853276707232, 2340863.281944108195603 ], [ 3294624.379267587326467, 2340862.938781082630157 ], [ 3294621.430413203313947, 2340862.217065534554422 ], [ 3294619.651266159489751, 2340861.513789554592222 ], [ 3294618.58772266888991, 2340861.091133248526603 ], [ 3294615.43630135525018, 2340859.258153994567692 ], [ 3294609.177828976884484, 2340854.934948861598969 ], [ 3294606.189136047847569, 2340853.72295337729156 ], [ 3294602.417594603262842, 2340853.4903280348517 ], [ 3294600.068709788378328, 2340853.952364236582071 ], [ 3294597.317346608731896, 2340855.053168512880802 ], [ 3294593.69214738253504, 2340857.382681447546929 ], [ 3294590.237767128273845, 2340860.382502057589591 ], [ 3294587.620023780036718, 2340863.225677466951311 ], [ 3294584.981875540688634, 2340866.99590234272182 ], [ 3294582.138962768483907, 2340872.486565609462559 ], [ 3294580.53569320961833, 2340876.319135051686317 ], [ 3294578.502677073702216, 2340881.180875414516777 ], [ 3294577.93695984268561, 2340883.360293238889426 ], [ 3294577.49728313786909, 2340885.071124943904579 ], [ 3294577.460340193938464, 2340888.000244462862611 ], [ 3294577.947299899999052, 2340890.350518491119146 ], [ 3294579.030056588351727, 2340892.931353601627052 ], [ 3294581.559128409717232, 2340896.598482466768473 ], [ 3294585.716184013523161, 2340900.97505924385041 ], [ 3294594.254562465939671, 2340908.745170714799315 ], [ 3294598.843154405243695, 2340913.340479337144643 ], [ 3294600.283389415126294, 2340914.884502174332738 ], [ 3294604.176408300176263, 2340919.073907208628953 ], [ 3294607.978985398542136, 2340923.948923196643591 ], [ 3294610.126377835404128, 2340927.824959378689528 ], [ 3294610.60446414584294, 2340929.131533829029649 ], [ 3294610.952030130662024, 2340930.075335239991546 ], [ 3294611.199752070941031, 2340931.523728163912892 ], [ 3294611.457182628102601, 2340933.031309657730162 ], [ 3294611.406206224579364, 2340935.008966044522822 ], [ 3294610.754664370790124, 2340937.345485738944262 ], [ 3294610.500966256950051, 2340938.272793309763074 ], [ 3294609.732988937757909, 2340939.219116159249097 ], [ 3294608.625554401893169, 2340940.569914312567562 ], [ 3294607.947712508030236, 2340940.952457095962018 ], [ 3294606.843734840862453, 2340941.582135274540633 ], [ 3294605.710937870666385, 2340941.912416979670525 ], [ 3294604.782002809923142, 2340942.186705626081675 ], [ 3294603.763153003063053, 2340942.283924850635231 ], [ 3294602.555310641415417, 2340942.40408922592178 ], [ 3294601.633767333813012, 2340942.35234455158934 ], [ 3294581.230746990069747, 2340929.170478424057364 ], [ 3294568.928408130537719, 2340923.378704041242599 ], [ 3294564.036403407342732, 2340923.798944620415568 ], [ 3294556.055028291419148, 2340924.496296184137464 ], [ 3294548.323030889965594, 2340929.249813579954207 ], [ 3294540.582790921907872, 2340934.01492412853986 ], [ 3294527.907874417025596, 2340945.06320717651397 ], [ 3294534.973803023807704, 2340945.155331517569721 ], [ 3294541.288922671228647, 2340945.247001369018108 ], [ 3294554.624914930202067, 2340941.135893831495196 ], [ 3294565.83661721739918, 2340937.680908498354256 ], [ 3294579.655994995031506, 2340933.424277000129223 ], [ 3294576.759219870436937, 2340953.801488364581019 ], [ 3294575.338344026822597, 2340969.384067451581359 ], [ 3294574.033819494768977, 2340975.285283168312162 ], [ 3294543.47788945864886, 2340982.898789945989847 ], [ 3294542.637098854407668, 2340983.401200037449598 ], [ 3294540.741641006898135, 2340984.524655953515321 ], [ 3294538.481536148115993, 2340986.270109178964049 ], [ 3294538.084526895079762, 2340986.694811102002859 ], [ 3294536.995659745763987, 2340987.849547029938549 ], [ 3294535.713272339198738, 2340990.17475711600855 ], [ 3294535.104244415648282, 2340991.286063335835934 ], [ 3294534.530375788919628, 2340994.096094715408981 ], [ 3294534.319056396838278, 2340995.158056451939046 ], [ 3294534.417934641242027, 2340996.997845683246851 ], [ 3294537.912571279332042, 2341002.160189259797335 ], [ 3294538.887072848156095, 2341004.01917028054595 ], [ 3294539.768423275090754, 2341005.681352321989834 ], [ 3294540.91606305167079, 2341008.595863346476108 ], [ 3294541.818163489922881, 2341011.807072256226093 ], [ 3294542.35229424899444, 2341015.001529736910015 ], [ 3294542.471157640218735, 2341018.694923207163811 ], [ 3294542.194675671402365, 2341020.843994766008109 ], [ 3294541.742059318348765, 2341022.475910626351833 ], [ 3294541.587899945210665, 2341023.020458200015128 ], [ 3294540.864466853439808, 2341024.547573913354427 ], [ 3294540.339188504964113, 2341025.674659867305309 ], [ 3294539.729155712295324, 2341026.532439774367958 ], [ 3294539.005329456180334, 2341027.562367157079279 ], [ 3294537.17514415550977, 2341029.516687686555088 ], [ 3294534.585053781047463, 2341031.167703164275736 ], [ 3294528.887030986137688, 2341033.29189803916961 ], [ 3294506.061532245948911, 2341038.7399534098804 ], [ 3294494.539736289065331, 2341042.036151999142021 ], [ 3294491.732141245156527, 2341043.288887821137905 ], [ 3294490.598887221887708, 2341043.801919205579907 ], [ 3294487.007290339563042, 2341045.841418270953 ], [ 3294476.993805749807507, 2341053.013937358744442 ], [ 3294471.559453610796481, 2341056.127077216748148 ], [ 3294464.056814399547875, 2341059.186316416133195 ], [ 3294458.59554493194446, 2341060.589139780029655 ], [ 3294456.625263229943812, 2341060.761631948873401 ], [ 3294456.090036934241652, 2341061.271426652558148 ], [ 3294455.001478910446167, 2341062.304334598127753 ], [ 3294453.94952570926398, 2341063.807794362772256 ], [ 3294452.617287903092802, 2341065.705370024312288 ], [ 3294446.834194000810385, 2341075.536746780388057 ], [ 3294444.930148853454739, 2341078.772521310020238 ], [ 3294441.616896972525865, 2341083.807721148710698 ], [ 3294441.016574874520302, 2341084.724691700190306 ], [ 3294437.678569565527141, 2341088.495711677707732 ], [ 3294428.570328725501895, 2341096.981209970079362 ], [ 3294425.444429947528988, 2341100.684645785950124 ], [ 3294420.891421163454652, 2341108.737822623923421 ], [ 3294419.695350823923945, 2341112.02214596234262 ], [ 3294419.280133069492877, 2341115.118995149619877 ], [ 3294419.486578451935202, 2341117.305284226778895 ], [ 3294420.148131326306611, 2341119.482917147688568 ], [ 3294420.637155259493738, 2341120.361356927081943 ], [ 3294420.9921152330935, 2341120.979124900884926 ], [ 3294422.157142602838576, 2341122.206004690378904 ], [ 3294423.747297524940223, 2341122.93221991462633 ], [ 3294425.437535519711673, 2341123.711946675088257 ], [ 3294429.599387070629746, 2341124.221243848092854 ], [ 3294432.427643157076091, 2341123.898511489387602 ], [ 3294435.248025950510055, 2341122.785604249686003 ], [ 3294443.534698035567999, 2341116.960701292380691 ], [ 3294446.872418932151049, 2341114.610467124730349 ], [ 3294447.948424797970802, 2341113.995829064864665 ], [ 3294449.75658613583073, 2341112.958689469378442 ], [ 3294450.906173047143966, 2341112.48338873591274 ], [ 3294452.484977308660746, 2341111.84159571910277 ], [ 3294456.084836722351611, 2341111.089455710258335 ], [ 3294458.470472161658108, 2341111.037045454606414 ], [ 3294459.409966627601534, 2341111.136384118814021 ], [ 3294460.709186992608011, 2341111.264065215364099 ], [ 3294462.799210091587156, 2341111.821565707214177 ], [ 3294464.197136733680964, 2341112.550998057704419 ], [ 3294466.020214980468154, 2341114.078721665311605 ], [ 3294467.926606872119009, 2341117.103926527779549 ], [ 3294468.965096802916378, 2341120.961031596176326 ], [ 3294469.130500626284629, 2341124.443318250589073 ], [ 3294468.490103837568313, 2341128.888704575132579 ], [ 3294466.929018871858716, 2341133.596791773568839 ], [ 3294465.268438786733896, 2341136.70875006262213 ], [ 3294463.650059148669243, 2341138.717321607284248 ], [ 3294462.126819599419832, 2341140.130790465977043 ], [ 3294459.579419351182878, 2341141.794634729623795 ], [ 3294458.375363556202501, 2341142.370806688908488 ], [ 3294456.896642924286425, 2341143.066111507359892 ], [ 3294448.048567244783044, 2341146.086957398802042 ], [ 3294441.930041478481144, 2341148.183321124874055 ], [ 3294434.841760816052556, 2341151.109126027207822 ], [ 3294430.090482025872916, 2341153.067556514404714 ], [ 3294428.484170417301357, 2341153.541649543680251 ], [ 3294425.870032789185643, 2341154.3038508775644 ], [ 3294424.116559060290456, 2341154.499269559048116 ], [ 3294422.244743936229497, 2341154.71541087795049 ], [ 3294420.391098181717098, 2341154.238297932781279 ], [ 3294419.713017768692225, 2341154.062739894725382 ], [ 3294417.825760759878904, 2341152.576699804980308 ], [ 3294416.761274669785053, 2341151.220584963914007 ], [ 3294415.461087265983224, 2341148.860486254561692 ], [ 3294412.083328337408602, 2341140.328793867491186 ], [ 3294410.257600415032357, 2341137.238723611459136 ], [ 3294409.992249806411564, 2341136.919856183230877 ], [ 3294408.464018395636231, 2341135.08680022880435 ], [ 3294406.414271738845855, 2341133.537880514748394 ], [ 3294403.80087399110198, 2341132.696548663079739 ], [ 3294400.74964555259794, 2341132.835068229585886 ], [ 3294398.531291531864554, 2341133.659890862181783 ], [ 3294397.556134175974876, 2341134.023463882505894 ], [ 3294392.821673627011478, 2341137.135838594287634 ], [ 3294390.04708391148597, 2341139.64117165422067 ], [ 3294388.244568249676377, 2341141.702286584768444 ], [ 3294387.214813945814967, 2341143.5266028563492 ], [ 3294387.026675474364311, 2341143.863991499878466 ], [ 3294386.771670391783118, 2341144.659606807399541 ], [ 3294386.442166745662689, 2341145.681378226261586 ], [ 3294386.159831251017749, 2341147.547333037946373 ], [ 3294386.279293313156813, 2341149.698114033788443 ], [ 3294387.556393350940198, 2341153.401808694470674 ], [ 3294389.908122091088444, 2341157.039103710092604 ], [ 3294393.382871020585299, 2341160.966858041472733 ], [ 3294398.734009010717273, 2341166.128851944115013 ], [ 3294399.929476216435432, 2341167.664993360172957 ], [ 3294400.520660791546106, 2341168.424062730744481 ], [ 3294401.16533350944519, 2341170.127690166700631 ], [ 3294401.237933665513992, 2341171.312456688378006 ], [ 3294400.948884219396859, 2341172.580847603734583 ], [ 3294400.132153045851737, 2341173.972084802109748 ], [ 3294397.847328873351216, 2341175.752324227243662 ], [ 3294395.087584728375077, 2341176.925653710495681 ], [ 3294378.896185370162129, 2341181.070028483867645 ], [ 3294374.02202040143311, 2341182.897762314416468 ], [ 3294371.228691061027348, 2341184.36112217977643 ], [ 3294367.366378687787801, 2341186.914855645038188 ], [ 3294360.88904045894742, 2341191.895244861487299 ], [ 3294353.959068313241005, 2341197.20859967591241 ], [ 3294353.108573140576482, 2341197.651825970504433 ], [ 3294350.821890338789672, 2341198.864098354708403 ], [ 3294348.384107746649534, 2341199.402608496602625 ], [ 3294346.426378997974098, 2341199.156834886875004 ], [ 3294345.11366622056812, 2341198.513964532874525 ], [ 3294343.709329931531101, 2341197.065139247104526 ], [ 3294342.77496977802366, 2341195.574608873110265 ], [ 3294340.75158124929294, 2341190.722930415999144 ], [ 3294338.575601722113788, 2341183.827752348035574 ], [ 3294335.957244979217649, 2341177.76100144488737 ], [ 3294330.758350738324225, 2341168.888577520847321 ], [ 3294328.346227354370058, 2341165.748969258274883 ], [ 3294326.258714914321899, 2341163.53688754979521 ], [ 3294322.536440604366362, 2341160.697737313807011 ], [ 3294320.761294756084681, 2341159.709622282069176 ], [ 3294317.715508399531245, 2341158.33512145280838 ], [ 3294315.666704728268087, 2341157.719667225144804 ], [ 3294314.461707483511418, 2341157.362379178404808 ], [ 3294312.908005975652486, 2341157.167634283658117 ], [ 3294311.034026033245027, 2341156.937640319112688 ], [ 3294309.867405770346522, 2341156.999853889923543 ], [ 3294308.119093540590256, 2341157.103039062116295 ], [ 3294305.793179430067539, 2341157.581368218176067 ], [ 3294303.029040762688965, 2341158.542360773310065 ], [ 3294300.151810489594936, 2341160.050860238261521 ], [ 3294298.361146743409336, 2341161.318349705543369 ], [ 3294296.925965610425919, 2341162.340923937503248 ], [ 3294295.150872047524899, 2341163.950723804533482 ], [ 3294292.475847890600562, 2341167.37225813511759 ], [ 3294285.440423843450844, 2341181.319858329370618 ], [ 3294278.099047162570059, 2341194.76289045996964 ], [ 3294275.091863581445068, 2341200.921702333725989 ], [ 3294272.088097476866096, 2341208.338286424055696 ], [ 3294271.147499279119074, 2341210.644254667684436 ], [ 3294270.125103860162199, 2341214.12143518961966 ], [ 3294269.130245148669928, 2341219.065274985972792 ], [ 3294268.60991168487817, 2341224.118834842927754 ], [ 3294269.261033998802304, 2341238.973331877496094 ], [ 3294269.156430155970156, 2341240.067352877929807 ], [ 3294268.855716882273555, 2341243.367418609559536 ], [ 3294268.390103472396731, 2341245.600360479205847 ], [ 3294268.0425880337134, 2341247.254473873879761 ], [ 3294266.024032684974372, 2341252.265947549603879 ], [ 3294263.56191325886175, 2341256.614280274603516 ], [ 3294262.828385966829956, 2341257.58502630982548 ], [ 3294262.086615107953548, 2341258.567364069633186 ], [ 3294259.973538655787706, 2341260.652427148539573 ], [ 3294258.924434995744377, 2341261.678434642031789 ], [ 3294256.540451263543218, 2341263.039677792228758 ], [ 3294255.218669279012829, 2341263.392916100099683 ], [ 3294252.871783887967467, 2341263.063070079311728 ], [ 3294251.586183753330261, 2341262.090712989214808 ], [ 3294251.039299577474594, 2341261.354330918285996 ], [ 3294250.621778309810907, 2341260.788110635709018 ], [ 3294250.276983958669007, 2341260.046784550882876 ], [ 3294249.445239759515971, 2341258.254136634524912 ], [ 3294248.736815304961056, 2341255.110486207064241 ], [ 3294248.471984357573092, 2341253.928935239091516 ], [ 3294248.471774281933904, 2341251.391934505198151 ], [ 3294248.467779082246125, 2341248.398929911199957 ], [ 3294250.247620466165245, 2341235.067182376980782 ], [ 3294250.452709391713142, 2341231.246009483002126 ], [ 3294250.713552112691104, 2341226.156703251414001 ], [ 3294248.929856786970049, 2341225.302013143897057 ], [ 3294246.496354270726442, 2341224.134890084620565 ], [ 3294243.656290031038225, 2341223.27236845344305 ], [ 3294241.968677597120404, 2341222.756038363557309 ], [ 3294238.017622817773372, 2341222.047472523525357 ], [ 3294236.104502386413515, 2341221.702557748649269 ], [ 3294231.351956973783672, 2341221.550417365506291 ], [ 3294228.167064641602337, 2341221.925465316046029 ], [ 3294225.889850854407996, 2341222.638826784677804 ], [ 3294223.543604759965092, 2341223.364276800770313 ], [ 3294221.093977015465498, 2341224.696423068176955 ], [ 3294218.914860466960818, 2341226.255199575796723 ], [ 3294217.273682663217187, 2341228.186591174453497 ], [ 3294217.012665539048612, 2341228.760002451017499 ], [ 3294216.616208984516561, 2341229.620982822030783 ], [ 3294215.906524065881968, 2341232.221406567841768 ], [ 3294208.575736672617495, 2341270.282029439229518 ], [ 3294206.195102088619024, 2341286.692403746768832 ], [ 3294205.450336947105825, 2341294.768828972242773 ], [ 3294205.082153002265841, 2341298.770788038149476 ], [ 3294203.330148985143751, 2341299.036995346657932 ], [ 3294201.968615587800741, 2341299.518974344711751 ], [ 3294199.293239468242973, 2341300.464433019049466 ], [ 3294195.00957231875509, 2341302.675897337961942 ], [ 3294193.830099907703698, 2341303.278217569924891 ], [ 3294179.045188860967755, 2341313.275420853402466 ], [ 3294174.946362522430718, 2341315.809704958461225 ], [ 3294173.952493055257946, 2341316.430264921393245 ], [ 3294169.950452946592122, 2341319.678268627263606 ], [ 3294167.394152430351824, 2341322.277324444614351 ], [ 3294168.290504775010049, 2341325.824439398944378 ], [ 3294168.681892563123256, 2341328.952572965994477 ], [ 3294168.913447609171271, 2341333.580179318785667 ], [ 3294169.356743384152651, 2341342.21982430992648 ], [ 3294169.617974417284131, 2341344.183415393810719 ], [ 3294170.004813921637833, 2341347.160123380832374 ], [ 3294171.826220354065299, 2341352.63577017467469 ], [ 3294175.491409312933683, 2341358.590248577296734 ], [ 3294181.126507692970335, 2341365.173990829382092 ], [ 3294186.866664959583431, 2341370.480963570531458 ], [ 3294188.985447764396667, 2341372.017788665369153 ], [ 3294191.259087419137359, 2341373.385421788785607 ], [ 3294199.282285045366734, 2341376.963191909715533 ], [ 3294204.514024860691279, 2341379.294451180845499 ], [ 3294206.234153775963932, 2341379.947159233503044 ], [ 3294208.083951097447425, 2341380.648197674192488 ], [ 3294209.221839116886258, 2341380.905604505445808 ], [ 3294210.77022660523653, 2341381.253497628495097 ], [ 3294212.307897069025785, 2341381.288674408569932 ], [ 3294216.75429875170812, 2341382.976049760822207 ], [ 3294219.6915472028777, 2341385.049477493856102 ], [ 3294221.674281656742096, 2341387.117535496130586 ], [ 3294223.763909552246332, 2341390.455691793933511 ], [ 3294226.112023849505931, 2341396.853921765461564 ], [ 3294230.510135345160961, 2341405.35917229950428 ], [ 3294241.245049905963242, 2341413.160685827024281 ], [ 3294245.672671378590167, 2341412.507125022821128 ], [ 3294247.832062799017876, 2341414.229655329138041 ], [ 3294251.749259884469211, 2341416.649037617258728 ], [ 3294255.404401342850178, 2341418.089345074258745 ], [ 3294260.90430077072233, 2341418.963054148480296 ], [ 3294264.716342199593782, 2341418.762328709941357 ], [ 3294270.517433925066143, 2341417.452181468252093 ], [ 3294279.605906371027231, 2341413.546886061318219 ], [ 3294291.650308194570243, 2341406.881227030418813 ], [ 3294292.821688745170832, 2341406.22958386875689 ], [ 3294292.882537635508925, 2341405.549149870872498 ], [ 3294292.935998278204352, 2341405.194750775583088 ], [ 3294293.02050980553031, 2341404.905951379332691 ], [ 3294293.121508455835283, 2341404.593968562316149 ], [ 3294293.311262909788638, 2341404.266443435568362 ], [ 3294293.833538414910436, 2341403.677726328372955 ], [ 3294294.019903903827071, 2341403.391387300565839 ], [ 3294294.282384797465056, 2341402.888756284490228 ], [ 3294294.536164390388876, 2341402.580464012920856 ], [ 3294295.07801085524261, 2341402.049208766780794 ], [ 3294295.447200305759907, 2341401.578632505610585 ], [ 3294296.157764739356935, 2341400.591609878465533 ], [ 3294296.561394064687192, 2341400.145447242539376 ], [ 3294297.04376486223191, 2341399.746384917758405 ], [ 3294298.890507314354181, 2341398.387884153984487 ], [ 3294299.425270723178983, 2341398.060832508839667 ], [ 3294299.767348407767713, 2341397.919745019637048 ], [ 3294300.62385564064607, 2341397.698722435627133 ], [ 3294301.674971989355981, 2341397.179769171401858 ], [ 3294302.644965738989413, 2341396.908429194241762 ], [ 3294302.936116458848119, 2341396.766111534554511 ], [ 3294303.696082119364291, 2341396.389475985430181 ], [ 3294304.419379370287061, 2341396.222224726807326 ], [ 3294305.315181078854948, 2341396.055210205726326 ], [ 3294305.806650746613741, 2341395.958999417722225 ], [ 3294306.15358303906396, 2341395.84750634431839 ], [ 3294307.166718033608049, 2341395.406241352204233 ], [ 3294307.626831648871303, 2341395.366262217052281 ], [ 3294308.871733906678855, 2341395.533893960993737 ], [ 3294309.701129350345582, 2341395.642360207624733 ], [ 3294310.223497310187668, 2341395.672664823010564 ], [ 3294311.669176313560456, 2341395.703656480647624 ], [ 3294319.342692200094461, 2341393.933704451657832 ], [ 3294328.027452114969492, 2341393.133413929492235 ], [ 3294336.049185551237315, 2341393.362562786322087 ], [ 3294342.424860596656799, 2341394.194550236221403 ], [ 3294343.564672706183046, 2341394.339992596302181 ], [ 3294349.476937367580831, 2341395.872166901826859 ], [ 3294355.955353586003184, 2341398.32001722138375 ], [ 3294363.623685717117041, 2341401.89905602671206 ], [ 3294369.0520537677221, 2341404.439449787605554 ], [ 3294371.669085836503655, 2341405.79769631754607 ], [ 3294377.570910829585046, 2341408.874220116995275 ], [ 3294382.389370087534189, 2341404.356820649467409 ], [ 3294384.701447959989309, 2341402.186170705128461 ], [ 3294387.499988732859492, 2341399.950632080435753 ], [ 3294390.833690800704062, 2341397.885232876520604 ], [ 3294393.28771212650463, 2341396.765431772451848 ], [ 3294395.307510722894222, 2341395.843445894308388 ], [ 3294397.821405238471925, 2341395.088642190210521 ], [ 3294401.678575722035021, 2341393.926097544841468 ], [ 3294415.483885204885155, 2341391.315822030417621 ], [ 3294427.191876532509923, 2341389.09310909640044 ], [ 3294444.800075126811862, 2341383.381360470782965 ], [ 3294445.175890840124339, 2341382.889329165220261 ], [ 3294445.741003631614149, 2341382.252520418260247 ], [ 3294445.907646100968122, 2341381.969635970890522 ], [ 3294446.176753233186901, 2341381.445549721829593 ], [ 3294446.425526220351458, 2341381.168579686898738 ], [ 3294446.850192841142416, 2341380.850660750642419 ], [ 3294447.192270989529788, 2341380.70957422722131 ], [ 3294447.925430820323527, 2341380.540597933344543 ], [ 3294448.2691271584481, 2341380.409376203082502 ], [ 3294448.764444351196289, 2341380.089233804494143 ], [ 3294450.115720239467919, 2341379.111797143239528 ], [ 3294450.638851913623512, 2341378.837524899747223 ], [ 3294451.14519110834226, 2341378.708267231937498 ], [ 3294451.738668035250157, 2341378.553602739237249 ], [ 3294452.184371101204306, 2341378.363926061894745 ], [ 3294452.623601430561393, 2341378.134790250100195 ], [ 3294453.490582147613168, 2341377.668380752205849 ], [ 3294453.924957932438701, 2341377.409650601446629 ], [ 3294454.36434093490243, 2341377.119599202647805 ], [ 3294454.989784682169557, 2341376.665040843654424 ], [ 3294455.786420195829123, 2341376.079023663885891 ], [ 3294457.496110827662051, 2341365.164681154303253 ], [ 3294458.816551522817463, 2341360.10294283926487 ], [ 3294459.6907087280415, 2341356.77350069116801 ], [ 3294459.032111226115376, 2341349.480683506000787 ], [ 3294456.219592136796564, 2341336.973413112573326 ], [ 3294453.815096440725029, 2341330.788023474626243 ], [ 3294450.500263880006969, 2341325.979819596745074 ], [ 3294442.876207999419421, 2341317.846649778541178 ], [ 3294440.838519407436252, 2341314.763249044306576 ], [ 3294440.137602787464857, 2341313.211543126031756 ], [ 3294439.544554769992828, 2341311.884503754787147 ], [ 3294438.671166624408215, 2341308.353667520917952 ], [ 3294438.291144106071442, 2341303.31569872610271 ], [ 3294438.394993517547846, 2341295.970557048916817 ], [ 3294438.793928027153015, 2341292.156036566011608 ], [ 3294438.908393528312445, 2341291.060289878863841 ], [ 3294439.741093751974404, 2341287.230701956897974 ], [ 3294441.012414143886417, 2341283.415640968829393 ], [ 3294441.577437949832529, 2341282.159812316764146 ], [ 3294443.627748678438365, 2341277.589306847192347 ], [ 3294446.087643168866634, 2341273.474782984703779 ], [ 3294447.679819898679852, 2341271.430202533490956 ], [ 3294460.728779593482614, 2341257.282042977865785 ], [ 3294475.128720054868609, 2341242.278286674059927 ], [ 3294479.368135512340814, 2341238.065268891397864 ], [ 3294482.092316084075719, 2341234.696025254670531 ], [ 3294484.527179291471839, 2341230.738111613783985 ], [ 3294485.409768990240991, 2341228.635122123174369 ], [ 3294486.331958777736872, 2341226.464309638831764 ], [ 3294487.343400151934475, 2341222.116317107807845 ], [ 3294487.961988750379533, 2341217.847264581359923 ], [ 3294489.573529263027012, 2341197.613852586597204 ], [ 3294491.531348200514913, 2341182.769351755734533 ], [ 3294492.60449996124953, 2341178.055371136870235 ], [ 3294493.501808398403227, 2341175.980250210501254 ], [ 3294494.805591053795069, 2341172.981510298792273 ], [ 3294497.401026329956949, 2341169.198445926420391 ], [ 3294500.316829651128501, 2341166.0696517881006 ], [ 3294514.726478439755738, 2341153.104003464337438 ], [ 3294533.270230075344443, 2341135.34505957365036 ], [ 3294538.898859957233071, 2341130.756869450677186 ], [ 3294540.200375476852059, 2341129.970819580368698 ], [ 3294541.241942138876766, 2341129.331769576761872 ], [ 3294542.021482846699655, 2341129.012601104564965 ], [ 3294543.457215359434485, 2341128.42630769778043 ], [ 3294546.838186993263662, 2341123.247330653946847 ], [ 3294548.15100628323853, 2341121.23137981351465 ], [ 3294555.430490359663963, 2341112.173095555510372 ], [ 3294556.441989966202527, 2341110.423018521629274 ], [ 3294557.689472727477551, 2341108.256139367818832 ], [ 3294580.94498105160892, 2341117.366370467003435 ], [ 3294598.094044982455671, 2341123.760631622280926 ], [ 3294617.642893590964377, 2341128.395131787285209 ], [ 3294639.162722658831626, 2341128.65571025153622 ], [ 3294660.68093615071848, 2341128.906431037001312 ], [ 3294668.807631132658571, 2341129.218740857206285 ], [ 3294679.587392439134419, 2341129.624635759741068 ], [ 3294691.939358313567936, 2341130.709155850578099 ], [ 3294700.010820011142641, 2341131.426917274482548 ], [ 3294715.642922677565366, 2341136.737131971400231 ], [ 3294725.634728229604661, 2341140.812547690235078 ], [ 3294727.156158301047981, 2341141.42902573524043 ], [ 3294740.835863102693111, 2341143.062467247247696 ], [ 3294752.367681651376188, 2341139.703666236251593 ], [ 3294751.528657275252044, 2341126.424644464626908 ], [ 3294748.301329180132598, 2341114.913518726825714 ], [ 3294743.058476524427533, 2341111.772314961999655 ], [ 3294737.884503646288067, 2341108.679939058143646 ], [ 3294724.408528387546539, 2341108.350370713043958 ], [ 3294698.647518978454173, 2341101.221326200757176 ], [ 3294697.975625925697386, 2341097.929214547853917 ], [ 3294697.600767982657999, 2341096.076862125657499 ], [ 3294696.481617183424532, 2341092.28462500590831 ], [ 3294691.534164949320257, 2341075.543984044343233 ], [ 3294690.198472572956234, 2341069.009085058234632 ], [ 3294689.850709163583815, 2341065.528292687609792 ], [ 3294689.960678035859019, 2341062.302237432450056 ], [ 3294691.25050094537437, 2341057.672110802959651 ], [ 3294692.484737502411008, 2341055.548149983398616 ], [ 3294694.033939643763006, 2341053.612592284567654 ], [ 3294696.083710529841483, 2341051.883678600657731 ], [ 3294697.455180944874883, 2341050.720053571276367 ], [ 3294701.585554231889546, 2341048.068675932474434 ], [ 3294707.776740298606455, 2341045.178222610615194 ], [ 3294718.795294465497136, 2341042.091965378262103 ], [ 3294720.919433066621423, 2341041.496765995398164 ], [ 3294725.750782553106546, 2341039.717161812819541 ], [ 3294730.612396873999387, 2341037.008782198652625 ], [ 3294735.383464027196169, 2341033.068042759783566 ], [ 3294736.886135646607727, 2341031.343596862629056 ], [ 3294738.246959742624313, 2341029.187324654310942 ], [ 3294739.012991982512176, 2341027.054016884882003 ], [ 3294739.722783317789435, 2341025.072630346287042 ], [ 3294740.410581031348556, 2341020.730589628685266 ], [ 3294741.033011997118592, 2341009.062925209756941 ], [ 3294741.718733476940542, 2341004.893766310997307 ], [ 3294742.688303312752396, 2341001.527344901114702 ], [ 3294743.41867153160274, 2340999.856946780346334 ], [ 3294745.508879344444722, 2340997.075703308917582 ], [ 3294747.90173968905583, 2340995.459235885180533 ], [ 3294750.082274079788476, 2340994.651201906614006 ], [ 3294751.02739059785381, 2340994.475562776438892 ], [ 3294752.266743595246226, 2340994.238254434429109 ], [ 3294754.69683938799426, 2340994.14762879582122 ], [ 3294759.286998935043812, 2340994.855952011421323 ], [ 3294764.000986395403743, 2340996.628438513260335 ], [ 3294764.952508217655122, 2340997.172192263416946 ], [ 3294765.913891865406185, 2340997.714219202287495 ], [ 3294768.811380124650896, 2340999.916405686642975 ], [ 3294771.120242285076529, 2341002.302845915779471 ], [ 3294773.407762790098786, 2341004.682875053025782 ], [ 3294777.477859724313021, 2341010.3229004656896 ], [ 3294782.470085402950644, 2341019.048848746344447 ], [ 3294787.110236182808876, 2341029.277474630158395 ], [ 3294789.199295899830759, 2341032.179363071918488 ], [ 3294790.472495491616428, 2341033.509082334116101 ], [ 3294791.600764476694167, 2341034.326330376323313 ], [ 3294793.10787104209885, 2341035.412130581680685 ], [ 3294796.10288685047999, 2341036.724505003541708 ], [ 3294799.647234661038965, 2341037.798617848195136 ], [ 3294819.379301089793444, 2341041.44718346465379 ], [ 3294824.999945236835629, 2341042.00551591720432 ], [ 3294826.809206254780293, 2341041.840935084037483 ], [ 3294828.118903861381114, 2341041.72323564440012 ], [ 3294829.397857431322336, 2341041.418105878867209 ], [ 3294831.165047707501799, 2341040.997041546273977 ], [ 3294841.656827585306019, 2341036.369206530507654 ], [ 3294844.895200796891004, 2341035.639798251911998 ], [ 3294849.302449068985879, 2341035.913342426531017 ], [ 3294861.411139516159892, 2341038.359751938376576 ], [ 3294867.275860228575766, 2341038.550611862912774 ], [ 3294875.134048142936081, 2341037.844420951791108 ], [ 3294887.051526064518839, 2341035.97078907629475 ], [ 3294897.090403988491744, 2341034.395656530745327 ], [ 3294901.614138036035001, 2341034.080515400972217 ], [ 3294905.114166860468686, 2341033.832995296921581 ], [ 3294907.288450769614428, 2341032.244659339077771 ], [ 3294909.869327214546502, 2341047.978938946034759 ], [ 3294914.990568405017257, 2341069.428290816489607 ], [ 3294933.0047357538715, 2341091.796457576099783 ], [ 3294941.42275460716337, 2341106.934884413145483 ], [ 3294944.327459906227887, 2341112.149793068412691 ], [ 3294949.946951537393034, 2341136.698407104238868 ], [ 3294954.016530127730221, 2341161.508264989592135 ], [ 3294957.280398486182094, 2341169.593083157669753 ], [ 3294961.643063164781779, 2341180.418300858233124 ], [ 3294959.514530394226313, 2341185.37794126663357 ], [ 3294958.855823022313416, 2341187.299640275537968 ], [ 3294957.975389154162258, 2341189.848752681631595 ], [ 3294949.600454709492624, 2341190.249649026431143 ], [ 3294941.68185353372246, 2341190.154571093153208 ], [ 3294930.647355752065778, 2341189.123465556651354 ], [ 3294915.292511624284089, 2341191.812097630463541 ], [ 3294904.730510105378926, 2341193.661505977623165 ], [ 3294898.046607693657279, 2341195.836520958691835 ], [ 3294891.614258457906544, 2341197.937045547645539 ], [ 3294885.093306382186711, 2341199.992196902632713 ], [ 3294877.529933179728687, 2341202.371951370965689 ], [ 3294862.637730203568935, 2341207.942835537716746 ], [ 3294849.381977992132306, 2341213.470734369475394 ], [ 3294848.317909059114754, 2341213.910756892058998 ], [ 3294835.503887629602104, 2341220.832787241321057 ], [ 3294835.182167296297848, 2341222.025708433240652 ], [ 3294834.998117809183896, 2341222.697266242001206 ], [ 3294834.489482099190354, 2341223.740250847768039 ], [ 3294834.103036193642765, 2341224.538581574801356 ], [ 3294832.214778374880552, 2341227.375800274312496 ], [ 3294813.528929038904607, 2341248.72150601958856 ], [ 3294810.435481634922326, 2341253.241233854554594 ], [ 3294807.449380409438163, 2341258.848309312947094 ], [ 3294806.189566927496344, 2341260.69260312570259 ], [ 3294804.972589949145913, 2341262.488803818356246 ], [ 3294787.651871799491346, 2341284.549417446833104 ], [ 3294772.034338356927037, 2341302.891897732857615 ], [ 3294771.723004014231265, 2341303.220412577502429 ], [ 3294758.111380599439144, 2341315.051754852756858 ], [ 3294756.061467186082155, 2341316.84158730879426 ], [ 3294753.708616191055626, 2341318.887427869718522 ], [ 3294746.409146248362958, 2341321.515295227058232 ], [ 3294743.672567250207067, 2341325.241879646666348 ], [ 3294741.839398465119302, 2341327.734572792891413 ], [ 3294732.241847380530089, 2341335.463426364585757 ], [ 3294729.055815648753196, 2341336.944794360082597 ], [ 3294726.869825036730617, 2341337.966903262771666 ], [ 3294725.438761392142624, 2341340.622593910433352 ], [ 3294724.101766884792596, 2341343.109590944834054 ], [ 3294717.947721022646874, 2341352.163618484511971 ], [ 3294705.729834035970271, 2341365.750117458403111 ], [ 3294703.678701995871961, 2341368.027277356944978 ], [ 3294702.213262753561139, 2341369.978620645590127 ], [ 3294700.864852353464812, 2341371.777546030469239 ], [ 3294697.15550036681816, 2341378.850837936624885 ], [ 3294696.019744196906686, 2341381.018451810348779 ], [ 3294689.32996513042599, 2341391.444963026791811 ], [ 3294688.944650805555284, 2341394.4147984739393 ], [ 3294687.344411436468363, 2341400.986849672626704 ], [ 3294686.295122024603188, 2341404.052655266597867 ], [ 3294685.679416053928435, 2341405.865354862064123 ], [ 3294683.49852498434484, 2341410.753011921886355 ], [ 3294680.754505623597652, 2341415.48557348176837 ], [ 3294678.881896356120706, 2341417.985179212875664 ], [ 3294677.098409914411604, 2341419.667476773727685 ], [ 3294673.203769768588245, 2341423.322855965234339 ], [ 3294671.081197326537222, 2341424.607864142395556 ], [ 3294670.296346267685294, 2341425.080185083672404 ], [ 3294669.661650753114372, 2341425.292805765289813 ], [ 3294666.611521805636585, 2341426.303865762427449 ], [ 3294664.197615090757608, 2341426.493149891030043 ], [ 3294662.212069879285991, 2341426.201499807182699 ], [ 3294660.531384935136884, 2341425.541874569840729 ], [ 3294658.476318940054625, 2341424.146103502251208 ], [ 3294656.038536853622645, 2341421.406758166849613 ], [ 3294650.970837033353746, 2341413.272456726524979 ], [ 3294648.443139251321554, 2341410.356041911523789 ], [ 3294646.382455616723746, 2341409.235254348255694 ], [ 3294645.425008373335004, 2341409.088317814283073 ], [ 3294644.623578717932105, 2341408.964802202768624 ], [ 3294642.892913043964654, 2341409.237409310881048 ], [ 3294642.260141082108021, 2341409.338063928764313 ], [ 3294640.626719106454402, 2341410.141642250586301 ], [ 3294639.376990429591388, 2341411.24336607567966 ], [ 3294638.028124767355621, 2341413.225040903314948 ], [ 3294637.368576107081026, 2341414.832308206241578 ], [ 3294636.409143667668104, 2341418.755121272057295 ], [ 3294634.809673202224076, 2341428.300447133369744 ], [ 3294633.194540932774544, 2341433.606595672201365 ], [ 3294631.239192653913051, 2341436.343951632268727 ], [ 3294628.900425617117435, 2341437.362375232391059 ], [ 3294628.407031604088843, 2341437.570549828931689 ], [ 3294626.677129714749753, 2341437.538580031134188 ], [ 3294624.746664202772081, 2341436.902397848665714 ], [ 3294623.490188381168991, 2341436.10760250966996 ], [ 3294622.279632420279086, 2341435.345358813647181 ], [ 3294618.723041931167245, 2341431.28985351882875 ], [ 3294616.709987419657409, 2341427.55265545565635 ], [ 3294615.385364516172558, 2341425.105498868506402 ], [ 3294610.501618243288249, 2341412.402769713662565 ], [ 3294608.389000797178596, 2341407.749377739150077 ], [ 3294605.251369710080326, 2341403.031918227206916 ], [ 3294601.187281439546496, 2341398.913058316800743 ], [ 3294598.385560831055045, 2341397.171071048825979 ], [ 3294597.051962113007903, 2341396.339040101505816 ], [ 3294591.811604645568877, 2341394.82111426955089 ], [ 3294586.056297436356544, 2341394.245803920552135 ], [ 3294573.958922966849059, 2341393.847411854192615 ], [ 3294570.275840457994491, 2341393.721090773120522 ], [ 3294568.647670396137983, 2341395.051454681437463 ], [ 3294566.95535280322656, 2341397.722457496915013 ], [ 3294565.626638550311327, 2341401.496826464310288 ], [ 3294565.459537926595658, 2341401.962457107380033 ], [ 3294564.918849934823811, 2341405.964169401209801 ], [ 3294564.727264512330294, 2341420.134075836744159 ], [ 3294563.866543832235038, 2341424.658643754199147 ], [ 3294562.885893850121647, 2341427.215176946949214 ], [ 3294561.40775880496949, 2341429.645713174715638 ], [ 3294558.951690446585417, 2341432.237345943693072 ], [ 3294555.614322492387146, 2341435.764709138311446 ], [ 3294554.742273985873908, 2341436.942374811507761 ], [ 3294554.035097077488899, 2341437.888207205105573 ], [ 3294552.698813835158944, 2341440.750571075826883 ], [ 3294552.364247670397162, 2341442.483600140549242 ], [ 3294552.431359210982919, 2341445.861328117083758 ], [ 3294553.179543434642255, 2341448.876238860189915 ], [ 3294554.913386435713619, 2341452.581144252792001 ], [ 3294557.361978970933706, 2341456.252224027644843 ], [ 3294560.639357686508447, 2341460.275435121264309 ], [ 3294570.170418269466609, 2341469.891198488883674 ], [ 3294575.335029445122927, 2341474.101494473405182 ], [ 3294578.354413038585335, 2341476.180847119539976 ], [ 3294580.160156686324626, 2341477.41731176385656 ], [ 3294578.173243685625494, 2341480.951754737179726 ], [ 3294577.671823868062347, 2341483.708519720472395 ], [ 3294577.336953824386001, 2341485.563380013685673 ], [ 3294577.529246938880533, 2341488.158077315893024 ], [ 3294580.612356149125844, 2341493.656344089657068 ], [ 3294582.444241924677044, 2341498.886600270867348 ], [ 3294583.258284578099847, 2341501.18975731311366 ], [ 3294586.353239813819528, 2341505.894394716247916 ], [ 3294588.820610675960779, 2341508.628557866904885 ], [ 3294591.617882983759046, 2341514.115988892503083 ], [ 3294593.487685571424663, 2341516.670643547549844 ], [ 3294596.15861247619614, 2341519.47064390219748 ], [ 3294597.885615259408951, 2341520.660008100792766 ], [ 3294600.678637178614736, 2341522.596332534216344 ], [ 3294606.901968715712428, 2341525.220794707071036 ], [ 3294619.137562548276037, 2341528.811940127052367 ], [ 3294626.786851716227829, 2341531.470854653045535 ], [ 3294633.536186984740198, 2341534.642544277012348 ], [ 3294645.461186629720032, 2341540.23652494745329 ], [ 3294657.965252458117902, 2341545.526145261712372 ], [ 3294659.207623100373894, 2341546.049410848878324 ], [ 3294666.548420053906739, 2341548.559385501313955 ], [ 3294671.821906474884599, 2341549.970030173659325 ], [ 3294695.144825237803161, 2341554.481488552410156 ], [ 3294699.69583638664335, 2341555.074868745170534 ], [ 3294703.848742422182113, 2341555.220405100379139 ], [ 3294711.484776636585593, 2341554.644391832873225 ], [ 3294719.616890760138631, 2341553.443661190569401 ], [ 3294724.137580956332386, 2341552.367909568827599 ], [ 3294725.612144560553133, 2341552.01837024372071 ], [ 3294730.192768323700875, 2341550.627680245321244 ], [ 3294737.992541513871402, 2341547.648334701545537 ], [ 3294751.582026296295226, 2341540.691920026671141 ], [ 3294775.7245530821383, 2341526.265545855741948 ], [ 3294817.916619268245995, 2341505.725520559120923 ], [ 3294827.782124384772032, 2341501.856770558282733 ], [ 3294831.109697117004544, 2341500.929061485920101 ], [ 3294835.563436632044613, 2341499.692526588216424 ], [ 3294848.779752499423921, 2341496.769406824372709 ], [ 3294858.752519501373172, 2341493.368991686962545 ], [ 3294859.469651344232261, 2341493.040456676855683 ], [ 3294865.277509693056345, 2341490.34903848497197 ], [ 3294872.767856364604086, 2341486.287310534156859 ], [ 3294881.080793148837984, 2341481.117474352940917 ], [ 3294885.745510656852275, 2341477.641859469935298 ], [ 3294886.835285258479416, 2341472.843790060840547 ], [ 3294887.250430478714406, 2341463.871196322608739 ], [ 3294886.783723414875567, 2341458.675896512810141 ], [ 3294885.630782613065094, 2341453.935646370053291 ], [ 3294885.157601320184767, 2341451.978730127215385 ], [ 3294884.365453750826418, 2341450.118258324451745 ], [ 3294883.25324142863974, 2341447.481685185804963 ], [ 3294882.277963685803115, 2341445.92727924278006 ], [ 3294880.777447226922959, 2341443.521069257985801 ], [ 3294879.078931483440101, 2341441.453973094932735 ], [ 3294876.533585258759558, 2341438.368126043118536 ], [ 3294870.605710099451244, 2341431.916804471518844 ], [ 3294868.002200851682574, 2341429.094845093786716 ], [ 3294864.813886113464832, 2341424.934254413004965 ], [ 3294862.663379636127502, 2341420.977568819187582 ], [ 3294861.611226787790656, 2341416.666188308503479 ], [ 3294861.772776340134442, 2341412.517765200231224 ], [ 3294862.268830063287169, 2341410.594095655251294 ], [ 3294863.385508539620787, 2341406.207390062510967 ], [ 3294868.887431750074029, 2341393.177879072260112 ], [ 3294872.073872839100659, 2341385.638022533617914 ], [ 3294873.100054663605988, 2341382.616863789968193 ], [ 3294874.435709525831044, 2341378.699222359806299 ], [ 3294875.627625783905387, 2341372.482832551468164 ], [ 3294876.158810294698924, 2341363.10429904377088 ], [ 3294876.59529969189316, 2341360.693803257774562 ], [ 3294877.537977192550898, 2341358.214969083666801 ], [ 3294878.890939941629767, 2341356.567474937066436 ], [ 3294881.455986972898245, 2341355.073074225336313 ], [ 3294884.204803471919149, 2341354.327899705152959 ], [ 3294888.74193178396672, 2341353.908919158857316 ], [ 3294891.984935191925615, 2341353.949949291069061 ], [ 3294902.058955906890333, 2341354.073517410550267 ], [ 3294914.85028507374227, 2341353.569060537498444 ], [ 3294924.739926528185606, 2341353.187067885417491 ] ] ], [ [ [ 3295240.673402222339064, 2341992.952088884543628 ], [ 3295238.519401877187192, 2341991.69540779478848 ], [ 3295236.273008213378489, 2341989.937349980697036 ], [ 3295233.559321913868189, 2341987.804449765011668 ], [ 3295235.982607286423445, 2341984.518353765364736 ], [ 3295237.898184440564364, 2341981.909750495105982 ], [ 3295244.491203018464148, 2341974.666421550791711 ], [ 3295247.845245120115578, 2341970.375054955482483 ], [ 3295252.838240036740899, 2341962.407229655887932 ], [ 3295254.029150976333767, 2341960.514109659474343 ], [ 3295259.203008885495365, 2341951.175063565373421 ], [ 3295262.602037634234875, 2341944.003901346120983 ], [ 3295265.067835986148566, 2341937.513704071752727 ], [ 3295247.449208782985806, 2341888.244538810569793 ], [ 3295236.54259943543002, 2341857.751323094125837 ], [ 3295211.099425071850419, 2341850.952167517039925 ], [ 3295189.310612550005317, 2341844.598986864555627 ], [ 3295185.69844255503267, 2341843.04963459726423 ], [ 3295185.424692695960402, 2341842.803272811695933 ], [ 3295184.023121600039303, 2341841.556914770044386 ], [ 3295182.838929122313857, 2341838.790866730269045 ], [ 3295182.667300748638809, 2341837.126181653235108 ], [ 3295183.369890059344471, 2341829.473246552981436 ], [ 3295193.762834153138101, 2341759.244930211920291 ], [ 3295195.003987771924585, 2341751.720957319252193 ], [ 3295195.698053542524576, 2341747.479289694689214 ], [ 3295196.135290906764567, 2341744.764218351338059 ], [ 3295196.925172228831798, 2341742.28169453702867 ], [ 3295197.59417930804193, 2341740.175520059652627 ], [ 3295199.583200086839497, 2341737.767174371052533 ], [ 3295202.15263544768095, 2341736.485120562836528 ], [ 3295205.282058278098702, 2341735.957455052062869 ], [ 3295211.900817849673331, 2341736.168507101945579 ], [ 3295225.553880701772869, 2341737.948736156802624 ], [ 3295231.124148491770029, 2341738.942119464278221 ], [ 3295246.936674008145928, 2341741.764968154020607 ], [ 3295261.049431431572884, 2341744.98692915122956 ], [ 3295267.31027139024809, 2341746.417543015442789 ], [ 3295286.716431141830981, 2341749.006935637444258 ], [ 3295294.017614556476474, 2341750.28583351848647 ], [ 3295302.000058708712459, 2341752.43995944596827 ], [ 3295306.385295146144927, 2341753.630697487853467 ], [ 3295310.974486360792071, 2341755.384462221525609 ], [ 3295317.543153427075595, 2341757.887620659545064 ], [ 3295316.668042446020991, 2341765.540305144153535 ], [ 3295315.676854184363037, 2341774.278866970911622 ], [ 3295314.658028682693839, 2341780.931757536716759 ], [ 3295313.553930785041302, 2341788.178022148087621 ], [ 3295312.623335069045424, 2341792.40021364018321 ], [ 3295311.546525147743523, 2341797.277190376073122 ], [ 3295309.386842121370137, 2341802.232147765811533 ], [ 3295307.327628958038986, 2341804.459966549184173 ], [ 3295305.275861609727144, 2341805.681818272918463 ], [ 3295303.152892229612917, 2341806.469620405696332 ], [ 3295299.487391468137503, 2341807.192630300298333 ], [ 3295296.539326816797256, 2341807.465278417803347 ], [ 3295290.845288103446364, 2341808.005633594468236 ], [ 3295287.379955071490258, 2341808.835668803658336 ], [ 3295285.902704432141036, 2341809.601739996112883 ], [ 3295284.622841941658407, 2341810.272360034752637 ], [ 3295282.652690629009157, 2341812.362808278761804 ], [ 3295281.500305674504489, 2341814.614509941544384 ], [ 3295280.672692154534161, 2341817.732823271304369 ], [ 3295280.007627724204212, 2341820.234083584044129 ], [ 3295278.900699809193611, 2341827.957810691092163 ], [ 3295277.643613764550537, 2341841.197964505292475 ], [ 3295277.260824184864759, 2341851.047780061140656 ], [ 3295354.221890557557344, 2341875.78978611016646 ], [ 3295362.397689623758197, 2341876.83435695618391 ], [ 3295348.546179530210793, 2341915.650896398350596 ], [ 3295349.314979948569089, 2341916.997906042728573 ], [ 3295350.142646502237767, 2341918.456385759171098 ], [ 3295350.838968808297068, 2341920.536602954845876 ], [ 3295351.151024835184216, 2341923.861287046223879 ], [ 3295350.539253394119442, 2341928.047953027766198 ], [ 3295344.747127417474985, 2341948.769806982949376 ], [ 3295343.893973054829985, 2341952.907407130114734 ], [ 3295342.70494912751019, 2341958.646333268843591 ], [ 3295342.334470109082758, 2341962.263048238586634 ], [ 3295342.177882825024426, 2341963.782241235487163 ], [ 3295342.187767615541816, 2341967.058355417568237 ], [ 3295342.755719996988773, 2341971.200824366882443 ], [ 3295343.146842111367732, 2341972.471891853027046 ], [ 3295343.593441724777222, 2341973.895615295507014 ], [ 3295344.378121613524854, 2341975.463103582151234 ], [ 3295344.798276422079653, 2341976.292717991396785 ], [ 3295346.699147471226752, 2341978.912981350906193 ], [ 3295351.438880145084113, 2341982.883120489772409 ], [ 3295360.823036923538893, 2341988.201574737671763 ], [ 3295366.75048528984189, 2341991.557821137364954 ], [ 3295375.482395903673023, 2341997.538483580574393 ], [ 3295382.274028339888901, 2342002.204743220470846 ], [ 3295382.659991813823581, 2342003.568047234788537 ], [ 3295382.967822096776217, 2342004.640588507056236 ], [ 3295383.150077056605369, 2342005.99896923918277 ], [ 3295383.52399227488786, 2342008.896750173531473 ], [ 3295396.748298778664321, 2342010.660732659511268 ], [ 3295411.736494436860085, 2342012.663861624896526 ], [ 3295412.718537991866469, 2342010.85805881023407 ], [ 3295416.164895972236991, 2342004.47017482900992 ], [ 3295415.897394363302737, 2341994.490667316131294 ], [ 3295415.747289572842419, 2341988.813705042935908 ], [ 3295412.966181830503047, 2341981.446025540586561 ], [ 3295410.992962826043367, 2341976.220213804859668 ], [ 3295408.128643033094704, 2341971.251913791522384 ], [ 3295405.375582973938435, 2341966.467094938736409 ], [ 3295403.811305062845349, 2341960.641976305749267 ], [ 3295401.923015956301242, 2341953.645669024437666 ], [ 3295401.093685883563012, 2341940.364919642452151 ], [ 3295404.169625481590629, 2341926.400366103742272 ], [ 3295411.803141491487622, 2341915.666595483198762 ], [ 3295420.079103611409664, 2341908.849139235913754 ], [ 3295431.816402668133378, 2341901.486502860207111 ], [ 3295439.235546098090708, 2341881.220607711933553 ], [ 3295441.479300280101597, 2341874.180719878524542 ], [ 3295441.618431941140443, 2341873.730137680657208 ], [ 3295442.498800754547119, 2341869.882075377739966 ], [ 3295443.641708182636648, 2341864.851455225143582 ], [ 3295444.129420181270689, 2341857.063642966561019 ], [ 3295444.697457537986338, 2341848.033845422789454 ], [ 3295445.346972815226763, 2341843.21139512071386 ], [ 3295445.754659340716898, 2341841.800460311584175 ], [ 3295446.634820048231632, 2341838.693247765302658 ], [ 3295448.101986354682595, 2341835.391919767018408 ], [ 3295449.207292159087956, 2341832.915060481056571 ], [ 3295459.800746612250805, 2341812.580485478509218 ], [ 3295468.318871327210218, 2341793.695147475227714 ], [ 3295471.554776176810265, 2341787.384728838223964 ], [ 3295475.954552110750228, 2341778.830754246562719 ], [ 3295477.126420129090548, 2341776.017503741197288 ], [ 3295478.336269830819219, 2341773.126566257793456 ], [ 3295479.705247319303453, 2341768.360812345985323 ], [ 3295487.576666815206409, 2341734.153470636811107 ], [ 3295489.595389052759856, 2341723.824425500817597 ], [ 3295490.520007859915495, 2341717.401155567262322 ], [ 3295491.202206352725625, 2341712.654175594449043 ], [ 3295501.294149002525955, 2341698.415126948617399 ], [ 3295503.319807715713978, 2341684.664966168813407 ], [ 3295504.88743204344064, 2341674.059729378670454 ], [ 3295506.466872546356171, 2341654.806254358962178 ], [ 3295504.046056663617492, 2341640.048586579039693 ], [ 3295505.635371923912317, 2341620.793388431891799 ], [ 3295502.206640648655593, 2341612.260461386293173 ], [ 3295499.223645410500467, 2341604.83681498747319 ], [ 3295494.708709765225649, 2341599.020948609337211 ], [ 3295490.796443770173937, 2341593.972294037695974 ], [ 3295477.179405163042247, 2341574.538171856664121 ], [ 3295467.503897352144122, 2341573.380680766887963 ], [ 3295456.722328409086913, 2341582.859234371222556 ], [ 3295450.425688870251179, 2341593.084867813624442 ], [ 3295421.648045276291668, 2341580.120967166498303 ], [ 3295416.518915355671197, 2341561.098356013651937 ], [ 3295406.954141131136566, 2341525.610808447934687 ], [ 3295415.114245602861047, 2341516.540514427702874 ], [ 3295415.911650002468377, 2341515.649935499764979 ], [ 3295419.292337151244283, 2341511.891795644070953 ], [ 3295433.38020771369338, 2341496.222443785052747 ], [ 3295441.154792916961014, 2341487.584991964045912 ], [ 3295450.264056783635169, 2341468.220739333890378 ], [ 3295453.139667210169137, 2341462.125650696456432 ], [ 3295457.029465961270034, 2341453.863963222131133 ], [ 3295459.573102154303342, 2341448.46633115131408 ], [ 3295465.246747809462249, 2341436.421667057555169 ], [ 3295476.985504125244915, 2341411.502699787262827 ], [ 3295470.956360537093133, 2341391.074895793572068 ], [ 3295473.537858032621443, 2341386.95944423507899 ], [ 3295487.971200998406857, 2341363.933194770477712 ], [ 3295487.036115607246757, 2341360.768355508334935 ], [ 3295484.543685163836926, 2341352.315055725164711 ], [ 3295481.942075666971505, 2341343.50539433863014 ], [ 3295477.365001267753541, 2341342.815035671461374 ], [ 3295456.583372980356216, 2341339.695114883128554 ], [ 3295450.250651355367154, 2341338.754013935104012 ], [ 3295448.918756516184658, 2341338.550851198844612 ], [ 3295423.927733688615263, 2341361.040883525274694 ], [ 3295414.052859816234559, 2341369.924290385097265 ], [ 3295410.10255687404424, 2341373.487864091061056 ], [ 3295404.471066319849342, 2341378.553423102945089 ], [ 3295369.905040838290006, 2341367.719312286935747 ], [ 3295360.075492961797863, 2341331.730168296955526 ], [ 3295359.298823826014996, 2341294.277710866648704 ], [ 3295340.605364119168371, 2341303.578763433732092 ], [ 3295340.230435247067362, 2341297.829567350912839 ], [ 3295339.997466336004436, 2341294.430163328070194 ], [ 3295344.537621048279107, 2341244.427239183336496 ], [ 3295344.266037828288972, 2341244.627012444194406 ], [ 3295339.005872553214431, 2341252.945969744585454 ], [ 3295336.249631305225194, 2341257.294981639832258 ], [ 3295333.094981222879142, 2341261.317978118546307 ], [ 3295329.663806644733995, 2341264.892137428279966 ], [ 3295326.805842673406005, 2341263.302046212833375 ], [ 3295322.875869029667228, 2341262.041729899588972 ], [ 3295316.969680299982429, 2341261.350693775340915 ], [ 3295313.220325014553964, 2341261.438890079036355 ], [ 3295305.722402055282146, 2341262.609656217042357 ], [ 3295283.685867029707879, 2341268.538327492307872 ], [ 3295278.103677291423082, 2341269.0184814655222 ], [ 3295275.239110536873341, 2341268.748797486536205 ], [ 3295268.954784504137933, 2341268.164568040985614 ], [ 3295267.750176209025085, 2341268.304451814852655 ], [ 3295267.271954, 2341268.357741680927575 ], [ 3295264.878853515256196, 2341269.416089056991041 ], [ 3295263.125176443718374, 2341271.651282222010195 ], [ 3295262.627647119574249, 2341273.504161613062024 ], [ 3295262.431963494047523, 2341274.228493733331561 ], [ 3295262.119383366778493, 2341278.322157995309681 ], [ 3295261.971249457448721, 2341292.81924907816574 ], [ 3295261.47906257212162, 2341300.394707858562469 ], [ 3295260.112410634290427, 2341308.143577802460641 ], [ 3295259.514646357856691, 2341310.003860545810312 ], [ 3295258.998006836045533, 2341311.616533036809415 ], [ 3295257.739588769152761, 2341314.211525799240917 ], [ 3295255.436276383697987, 2341316.806809242814779 ], [ 3295252.535917554982007, 2341318.359900135546923 ], [ 3295248.713925277348608, 2341319.24222255172208 ], [ 3295246.18536174017936, 2341319.289187178947031 ], [ 3295241.977663809433579, 2341319.366310602054 ], [ 3295231.482164436019957, 2341318.281378783751279 ], [ 3295231.096394095569849, 2341318.156111971475184 ], [ 3295230.245628932490945, 2341316.742273013107479 ], [ 3295229.240134033374488, 2341314.1377570675686 ], [ 3295228.76225871546194, 2341312.090334332082421 ], [ 3295225.67579458700493, 2341298.778633360285312 ], [ 3295224.585698282346129, 2341295.84389633545652 ], [ 3295222.860444100573659, 2341293.304518837481737 ], [ 3295221.571451976429671, 2341292.373334740288556 ], [ 3295220.377777030225843, 2341292.085086105857044 ], [ 3295218.837626085616648, 2341291.725578889250755 ], [ 3295216.821112502366304, 2341291.987328862771392 ], [ 3295215.470195581205189, 2341292.162980061024427 ], [ 3295212.674533187877387, 2341293.241077018901706 ], [ 3295209.127383459825069, 2341295.242306592408568 ], [ 3295204.201220514252782, 2341298.794098337180912 ], [ 3295198.111539893317968, 2341303.787684024311602 ], [ 3295194.464025791268796, 2341307.156183341983706 ], [ 3295192.152317960746586, 2341309.823976753279567 ], [ 3295189.00787014933303, 2341315.022379409056157 ], [ 3295185.36526039801538, 2341321.01837491709739 ], [ 3295181.938121948391199, 2341325.606651679612696 ], [ 3295178.63463920680806, 2341330.021056087687612 ], [ 3295169.498206720221788, 2341343.839110986329615 ], [ 3295162.256662690080702, 2341354.798507230356336 ], [ 3295158.455442470498383, 2341361.806645599193871 ], [ 3295157.495839873328805, 2341365.790350909810513 ], [ 3295156.379467327147722, 2341366.777375775389373 ], [ 3295155.564415244851261, 2341367.498530370183289 ], [ 3295151.589965283405036, 2341372.832123575732112 ], [ 3295139.912849678657949, 2341392.189404119737446 ], [ 3295136.302409999072552, 2341395.845716517418623 ], [ 3295134.331755789462477, 2341396.819955997634679 ], [ 3295131.874178097583354, 2341398.041824468411505 ], [ 3295129.995274035260081, 2341398.462149905506521 ], [ 3295131.152628647629172, 2341404.713687266223133 ], [ 3295131.771836711093783, 2341408.055617264937609 ], [ 3295137.990875752642751, 2341433.35172318154946 ], [ 3295138.619495402090251, 2341448.007134309969842 ], [ 3295139.099496425595134, 2341459.035254458896816 ], [ 3295133.144787880592048, 2341465.902924725785851 ], [ 3295131.704687296412885, 2341467.575818499550223 ], [ 3295132.290700057055801, 2341478.260639195330441 ], [ 3295132.746377340052277, 2341486.54288606531918 ], [ 3295160.390006544534117, 2341522.589222361333668 ], [ 3295155.749762896914035, 2341535.305448879487813 ], [ 3295163.83549034781754, 2341539.511696526315063 ], [ 3295174.306887919083238, 2341544.964506052434444 ], [ 3295176.409619078971446, 2341545.042837137822062 ], [ 3295176.889305580407381, 2341545.060325699392706 ], [ 3295177.484250003471971, 2341544.976447939872742 ], [ 3295177.697761931922287, 2341539.103903104551136 ], [ 3295179.036162498407066, 2341530.811957910656929 ], [ 3295184.351080250926316, 2341510.457859712652862 ], [ 3295185.119999122805893, 2341507.167164461687207 ], [ 3295189.916404807008803, 2341486.558827892877162 ], [ 3295191.719536282122135, 2341480.976241186726838 ], [ 3295194.029162555001676, 2341475.203487905208021 ], [ 3295203.559189120307565, 2341454.44623784488067 ], [ 3295204.499971203505993, 2341453.378329106140882 ], [ 3295210.361479580868036, 2341443.715968508739024 ], [ 3295211.330534903798252, 2341442.511184355709702 ], [ 3295214.003642714582384, 2341439.201665417291224 ], [ 3295216.272137998603284, 2341437.383725957944989 ], [ 3295219.718585132155567, 2341435.572640853002667 ], [ 3295220.910399118438363, 2341435.29292130516842 ], [ 3295222.250140310265124, 2341434.987300202716142 ], [ 3295224.566902204416692, 2341434.886085259728134 ], [ 3295230.208740296773612, 2341435.51176399923861 ], [ 3295234.590801540762186, 2341436.002842756453902 ], [ 3295241.924017395358533, 2341436.301923708524555 ], [ 3295259.646821626462042, 2341435.370416335295886 ], [ 3295263.811069608666003, 2341435.585044665262103 ], [ 3295265.917740229517221, 2341436.058466086164117 ], [ 3295268.082359065767378, 2341437.008849223610014 ], [ 3295271.328810737468302, 2341439.606611489318311 ], [ 3295275.0240154187195, 2341444.074231672100723 ], [ 3295284.757250093854964, 2341457.581964054144919 ], [ 3295286.946321745868772, 2341459.91835391195491 ], [ 3295290.53793782973662, 2341462.455679879989475 ], [ 3295295.604735826142132, 2341464.399820914957672 ], [ 3295301.753708536736667, 2341465.890627836342901 ], [ 3295326.700571550987661, 2341469.478643506765366 ], [ 3295338.669141239486635, 2341472.122159863822162 ], [ 3295376.894515570253134, 2341493.204398154746741 ], [ 3295359.432112884707749, 2341508.216418483760208 ], [ 3295353.368187826126814, 2341513.428749661426991 ], [ 3295349.279541411437094, 2341528.270790468435735 ], [ 3295348.321169714909047, 2341531.76717005809769 ], [ 3295352.871436256915331, 2341553.631122552789748 ], [ 3295360.99640983575955, 2341592.648619844578207 ], [ 3295361.653423297218978, 2341614.341833428479731 ], [ 3295362.313376924023032, 2341636.176609380636364 ], [ 3295329.474653907120228, 2341606.743098673876375 ], [ 3295327.299377581104636, 2341604.800067838281393 ], [ 3295306.548429898917675, 2341588.137295411434025 ], [ 3295297.364434283226728, 2341581.626906073652208 ], [ 3295291.985415847506374, 2341578.397887533064932 ], [ 3295288.711083456408232, 2341576.434188799932599 ], [ 3295288.361676415428519, 2341576.221370283514261 ], [ 3295280.197202610783279, 2341571.968010727781802 ], [ 3295270.269542336463928, 2341567.850863222032785 ], [ 3295257.189341488294303, 2341564.306014649569988 ], [ 3295246.838600866030902, 2341562.495532022789121 ], [ 3295240.476761267520487, 2341561.376893153879791 ], [ 3295238.561800533439964, 2341561.762938861735165 ], [ 3295237.600198370870203, 2341561.961757520679384 ], [ 3295233.957712549716234, 2341562.021106948144734 ], [ 3295229.807572975754738, 2341562.078012780752033 ], [ 3295231.275391879491508, 2341572.943319497164339 ], [ 3295231.155309794936329, 2341577.591879977844656 ], [ 3295230.855730939190835, 2341579.785585165955126 ], [ 3295230.623169635888189, 2341581.460150632075965 ], [ 3295230.015798981301486, 2341583.880267391446978 ], [ 3295229.376919568516314, 2341586.417530491948128 ], [ 3295228.507280176505446, 2341588.599423297680914 ], [ 3295227.832709015347064, 2341590.300643553957343 ], [ 3295226.261966191697866, 2341592.970630191266537 ], [ 3295223.812821009662002, 2341595.418943890370429 ], [ 3295221.037289752624929, 2341596.990781895816326 ], [ 3295215.784737000241876, 2341598.367160208988935 ], [ 3295206.912720648571849, 2341599.13923321897164 ], [ 3295192.340554553084075, 2341599.610439578071237 ], [ 3295185.723196737468243, 2341600.150097436271608 ], [ 3295179.655718530062586, 2341600.887767759617418 ], [ 3295175.580720664933324, 2341601.773814319167286 ], [ 3295172.064608903601766, 2341602.541704434901476 ], [ 3295166.623310649301857, 2341604.499134910758585 ], [ 3295161.614405678585172, 2341606.989740804303437 ], [ 3295160.416213510558009, 2341607.849022706504911 ], [ 3295158.345726279076189, 2341609.327856216114014 ], [ 3295155.835429342463613, 2341612.578434865921736 ], [ 3295155.191453161183745, 2341614.528002955485135 ], [ 3295154.8735868986696, 2341615.496991234365851 ], [ 3295154.59230072516948, 2341618.915417307522148 ], [ 3295154.967936249449849, 2341620.463193346746266 ], [ 3295155.416696059517562, 2341622.333053042646497 ], [ 3295156.868062222842127, 2341624.686983898747712 ], [ 3295161.743550962302834, 2341629.546674084849656 ], [ 3295173.259697898291051, 2341638.337939858436584 ], [ 3295180.07429928984493, 2341644.319421171676368 ], [ 3295185.42187512293458, 2341650.263483080547303 ], [ 3295185.621737154200673, 2341650.492338251322508 ], [ 3295187.301086066756397, 2341652.999164002016187 ], [ 3295188.719876741990447, 2341655.896649202797562 ], [ 3295189.624236149713397, 2341658.874062984716147 ], [ 3295190.083196859341115, 2341661.919317780993879 ], [ 3295190.044518610462546, 2341664.899487293791026 ], [ 3295189.350412749685347, 2341667.842200278304517 ], [ 3295187.571815127972513, 2341670.853030112572014 ], [ 3295185.453731991350651, 2341672.969381257891655 ], [ 3295182.694937691092491, 2341675.076143591664732 ], [ 3295179.017378891818225, 2341677.333633556030691 ], [ 3295177.336723041720688, 2341677.972952052019536 ], [ 3295174.958811539690942, 2341678.876433627214283 ], [ 3295171.8909393963404, 2341679.09902632329613 ], [ 3295169.434252706356347, 2341678.656454234384 ], [ 3295165.113866428378969, 2341676.500444917473942 ], [ 3295156.212528876960278, 2341669.301246408838779 ], [ 3295148.481846948154271, 2341663.053951760753989 ], [ 3295145.599113817326725, 2341660.199692779220641 ], [ 3295137.073806181084365, 2341651.76761965546757 ], [ 3295134.716619932558388, 2341649.643334908410907 ], [ 3295132.777415713761002, 2341647.902526590973139 ], [ 3295128.189814042765647, 2341644.85968170594424 ], [ 3295116.067004057113081, 2341638.863899317104369 ], [ 3295108.79482773784548, 2341635.844608950428665 ], [ 3295107.5930624618195, 2341635.50704061659053 ], [ 3295105.933257945813239, 2341635.036564867012203 ], [ 3295102.522054226603359, 2341634.588613264728338 ], [ 3295099.605345783755183, 2341634.805035948753357 ], [ 3295097.211557433009148, 2341635.488041448872536 ], [ 3295095.186136989854276, 2341636.684988209046423 ], [ 3295094.057681675069034, 2341637.907541714143008 ], [ 3295093.126402394846082, 2341639.775493463501334 ], [ 3295092.828353427816182, 2341641.360047971364111 ], [ 3295092.846551596652716, 2341641.9657485447824 ], [ 3295092.894673314876854, 2341643.743391210213304 ], [ 3295093.158043358009309, 2341644.854160334449261 ], [ 3295093.465257591102272, 2341646.170362793840468 ], [ 3295093.95514371432364, 2341647.363246152177453 ], [ 3295094.343785704579204, 2341648.310006380546838 ], [ 3295096.321004584431648, 2341651.272079940885305 ], [ 3295098.065844829659909, 2341653.868918541818857 ], [ 3295108.51591967837885, 2341665.870985915884376 ], [ 3295112.506324260495603, 2341671.21039308886975 ], [ 3295117.227517970371991, 2341679.953384172171354 ], [ 3295120.136490997392684, 2341687.420442385599017 ], [ 3295120.585253334138542, 2341689.290302726905793 ], [ 3295120.832442034967244, 2341690.302424244582653 ], [ 3295121.434910057112575, 2341695.088325540535152 ], [ 3295121.347383294254541, 2341697.894384776242077 ], [ 3295121.275945439469069, 2341700.18007272016257 ], [ 3295121.087750088423491, 2341701.197393677197397 ], [ 3295120.894547631498426, 2341702.24603576771915 ], [ 3295120.065980723593384, 2341704.430891162250191 ], [ 3295119.940251597203314, 2341704.777646366506815 ], [ 3295118.832529878243804, 2341706.250273055396974 ], [ 3295117.849986396264285, 2341706.93987180152908 ], [ 3295116.646942320279777, 2341707.769561716821045 ], [ 3295115.137327111791819, 2341708.338340874761343 ], [ 3295111.925774686969817, 2341708.860095360316336 ], [ 3295108.463186939246953, 2341708.593660591635853 ], [ 3295106.417611996643245, 2341707.997920065186918 ], [ 3295102.283743959851563, 2341705.494663179386407 ], [ 3295099.943500745575875, 2341703.16444999538362 ], [ 3295096.720118856988847, 2341699.22310237120837 ], [ 3295086.170953327324241, 2341684.143208738416433 ], [ 3295084.98032899107784, 2341682.636656225193292 ], [ 3295083.583369689527899, 2341680.861789629328996 ], [ 3295079.546925710048527, 2341676.849700480699539 ], [ 3295075.560680607333779, 2341674.442373041063547 ], [ 3295074.144031942356378, 2341673.9699138822034 ], [ 3295072.085511626210064, 2341673.295255764387548 ], [ 3295068.932333376258612, 2341672.812274209223688 ], [ 3295067.528172978200018, 2341672.601479646749794 ], [ 3295060.885084360837936, 2341672.922402448020875 ], [ 3295056.507062838412821, 2341673.445447537116706 ], [ 3295046.117505834903568, 2341674.676089358516037 ], [ 3295037.564985578414053, 2341674.489066157024354 ], [ 3295032.304529797751456, 2341673.776336218696088 ], [ 3295027.966531846206635, 2341672.749860127922148 ], [ 3295023.892785494215786, 2341671.169706854037941 ], [ 3295023.008673276752234, 2341670.604000200517476 ], [ 3295020.799201862886548, 2341669.194665967486799 ], [ 3295018.912542762234807, 2341667.46495523955673 ], [ 3295017.529080332256854, 2341666.205280426889658 ], [ 3295013.739486890379339, 2341662.028191985562444 ], [ 3295011.473496613558382, 2341658.91372124152258 ], [ 3295010.670566195622087, 2341657.42046819627285 ], [ 3295009.558590949513018, 2341655.341997797600925 ], [ 3295008.188921690918505, 2341651.197840175591409 ], [ 3295008.023711474146694, 2341650.252548862248659 ], [ 3295007.044083020184189, 2341644.528023535851389 ], [ 3295006.02988123614341, 2341633.58326817676425 ], [ 3295005.940865612588823, 2341626.485020133201033 ], [ 3295002.543796218931675, 2341624.329713851213455 ], [ 3294997.131746442057192, 2341621.827015335205942 ], [ 3294994.979463709052652, 2341621.199221320450306 ], [ 3294990.84905462898314, 2341621.252690627239645 ], [ 3294980.160932303406298, 2341624.930576820857823 ], [ 3294979.767926723696291, 2341625.07043011393398 ], [ 3294966.46488290047273, 2341631.793972403742373 ], [ 3294961.938969627022743, 2341633.641879779752344 ], [ 3294956.75485066184774, 2341635.249857216142118 ], [ 3294950.029820588883013, 2341636.802914085797966 ], [ 3294944.951202477794141, 2341654.020539658144116 ], [ 3294937.307016040198505, 2341675.574145951773971 ], [ 3294929.797775686718524, 2341700.980717968195677 ], [ 3294926.475944734644145, 2341708.808155176695436 ], [ 3294923.106751632411033, 2341714.553370431996882 ], [ 3294919.897292752284557, 2341718.180099702905864 ], [ 3294913.169388654641807, 2341724.168406552635133 ], [ 3294905.412777937017381, 2341730.25566180748865 ], [ 3294904.020744867622852, 2341731.108302481006831 ], [ 3294901.244922373909503, 2341732.801992349326611 ], [ 3294899.287684576120228, 2341733.672418417409062 ], [ 3294898.248200675938278, 2341734.138585560489446 ], [ 3294897.204166833776981, 2341734.4533273242414 ], [ 3294894.372925453353673, 2341735.314426090568304 ], [ 3294884.350743586197495, 2341736.805513842962682 ], [ 3294881.300373757258058, 2341737.258465707302094 ], [ 3294878.377445145510137, 2341737.993546349927783 ], [ 3294876.959825554396957, 2341738.566520287655294 ], [ 3294873.716712888795882, 2341739.885370778851211 ], [ 3294871.791383334901184, 2341741.135840229690075 ], [ 3294869.069915050175041, 2341744.088532667141408 ], [ 3294867.506823488976806, 2341746.990608843509108 ], [ 3294866.757461400236934, 2341749.039826081134379 ], [ 3294866.231436349451542, 2341750.471491422038525 ], [ 3294863.579950156621635, 2341759.602299459278584 ], [ 3294861.954642618540674, 2341763.733048489317298 ], [ 3294863.970363277941942, 2341765.754749537911266 ], [ 3294865.350343419238925, 2341766.436587758362293 ], [ 3294865.813084642868489, 2341766.660003289580345 ], [ 3294867.0594551875256, 2341766.898422662168741 ], [ 3294869.483525927644223, 2341766.585582491010427 ], [ 3294874.907820038963109, 2341763.535089256707579 ], [ 3294884.886367107275873, 2341755.840973652899265 ], [ 3294888.089727635029703, 2341754.650861852336675 ], [ 3294890.767824848648161, 2341754.58783752610907 ], [ 3294892.606453289743513, 2341755.158919924870133 ], [ 3294895.011085459962487, 2341756.706595159135759 ], [ 3294897.743667983449996, 2341759.820547491777688 ], [ 3294899.823755921330303, 2341763.03860719781369 ], [ 3294900.943217228166759, 2341765.41006365744397 ], [ 3294901.702380890958011, 2341769.295794893056154 ], [ 3294898.211352167651057, 2341776.46279527945444 ], [ 3294896.705452471971512, 2341780.146411982364953 ], [ 3294893.245667311828583, 2341788.617053845897317 ], [ 3294891.168548014014959, 2341792.096250901930034 ], [ 3294888.748399537988007, 2341794.783070357516408 ], [ 3294885.901472934056073, 2341796.66173268482089 ], [ 3294882.657905601896346, 2341798.163330990821123 ], [ 3294871.235093429218978, 2341801.320426705759019 ], [ 3294869.004356010816991, 2341802.502598932012916 ], [ 3294867.968662112951279, 2341803.424770605284721 ], [ 3294867.642614925280213, 2341803.725419197697192 ], [ 3294866.244606546591967, 2341805.654812528286129 ], [ 3294865.342465906403959, 2341807.700339247472584 ], [ 3294860.454050450120121, 2341821.809819073881954 ], [ 3294858.379657935816795, 2341826.171431433409452 ], [ 3294856.955149701796472, 2341828.186651251278818 ], [ 3294856.072807304095477, 2341827.569895931519568 ], [ 3294855.278211466502398, 2341826.684071763884276 ], [ 3294853.938039002940059, 2341825.193559327628464 ], [ 3294849.257258272729814, 2341818.676082360558212 ], [ 3294848.844434779603034, 2341818.200370407663286 ], [ 3294846.60503302142024, 2341815.619096659123898 ], [ 3294845.832636057864875, 2341815.054126264993101 ], [ 3294843.784340102691203, 2341813.575981701724231 ], [ 3294841.680510295089334, 2341812.625117330811918 ], [ 3294838.678943039383739, 2341780.412776384968311 ], [ 3294829.856388617306948, 2341743.019218281377107 ], [ 3294821.901382740586996, 2341710.852271926123649 ], [ 3294812.634779900778085, 2341678.915000507608056 ], [ 3294803.910439235158265, 2341655.478257105220109 ], [ 3294803.445481951348484, 2341650.231899656355381 ], [ 3294800.230535168200731, 2341638.982420651242137 ], [ 3294799.107127823401242, 2341632.938029814511538 ], [ 3294799.105991163291037, 2341630.766526843886822 ], [ 3294799.440095846541226, 2341629.216246468015015 ], [ 3294799.724281859584153, 2341627.918262544088066 ], [ 3294796.421715212985873, 2341627.390415049623698 ], [ 3294793.558167135342956, 2341627.374284952878952 ], [ 3294775.1732276706025, 2341628.35086643602699 ], [ 3294762.82298832712695, 2341627.89525515306741 ], [ 3294755.052854442037642, 2341626.91163781657815 ], [ 3294732.605552756227553, 2341622.41936020553112 ], [ 3294708.568163658026606, 2341619.798784916289151 ], [ 3294704.628734866622835, 2341619.037424352951348 ], [ 3294702.345320294611156, 2341618.290527401492 ], [ 3294699.29036639817059, 2341617.293103505857289 ], [ 3294696.884518307633698, 2341616.232756935991347 ], [ 3294693.198622783645988, 2341614.605001385323703 ], [ 3294674.970134069211781, 2341605.588734882418066 ], [ 3294662.007229565177113, 2341599.171831640414894 ], [ 3294647.905943769495934, 2341591.381307455245405 ], [ 3294642.6813681605272, 2341589.4648417821154 ], [ 3294640.424396665766835, 2341589.312056854367256 ], [ 3294639.050222752150148, 2341589.593279158230871 ], [ 3294637.549464157782495, 2341589.906815722119063 ], [ 3294635.858189254533499, 2341590.852454204112291 ], [ 3294634.530486304312944, 2341591.602502196095884 ], [ 3294633.124440290033817, 2341592.80263922829181 ], [ 3294629.850041385740042, 2341596.775645630899817 ], [ 3294628.655337428674102, 2341598.212775111664087 ], [ 3294624.965255914721638, 2341604.166424422990531 ], [ 3294622.551915511488914, 2341608.069838212337345 ], [ 3294621.490140463691205, 2341607.596134818624705 ], [ 3294620.485061733983457, 2341606.787762536667287 ], [ 3294619.458641274832189, 2341605.972979246173054 ], [ 3294612.970588567201048, 2341609.341690553352237 ], [ 3294609.585108968894929, 2341611.091409030370414 ], [ 3294604.319000775460154, 2341614.611481511965394 ], [ 3294598.705656165257096, 2341618.36487789824605 ], [ 3294588.458779548760504, 2341629.556398069951683 ], [ 3294577.569470662623644, 2341636.831600485835224 ], [ 3294567.33408139180392, 2341648.031265856698155 ], [ 3294565.344660620670766, 2341660.455945119261742 ], [ 3294565.514658824540675, 2341677.881014667451382 ], [ 3294566.121739741414785, 2341697.908664111047983 ], [ 3294564.938500735908747, 2341706.589579625520855 ], [ 3294563.688249222934246, 2341715.789638901129365 ], [ 3294562.369499271269888, 2341722.160207294393331 ], [ 3294559.943153222557157, 2341733.900294218212366 ], [ 3294559.211085887160152, 2341742.177466541994363 ], [ 3294558.215306726284325, 2341753.423491340130568 ], [ 3294554.259495621547103, 2341758.561098331585526 ], [ 3294547.669597479049116, 2341769.163014491088688 ], [ 3294546.004164531361312, 2341770.946432944387197 ], [ 3294543.078543644398451, 2341774.076972713693976 ], [ 3294539.839614555239677, 2341778.327935077715665 ], [ 3294530.614131723996252, 2341793.024426909163594 ], [ 3294513.474175199400634, 2341809.939000382553786 ], [ 3294513.020631943829358, 2341810.637460511177778 ], [ 3294512.595193415880203, 2341813.238856661133468 ], [ 3294512.680698192678392, 2341815.182482095435262 ], [ 3294512.753865560516715, 2341816.803526272531599 ], [ 3294514.160261650104076, 2341822.037264593876898 ], [ 3294518.424044248647988, 2341832.382580706384033 ], [ 3294518.861529398709536, 2341835.482351579703391 ], [ 3294518.612137177493423, 2341837.981882940046489 ], [ 3294517.641773583367467, 2341841.033889455720782 ], [ 3294515.500741082243621, 2341845.112898294813931 ], [ 3294503.034551464486867, 2341862.812465212773532 ], [ 3294500.1871696007438, 2341866.852796607650816 ], [ 3294495.81519321911037, 2341874.833748820703477 ], [ 3294494.248316785786301, 2341879.258738310076296 ], [ 3294493.618554706685245, 2341884.077776556834579 ], [ 3294494.275781570933759, 2341887.342032925225794 ], [ 3294494.899188110139221, 2341888.359314414206892 ], [ 3294495.574987799860537, 2341889.44860663311556 ], [ 3294496.301160600967705, 2341890.102853992953897 ], [ 3294497.958126286976039, 2341891.050774949137121 ], [ 3294499.911704171914607, 2341891.642309432849288 ], [ 3294502.035462126601487, 2341891.848856570199132 ], [ 3294505.438714211806655, 2341892.186533197760582 ], [ 3294513.790327995549887, 2341891.891092395875603 ], [ 3294526.486110464204103, 2341890.804485887754709 ], [ 3294535.429982949048281, 2341890.841707658022642 ], [ 3294538.844107332639396, 2341891.431186781730503 ], [ 3294543.076798439957201, 2341893.176291693933308 ], [ 3294546.359472326003015, 2341895.747389135882258 ], [ 3294548.999363429844379, 2341898.481787260621786 ], [ 3294552.558513269759715, 2341902.181659555062652 ], [ 3294559.216244645416737, 2341909.804130578879267 ], [ 3294571.271081017330289, 2341924.600045814178884 ], [ 3294579.693087978754193, 2341934.937729474157095 ], [ 3294585.62794039119035, 2341941.245745621155947 ], [ 3294592.437956944108009, 2341947.755696143954992 ], [ 3294598.033220848534256, 2341952.550210796762258 ], [ 3294604.725255692843348, 2341958.279115699231625 ], [ 3294614.729454725980759, 2341965.954917274881154 ], [ 3294626.318818472325802, 2341972.40935677010566 ], [ 3294634.5797377564013, 2341976.199230525642633 ], [ 3294639.407827842980623, 2341977.677706793881953 ], [ 3294640.864529659971595, 2341977.899585152510554 ], [ 3294643.600574171170592, 2341978.313510593492538 ], [ 3294647.664715831167996, 2341978.474573946557939 ], [ 3294653.892573370598257, 2341977.972595950588584 ], [ 3294682.131112684961408, 2341973.240810170769691 ], [ 3294699.70998030109331, 2341970.690258445683867 ], [ 3294706.528892256785184, 2341969.029375907033682 ], [ 3294715.783001631498337, 2341965.886654782574624 ], [ 3294716.398382398299873, 2341964.195779619272798 ], [ 3294717.351190934423357, 2341961.593370576854795 ], [ 3294717.617512070573866, 2341960.866807168815285 ], [ 3294717.943416267167777, 2341958.648176589049399 ], [ 3294718.172419229056686, 2341957.075701334048063 ], [ 3294717.832189416978508, 2341952.528007901273668 ], [ 3294717.345663413405418, 2341946.037186864763498 ], [ 3294714.907114119268954, 2341932.408982216380537 ], [ 3294714.799808804411441, 2341930.641694077756256 ], [ 3294714.68325014738366, 2341928.632470173295587 ], [ 3294715.09230815898627, 2341924.694386184215546 ], [ 3294717.377147364895791, 2341924.213101842440665 ], [ 3294718.52965686423704, 2341923.879359325859696 ], [ 3294719.438859419431537, 2341923.608518719673157 ], [ 3294729.974441036581993, 2341929.019573596306145 ], [ 3294731.506192654836923, 2341929.451572216115892 ], [ 3294734.760153455659747, 2341930.363403864204884 ], [ 3294739.661317186430097, 2341932.843909236602485 ], [ 3294742.060445801820606, 2341933.306688756681979 ], [ 3294743.170521357096732, 2341933.518230315297842 ], [ 3294745.167849430814385, 2341933.696183228865266 ], [ 3294750.313950648531318, 2341934.144756825175136 ], [ 3294757.17678613262251, 2341937.266127766110003 ], [ 3294762.40465922607109, 2341938.522384920623153 ], [ 3294763.340015826746821, 2341936.988592062145472 ], [ 3294765.509611195418984, 2341934.62978210253641 ], [ 3294768.44134118873626, 2341932.340478719677776 ], [ 3294769.105922884773463, 2341932.000844457186759 ], [ 3294771.517554067540914, 2341930.746395260561258 ], [ 3294773.878659813199192, 2341929.987905764952302 ], [ 3294775.256523625925183, 2341929.54366557393223 ], [ 3294776.914914785418659, 2341929.263413998298347 ], [ 3294779.875056123826653, 2341928.755213970318437 ], [ 3294784.529896426945925, 2341928.559146809391677 ], [ 3294788.660999664571136, 2341928.881014148239046 ], [ 3294808.573539788834751, 2341931.96001419890672 ], [ 3294814.910729462280869, 2341933.732396037317812 ], [ 3294823.966000707820058, 2341937.850008903536946 ], [ 3294836.016206851229072, 2341926.210790882818401 ], [ 3294864.514959093183279, 2341911.376717869192362 ], [ 3294889.598959702532738, 2341892.918980473186821 ], [ 3294901.679628010839224, 2341869.096671734005213 ], [ 3294904.479750374797732, 2341863.593164820224047 ], [ 3294924.140925239305943, 2341829.208664140664041 ], [ 3294939.011903176084161, 2341799.884606253821403 ], [ 3294940.321347526274621, 2341799.208797390107065 ], [ 3294945.480440582148731, 2341795.778525965288281 ], [ 3294954.290577410720289, 2341790.176570188719779 ], [ 3294986.618153110612184, 2341790.148081617429852 ], [ 3295011.870425330009311, 2341798.381034074351192 ], [ 3295040.97585167363286, 2341812.971952436957508 ], [ 3295060.713838407769799, 2341831.993886810727417 ], [ 3295062.920439126435667, 2341843.095195369794965 ], [ 3295064.809026936069131, 2341849.969675337895751 ], [ 3295067.41834282130003, 2341855.73358410783112 ], [ 3295068.976027207449079, 2341857.622381767258048 ], [ 3295070.55688073579222, 2341858.7866045916453 ], [ 3295072.45422451896593, 2341859.530075923539698 ], [ 3295075.438894729595631, 2341859.727967930026352 ], [ 3295076.872087639756501, 2341859.497307344339788 ], [ 3295077.988085723947734, 2341859.312040517572314 ], [ 3295087.730865702498704, 2341856.550642197951674 ], [ 3295090.031437624711543, 2341856.350767704192549 ], [ 3295092.939993628766388, 2341856.764951174147427 ], [ 3295097.026936656795442, 2341858.982126793358475 ], [ 3295100.90489839296788, 2341862.646486818790436 ], [ 3295105.753198046702892, 2341867.216640527360141 ], [ 3295108.222563468851149, 2341869.158911574166268 ], [ 3295112.697752542328089, 2341871.82565979892388 ], [ 3295114.868085262365639, 2341873.12007104139775 ], [ 3295121.581535020843148, 2341876.196596862748265 ], [ 3295127.306998644489795, 2341878.197901390492916 ], [ 3295150.829611689317971, 2341883.679171136580408 ], [ 3295152.67911328189075, 2341884.50205852650106 ], [ 3295154.591269845142961, 2341885.892418604809791 ], [ 3295156.476507449522614, 2341888.850305030122399 ], [ 3295157.146006650291383, 2341893.117068532854319 ], [ 3295156.608372404240072, 2341897.879351731389761 ], [ 3295156.521025915630162, 2341898.64560833061114 ], [ 3295154.520139900036156, 2341905.805367355234921 ], [ 3295153.751818290911615, 2341907.553456004243344 ], [ 3295151.724353577941656, 2341912.201131911948323 ], [ 3295146.020892289932817, 2341921.774999087676406 ], [ 3295128.031015384942293, 2341949.402394132688642 ], [ 3295123.728156983386725, 2341956.011317205615342 ], [ 3295120.217781698331237, 2341962.379993381910026 ], [ 3295117.007243411615491, 2341970.39090809551999 ], [ 3295111.562125724274665, 2341979.807921833358705 ], [ 3295109.255456048063934, 2341984.423309360165149 ], [ 3295107.157515605911613, 2341987.033407438546419 ], [ 3295103.937810690142214, 2341990.164671930950135 ], [ 3295096.291781652253121, 2341996.060041793156415 ], [ 3295098.653777875006199, 2341998.893853891640902 ], [ 3295099.944645472802222, 2342000.393002841621637 ], [ 3295105.068474854808301, 2342005.158465950284153 ], [ 3295107.843904758803546, 2342008.224328767508268 ], [ 3295117.91200928715989, 2342017.297290000598878 ], [ 3295284.67300077714026, 2342017.297290000598878 ], [ 3295286.091374055482447, 2342016.072935158386827 ], [ 3295287.869535586796701, 2342014.543800997547805 ], [ 3295291.294018406420946, 2342010.991063476540148 ], [ 3295291.805724172387272, 2342010.028723748400807 ], [ 3295292.465965169481933, 2342008.796820162795484 ], [ 3295293.370690256357193, 2342005.715739325620234 ], [ 3295293.651039661373943, 2342002.662802228704095 ], [ 3295292.787783880718052, 2341999.008408789057285 ], [ 3295291.876518435310572, 2341997.4732337417081 ], [ 3295289.76293360022828, 2341995.164216805715114 ], [ 3295288.660850157029927, 2341994.382971656974405 ], [ 3295287.383329657372087, 2341993.459927416406572 ], [ 3295279.844928782433271, 2341989.807322339620441 ], [ 3295275.731824627611786, 2341988.853088644798845 ], [ 3295273.855059656780213, 2341988.420601981692016 ], [ 3295271.108384103514254, 2341988.312955896370113 ], [ 3295268.705500906798989, 2341988.693110790103674 ], [ 3295265.975657549221069, 2341989.73940499080345 ], [ 3295255.476536824833602, 2341995.37321714963764 ], [ 3295254.887915072031319, 2341995.557470737956464 ], [ 3295253.709053311496973, 2341995.916113150771707 ], [ 3295251.687847294379026, 2341996.087362798396498 ], [ 3295251.147220471408218, 2341996.131286665331572 ], [ 3295249.747153715696186, 2341996.254662803374231 ], [ 3295247.461201677564532, 2341995.863381806295365 ], [ 3295246.615468725096434, 2341995.717174987308681 ], [ 3295243.467200176790357, 2341994.583851021714509 ], [ 3295240.673402222339064, 2341992.952088884543628 ] ] ], [ [ [ 3296710.982937722932547, 2341966.701264476403594 ], [ 3296696.098177681677043, 2341960.752437809947878 ], [ 3296685.351188528351486, 2341958.381951925344765 ], [ 3296665.0132174519822, 2341953.885108733549714 ], [ 3296650.845018045045435, 2341949.150376792997122 ], [ 3296646.540879944339395, 2341947.711955816019326 ], [ 3296634.285853337496519, 2341947.898952271789312 ], [ 3296606.296618402004242, 2341992.001051315572113 ], [ 3296596.790733863599598, 2341991.321121972054243 ], [ 3296570.866842728108168, 2341989.446261605713516 ], [ 3296551.425580545794219, 2341986.395851562265307 ], [ 3296546.611411096993834, 2341988.527508683968335 ], [ 3296536.271015056408942, 2341998.963720339350402 ], [ 3296531.524812097661197, 2342001.509697678033262 ], [ 3296529.098611675202847, 2342000.696413335390389 ], [ 3296525.600460862740874, 2341999.532958901487291 ], [ 3296523.415892256423831, 2341999.326844516675919 ], [ 3296520.789463779889047, 2341999.0864621354267 ], [ 3296519.522537747398019, 2341999.835972186177969 ], [ 3296517.651810572948307, 2342000.924600059632212 ], [ 3296516.434167131781578, 2342003.644349400885403 ], [ 3296514.66230396553874, 2342005.273810612503439 ], [ 3296513.387837488669902, 2342006.410266582854092 ], [ 3296498.0650555617176, 2342017.297290000598878 ], [ 3296735.725090000312775, 2342017.297290000598878 ], [ 3296735.725090000312775, 2341969.249619969632477 ], [ 3296710.982937722932547, 2341966.701264476403594 ] ] ] ] } },
{ "type": "Feature", "properties": { "CODE_18": "311", "Uso": "Bosques de frondosas", "color": "#80FF00" }, "geometry": { "type": "MultiPolygon", "coordinates": [ [ [ [ 3292798.213033955078572, 2341977.987488517537713 ], [ 3292812.132814773358405, 2341972.860205027740449 ], [ 3292827.793057611677796, 2341970.117399434559047 ], [ 3292845.61276532523334, 2341972.374991485849023 ], [ 3292867.336056354921311, 2341973.938751731067896 ], [ 3292884.708526917733252, 2341981.632997357286513 ], [ 3292900.126915405038744, 2341985.640608170535415 ], [ 3292915.118058327119797, 2341987.043895334936678 ], [ 3292933.81064221682027, 2341986.459327921736985 ], [ 3292954.901316504459828, 2341984.105033688712865 ], [ 3292969.019593983888626, 2341988.35051232483238 ], [ 3292986.595833137631416, 2341997.348668974358588 ], [ 3293001.783847308717668, 2342008.11483203060925 ], [ 3293009.290743278805166, 2342017.297290000598878 ], [ 3293243.114358540158719, 2342017.297290000598878 ], [ 3293242.846517717000097, 2341999.567323074676096 ], [ 3293221.778612984344363, 2341981.529604435432702 ], [ 3293216.63462579715997, 2341928.096558046527207 ], [ 3293203.241458206903189, 2341890.6101676505059 ], [ 3293203.929129227530211, 2341850.647564542014152 ], [ 3293206.894150527194142, 2341835.636533890385181 ], [ 3293275.72567160287872, 2341808.227336782030761 ], [ 3293272.523617595434189, 2341808.250269779935479 ], [ 3293272.23955144546926, 2341808.188388682901859 ], [ 3293271.270783220417798, 2341807.972419463098049 ], [ 3293270.617284426465631, 2341807.823014832101762 ], [ 3293268.461072837002575, 2341806.800181114580482 ], [ 3293267.801404390018433, 2341806.489484640303999 ], [ 3293263.24988852487877, 2341793.586444546934217 ], [ 3293260.77725068340078, 2341788.346605082973838 ], [ 3293257.900133497081697, 2341783.238493878860027 ], [ 3293255.25119791040197, 2341779.521326720248908 ], [ 3293252.223979271482676, 2341775.971892978996038 ], [ 3293250.217818508390337, 2341774.070325434673578 ], [ 3293243.768256532028317, 2341767.964151388965547 ], [ 3293240.263583173509687, 2341764.163444087840617 ], [ 3293231.818039481528103, 2341750.095402069855481 ], [ 3293230.60460412921384, 2341748.511673073749989 ], [ 3293229.196313190273941, 2341746.667770272586495 ], [ 3293225.465278455987573, 2341742.724038460757583 ], [ 3293221.395962534006685, 2341739.377410159446299 ], [ 3293218.790771070867777, 2341737.225565097294748 ], [ 3293208.906526680570096, 2341730.218983076512814 ], [ 3293197.838229229208082, 2341722.364351411815733 ], [ 3293188.863636876456439, 2341714.904159075114876 ], [ 3293185.79778160341084, 2341712.356024670414627 ], [ 3293184.697324150241911, 2341711.584668096154928 ], [ 3293182.048691013362259, 2341709.724583784583956 ], [ 3293178.681623249780387, 2341708.061361005529761 ], [ 3293175.669219102244824, 2341707.137737629003823 ], [ 3293172.150178171228617, 2341706.465216981247067 ], [ 3293167.061970965005457, 2341705.874696638435125 ], [ 3293163.029820193070918, 2341705.413819695822895 ], [ 3293158.656256076879799, 2341704.170430026482791 ], [ 3293155.440098744817078, 2341701.94291979726404 ], [ 3293152.775843538809568, 2341698.441551910247654 ], [ 3293151.084504193160683, 2341694.810384499374777 ], [ 3293150.283793374430388, 2341693.08333550253883 ], [ 3293143.171674485318363, 2341674.651422462426126 ], [ 3293142.06677826307714, 2341670.389838001225144 ], [ 3293141.994820328429341, 2341668.281451537273824 ], [ 3293141.951938882470131, 2341667.030575882643461 ], [ 3293142.469963323324919, 2341664.189669487066567 ], [ 3293143.479908446781337, 2341661.069793045520782 ], [ 3293148.238475851714611, 2341649.570564924739301 ], [ 3293148.67249512206763, 2341648.134684478864074 ], [ 3293150.234702009242028, 2341642.939175590872765 ], [ 3293151.242187393829226, 2341635.53716156957671 ], [ 3293151.388624583370984, 2341628.204762080218643 ], [ 3293151.498137943912297, 2341622.502552510239184 ], [ 3293152.32198369409889, 2341618.248219749890268 ], [ 3293152.603018645662814, 2341617.549511509016156 ], [ 3293153.188352436292917, 2341616.046538054943085 ], [ 3293156.923339730128646, 2341616.427533125504851 ], [ 3293167.15918530896306, 2341616.1774129467085 ], [ 3293174.84698429889977, 2341615.236940785311162 ], [ 3293183.132956841494888, 2341614.2323017870076 ], [ 3293187.084803079720587, 2341613.956275030970573 ], [ 3293190.185461461544037, 2341613.748134919442236 ], [ 3293195.339063356630504, 2341613.809645911678672 ], [ 3293200.265489329118282, 2341614.712656435091048 ], [ 3293203.699209276586771, 2341616.658507735468447 ], [ 3293206.194854873698205, 2341619.255764870904386 ], [ 3293208.022991725243628, 2341622.051111922599375 ], [ 3293209.411296555772424, 2341625.319270988926291 ], [ 3293212.155237156897783, 2341631.780124672688544 ], [ 3293214.282613112591207, 2341634.482471775263548 ], [ 3293216.792170990258455, 2341636.11320763360709 ], [ 3293219.594395839609206, 2341636.992457342799753 ], [ 3293223.049868950154632, 2341637.463001343887299 ], [ 3293232.950215071439743, 2341638.012471292167902 ], [ 3293246.319893350824714, 2341638.745909471996129 ], [ 3293250.064743860159069, 2341639.12518204562366 ], [ 3293252.242652909830213, 2341639.35265222704038 ], [ 3293253.265736327506602, 2341639.528664901386946 ], [ 3293255.814392362255603, 2341639.975356189068407 ], [ 3293258.132385524921119, 2341640.685706144198775 ], [ 3293259.041831790935248, 2341640.972954937256873 ], [ 3293263.478153067175299, 2341643.402856171596795 ], [ 3293265.415582596790045, 2341645.19468186236918 ], [ 3293267.848411857150495, 2341649.264291185885668 ], [ 3293268.855447740294039, 2341653.23856404889375 ], [ 3293269.509932439308614, 2341659.578235904220492 ], [ 3293269.922184334136546, 2341663.575489636510611 ], [ 3293270.600253488868475, 2341665.7299475367181 ], [ 3293270.918098433874547, 2341666.73984968662262 ], [ 3293273.257220492232591, 2341670.176381916739047 ], [ 3293274.831592440605164, 2341671.301116533577442 ], [ 3293277.730208653956652, 2341672.39689669618383 ], [ 3293285.963273313827813, 2341674.161861439235508 ], [ 3293295.006507006473839, 2341677.15495470771566 ], [ 3293299.243225855752826, 2341677.935203156434 ], [ 3293302.415545522235334, 2341677.978371821343899 ], [ 3293309.651632941327989, 2341677.005392424296588 ], [ 3293315.359519043937325, 2341675.498339967802167 ], [ 3293321.282743934541941, 2341673.94342703698203 ], [ 3293321.864286649506539, 2341671.984448476694524 ], [ 3293322.644796221051365, 2341666.661995686590672 ], [ 3293324.593193916603923, 2341646.937596637755632 ], [ 3293325.097347958013415, 2341637.147570460569113 ], [ 3293325.815396112389863, 2341623.281080243643373 ], [ 3293325.994335249066353, 2341601.613666811492294 ], [ 3293326.061695090960711, 2341593.057042017113417 ], [ 3293326.386544722598046, 2341589.285890528000891 ], [ 3293326.718323928304017, 2341585.371450083330274 ], [ 3293325.087714890949428, 2341551.498014840297401 ], [ 3293325.307089409325272, 2341545.228571452200413 ], [ 3293326.076049067080021, 2341537.300048753153533 ], [ 3293326.547804946545511, 2341535.2283731456846 ], [ 3293327.57920099934563, 2341532.733943112660199 ], [ 3293329.020735449157655, 2341531.131768402643502 ], [ 3293332.732628721743822, 2341529.578505547717214 ], [ 3293337.236430653836578, 2341529.3276058412157 ], [ 3293341.774769365787506, 2341529.720145660452545 ], [ 3293352.085361005738378, 2341531.780921458266675 ], [ 3293366.661692163906991, 2341536.159405691549182 ], [ 3293380.417235984001309, 2341539.616072120144963 ], [ 3293385.826433002017438, 2341540.617219026200473 ], [ 3293387.279890630859882, 2341540.819345178082585 ], [ 3293397.293928348459303, 2341542.556577949319035 ], [ 3293476.796094222459942, 2341569.865682165604085 ], [ 3293498.641204513143748, 2341566.11100889602676 ], [ 3293505.516783012077212, 2341529.915789208374918 ], [ 3293516.647231898270547, 2341505.001089937984943 ], [ 3293514.360913075506687, 2341502.133758353069425 ], [ 3293512.301717884838581, 2341499.104872409719974 ], [ 3293510.481126290280372, 2341495.922569855116308 ], [ 3293508.920479964464903, 2341492.593261415604502 ], [ 3293507.63611360359937, 2341489.154679332859814 ], [ 3293506.84285318525508, 2341486.421652778517455 ], [ 3293506.611540325917304, 2341485.630007405299693 ], [ 3293506.351860348135233, 2341484.356214966159314 ], [ 3293505.877963495440781, 2341482.023929280694574 ], [ 3293505.745876682922244, 2341480.971349223516881 ], [ 3293523.745503698475659, 2341361.37843028921634 ], [ 3293545.649809699505568, 2341215.863285542465746 ], [ 3293467.244582436513156, 2341211.073556242976338 ], [ 3293322.795103510376066, 2341202.262459014542401 ], [ 3293292.452135265804827, 2341200.411743919365108 ], [ 3293262.015561798587441, 2341198.546991531271487 ], [ 3293268.111247988417745, 2341142.567443664651364 ], [ 3293269.105132890865207, 2341133.412214328534901 ], [ 3293272.64656226336956, 2341100.886022926773876 ], [ 3293278.456430756486952, 2341047.554527812637389 ], [ 3293278.059755519032478, 2341021.634439845569432 ], [ 3293278.039148479700089, 2341020.024484062567353 ], [ 3293277.482945650350302, 2340984.349472381640226 ], [ 3293277.191128279082477, 2340982.137528507504612 ], [ 3293268.544120992068201, 2340915.506694477051497 ], [ 3293266.303129761479795, 2340850.077964460477233 ], [ 3293264.384338510688394, 2340842.833296491764486 ], [ 3293260.412905741948634, 2340810.334069975186139 ], [ 3293259.806743619032204, 2340807.69006572663784 ], [ 3293259.31916381418705, 2340805.583445012569427 ], [ 3293257.298089233227074, 2340799.818030464928597 ], [ 3293257.855524565093219, 2340796.351210790220648 ], [ 3293257.821585200726986, 2340794.165146004408598 ], [ 3293257.794118427205831, 2340792.01854048948735 ], [ 3293256.335419438313693, 2340778.858093919698149 ], [ 3293255.467754335142672, 2340771.094459661282599 ], [ 3293253.227198976092041, 2340739.560651313513517 ], [ 3293249.929177987389266, 2340719.578001974150538 ], [ 3293247.779432272538543, 2340703.565165144857019 ], [ 3293246.861154595389962, 2340700.255301239900291 ], [ 3293245.791123384144157, 2340698.494240240659565 ], [ 3293245.180832790210843, 2340697.494965964928269 ], [ 3293244.611847499385476, 2340697.056756156496704 ], [ 3293244.111741337459534, 2340696.667372952215374 ], [ 3293242.819765432272106, 2340696.274591670371592 ], [ 3293241.399739930871874, 2340695.843346061185002 ], [ 3293240.131576349493116, 2340695.781284626573324 ], [ 3293239.395640882197767, 2340695.747794721275568 ], [ 3293234.802450716961175, 2340696.257881866302341 ], [ 3293231.643149584066123, 2340696.912637858651578 ], [ 3293226.856507427059114, 2340697.913272223435342 ], [ 3293220.581135348416865, 2340699.671882877591997 ], [ 3293216.303302723448724, 2340700.86756173428148 ], [ 3293205.716053030453622, 2340704.294632229022682 ], [ 3293201.568741476163268, 2340705.853085795417428 ], [ 3293199.675986451562494, 2340706.560039542615414 ], [ 3293195.235687314067036, 2340708.991806473582983 ], [ 3293187.70916632283479, 2340709.802489454392344 ], [ 3293181.64419516036287, 2340710.864626563619822 ], [ 3293172.441572577692568, 2340712.466102723963559 ], [ 3293157.952576876617968, 2340713.877066293731332 ], [ 3293136.297290544956923, 2340713.965406866278499 ], [ 3293112.334950284101069, 2340712.9152593575418 ], [ 3293103.58417831780389, 2340713.189387742429972 ], [ 3293086.714662312995642, 2340715.240525213070214 ], [ 3293083.989128158427775, 2340715.880214494187385 ], [ 3293078.781367174815387, 2340717.096687098965049 ], [ 3293075.155573101248592, 2340718.371003152802587 ], [ 3293076.295164966024458, 2340723.834120885934681 ], [ 3293077.514351272024214, 2340729.658782777376473 ], [ 3293077.16958887130022, 2340734.793258431367576 ], [ 3293077.048582074232399, 2340736.529495334252715 ], [ 3293075.375064229592681, 2340739.562589322216809 ], [ 3293073.232820057310164, 2340743.4490339551121 ], [ 3293065.88269414845854, 2340754.488671518396586 ], [ 3293063.242293141782284, 2340759.172733202576637 ], [ 3293056.379559084773064, 2340774.358818358276039 ], [ 3293054.056748494971544, 2340779.494672652333975 ], [ 3293052.205071576870978, 2340784.781426670961082 ], [ 3293051.587921679951251, 2340787.822338366881013 ], [ 3293051.62711205240339, 2340790.535193307325244 ], [ 3293051.672558099031448, 2340794.02836440037936 ], [ 3293052.295361690688878, 2340796.588270488660783 ], [ 3293052.827091127634048, 2340798.778494672384113 ], [ 3293053.760768670588732, 2340801.192623750306666 ], [ 3293058.125292752403766, 2340809.307944494299591 ], [ 3293060.393717991188169, 2340812.74669711664319 ], [ 3293062.973106200806797, 2340816.658697596751153 ], [ 3293066.159462116193026, 2340820.931217539124191 ], [ 3293067.305613576434553, 2340822.475983635988086 ], [ 3293069.078710942994803, 2340829.512761935591698 ], [ 3293069.617398425936699, 2340832.858663283288479 ], [ 3293069.815410865470767, 2340837.096379872411489 ], [ 3293069.327498797792941, 2340841.667334700003266 ], [ 3293068.415048468858004, 2340845.196336349472404 ], [ 3293062.347752493806183, 2340860.283723743166775 ], [ 3293058.353662275709212, 2340871.496753519866616 ], [ 3293057.058405109681189, 2340876.341027615591884 ], [ 3293056.416521101258695, 2340882.694590238854289 ], [ 3293056.501698758918792, 2340884.760056209284812 ], [ 3293056.583793018013239, 2340886.744876534212381 ], [ 3293057.750542391091585, 2340893.177473283838481 ], [ 3293065.900469618383795, 2340920.226055995561182 ], [ 3293062.914115756750107, 2340933.809809057042003 ], [ 3293059.932902353815734, 2340942.724485013633966 ], [ 3293053.392949546687305, 2340956.971180501859635 ], [ 3293051.106402806006372, 2340960.101496470626444 ], [ 3293049.208921265788376, 2340962.696857231203467 ], [ 3293047.418086087331176, 2340966.004212800879031 ], [ 3293046.687097650952637, 2340966.619346227962524 ], [ 3293045.76681310730055, 2340967.379261766560376 ], [ 3293044.70971562108025, 2340968.974995064549148 ], [ 3293043.222182984929532, 2340971.224559633992612 ], [ 3293041.532773343846202, 2340976.016089603770524 ], [ 3293041.171185380779207, 2340978.697655765805393 ], [ 3293041.257007412612438, 2340981.818425653968006 ], [ 3293041.27682199049741, 2340982.433996936306357 ], [ 3293042.219635317567736, 2340986.449947423301637 ], [ 3293044.420595245435834, 2340990.590596330817789 ], [ 3293045.845657001249492, 2340992.289481458254158 ], [ 3293048.946593592409045, 2341007.049927348271012 ], [ 3293054.788936185184866, 2341018.113280995748937 ], [ 3293057.511439062189311, 2341023.268748161848634 ], [ 3293060.631280713248998, 2341029.176634926348925 ], [ 3293058.641814038623124, 2341041.601439578458667 ], [ 3293054.239770773798227, 2341047.791529403999448 ], [ 3293049.920163871254772, 2341053.865700787864625 ], [ 3293039.246111016720533, 2341062.453196848277003 ], [ 3293015.177137273363769, 2341084.316229982301593 ], [ 3293014.707594649866223, 2341086.154106382746249 ], [ 3293014.264553389046341, 2341087.906155711971223 ], [ 3293008.414550694171339, 2341106.791574383620173 ], [ 3293005.690599666908383, 2341114.676839890889823 ], [ 3293003.162292005959898, 2341120.538788525853306 ], [ 3293001.431647916324437, 2341124.089317670091987 ], [ 3292996.796183292753994, 2341133.618478390388191 ], [ 3292994.07669376488775, 2341141.036147187463939 ], [ 3292993.287801041733474, 2341145.751164358109236 ], [ 3292993.259326556697488, 2341149.906780728604645 ], [ 3292994.199722775723785, 2341158.175271990709007 ], [ 3292978.413923229556531, 2341157.864987380802631 ], [ 3292966.784633452538401, 2341158.217067632358521 ], [ 3292956.133023980539292, 2341157.849919380620122 ], [ 3292934.102304701693356, 2341158.308604716323316 ], [ 3292932.19521143194288, 2341158.185932640451938 ], [ 3292928.545284781605005, 2341157.952413958963007 ], [ 3292926.410821741446853, 2341157.433187986724079 ], [ 3292924.552181069273502, 2341156.987434801179916 ], [ 3292923.4129274263978, 2341157.278292435221374 ], [ 3292922.031986217014492, 2341157.641922848764807 ], [ 3292919.375439668539912, 2341158.949482228606939 ], [ 3292916.156319705303758, 2341160.538236725144088 ], [ 3292911.027761461213231, 2341163.598005451261997 ], [ 3292907.155026687309146, 2341166.397242522332817 ], [ 3292884.885926397982985, 2341183.337860106024891 ], [ 3292868.494574213400483, 2341197.209286207333207 ], [ 3292858.408883668482304, 2341205.73439740948379 ], [ 3292852.714806026313454, 2341210.912721353117377 ], [ 3292833.558844150509685, 2341231.864720508921891 ], [ 3292832.346352343913168, 2341233.193381735123694 ], [ 3292813.828463742043823, 2341255.870482268743217 ], [ 3292795.009334188885987, 2341278.133538002148271 ], [ 3292793.665501720272005, 2341280.083951825276017 ], [ 3292791.566509753, 2341283.12056040065363 ], [ 3292789.374251808971167, 2341287.32025781320408 ], [ 3292789.166110000107437, 2341287.717852306552231 ], [ 3292789.166110000107437, 2341985.769808155018836 ], [ 3292798.213033955078572, 2341977.987488517537713 ] ] ], [ [ [ 3292789.92760359402746, 2340920.546761564910412 ], [ 3292794.56944679422304, 2340912.416933985427022 ], [ 3292799.411794709973037, 2340902.293383680749685 ], [ 3292803.583578395657241, 2340893.586248173844069 ], [ 3292803.979268348775804, 2340893.029833941254765 ], [ 3292806.747480116784573, 2340889.125069705303758 ], [ 3292810.535538494586945, 2340885.376586868427694 ], [ 3292814.877012678887695, 2340881.723998684436083 ], [ 3292819.102008442860097, 2340878.660111355595291 ], [ 3292828.735801868606359, 2340872.822277205996215 ], [ 3292834.633837479632348, 2340870.185909275431186 ], [ 3292841.32483830768615, 2340868.425489598885179 ], [ 3292849.436230950988829, 2340866.294533401727676 ], [ 3292851.616584941744804, 2340865.54734346922487 ], [ 3292853.653867835644633, 2340864.855654909275472 ], [ 3292854.678783976472914, 2340864.300673156045377 ], [ 3292856.394630822353065, 2340863.381128752604127 ], [ 3292858.346915648318827, 2340861.862023851834238 ], [ 3292860.455494858324528, 2340858.945536479819566 ], [ 3292861.561388749629259, 2340854.925977071747184 ], [ 3292861.397254056762904, 2340853.554267775267363 ], [ 3292861.096493343822658, 2340850.978551317472011 ], [ 3292860.210745706688613, 2340849.104030865244567 ], [ 3292859.010430355090648, 2340847.538307366427034 ], [ 3292858.661180102732033, 2340847.26458144467324 ], [ 3292857.236212133895606, 2340846.184723978862166 ], [ 3292855.559082963503897, 2340845.423030441161245 ], [ 3292854.726608968805522, 2340845.233933256473392 ], [ 3292853.473776200786233, 2340844.956083457451314 ], [ 3292850.109377971384674, 2340844.855223637074232 ], [ 3292842.40561254369095, 2340846.255154140293598 ], [ 3292836.940087048336864, 2340848.064803713001311 ], [ 3292835.381326027214527, 2340848.581353098154068 ], [ 3292828.48526993766427, 2340852.184068497270346 ], [ 3292821.765440596733242, 2340856.922967861872166 ], [ 3292801.655295529402792, 2340872.430006178561598 ], [ 3292796.57526259822771, 2340875.785716846119612 ], [ 3292791.834222642704844, 2340878.919687055051327 ], [ 3292790.93781489925459, 2340879.330385228618979 ], [ 3292789.166110000107437, 2340880.131377856712788 ], [ 3292789.166110000107437, 2340921.63260843930766 ], [ 3292789.92760359402746, 2340920.546761564910412 ] ] ], [ [ [ 3292789.831390956416726, 2340855.391668288037181 ], [ 3292791.247510569170117, 2340853.448902227450162 ], [ 3292792.168225436937064, 2340851.20726620638743 ], [ 3292793.083933181129396, 2340848.996951871551573 ], [ 3292794.134170062839985, 2340843.586681676097214 ], [ 3292793.520921480376273, 2340826.736395859159529 ], [ 3292794.250129129271954, 2340818.317586123012006 ], [ 3292793.21565670799464, 2340818.752463506069034 ], [ 3292791.63848476158455, 2340819.40416502719745 ], [ 3292789.166110000107437, 2340820.929018145427108 ], [ 3292789.166110000107437, 2340856.305618355050683 ], [ 3292789.831390956416726, 2340855.391668288037181 ] ] ], [ [ [ 3295209.404978332575411, 2340637.54929550178349 ], [ 3295211.719818382523954, 2340636.261112914886326 ], [ 3295215.291583309881389, 2340634.286046990193427 ], [ 3295220.398953329306096, 2340632.519070028793067 ], [ 3295224.560358763672411, 2340631.912227998953313 ], [ 3295225.6839978848584, 2340631.959043155889958 ], [ 3295227.739046389237046, 2340632.055886860471219 ], [ 3295231.968722895719111, 2340633.040478950366378 ], [ 3295245.971943625248969, 2340639.305814687162638 ], [ 3295250.411648425273597, 2340640.39570633880794 ], [ 3295251.933152689598501, 2340640.332268001046032 ], [ 3295252.969960589893162, 2340640.282658578827977 ], [ 3295254.476053606718779, 2340639.815997905097902 ], [ 3295256.447426839265972, 2340639.217131780926138 ], [ 3295259.952780663501471, 2340637.517545342445374 ], [ 3295265.015690327156335, 2340634.489854915067554 ], [ 3295269.12392349448055, 2340631.517690036911517 ], [ 3295269.682273297570646, 2340630.963268588297069 ], [ 3295271.538534078747034, 2340629.10590803809464 ], [ 3295272.546365462243557, 2340627.518874064087868 ], [ 3295273.175360336899757, 2340625.663285553455353 ], [ 3295273.703349425457418, 2340624.11967449914664 ], [ 3295274.21191029669717, 2340619.859797033015639 ], [ 3295265.432359036523849, 2340602.20709898788482 ], [ 3295371.829303021542728, 2340570.446818184107542 ], [ 3295367.863700306043029, 2340557.278968669939786 ], [ 3295349.715806741267443, 2340558.650072724558413 ], [ 3295313.539986692368984, 2340561.381441589910537 ], [ 3295306.549752958118916, 2340561.874685951974243 ], [ 3295295.06858292222023, 2340562.697577579878271 ], [ 3295290.207673962228, 2340563.802362622693181 ], [ 3295284.056321919895709, 2340565.204124969895929 ], [ 3295282.170080712065101, 2340565.27053449396044 ], [ 3295280.158330114092678, 2340564.942850839346647 ], [ 3295278.858868999872357, 2340564.257049771491438 ], [ 3295276.803045392036438, 2340563.165834079962224 ], [ 3295275.026511472649872, 2340561.426985605619848 ], [ 3295272.648397909477353, 2340558.494521197862923 ], [ 3295267.677284937817603, 2340551.19575505470857 ], [ 3295265.529310355428606, 2340548.862320889253169 ], [ 3295262.204842876642942, 2340546.592804376967251 ], [ 3295255.766480984166265, 2340543.894284697249532 ], [ 3295250.163917483761907, 2340542.023636077065021 ], [ 3295247.032840687781572, 2340541.242461228277534 ], [ 3295246.473637065850198, 2340540.183497996069491 ], [ 3295243.621991685125977, 2340534.796941487584263 ], [ 3295240.83937998348847, 2340529.398298133164644 ], [ 3295237.905912240035832, 2340523.883995900396258 ], [ 3295236.362517094239593, 2340520.906863117124885 ], [ 3295235.052958088926971, 2340518.365744859911501 ], [ 3295233.372112434823066, 2340515.169125893618912 ], [ 3295232.088595492765307, 2340512.724928143434227 ], [ 3295229.065215991809964, 2340507.033556704875082 ], [ 3295225.989753372501582, 2340501.148344391956925 ], [ 3295174.087117265444249, 2340400.201052010990679 ], [ 3295159.867496196180582, 2340400.904692939482629 ], [ 3295148.101158804260194, 2340378.711112055927515 ], [ 3295138.952701464295387, 2340360.788142495322973 ], [ 3295105.317949589341879, 2340294.890236036852002 ], [ 3295087.834340831264853, 2340302.538313971832395 ], [ 3295080.310790541116148, 2340306.027276831679046 ], [ 3295078.969726678449661, 2340306.20119437109679 ], [ 3295076.54400830809027, 2340306.504135070368648 ], [ 3295072.837553763762116, 2340305.864298450760543 ], [ 3295069.935845629312098, 2340304.687787490896881 ], [ 3295067.968012626748532, 2340303.885609359014779 ], [ 3295060.498861490748823, 2340300.159967553801835 ], [ 3295052.542394503951073, 2340296.184766054619104 ], [ 3295038.942304893396795, 2340291.634911947883666 ], [ 3295033.98054077476263, 2340289.093935773242265 ], [ 3295030.45576250879094, 2340286.778314643073827 ], [ 3295024.818845022469759, 2340282.904386604204774 ], [ 3295018.376413696445525, 2340275.974874515086412 ], [ 3295016.697736637666821, 2340273.224392272066325 ], [ 3295015.950005768798292, 2340272.005627676378936 ], [ 3295009.51890792325139, 2340258.65044484520331 ], [ 3295006.841253953054547, 2340254.633856942877173 ], [ 3294989.182142696809024, 2340257.624310941901058 ], [ 3294977.835881717503071, 2340256.424457003362477 ], [ 3294952.578967223875225, 2340248.100807271432132 ], [ 3294946.688123684376478, 2340231.606630574446172 ], [ 3294930.999342611525208, 2340213.641509441193193 ], [ 3294905.718227451201528, 2340214.881532041355968 ], [ 3294892.822034783195704, 2340213.942921482492238 ], [ 3294882.019408600404859, 2340217.35657225549221 ], [ 3294870.106935568153858, 2340221.116771048400551 ], [ 3294859.82944498443976, 2340239.051619825419039 ], [ 3294859.435430933721364, 2340240.236890253610909 ], [ 3294858.535687097348273, 2340241.307749818079174 ], [ 3294855.919820668175817, 2340242.739977557212114 ], [ 3294854.157470410689712, 2340243.190623971167952 ], [ 3294849.89482383383438, 2340243.551356833428144 ], [ 3294842.737637187819928, 2340243.150400687009096 ], [ 3294838.906217786949128, 2340242.55275220843032 ], [ 3294837.103958520106971, 2340241.894105156883597 ], [ 3294835.777689243666828, 2340241.415964158251882 ], [ 3294835.243144450709224, 2340241.002158268820494 ], [ 3294833.365765858907253, 2340239.514378774911165 ], [ 3294832.337511004880071, 2340238.131624273490161 ], [ 3294831.924930518493056, 2340236.915066063869745 ], [ 3294826.238319518044591, 2340239.047328901477158 ], [ 3294819.156791509129107, 2340241.210724402684718 ], [ 3294818.581103859469295, 2340241.473891605623066 ], [ 3294816.238905766047537, 2340242.533467477653176 ], [ 3294814.698139901272953, 2340243.716566652525216 ], [ 3294813.121162479743361, 2340244.926302345469594 ], [ 3294808.810362015850842, 2340249.385121351107955 ], [ 3294806.797689890488982, 2340250.721884724218398 ], [ 3294803.733648625202477, 2340252.019479618407786 ], [ 3294800.636092551518232, 2340252.927170176059008 ], [ 3294793.326279739383608, 2340255.059505178127438 ], [ 3294790.150214143563062, 2340256.478195999749005 ], [ 3294788.280462856404483, 2340257.820379893761128 ], [ 3294787.15859672287479, 2340259.021465822122991 ], [ 3294785.553344431798905, 2340261.667024687863886 ], [ 3294783.989697431214154, 2340266.050758759491146 ], [ 3294782.569048339966685, 2340271.058928548358381 ], [ 3294781.450188613962382, 2340275.618484240025282 ], [ 3294780.877969807013869, 2340279.057376184500754 ], [ 3294780.826734912116081, 2340280.476922454778105 ], [ 3294780.753311329055578, 2340282.874564181081951 ], [ 3294780.873966172337532, 2340284.538010268937796 ], [ 3294780.958023971877992, 2340285.730907151475549 ], [ 3294781.789275469258428, 2340290.304191351868212 ], [ 3294783.077948397491127, 2340293.955097753088921 ], [ 3294785.428392003756016, 2340298.079715983010828 ], [ 3294789.941747924312949, 2340303.82478197151795 ], [ 3294796.755466744769365, 2340311.409781808964908 ], [ 3294797.576931851450354, 2340312.706967737525702 ], [ 3294798.494935709051788, 2340314.159766752738506 ], [ 3294797.693587197456509, 2340319.851048357319087 ], [ 3294796.341126907616854, 2340323.23374448530376 ], [ 3294795.29623323911801, 2340325.831929719075561 ], [ 3294791.506739473901689, 2340333.345367090310901 ], [ 3294786.790922808460891, 2340340.097529079765081 ], [ 3294784.278463147580624, 2340344.819915471598506 ], [ 3294765.940077254083008, 2340348.122204030398279 ], [ 3294762.290568247903138, 2340349.004767672624439 ], [ 3294758.300747767556459, 2340349.97736257314682 ], [ 3294744.52502503991127, 2340353.82029929663986 ], [ 3294740.675351299345493, 2340354.595840046647936 ], [ 3294737.411841767840087, 2340354.862824974581599 ], [ 3294735.921389191411436, 2340354.991872193291783 ], [ 3294732.179423665627837, 2340354.754046971909702 ], [ 3294729.059833767358214, 2340353.981029214337468 ], [ 3294726.232785671018064, 2340352.517462566494942 ], [ 3294725.768429578281939, 2340352.28418027702719 ], [ 3294721.423342186026275, 2340348.863996423315257 ], [ 3294717.266554322093725, 2340345.045513055287302 ], [ 3294713.48983362223953, 2340341.008261130657047 ], [ 3294710.832128806971014, 2340337.546324901748449 ], [ 3294709.39452457614243, 2340334.966741864103824 ], [ 3294707.849285560660064, 2340331.421645955182612 ], [ 3294707.471990223508328, 2340330.543941634241492 ], [ 3294706.62586873350665, 2340328.601598992012441 ], [ 3294702.410524514969438, 2340323.250868023373187 ], [ 3294700.361792811192572, 2340320.656514696311206 ], [ 3294698.288483527954668, 2340318.036020742729306 ], [ 3294696.288983368314803, 2340314.814017207361758 ], [ 3294694.0685142762959, 2340310.615901139564812 ], [ 3294693.141418426297605, 2340308.860253526363522 ], [ 3294690.419916675426066, 2340302.040341523475945 ], [ 3294689.531187103129923, 2340298.10629719030112 ], [ 3294688.161534785758704, 2340292.044189476873726 ], [ 3294688.06368616130203, 2340291.756881400477141 ], [ 3294687.069328287616372, 2340288.663322980515659 ], [ 3294686.542949558235705, 2340287.618910117074847 ], [ 3294685.512997817713767, 2340285.607275482267141 ], [ 3294684.310926110483706, 2340284.09258783608675 ], [ 3294682.876329603604972, 2340282.273581240326166 ], [ 3294675.21757494751364, 2340274.917734519578516 ], [ 3294671.425064424052835, 2340271.279022283386439 ], [ 3294668.762971514370292, 2340267.604747098404914 ], [ 3294666.609227001201361, 2340263.009323643520474 ], [ 3294665.60639510769397, 2340259.369255688972771 ], [ 3294665.36107987165451, 2340257.62615591334179 ], [ 3294665.1626858105883, 2340256.16913334466517 ], [ 3294665.16784709924832, 2340254.77794938813895 ], [ 3294665.185335270129144, 2340252.410396117251366 ], [ 3294665.999169253744185, 2340248.279721177183092 ], [ 3294670.606433992739767, 2340235.731738527305424 ], [ 3294673.343489583581686, 2340227.30658598151058 ], [ 3294677.514526650775224, 2340214.449364026077092 ], [ 3294678.330906318966299, 2340211.262011901475489 ], [ 3294678.709202367812395, 2340209.79534645890817 ], [ 3294680.638361047487706, 2340198.609320950228721 ], [ 3294681.115584571845829, 2340197.003557729534805 ], [ 3294682.354948339052498, 2340192.869413826148957 ], [ 3294687.3783546583727, 2340180.136949411593378 ], [ 3294691.913985448423773, 2340168.636621076613665 ], [ 3294696.09975381847471, 2340157.10622180858627 ], [ 3294699.423914342187345, 2340149.105977626517415 ], [ 3294703.323304174467921, 2340139.72636499395594 ], [ 3294705.761821980588138, 2340133.068512073718011 ], [ 3294706.123632785398513, 2340131.625030822120607 ], [ 3294706.498695634771138, 2340130.138637185562402 ], [ 3294706.835777466185391, 2340127.430983820464462 ], [ 3294706.515427373815328, 2340124.178821858484298 ], [ 3294705.286395693197846, 2340121.633757517207414 ], [ 3294704.375384800601751, 2340121.01001000078395 ], [ 3294701.103444604203105, 2340121.01001000078395 ], [ 3294700.363390039652586, 2340121.308428552933037 ], [ 3294698.76606979733333, 2340122.765279836952686 ], [ 3294696.476409868337214, 2340126.433847386389971 ], [ 3294693.415821648668498, 2340133.505062191281468 ], [ 3294692.409365750849247, 2340135.842814800795168 ], [ 3294690.087962616235018, 2340140.36937506031245 ], [ 3294689.341308536939323, 2340141.32209959346801 ], [ 3294687.773805023636669, 2340143.331872104201466 ], [ 3294685.98410192783922, 2340144.852853650227189 ], [ 3294683.887833508662879, 2340146.112924623768777 ], [ 3294683.139177250675857, 2340146.558598923962563 ], [ 3294681.690481382422149, 2340147.06595829455182 ], [ 3294678.888472666963935, 2340148.043680091388524 ], [ 3294674.091051486320794, 2340148.731463069561869 ], [ 3294669.135840338189155, 2340149.446874693967402 ], [ 3294664.219305997248739, 2340150.459955325350165 ], [ 3294661.393567187245935, 2340151.725977797992527 ], [ 3294658.532385939732194, 2340154.013008533511311 ], [ 3294656.861410924233496, 2340156.010455973446369 ], [ 3294656.044799286872149, 2340157.34075943659991 ], [ 3294655.116008583456278, 2340158.853073327802122 ], [ 3294649.228299434296787, 2340170.336448480840772 ], [ 3294643.955268212128431, 2340179.134600335266441 ], [ 3294633.319927157368511, 2340178.124911460094154 ], [ 3294626.880969593301415, 2340176.96904015680775 ], [ 3294623.829797654412687, 2340176.427597052883357 ], [ 3294620.386847550515085, 2340175.53868374787271 ], [ 3294618.292586163617671, 2340174.707913332618773 ], [ 3294617.34638584498316, 2340174.011006916873157 ], [ 3294615.716403469908983, 2340172.794502323493361 ], [ 3294614.403388501144946, 2340170.974504513666034 ], [ 3294614.023552583530545, 2340170.452426692470908 ], [ 3294612.381630283314735, 2340166.812634232454002 ], [ 3294610.1107128104195, 2340155.935804965905845 ], [ 3294609.488184039480984, 2340153.93401776207611 ], [ 3294608.727204377297312, 2340151.459219486452639 ], [ 3294607.440078837331384, 2340148.498109787236899 ], [ 3294538.101910945028067, 2340167.5092096417211 ], [ 3294537.077968987170607, 2340172.214522138237953 ], [ 3294529.03969339793548, 2340204.482181050349027 ], [ 3294526.116885043680668, 2340214.248969163745642 ], [ 3294519.466144716832787, 2340232.523095805663615 ], [ 3294517.358025564346462, 2340242.370494156144559 ], [ 3294518.49237327510491, 2340244.028963189106435 ], [ 3294520.030981240794063, 2340246.296565670520067 ], [ 3294526.410541009623557, 2340254.698377771768719 ], [ 3294528.15486240061, 2340257.477954560425133 ], [ 3294531.949768823105842, 2340267.316695986315608 ], [ 3294532.961234789341688, 2340272.741309342440218 ], [ 3294528.88243299536407, 2340275.769255241379142 ], [ 3294526.215107826516032, 2340276.763998356182128 ], [ 3294502.45864977594465, 2340280.61928526731208 ], [ 3294498.709062331356108, 2340281.448351455852389 ], [ 3294494.809699410106987, 2340283.034302858170122 ], [ 3294489.053611065261066, 2340285.361435935366899 ], [ 3294485.091536282096058, 2340288.35879963869229 ], [ 3294483.042122440412641, 2340290.584891765844077 ], [ 3294482.620374667458236, 2340291.044365426525474 ], [ 3294458.982356239110231, 2340299.394817502237856 ], [ 3294422.633644500747323, 2340309.483826297335327 ], [ 3294403.758675795514137, 2340313.844248915091157 ], [ 3294396.798520325683057, 2340315.448606663849205 ], [ 3294391.517421514727175, 2340316.403778220992535 ], [ 3294377.52815438946709, 2340318.944652558304369 ], [ 3294368.62529079336673, 2340320.209265683311969 ], [ 3294353.037940575741231, 2340321.913687231950462 ], [ 3294347.164978767745197, 2340323.03338812943548 ], [ 3294339.163942288141698, 2340325.65215552598238 ], [ 3294327.359702758025378, 2340329.515314717777073 ], [ 3294308.62166934274137, 2340336.256887557916343 ], [ 3294298.154713714960963, 2340339.490117522422224 ], [ 3294291.308286467567086, 2340341.602275717072189 ], [ 3294287.806562881916761, 2340342.519881545566022 ], [ 3294281.424565982073545, 2340344.185387391131371 ], [ 3294273.86877675075084, 2340345.498285707086325 ], [ 3294264.98002138081938, 2340347.034444625489414 ], [ 3294253.814332264009863, 2340347.863165779039264 ], [ 3294243.886923035606742, 2340348.880983864888549 ], [ 3294230.648169840686023, 2340350.245229355059564 ], [ 3294209.055210999213159, 2340353.559447816573083 ], [ 3294204.061651651747525, 2340353.855404803529382 ], [ 3294201.65366546344012, 2340353.647874739952385 ], [ 3294200.45953421574086, 2340353.542382877320051 ], [ 3294199.132726474665105, 2340352.627981171011925 ], [ 3294197.154803734272718, 2340351.269448912702501 ], [ 3294194.178977600298822, 2340348.218408820684999 ], [ 3294193.033534228336066, 2340347.048991689458489 ], [ 3294188.646137227769941, 2340340.216339171398431 ], [ 3294187.459468910936266, 2340337.805927541106939 ], [ 3294185.221811179537326, 2340333.255640464369208 ], [ 3294183.562299037352204, 2340327.467532825656235 ], [ 3294183.0819804626517, 2340323.796851518563926 ], [ 3294183.001063847448677, 2340319.406756232026964 ], [ 3294183.055301229935139, 2340318.747782254125923 ], [ 3294183.266935330349952, 2340316.265038253739476 ], [ 3294183.891917999833822, 2340313.395324613898993 ], [ 3294184.999207896180451, 2340310.806487304158509 ], [ 3294185.770431362558156, 2340309.879892526194453 ], [ 3294186.652060785796493, 2340308.822336343117058 ], [ 3294188.908337358850986, 2340307.300815132446587 ], [ 3294198.214514593128115, 2340303.11394470045343 ], [ 3294199.695637025870383, 2340302.123932092450559 ], [ 3294200.279872941318899, 2340301.727335602976382 ], [ 3294201.785032155457884, 2340300.327191307209432 ], [ 3294202.441303764469922, 2340299.380133328028023 ], [ 3294202.629294206853956, 2340299.103661636821926 ], [ 3294203.445737869478762, 2340296.535309762693942 ], [ 3294203.518384330905974, 2340294.442234616726637 ], [ 3294202.739350363612175, 2340287.403961513191462 ], [ 3294202.776251944713295, 2340286.453729401342571 ], [ 3294202.931640644557774, 2340282.823955496773124 ], [ 3294204.242711919359863, 2340278.261155689600855 ], [ 3294206.311531809158623, 2340274.854475806001574 ], [ 3294207.513595289550722, 2340273.771255479194224 ], [ 3294208.344377641566098, 2340273.331487984396517 ], [ 3294209.538738034665585, 2340272.696131572127342 ], [ 3294211.979467481840402, 2340272.299193812999874 ], [ 3294213.89590123668313, 2340271.983914442826062 ], [ 3294215.431807553395629, 2340272.070153277367353 ], [ 3294216.732801508624107, 2340272.146785927470773 ], [ 3294219.964562382083386, 2340272.737771142739803 ], [ 3294225.862186498939991, 2340274.861122447997332 ], [ 3294227.753888823091984, 2340274.580618279986084 ], [ 3294231.04396843444556, 2340273.547849598806351 ], [ 3294234.226491297129542, 2340272.168584374710917 ], [ 3294236.540015602484345, 2340270.748671027831733 ], [ 3294244.525475731119514, 2340263.89072911767289 ], [ 3294245.17196542583406, 2340263.564417153596878 ], [ 3294246.728132652118802, 2340262.784523649141192 ], [ 3294249.404852768871933, 2340261.970786578021944 ], [ 3294256.949398885015398, 2340261.207854870706797 ], [ 3294268.449552378617227, 2340261.304938649293035 ], [ 3294278.385678201448172, 2340261.391744612716138 ], [ 3294281.25547637604177, 2340260.889234744012356 ], [ 3294282.939386360347271, 2340260.269639411941171 ], [ 3294285.129715954884887, 2340258.840856358874589 ], [ 3294286.763003445230424, 2340256.799248791765422 ], [ 3294287.990180127322674, 2340253.580541030969471 ], [ 3294288.767560668289661, 2340248.918384960852563 ], [ 3294290.951683882623911, 2340226.545096647925675 ], [ 3294292.48819540720433, 2340219.892921988386661 ], [ 3294293.539249463006854, 2340217.456011483911425 ], [ 3294296.315900334622711, 2340216.756704668048769 ], [ 3294296.754829840734601, 2340216.649402997922152 ], [ 3294309.169668920338154, 2340212.364744062535465 ], [ 3294315.02429722994566, 2340210.700260503217578 ], [ 3294335.994070641696453, 2340206.307908652350307 ], [ 3294345.86440274072811, 2340203.828645281493664 ], [ 3294351.059828802011907, 2340201.670710193458945 ], [ 3294356.171197067480534, 2340198.319876402616501 ], [ 3294359.584707973524928, 2340195.256191566586494 ], [ 3294359.8844158584252, 2340194.980455376207829 ], [ 3294364.44020642247051, 2340189.788627764210105 ], [ 3294370.888009767048061, 2340181.596572109498084 ], [ 3294378.926116584334522, 2340170.172974563203752 ], [ 3294388.66077614761889, 2340158.330537701025605 ], [ 3294390.988561532460153, 2340154.523347972892225 ], [ 3294395.901698287110776, 2340144.458783803973347 ], [ 3294399.147872120607644, 2340138.70473047439009 ], [ 3294400.741026856005192, 2340136.294681072235107 ], [ 3294403.587564396671951, 2340132.00088646588847 ], [ 3294405.260924240108579, 2340129.708718136884272 ], [ 3294409.702312790323049, 2340123.633757133036852 ], [ 3294412.1202383316122, 2340121.01001000078395 ], [ 3293087.819937116466463, 2340121.01001000078395 ], [ 3293087.423993610776961, 2340121.65145276254043 ], [ 3293085.918926107231528, 2340123.670653067994863 ], [ 3293083.805591136217117, 2340126.496596911922097 ], [ 3293079.378523176535964, 2340131.483357729855925 ], [ 3293076.160984652116895, 2340135.679858563002199 ], [ 3293065.433228685986251, 2340151.796386599075049 ], [ 3293043.920675723347813, 2340187.76382362563163 ], [ 3293039.256502669304609, 2340196.871673546731472 ], [ 3293028.635441485326737, 2340217.597099754028022 ], [ 3293025.447887922637165, 2340222.2856186311692 ], [ 3293022.64030447229743, 2340224.837372004985809 ], [ 3293020.889527575112879, 2340224.616272617131472 ], [ 3293019.450784125830978, 2340224.442009980790317 ], [ 3293014.250701907090843, 2340225.21060040500015 ], [ 3293010.756020382978022, 2340226.604015029035509 ], [ 3293008.786062991712242, 2340227.953671739436686 ], [ 3293007.621381183620542, 2340229.202897116541862 ], [ 3293006.598696804605424, 2340230.823033363092691 ], [ 3293005.366008250974119, 2340234.93580096680671 ], [ 3293005.208154970780015, 2340245.416048440150917 ], [ 3293004.791432508267462, 2340247.143177090212703 ], [ 3293004.562308405991644, 2340248.096636891830713 ], [ 3293003.304099685046822, 2340249.950834990479052 ], [ 3293000.751224075444043, 2340251.828799245879054 ], [ 3292993.74121944187209, 2340254.984581345226616 ], [ 3292987.170672469306737, 2340257.170366064179689 ], [ 3292979.925982744898647, 2340259.575693301856518 ], [ 3292961.942138905636966, 2340263.739951780065894 ], [ 3292952.89104750007391, 2340265.832445654086769 ], [ 3292952.368598291650414, 2340265.183124349918216 ], [ 3292950.721364688128233, 2340264.294411597307771 ], [ 3292955.702125088777393, 2340274.930167371872813 ], [ 3292963.300137761048973, 2340280.307490987237543 ], [ 3292967.638085456565022, 2340280.034913478884846 ], [ 3292975.250835783779621, 2340279.564314270857722 ], [ 3292989.384503630921245, 2340275.739433815702796 ], [ 3293004.617825291119516, 2340270.39257082901895 ], [ 3293009.222030242439359, 2340268.774403666611761 ], [ 3293019.849531599320471, 2340265.035847892053425 ], [ 3293027.096384208649397, 2340263.076665956061333 ], [ 3293033.974962248466909, 2340261.222571884747595 ], [ 3293050.937206336297095, 2340258.252060524187982 ], [ 3293060.364905713591725, 2340256.661926933564246 ], [ 3293069.240346563514322, 2340255.16850899066776 ], [ 3293074.708787000738084, 2340255.479371322784573 ], [ 3293081.401233743876219, 2340254.469732239376754 ], [ 3293095.122953636571765, 2340250.483617579098791 ], [ 3293099.871628283988684, 2340249.560678100213408 ], [ 3293100.854569664224982, 2340249.368245393969119 ], [ 3293106.342959764879197, 2340248.934802007861435 ], [ 3293108.035488212481141, 2340248.800770673435181 ], [ 3293121.939998315647244, 2340249.207246271427721 ], [ 3293127.239090153947473, 2340248.91858505923301 ], [ 3293128.690542890224606, 2340248.61366114905104 ], [ 3293132.047090139705688, 2340247.924370257183909 ], [ 3293137.662209622561932, 2340246.098736523184925 ], [ 3293156.108097027055919, 2340239.184661840088665 ], [ 3293161.559643786400557, 2340236.423602569848299 ], [ 3293163.357641926035285, 2340235.509991943836212 ], [ 3293169.878429232165217, 2340233.515611408278346 ], [ 3293171.528736219275743, 2340233.186013143509626 ], [ 3293173.188905009068549, 2340232.854687915183604 ], [ 3293176.61664682161063, 2340232.599450827110559 ], [ 3293178.762664457783103, 2340232.446894579567015 ], [ 3293184.711949689779431, 2340232.967857046052814 ], [ 3293191.639486481435597, 2340234.504839460831136 ], [ 3293197.619596211239696, 2340235.832256460562348 ], [ 3293200.206547155976295, 2340236.079446584917605 ], [ 3293203.258312646299601, 2340236.377163501922041 ], [ 3293207.050787315703928, 2340236.118944270070642 ], [ 3293210.827850031666458, 2340235.457498562056571 ], [ 3293219.83542700484395, 2340233.037781612016261 ], [ 3293228.916809809859842, 2340230.016549265943468 ], [ 3293233.062067505437881, 2340228.630997395608574 ], [ 3293238.140877491328865, 2340226.442628398071975 ], [ 3293243.689582446590066, 2340223.593527657911181 ], [ 3293252.004966599401087, 2340218.128815676551312 ], [ 3293256.989463143050671, 2340214.252078424673527 ], [ 3293265.779824948869646, 2340207.41537832422182 ], [ 3293271.609354763757437, 2340203.309475817717612 ], [ 3293279.446297580841929, 2340198.638925124425441 ], [ 3293282.875805863179266, 2340197.033684137742966 ], [ 3293286.325037900358438, 2340195.424989430233836 ], [ 3293294.3425124110654, 2340192.782898071222007 ], [ 3293299.728126777801663, 2340191.413549115881324 ], [ 3293304.761952912434936, 2340190.126102040521801 ], [ 3293311.970923448447138, 2340188.863670586142689 ], [ 3293315.008355754427612, 2340188.331757203210145 ], [ 3293330.063083577901125, 2340186.720345640555024 ], [ 3293335.445851704571396, 2340185.828461014200002 ], [ 3293341.080707049928606, 2340183.999396474566311 ], [ 3293349.307428653817624, 2340179.169268473982811 ], [ 3293350.398002767935395, 2340178.643400396220386 ], [ 3293353.622034239582717, 2340177.084296033252031 ], [ 3293357.214422591030598, 2340176.03912898991257 ], [ 3293360.872688085772097, 2340175.581165316980332 ], [ 3293365.905294186901301, 2340176.080008348915726 ], [ 3293368.828478658571839, 2340177.201953226700425 ], [ 3293371.006251784507185, 2340178.789321490097791 ], [ 3293372.421430513262749, 2340180.489937777630985 ], [ 3293373.903716359753162, 2340182.290431779809296 ], [ 3293376.475514832884073, 2340186.589385366532952 ], [ 3293377.776130000129342, 2340188.766729540191591 ], [ 3293380.100154055282474, 2340193.596183130517602 ], [ 3293382.41108066495508, 2340198.407634185161442 ], [ 3293383.655073502101004, 2340201.538669803179801 ], [ 3293385.379066235851496, 2340205.864312588237226 ], [ 3293388.007366708479822, 2340214.466325911693275 ], [ 3293388.890648348722607, 2340219.91341311763972 ], [ 3293388.351825650781393, 2340225.102130794432014 ], [ 3293387.601261550094932, 2340226.958750106859952 ], [ 3293386.71509994007647, 2340229.163855208083987 ], [ 3293383.427369442768395, 2340233.179813255555928 ], [ 3293374.570672271307558, 2340240.91099726781249 ], [ 3293371.91178408684209, 2340244.43120591621846 ], [ 3293371.267079356126487, 2340246.005436710081995 ], [ 3293370.146242565475404, 2340248.759045436047018 ], [ 3293369.720350433140993, 2340250.863253451418132 ], [ 3293369.352625793311745, 2340252.703572012484074 ], [ 3293369.220815894659609, 2340254.807021392975003 ], [ 3293369.046250625047833, 2340257.577586669940501 ], [ 3293369.535472920630127, 2340266.188863828778267 ], [ 3293370.174568014685065, 2340277.260188648477197 ], [ 3293369.744231487158686, 2340282.429911991581321 ], [ 3293368.740898336283863, 2340286.147313828580081 ], [ 3293368.37034797668457, 2340291.063012709375471 ], [ 3293368.859688798431307, 2340294.417537399567664 ], [ 3293370.531614785082638, 2340299.848298999480903 ], [ 3293376.460363143123686, 2340313.727819605730474 ], [ 3293377.435093741863966, 2340317.443861525505781 ], [ 3293378.050110486336052, 2340322.430524703115225 ], [ 3293378.066048745065928, 2340330.444761971011758 ], [ 3293377.327912304550409, 2340334.541945966426283 ], [ 3293372.350257720798254, 2340344.831103985197842 ], [ 3293362.741962901782244, 2340347.670595534611493 ], [ 3293352.504203968681395, 2340349.950543650425971 ], [ 3293342.685483197215945, 2340350.888594002462924 ], [ 3293324.570525321178138, 2340351.655785545706749 ], [ 3293309.480218631215394, 2340353.050191233865917 ], [ 3293302.322185080498457, 2340354.313861845061183 ], [ 3293296.849217143375427, 2340356.449479433707893 ], [ 3293292.694503937382251, 2340359.63290965044871 ], [ 3293291.110089002642781, 2340361.848670628853142 ], [ 3293289.991492766421288, 2340364.368486502207816 ], [ 3293288.691642579622567, 2340370.360266043338925 ], [ 3293287.990189279429615, 2340382.721772741526365 ], [ 3293286.396707157138735, 2340387.232604284305125 ], [ 3293285.171935059595853, 2340388.857681307941675 ], [ 3293284.013029570691288, 2340389.771001380868256 ], [ 3293283.475639592390507, 2340389.834665629081428 ], [ 3293280.682117701508105, 2340395.935799518600106 ], [ 3293279.283864157274365, 2340399.905035803560168 ], [ 3293278.948660648427904, 2340401.881737901363522 ], [ 3293278.546586698852479, 2340404.316669205669314 ], [ 3293278.730457898229361, 2340408.282841131091118 ], [ 3293279.394613407086581, 2340410.723867176100612 ], [ 3293280.607945620082319, 2340412.987535084132105 ], [ 3293281.669641172513366, 2340414.141164876054972 ], [ 3293284.821195411961526, 2340415.913185159675777 ], [ 3293286.640699309296906, 2340416.244031737092882 ], [ 3293288.323909908067435, 2340416.548005556222051 ], [ 3293290.609609351027757, 2340416.381136940792203 ], [ 3293292.847227560821921, 2340415.73557722568512 ], [ 3293294.87558663636446, 2340414.680144795682281 ], [ 3293295.212811885867268, 2340414.509459627792239 ], [ 3293297.502501258160919, 2340412.758781041949987 ], [ 3293298.21439043013379, 2340411.903446905780584 ], [ 3293301.345470006112009, 2340408.107718796469271 ], [ 3293304.255881203804165, 2340403.214042180217803 ], [ 3293306.316505323164165, 2340400.437923003919423 ], [ 3293308.219814808107913, 2340398.805649590212852 ], [ 3293309.961792930960655, 2340397.303110364358872 ], [ 3293314.341719492338598, 2340395.369054668582976 ], [ 3293324.026361318305135, 2340392.87136491201818 ], [ 3293324.34871734958142, 2340392.733728397171944 ], [ 3293334.52296358672902, 2340388.272893707733601 ], [ 3293336.796487187035382, 2340387.722530136816204 ], [ 3293339.786236721556634, 2340388.508073581382632 ], [ 3293356.442972581833601, 2340389.427134186495095 ], [ 3293365.223524649627507, 2340390.385923659428954 ], [ 3293372.205606969073415, 2340391.142107391729951 ], [ 3293378.455366191454232, 2340391.082759076263756 ], [ 3293382.304236270487309, 2340390.611707498319447 ], [ 3293388.447582467459142, 2340389.099514723755419 ], [ 3293389.291148561984301, 2340388.79956737626344 ], [ 3293393.142321672290564, 2340387.414780578576028 ], [ 3293398.022427054587752, 2340385.190178629010916 ], [ 3293406.935446626972407, 2340380.524003206286579 ], [ 3293412.421975953504443, 2340378.223650816828012 ], [ 3293416.800218304153532, 2340376.959677072707564 ], [ 3293419.764528959989548, 2340376.105680578853935 ], [ 3293423.485350796487182, 2340375.596167149022222 ], [ 3293427.369205149356276, 2340375.585807026363909 ], [ 3293432.180232704617083, 2340376.651154231280088 ], [ 3293435.758312763646245, 2340378.673228250816464 ], [ 3293444.999597469344735, 2340387.822077923454344 ], [ 3293462.612924741115421, 2340378.800995241384953 ], [ 3293466.586528244893998, 2340377.729662914294749 ], [ 3293476.748244607355446, 2340374.986087475903332 ], [ 3293493.92410265468061, 2340373.317838182207197 ], [ 3293505.00023736897856, 2340375.407018154393882 ], [ 3293509.540695987641811, 2340386.698328436352313 ], [ 3293505.15286041656509, 2340400.892696682363749 ], [ 3293499.908859524875879, 2340410.609448355156928 ], [ 3293497.947935872711241, 2340414.240837525110692 ], [ 3293490.487575795967132, 2340423.990532486699522 ], [ 3293491.352496391162276, 2340424.99595657736063 ], [ 3293492.232132928911597, 2340426.029248042032123 ], [ 3293492.971779450774193, 2340427.198683861643076 ], [ 3293493.767053614370525, 2340428.459859631024301 ], [ 3293494.813739294186234, 2340431.006414592266083 ], [ 3293495.573039116337895, 2340432.852333978749812 ], [ 3293503.623190046753734, 2340470.056270955130458 ], [ 3293512.128995099104941, 2340519.439379437360913 ], [ 3293514.133034879807383, 2340527.389615785796195 ], [ 3293516.468442250043154, 2340534.886046100407839 ], [ 3293518.178593886550516, 2340539.498268130235374 ], [ 3293519.537318329326808, 2340542.09166210796684 ], [ 3293519.941375301219523, 2340544.740606926381588 ], [ 3293520.624898284673691, 2340549.278907756321132 ], [ 3293522.985615728422999, 2340559.774757930543274 ], [ 3293524.946602457202971, 2340568.513942814432085 ], [ 3293527.335339659824967, 2340582.891627975739539 ], [ 3293528.476833215449005, 2340588.242767496965826 ], [ 3293530.868574519176036, 2340596.206298199016601 ], [ 3293539.712283774744719, 2340619.074041517451406 ], [ 3293542.417681261897087, 2340627.094275900162756 ], [ 3293543.233092348091304, 2340630.148149090819061 ], [ 3293544.263316815719008, 2340634.016849035862833 ], [ 3293545.404679511673748, 2340640.727865290828049 ], [ 3293545.553867627866566, 2340642.812555082142353 ], [ 3293545.695118652191013, 2340644.787005177699029 ], [ 3293545.449137545656413, 2340646.56541523616761 ], [ 3293544.819313724059612, 2340648.106599107850343 ], [ 3293543.957576145417988, 2340649.099802813492715 ], [ 3293543.0199417588301, 2340649.568445484619588 ], [ 3293541.437443190254271, 2340650.373275875113904 ], [ 3293538.873842831235379, 2340650.639545816462487 ], [ 3293536.758876400534064, 2340650.857695708051324 ], [ 3293530.673448146786541, 2340650.248928928282112 ], [ 3293524.216270135715604, 2340649.167411311995238 ], [ 3293505.307780602015555, 2340646.024440371897072 ], [ 3293484.960222800262272, 2340641.530076161958277 ], [ 3293479.938401935622096, 2340640.66401728335768 ], [ 3293477.407078437972814, 2340640.508562966249883 ], [ 3293476.263266780879349, 2340640.647979057393968 ], [ 3293474.052919534500688, 2340640.903130520135164 ], [ 3293472.389756204560399, 2340641.772829833440483 ], [ 3293471.577089043799788, 2340642.199293117038906 ], [ 3293470.952034422196448, 2340643.151050229091197 ], [ 3293470.183447910472751, 2340644.341054086573422 ], [ 3293469.750725294463336, 2340647.207576215732843 ], [ 3293469.498425923287868, 2340648.885612548328936 ], [ 3293469.632562271784991, 2340654.342127976939082 ], [ 3293472.079672022257, 2340675.569759904406965 ], [ 3293472.891965816728771, 2340686.397671817801893 ], [ 3293472.915635365061462, 2340692.665090508759022 ], [ 3293472.965553507208824, 2340707.44222124805674 ], [ 3293473.480816285125911, 2340721.407194203697145 ], [ 3293473.694105085916817, 2340737.860610572621226 ], [ 3293475.08226008573547, 2340754.240210778079927 ], [ 3293475.521245727315545, 2340762.606609947048128 ], [ 3293475.828291527926922, 2340768.560554857831448 ], [ 3293476.257571869529784, 2340772.290941555052996 ], [ 3293477.183481797575951, 2340780.409700067713857 ], [ 3293477.723691191058606, 2340787.723261098843068 ], [ 3293477.854387182276696, 2340793.900905114598572 ], [ 3293477.504285803064704, 2340802.466382437385619 ], [ 3293477.196081488393247, 2340810.050298862624913 ], [ 3293477.437685377895832, 2340813.935331100597978 ], [ 3293519.357857616618276, 2340807.446640630718321 ], [ 3293570.044687741436064, 2340799.605428871698678 ], [ 3293635.442905350588262, 2340789.482314425520599 ], [ 3293696.23925206810236, 2340780.063670221250504 ], [ 3293717.302920270245522, 2340776.801269128918648 ], [ 3293734.874059620779008, 2340774.07944145007059 ], [ 3293760.340786278247833, 2340770.137339579407126 ], [ 3293755.230409133248031, 2340792.728991946671158 ], [ 3293760.186439214274287, 2340793.626884448807687 ], [ 3293780.22008207347244, 2340799.485396343283355 ], [ 3293789.379805414937437, 2340801.889894523657858 ], [ 3293796.768018849659711, 2340803.823207024484873 ], [ 3293803.942596400622278, 2340806.433264560997486 ], [ 3293805.657866016961634, 2340807.056374118663371 ], [ 3293820.155581411905587, 2340813.305883136112243 ], [ 3293824.55828154226765, 2340814.726898898836225 ], [ 3293825.735308771021664, 2340815.099226820282638 ], [ 3293833.432081616017967, 2340816.501546232495457 ], [ 3293848.492538140621036, 2340817.832147002685815 ], [ 3293850.243013443425298, 2340818.175092588178813 ], [ 3293851.876918697729707, 2340818.487710732035339 ], [ 3293856.956233191303909, 2340820.013501811772585 ], [ 3293863.222064271103591, 2340822.711663249880075 ], [ 3293875.017723007127643, 2340828.754428160376847 ], [ 3293886.140505210496485, 2340837.127320399042219 ], [ 3293892.020829788874835, 2340841.557287108153105 ], [ 3293895.278340278193355, 2340843.665957427117974 ], [ 3293896.787365811411291, 2340844.639777678996325 ], [ 3293922.200494144111872, 2340856.142439728602767 ], [ 3293932.620005215983838, 2340829.921705390326679 ], [ 3293928.45257443934679, 2340821.832750276662409 ], [ 3293923.83336046943441, 2340814.391204865649343 ], [ 3293919.288206827826798, 2340808.205207843333483 ], [ 3293917.948516836855561, 2340806.531956964172423 ], [ 3293911.905119725968689, 2340799.004918543621898 ], [ 3293909.881950976792723, 2340796.69024445861578 ], [ 3293908.682796481531113, 2340795.317124302033335 ], [ 3293905.880154537968338, 2340792.641688546165824 ], [ 3293902.496519745327532, 2340790.382585334125906 ], [ 3293895.287327723577619, 2340786.510061964392662 ], [ 3293891.050266126636416, 2340784.55262865126133 ], [ 3293887.064689592458308, 2340783.200637608766556 ], [ 3293883.302630853839219, 2340782.469134452287108 ], [ 3293878.914358684327453, 2340782.496771536767483 ], [ 3293875.372208241373301, 2340783.167795245535672 ], [ 3293872.738193812780082, 2340783.994383332785219 ], [ 3293871.777340399101377, 2340782.589681621175259 ], [ 3293871.044006906449795, 2340781.520618907175958 ], [ 3293863.231246572453529, 2340772.669574621133506 ], [ 3293860.113469305913895, 2340768.567696804180741 ], [ 3293858.415960754267871, 2340765.45518158795312 ], [ 3293856.847660760395229, 2340762.573743513319641 ], [ 3293855.640311784110963, 2340759.233320178464055 ], [ 3293855.023616003338248, 2340757.514648068230599 ], [ 3293854.219184224959463, 2340752.053744256030768 ], [ 3293854.119328218977898, 2340740.806798772886395 ], [ 3293856.947120991535485, 2340712.586906192358583 ], [ 3293860.738865797407925, 2340709.355439049657434 ], [ 3293862.50717355357483, 2340706.52904595900327 ], [ 3293862.774429420009255, 2340705.436987963505089 ], [ 3293863.033288329839706, 2340704.417437337338924 ], [ 3293863.161286578048021, 2340700.559029037132859 ], [ 3293879.718324093613774, 2340699.323950916528702 ], [ 3293883.136208459734917, 2340699.07046804856509 ], [ 3293949.478295462206006, 2340685.423461706377566 ], [ 3293934.431363788899034, 2340663.702873307280242 ], [ 3293934.869830241426826, 2340663.778314109425992 ], [ 3293935.590745871886611, 2340663.90577571419999 ], [ 3294025.386473198421299, 2340679.19412637129426 ], [ 3294063.679382478352636, 2340685.72176381200552 ], [ 3294070.297034070827067, 2340677.885484113357961 ], [ 3294072.977964185643941, 2340676.046030066907406 ], [ 3294075.018812758848071, 2340675.252287531271577 ], [ 3294076.31471186876297, 2340674.741215087473392 ], [ 3294082.610544838011265, 2340673.354603270068765 ], [ 3294085.263676547445357, 2340672.768235697411001 ], [ 3294099.270059957168996, 2340670.579429314937443 ], [ 3294105.590095884632319, 2340670.020727263297886 ], [ 3294114.76012439513579, 2340669.642888318281621 ], [ 3294116.347721612546593, 2340669.425773573573679 ], [ 3294118.927971650380641, 2340669.075428407173604 ], [ 3294136.677827284671366, 2340665.216303780209273 ], [ 3294143.343473930843174, 2340663.115462890360504 ], [ 3294148.321900926996022, 2340660.995478786993772 ], [ 3294155.86261276435107, 2340657.178599851671606 ], [ 3294156.191748855635524, 2340656.958595572505146 ], [ 3294158.776993264909834, 2340655.277976155746728 ], [ 3294160.673529219813645, 2340653.728103790432215 ], [ 3294165.497990514617413, 2340648.813909671269357 ], [ 3294173.362848472781479, 2340638.932596940081567 ], [ 3294176.845882318913937, 2340634.994111722800881 ], [ 3294179.139737643767148, 2340632.897706099320203 ], [ 3294181.593850925564766, 2340631.097977468278259 ], [ 3294183.935020558536053, 2340629.784839005209506 ], [ 3294184.971124771051109, 2340629.359854514710605 ], [ 3294186.387138999532908, 2340628.777011895086616 ], [ 3294190.179389831610024, 2340627.960737481713295 ], [ 3294193.16482693888247, 2340627.854036291595548 ], [ 3294195.758260304108262, 2340628.140717323403805 ], [ 3294203.225688094738871, 2340629.938431994523853 ], [ 3294206.773946022149175, 2340630.108656912110746 ], [ 3294212.721931227482855, 2340629.199045462533832 ], [ 3294225.964564512483776, 2340625.631947735790163 ], [ 3294237.078134298324585, 2340623.310403735842556 ], [ 3294248.996453690808266, 2340621.751125627197325 ], [ 3294252.466278560925275, 2340621.752421805635095 ], [ 3294254.209824862424284, 2340622.238666674122214 ], [ 3294255.347560107707977, 2340622.556994538754225 ], [ 3294256.172646299004555, 2340623.072142656892538 ], [ 3294257.915591346099973, 2340625.101003279909492 ], [ 3294258.627119526732713, 2340626.346402808092535 ], [ 3294259.963427785784006, 2340629.359796799719334 ], [ 3294260.281097303610295, 2340630.430609329137951 ], [ 3294260.815503029152751, 2340632.204280860256404 ], [ 3294260.976541116368026, 2340633.495334405917674 ], [ 3294261.103753552306443, 2340634.518312484025955 ], [ 3294260.964863406959921, 2340636.825954547151923 ], [ 3294260.385120762512088, 2340639.352866211906075 ], [ 3294259.345262468792498, 2340641.919754914939404 ], [ 3294258.256625806447119, 2340643.632596956565976 ], [ 3294256.566111501771957, 2340645.57260909024626 ], [ 3294252.539434587117285, 2340648.794435836840421 ], [ 3294248.638255958911031, 2340651.111403000541031 ], [ 3294240.876184000167996, 2340654.753918824717402 ], [ 3294239.059461833443493, 2340655.924480218440294 ], [ 3294238.395414260216057, 2340656.700386171694845 ], [ 3294237.406777660362422, 2340657.847721114754677 ], [ 3294236.457295197993517, 2340660.408933843486011 ], [ 3294236.129971822723746, 2340664.474749949760735 ], [ 3294236.863804971799254, 2340669.257930808700621 ], [ 3294238.403684760443866, 2340673.636116477195174 ], [ 3294241.273542900104076, 2340679.628367567900568 ], [ 3294241.530117664951831, 2340680.821507735643536 ], [ 3294241.815817627124488, 2340682.192213691305369 ], [ 3294241.678687067702413, 2340683.149851562455297 ], [ 3294241.591786107048392, 2340683.733362227212638 ], [ 3294241.231837129220366, 2340684.445870436728001 ], [ 3294240.979210286401212, 2340684.946771835442632 ], [ 3294240.022084762807935, 2340685.976960264611989 ], [ 3294238.486808769404888, 2340686.946017577312887 ], [ 3294235.706322118639946, 2340687.869270100258291 ], [ 3294232.624889661092311, 2340688.256630764342844 ], [ 3294230.802993163932115, 2340688.220475160516798 ], [ 3294229.102674548979849, 2340688.183326601050794 ], [ 3294221.348723840899765, 2340687.298372686374933 ], [ 3294218.102639617864043, 2340687.176716451067477 ], [ 3294214.362544506788254, 2340687.506897338200361 ], [ 3294212.093170392327011, 2340687.711468824185431 ], [ 3294208.923679741099477, 2340688.489730304572731 ], [ 3294196.654530331958085, 2340692.363336366135627 ], [ 3294191.238626176025718, 2340693.36244691349566 ], [ 3294185.591269095893949, 2340693.630831321701407 ], [ 3294174.238220822066069, 2340693.193450201302767 ], [ 3294171.697724359109998, 2340693.4150549354963 ], [ 3294168.756283397786319, 2340693.666276263073087 ], [ 3294165.685411936603487, 2340694.427271355874836 ], [ 3294163.601879085879773, 2340695.208188900724053 ], [ 3294161.288833018857986, 2340696.445368820801377 ], [ 3294159.680676068644971, 2340697.65044942451641 ], [ 3294158.103806976694614, 2340699.479234088212252 ], [ 3294157.666428966913372, 2340700.276338679715991 ], [ 3294157.336372881662101, 2340700.861836167518049 ], [ 3294156.658561645075679, 2340703.842293909750879 ], [ 3294156.780768307857215, 2340704.896594023332 ], [ 3294157.064015448093414, 2340707.241948750335723 ], [ 3294159.741036192048341, 2340713.481078615877777 ], [ 3294160.843373665586114, 2340717.418330094311386 ], [ 3294161.081722230650485, 2340721.283615624997765 ], [ 3294160.493107474409044, 2340728.642586873844266 ], [ 3294160.833395765163004, 2340733.129353202879429 ], [ 3294161.445541692897677, 2340734.69659919384867 ], [ 3294162.057687662076205, 2340736.263845197390765 ], [ 3294163.985012414865196, 2340738.798268374521285 ], [ 3294165.748059868812561, 2340740.021907285787165 ], [ 3294167.386446733493358, 2340741.165894339326769 ], [ 3294174.190065991133451, 2340744.297613529022783 ], [ 3294177.770239606034011, 2340746.14683161303401 ], [ 3294182.835320913232863, 2340748.760988294146955 ], [ 3294184.474934557918459, 2340749.417651466559619 ], [ 3294186.580675814766437, 2340750.256542420946062 ], [ 3294188.053558783140033, 2340750.5770697100088 ], [ 3294189.662735598161817, 2340750.924471307080239 ], [ 3294191.453427666798234, 2340750.95594089012593 ], [ 3294192.195992418564856, 2340750.967984730843455 ], [ 3294195.415947890840471, 2340750.37369761057198 ], [ 3294196.627331650815904, 2340750.151425505056977 ], [ 3294202.59440487017855, 2340748.183060687966645 ], [ 3294212.840327699668705, 2340743.97366160992533 ], [ 3294214.979028044268489, 2340743.467231683433056 ], [ 3294216.336874378379434, 2340743.148276490159333 ], [ 3294217.759903842583299, 2340743.041165598202497 ], [ 3294219.654528572689742, 2340742.902215015143156 ], [ 3294221.32834406895563, 2340743.025188397616148 ], [ 3294223.475219576153904, 2340743.187102393247187 ], [ 3294227.359406979288906, 2340744.353904716204852 ], [ 3294229.90547162014991, 2340745.836208324879408 ], [ 3294233.369858320336789, 2340748.649478110019118 ], [ 3294236.279905913863331, 2340751.732335118576884 ], [ 3294238.737860057502985, 2340755.584428750909865 ], [ 3294239.965303900185972, 2340758.119630546309054 ], [ 3294240.854432162828743, 2340759.952966088429093 ], [ 3294242.388919898308814, 2340763.865285287611187 ], [ 3294246.058612645138055, 2340777.145896978676319 ], [ 3294247.040823737159371, 2340779.855966726318002 ], [ 3294255.492680423427373, 2340776.955242882017046 ], [ 3294286.562101062852889, 2340755.277780190575868 ], [ 3294310.72725679166615, 2340759.35758698079735 ], [ 3294312.311218036338687, 2340751.448851892724633 ], [ 3294314.840925336815417, 2340744.419765518046916 ], [ 3294322.588585541117936, 2340727.577099581249058 ], [ 3294323.37351264571771, 2340726.424843991175294 ], [ 3294324.461840257514268, 2340724.833833355922252 ], [ 3294325.756192250177264, 2340723.632966749835759 ], [ 3294327.076893601100892, 2340722.407190072350204 ], [ 3294328.085643938276917, 2340721.75359100708738 ], [ 3294329.084532481618226, 2340721.10171882994473 ], [ 3294330.390601966995746, 2340720.467094089835882 ], [ 3294331.959857743233442, 2340719.705199072603136 ], [ 3294333.398524865973741, 2340719.260465811938047 ], [ 3294334.401500671636313, 2340718.942765276413411 ], [ 3294336.963954543694854, 2340718.483915987890214 ], [ 3294346.964156912639737, 2340717.910000311210752 ], [ 3294352.108872736338526, 2340717.6078683687374 ], [ 3294355.901975688524544, 2340717.10604387242347 ], [ 3294362.216160920914263, 2340716.264245000202209 ], [ 3294366.146478629671037, 2340715.423803238198161 ], [ 3294368.400134052615613, 2340714.937843014020473 ], [ 3294374.316443402320147, 2340712.907352247275412 ], [ 3294376.945838305167854, 2340711.310344867408276 ], [ 3294379.750039923470467, 2340708.799844057764858 ], [ 3294380.894931508693844, 2340708.234036299400032 ], [ 3294382.275586165022105, 2340707.992276567965746 ], [ 3294385.495170243550092, 2340708.199765970930457 ], [ 3294390.963500349782407, 2340709.870589659549296 ], [ 3294397.094818325713277, 2340712.490870903246105 ], [ 3294400.637471465859562, 2340714.235040363389999 ], [ 3294405.858726475387812, 2340716.811716832686216 ], [ 3294413.211990020703524, 2340719.58336197771132 ], [ 3294417.060122678987682, 2340720.715896199923009 ], [ 3294420.013521821238101, 2340721.589030827395618 ], [ 3294432.498559395316988, 2340723.979633463080972 ], [ 3294439.215185224544257, 2340725.776913452893496 ], [ 3294461.426673237234354, 2340733.223005793988705 ], [ 3294461.815678210463375, 2340733.367999345064163 ], [ 3294460.598591014742851, 2340681.724395702593029 ], [ 3294461.19706920767203, 2340664.59111658250913 ], [ 3294462.360727842897177, 2340660.490492565557361 ], [ 3294464.074782693758607, 2340654.426245674490929 ], [ 3294489.096689378842711, 2340647.771666625048965 ], [ 3294497.20674167200923, 2340638.395482528489083 ], [ 3294502.090973515063524, 2340629.330447933170944 ], [ 3294507.194707390386611, 2340619.871797225438058 ], [ 3294505.808867384213954, 2340617.607886223588139 ], [ 3294504.355365996714681, 2340613.5088733099401 ], [ 3294503.966092965565622, 2340608.90892159473151 ], [ 3294504.20067681837827, 2340606.442455769516528 ], [ 3294504.392127204686403, 2340605.444865396711975 ], [ 3294504.756768816150725, 2340603.523918421473354 ], [ 3294505.54291930096224, 2340600.585393628571182 ], [ 3294506.864752819295973, 2340595.655380197800696 ], [ 3294507.235477820970118, 2340593.276704978197813 ], [ 3294507.606202942319214, 2340590.898029799573123 ], [ 3294507.604113841429353, 2340589.77195957954973 ], [ 3294507.594088192563504, 2340588.535650271456689 ], [ 3294507.010601465590298, 2340586.029765322804451 ], [ 3294506.409172907471657, 2340584.775234897620976 ], [ 3294505.014168684370816, 2340582.888407537247986 ], [ 3294502.984156372025609, 2340581.336028843652457 ], [ 3294501.998044444713742, 2340580.828778026625514 ], [ 3294501.367962213233113, 2340580.512887557037175 ], [ 3294498.012766845524311, 2340579.354920133948326 ], [ 3294494.351086473092437, 2340578.555061131715775 ], [ 3294489.74359156191349, 2340577.555485724471509 ], [ 3294486.297714556567371, 2340576.525026135146618 ], [ 3294485.134007832035422, 2340575.42984027788043 ], [ 3294484.402378458995372, 2340574.989658031612635 ], [ 3294483.726530414540321, 2340574.580300660803914 ], [ 3294477.886757061816752, 2340572.314881842583418 ], [ 3294466.869049116969109, 2340569.83984365221113 ], [ 3294459.353695866651833, 2340568.801447025034577 ], [ 3294452.019020182080567, 2340568.431631255894899 ], [ 3294440.700163659173995, 2340568.75945745036006 ], [ 3294432.18530472740531, 2340568.616593606770039 ], [ 3294425.046555966604501, 2340568.080548628233373 ], [ 3294417.917669293005019, 2340567.54277754155919 ], [ 3294414.877756765112281, 2340567.75033758720383 ], [ 3294411.666957068257034, 2340567.96752454014495 ], [ 3294410.008243965916336, 2340568.36959960218519 ], [ 3294409.190254668705165, 2340568.949199635535479 ], [ 3294405.406926054041833, 2340568.830271347425878 ], [ 3294389.854243715759367, 2340567.220371887553483 ], [ 3294384.938576562330127, 2340567.248981096316129 ], [ 3294381.46297244168818, 2340567.583574511110783 ], [ 3294375.833331745117903, 2340568.640383183024824 ], [ 3294361.07758802967146, 2340573.497344962321222 ], [ 3294345.236420427449048, 2340577.488973608240485 ], [ 3294326.713441616855562, 2340580.407696870155632 ], [ 3294318.833535753190517, 2340581.909285030327737 ], [ 3294308.612988310866058, 2340583.861325465608388 ], [ 3294303.571906943339854, 2340585.413819586392492 ], [ 3294299.905705713201314, 2340587.060452109202743 ], [ 3294298.846486727707088, 2340587.530073652043939 ], [ 3294293.831459794659168, 2340590.47844288405031 ], [ 3294285.066035389900208, 2340596.539366906043142 ], [ 3294283.399623710196465, 2340597.389310319907963 ], [ 3294282.220138033851981, 2340597.991620738990605 ], [ 3294273.213850697968155, 2340601.841848096810281 ], [ 3294268.40284169325605, 2340604.673311390448362 ], [ 3294264.686292936094105, 2340602.178193659521639 ], [ 3294260.52042340580374, 2340600.654787095729262 ], [ 3294257.737996354699135, 2340600.391048854216933 ], [ 3294256.180903480388224, 2340600.237485854886472 ], [ 3294237.823864130303264, 2340599.900090984068811 ], [ 3294234.09508050698787, 2340599.000367713160813 ], [ 3294231.765364147722721, 2340597.723733183927834 ], [ 3294230.950600536540151, 2340597.024111998267472 ], [ 3294229.230379732325673, 2340594.453423668630421 ], [ 3294227.599434667266905, 2340589.705558533780277 ], [ 3294227.152841390576214, 2340585.683930110186338 ], [ 3294227.639542801771313, 2340577.703488774131984 ], [ 3294227.484718641731888, 2340573.295882953796536 ], [ 3294226.911162873730063, 2340570.108334408141673 ], [ 3294225.883656427264214, 2340567.122052793391049 ], [ 3294224.882664469070733, 2340565.348899418953806 ], [ 3294223.38904219167307, 2340563.479343238286674 ], [ 3294222.085805989336222, 2340562.337556123733521 ], [ 3294219.618792504537851, 2340560.780520561151206 ], [ 3294206.031911308411509, 2340555.568902353290468 ], [ 3294202.603908039629459, 2340553.967033221386373 ], [ 3294200.983629294671118, 2340552.809726061299443 ], [ 3294200.237438199110329, 2340552.280763263814151 ], [ 3294201.722853871993721, 2340549.585114440880716 ], [ 3294203.20526956114918, 2340547.427839982323349 ], [ 3294204.567807804327458, 2340545.900442525744438 ], [ 3294205.450895989313722, 2340544.913664247374982 ], [ 3294207.062755246646702, 2340543.545570970512927 ], [ 3294207.846457409206778, 2340542.880638679489493 ], [ 3294214.14204616099596, 2340538.338036368135363 ], [ 3294232.34583309199661, 2340527.782924564555287 ], [ 3294232.869431397877634, 2340527.325908102095127 ], [ 3294234.718436308205128, 2340525.733625034801662 ], [ 3294236.333758029155433, 2340523.644412781577557 ], [ 3294236.901729482226074, 2340522.530148798134178 ], [ 3294237.574852864257991, 2340519.459187447093427 ], [ 3294237.577853426337242, 2340518.920813405886292 ], [ 3294237.582769129890949, 2340516.971519927494228 ], [ 3294244.137719004880637, 2340515.123491625767201 ], [ 3294245.224445158615708, 2340514.821570612490177 ], [ 3294247.886749214492738, 2340513.858129586558789 ], [ 3294249.906109334900975, 2340513.118900812696666 ], [ 3294267.469831451307982, 2340504.908465526998043 ], [ 3294271.525347651913762, 2340503.284995764028281 ], [ 3294277.026467116549611, 2340501.073507136665285 ], [ 3294280.119456686545163, 2340500.014356762636453 ], [ 3294283.88335810881108, 2340498.715949628967792 ], [ 3294301.475462852511555, 2340493.585575598757714 ], [ 3294311.479970570188016, 2340490.00708700157702 ], [ 3294323.000879087485373, 2340484.478491744026542 ], [ 3294341.918755587656051, 2340473.514247951097786 ], [ 3294345.115600168239325, 2340471.665663251653314 ], [ 3294352.022493741940707, 2340468.37588646216318 ], [ 3294358.516121163964272, 2340466.092097897082567 ], [ 3294373.366269715130329, 2340462.243576678447425 ], [ 3294389.696011506486684, 2340459.313155421987176 ], [ 3294390.619480977300555, 2340459.252934124320745 ], [ 3294401.293697262182832, 2340458.520434863865376 ], [ 3294417.43770042899996, 2340458.230598957277834 ], [ 3294431.247677013278008, 2340457.070803607814014 ], [ 3294434.238597576506436, 2340458.049001482781023 ], [ 3294440.527847179211676, 2340459.281797424890101 ], [ 3294443.430853213183582, 2340459.291027247905731 ], [ 3294449.578874452039599, 2340459.848336811177433 ], [ 3294451.196370605379343, 2340459.504222186747938 ], [ 3294453.538789205253124, 2340459.002728356979787 ], [ 3294461.182113859802485, 2340459.460578135214746 ], [ 3294471.130028313491493, 2340459.433707667980343 ], [ 3294474.615191242657602, 2340459.219225806184113 ], [ 3294476.642880375497043, 2340459.087432431057096 ], [ 3294478.140262911096215, 2340458.815090962685645 ], [ 3294481.744844478555024, 2340458.15348057448864 ], [ 3294487.702088100835681, 2340456.186887541785836 ], [ 3294489.885714845731854, 2340455.459498374257237 ], [ 3294492.833016275428236, 2340454.192466773092747 ], [ 3294498.832863786257803, 2340451.619679677765816 ], [ 3294508.378658110741526, 2340447.532967001665384 ], [ 3294527.501534045673907, 2340439.983249554410577 ], [ 3294533.398453172296286, 2340437.834412568248808 ], [ 3294538.403881000820547, 2340436.744853417389095 ], [ 3294541.497192541137338, 2340436.862838743720204 ], [ 3294543.70717627601698, 2340437.409492237493396 ], [ 3294546.352318075951189, 2340438.69179421570152 ], [ 3294549.238309354986995, 2340440.885840869508684 ], [ 3294550.995423173997551, 2340442.506301424931735 ], [ 3294553.865468319505453, 2340445.159802891779691 ], [ 3294562.293009561486542, 2340453.862643869128078 ], [ 3294562.707595014944673, 2340454.287304875906557 ], [ 3294565.533111761789769, 2340457.658967513591051 ], [ 3294570.869642990641296, 2340464.031143847852945 ], [ 3294575.426466753706336, 2340469.484448997303843 ], [ 3294577.826065836474299, 2340471.063447555527091 ], [ 3294578.780666330829263, 2340471.687845921143889 ], [ 3294580.832553247921169, 2340472.383959523402154 ], [ 3294582.569937359541655, 2340472.708924068603665 ], [ 3294585.200203477870673, 2340472.725324738305062 ], [ 3294590.478834822773933, 2340471.445858107414097 ], [ 3294598.125073367264122, 2340468.148433471098542 ], [ 3294609.785000707954168, 2340462.230235786642879 ], [ 3294615.328740696888417, 2340459.412588162347674 ], [ 3294617.455123877618462, 2340458.583598920144141 ], [ 3294619.131792997010052, 2340458.229128131177276 ], [ 3294620.386020385660231, 2340457.958774405531585 ], [ 3294623.610077981837094, 2340457.698688103817403 ], [ 3294628.981171688530594, 2340457.539617693517357 ], [ 3294633.286723709199578, 2340457.749787282198668 ], [ 3294634.225058179814368, 2340456.357572305481881 ], [ 3294634.607665028423071, 2340455.783175947144628 ], [ 3294636.714934206567705, 2340453.415030757430941 ], [ 3294640.543402304407209, 2340449.974255170673132 ], [ 3294643.873468216508627, 2340448.071920436341316 ], [ 3294645.772721788845956, 2340447.404479181859642 ], [ 3294649.426537204068154, 2340446.115228249691427 ], [ 3294656.466747371014208, 2340444.689689319115132 ], [ 3294667.987249988131225, 2340443.240766231436282 ], [ 3294679.872032398823649, 2340443.270564157515764 ], [ 3294693.537881464231759, 2340442.592730917036533 ], [ 3294696.691677022725344, 2340442.832057890482247 ], [ 3294707.543342783581465, 2340440.150564496405423 ], [ 3294708.401478635147214, 2340439.939419328700751 ], [ 3294710.891134738456458, 2340439.036678426899016 ], [ 3294714.646419750526547, 2340437.252707379870117 ], [ 3294716.613705029711127, 2340436.319655728526413 ], [ 3294721.256940272636712, 2340433.578512852080166 ], [ 3294722.848010804038495, 2340432.640299153048545 ], [ 3294723.76300518354401, 2340432.033572981599718 ], [ 3294727.329218227416277, 2340429.653530477546155 ], [ 3294728.323792991228402, 2340426.810449204873294 ], [ 3294729.581868525128812, 2340425.017218431923538 ], [ 3294730.915756954811513, 2340423.129528863821179 ], [ 3294733.565740612801164, 2340420.544586210511625 ], [ 3294738.704225453548133, 2340416.864294329192489 ], [ 3294745.977728084661067, 2340412.840614413376898 ], [ 3294752.321291956584901, 2340410.136640591546893 ], [ 3294759.811220588628203, 2340406.93765120441094 ], [ 3294762.117508661001921, 2340405.782875566277653 ], [ 3294767.169322998728603, 2340403.244195541366935 ], [ 3294796.176979773212224, 2340385.57138575008139 ], [ 3294801.314701230730861, 2340382.195678030140698 ], [ 3294807.634535062592477, 2340377.182117389515042 ], [ 3294810.581765637267381, 2340373.997141659725457 ], [ 3294813.196850457694381, 2340370.271589418873191 ], [ 3294815.509067311882973, 2340366.122110646683723 ], [ 3294817.207081794273108, 2340365.774057917296886 ], [ 3294817.792322373017669, 2340365.630993550177664 ], [ 3294819.912547333166003, 2340364.640724704135209 ], [ 3294820.639860030729324, 2340364.188639578409493 ], [ 3294822.247575496323407, 2340363.166331954300404 ], [ 3294824.153689150232822, 2340361.736595672555268 ], [ 3294824.731455786619335, 2340361.30054724495858 ], [ 3294832.801927626598626, 2340353.971156579442322 ], [ 3294835.57842897484079, 2340352.033840594347566 ], [ 3294837.272821921855211, 2340351.168873488437384 ], [ 3294839.397285590879619, 2340350.45186034636572 ], [ 3294841.410572681576014, 2340350.170382667332888 ], [ 3294843.963413130026311, 2340350.271389897447079 ], [ 3294846.539599312003702, 2340350.885858814697713 ], [ 3294847.246958578936756, 2340351.178073775488883 ], [ 3294847.878812781535089, 2340351.442917103413492 ], [ 3294848.626775550190359, 2340351.920835139229894 ], [ 3294849.874998154118657, 2340352.727229939773679 ], [ 3294850.817348542157561, 2340353.648069150745869 ], [ 3294851.735121245495975, 2340354.542767690028995 ], [ 3294852.516985658556223, 2340355.907776 ], [ 3294852.870319335721433, 2340356.515679221134633 ], [ 3294853.519511471502483, 2340358.370726763270795 ], [ 3294854.898877640720457, 2340365.790967868175358 ], [ 3294855.916351842693985, 2340368.839886891189963 ], [ 3294857.024198653642088, 2340370.584182986523956 ], [ 3294858.132121281698346, 2340371.648548078257591 ], [ 3294859.339586563408375, 2340372.330154969356954 ], [ 3294860.592971298377961, 2340373.044313780032098 ], [ 3294862.799414235167205, 2340373.693078561685979 ], [ 3294863.694457219447941, 2340373.830655101686716 ], [ 3294864.839129136409611, 2340374.0057074688375 ], [ 3294867.272009138483554, 2340374.117571477312595 ], [ 3294868.293792547658086, 2340374.161920486483723 ], [ 3294870.83738714735955, 2340374.020994652062654 ], [ 3294872.494028677698225, 2340373.791815894190222 ], [ 3294876.809833447448909, 2340373.198515839874744 ], [ 3294887.06980724260211, 2340370.620666893664747 ], [ 3294899.066993171814829, 2340397.685464930720627 ], [ 3294901.105657413601875, 2340410.115021037869155 ], [ 3294903.893454367760569, 2340427.111946610733867 ], [ 3294910.349881767295301, 2340446.064416577573866 ], [ 3294919.25578435510397, 2340472.219319910742342 ], [ 3294931.900945395231247, 2340492.533863347489387 ], [ 3294945.203935311641544, 2340513.890103170182556 ], [ 3294982.75077381869778, 2340558.299620510078967 ], [ 3294994.415966093540192, 2340569.175572364591062 ], [ 3294994.661208952777088, 2340570.299655818380415 ], [ 3294994.800819544121623, 2340570.965277212671936 ], [ 3294995.448881316464394, 2340576.52455654554069 ], [ 3294995.777131766546518, 2340583.164784230757505 ], [ 3294995.265719321556389, 2340586.603180179838091 ], [ 3294995.574673274997622, 2340586.569380543194711 ], [ 3294994.230346840340644, 2340608.866591102443635 ], [ 3294998.018278603442013, 2340641.67157620517537 ], [ 3295005.155267920345068, 2340675.473264186643064 ], [ 3295017.677038827445358, 2340702.395511940121651 ], [ 3295019.893888225778937, 2340703.478821610566229 ], [ 3295020.264788308180869, 2340703.637136255390942 ], [ 3295021.239729784429073, 2340704.014424410648644 ], [ 3295021.723657182883471, 2340704.305169332306832 ], [ 3295022.263366037048399, 2340704.626739436760545 ], [ 3295022.713007375597954, 2340704.832155254203826 ], [ 3295023.010020327754319, 2340704.972962960600853 ], [ 3295023.277294067665935, 2340705.179866068065166 ], [ 3295023.687027072999626, 2340705.574934350326657 ], [ 3295023.947828662116081, 2340705.742378527764231 ], [ 3295024.404095788486302, 2340705.926338132470846 ], [ 3295025.425110510550439, 2340706.275263110175729 ], [ 3295026.566935484297574, 2340706.927772340364754 ], [ 3295027.303727933205664, 2340707.275722648017108 ], [ 3295027.534943945705891, 2340707.448347077704966 ], [ 3295027.749672315083444, 2340707.644154470879585 ], [ 3295027.99059655983001, 2340707.875967303756624 ], [ 3295028.338383232243359, 2340708.078921170439571 ], [ 3295028.986726203467697, 2340708.320581925101578 ], [ 3295030.946931995917112, 2340708.890686212107539 ], [ 3295031.524623912293464, 2340709.13456948986277 ], [ 3295031.877111076842993, 2340709.428032717201859 ], [ 3295032.61737500037998, 2340710.353813617490232 ], [ 3295032.960000308696181, 2340710.649003594182432 ], [ 3295033.568742226809263, 2340710.958486524876207 ], [ 3295033.911367538385093, 2340711.253676505759358 ], [ 3295034.650013447739184, 2340712.169592681340873 ], [ 3295035.002500626724213, 2340712.463055917993188 ], [ 3295035.612860590685159, 2340712.78240358736366 ], [ 3295035.955485911108553, 2340713.077593575231731 ], [ 3295036.694131847470999, 2340713.993509766180068 ], [ 3295037.036757172551006, 2340714.28869975078851 ], [ 3295037.647117147687823, 2340714.608047438319772 ], [ 3295037.912772880401462, 2340714.805085844825953 ], [ 3295038.392849759198725, 2340715.319761969149113 ], [ 3295038.674839512910694, 2340715.554532562382519 ], [ 3295039.435748983640224, 2340716.111369104124606 ], [ 3295040.951095785014331, 2340717.185583270154893 ], [ 3295041.429861887358129, 2340717.568564371205866 ], [ 3295042.023119749501348, 2340718.154755632393062 ], [ 3295043.579306655563414, 2340719.972774093970656 ], [ 3295043.901440187357366, 2340720.575993335805833 ], [ 3295044.35278147412464, 2340721.410290207248181 ], [ 3295045.59061371255666, 2340723.081089688464999 ], [ 3295047.218148164451122, 2340725.272241313941777 ], [ 3295050.075957403052598, 2340728.222191983368248 ], [ 3295053.430710304528475, 2340730.86187425814569 ], [ 3295058.829336425289512, 2340733.468425414059311 ], [ 3295060.773362076841295, 2340733.93988289590925 ], [ 3295064.07031623320654, 2340734.742742113769054 ], [ 3295066.089457956142724, 2340734.744385556317866 ], [ 3295069.618468006141484, 2340734.735362492036074 ], [ 3295072.71994648501277, 2340734.222759125754237 ], [ 3295073.194933860562742, 2340734.149740168824792 ], [ 3295077.726146831177175, 2340732.828658305574208 ], [ 3295089.731863513123244, 2340727.905388244427741 ], [ 3295092.492488829419017, 2340727.046545514371246 ], [ 3295097.874833572190255, 2340726.337541639339179 ], [ 3295100.037899487651885, 2340726.59813135350123 ], [ 3295102.409528967458755, 2340726.893239479511976 ], [ 3295108.707049859687686, 2340729.413440708070993 ], [ 3295126.647958713583648, 2340739.08909736154601 ], [ 3295131.546334656421095, 2340742.666122467257082 ], [ 3295133.639456147328019, 2340744.603237835690379 ], [ 3295134.556619616691023, 2340745.741598511114717 ], [ 3295135.933982898946851, 2340747.459004274103791 ], [ 3295150.769166177138686, 2340746.302504556719214 ], [ 3295159.602714163716882, 2340746.470841474831104 ], [ 3295169.088456532917917, 2340746.656910427846014 ], [ 3295173.929403926245868, 2340746.296407687943429 ], [ 3295176.720465833786875, 2340745.746828672941774 ], [ 3295178.568024652544409, 2340745.38274504756555 ], [ 3295181.902564798481762, 2340744.311790624633431 ], [ 3295183.425603887531906, 2340743.639198552817106 ], [ 3295185.618092876393348, 2340742.656579162459821 ], [ 3295198.13538699503988, 2340735.532970133237541 ], [ 3295204.908773011062294, 2340731.119938978925347 ], [ 3295209.099660594016314, 2340727.291004680097103 ], [ 3295212.396191825158894, 2340722.400900847744197 ], [ 3295214.858695176430047, 2340716.631877049803734 ], [ 3295215.855866068508476, 2340711.454304266255349 ], [ 3295215.536780630238354, 2340705.735945397987962 ], [ 3295213.88125410117209, 2340699.662999014370143 ], [ 3295210.851068647578359, 2340692.75505137257278 ], [ 3295206.125555833335966, 2340684.479662942700088 ], [ 3295203.905914293136448, 2340680.595981561113149 ], [ 3295198.530215032864362, 2340672.809911919292063 ], [ 3295197.312165490817279, 2340667.857835535891354 ], [ 3295197.077625011093915, 2340665.747519929427654 ], [ 3295196.827058111783117, 2340663.477642016485333 ], [ 3295198.1262252246961, 2340653.213774407282472 ], [ 3295198.321764170192182, 2340652.550359988585114 ], [ 3295198.623470211401582, 2340651.482731867115945 ], [ 3295200.301204641349614, 2340648.103978099301457 ], [ 3295202.311548851896077, 2340645.08305687783286 ], [ 3295204.905742990784347, 2340641.168363926000893 ], [ 3295207.612202824093401, 2340638.989622596651316 ], [ 3295209.404978332575411, 2340637.54929550178349 ] ] ], [ [ [ 3294429.164248847868294, 2340122.357077664230019 ], [ 3294431.950368987396359, 2340139.344152884557843 ], [ 3294432.398543270304799, 2340142.076684820000082 ], [ 3294435.217799994628876, 2340155.059632175602019 ], [ 3294437.410985571332276, 2340162.24604535009712 ], [ 3294440.163139624521136, 2340171.232267571613193 ], [ 3294442.880238763988018, 2340177.839838547632098 ], [ 3294443.721194419078529, 2340179.874416820239276 ], [ 3294446.155612772796303, 2340184.572913187555969 ], [ 3294450.127635927405208, 2340191.28548576682806 ], [ 3294452.216503785923123, 2340194.248284538276494 ], [ 3294454.715332496911287, 2340196.865302423946559 ], [ 3294455.514220975805074, 2340197.344448301475495 ], [ 3294457.956805774010718, 2340198.81443771533668 ], [ 3294460.584762620739639, 2340199.744566616602242 ], [ 3294464.753944382537156, 2340200.607789466157556 ], [ 3294468.597992749884725, 2340201.40616656653583 ], [ 3294475.747075808234513, 2340200.458811371587217 ], [ 3294492.553008514456451, 2340198.946988846175373 ], [ 3294494.621227141935378, 2340198.38188613159582 ], [ 3294499.144049445167184, 2340197.133285389747471 ], [ 3294503.464318176265806, 2340194.773423536680639 ], [ 3294504.941209985874593, 2340193.51016659848392 ], [ 3294506.373569284565747, 2340191.666121118236333 ], [ 3294507.973426315002143, 2340188.554686628747731 ], [ 3294509.03011029958725, 2340184.543853278737515 ], [ 3294509.277119422331452, 2340183.018989086616784 ], [ 3294510.555619709659368, 2340175.102914680726826 ], [ 3294512.000462024938315, 2340170.922635969240218 ], [ 3294512.844037790317088, 2340169.323758577927947 ], [ 3294513.580288641620427, 2340167.936486274935305 ], [ 3294516.11787272663787, 2340164.97544823307544 ], [ 3294518.700836647767574, 2340162.909639630932361 ], [ 3294522.520618138834834, 2340160.962152551859617 ], [ 3294524.361860791221261, 2340160.49768292112276 ], [ 3294525.716481629293412, 2340160.159011775627732 ], [ 3294527.671214623376727, 2340157.046329796779901 ], [ 3294530.27945294836536, 2340151.485173497814685 ], [ 3294531.500793252140284, 2340141.488617332652211 ], [ 3294531.419819138012826, 2340140.376364199444652 ], [ 3294531.20717557426542, 2340137.409780273213983 ], [ 3294532.757263614796102, 2340135.788676047697663 ], [ 3294534.416218540165573, 2340133.346815230324864 ], [ 3294535.530689976643771, 2340131.172808568924665 ], [ 3294536.522966437973082, 2340129.243454644456506 ], [ 3294537.531808781437576, 2340126.610986112616956 ], [ 3294539.31318872096017, 2340121.01001000078395 ], [ 3294428.853760824538767, 2340121.01001000078395 ], [ 3294429.164248847868294, 2340122.357077664230019 ] ] ], [ [ [ 3296704.283366668969393, 2340141.802879749797285 ], [ 3296700.432566728908569, 2340161.747787394095212 ], [ 3296689.995866828132421, 2340176.919267928693444 ], [ 3296691.115084329620004, 2340187.764217345975339 ], [ 3296702.907366030849516, 2340213.271625613328069 ], [ 3296705.611571146175265, 2340219.120351458434016 ], [ 3296727.924197022337466, 2340287.741148407571018 ], [ 3296735.725090000312775, 2340311.724345013033599 ], [ 3296735.725090000312775, 2340121.01001000078395 ], [ 3296707.970738894771785, 2340121.01001000078395 ], [ 3296704.283366668969393, 2340141.802879749797285 ] ] ], [ [ [ 3296725.979326757602394, 2340369.163149286527187 ], [ 3296700.450287770479918, 2340411.696989263407886 ], [ 3296693.494282196741551, 2340423.285856188740581 ], [ 3296654.785844649653882, 2340557.174772487487644 ], [ 3296606.226016233675182, 2340725.140149458311498 ], [ 3296583.389955332968384, 2340804.13113658176735 ], [ 3296610.010149928741157, 2340806.168462301138788 ], [ 3296609.29471096675843, 2340814.919450034853071 ], [ 3296611.170709010213614, 2340847.510908039286733 ], [ 3296610.609121466986835, 2340849.344519497826695 ], [ 3296610.776794510893524, 2340857.108776651322842 ], [ 3296596.650167225860059, 2340858.688864246942103 ], [ 3296565.844666135497391, 2340858.90645577898249 ], [ 3296559.108957171440125, 2340860.085660877637565 ], [ 3296554.494103516452014, 2340860.030998644419014 ], [ 3296552.166143839247525, 2340860.002188329119235 ], [ 3296537.215440031606704, 2340863.918514729011804 ], [ 3296534.55980696901679, 2340865.479409000836313 ], [ 3296530.893942540045828, 2340867.623080535791814 ], [ 3296514.807817392516881, 2340874.204140138346702 ], [ 3296515.905276261270046, 2340876.812841048464179 ], [ 3296517.394596972502768, 2340880.3880292060785 ], [ 3296520.997310956008732, 2340886.333172502461821 ], [ 3296522.14916248479858, 2340888.221995238214731 ], [ 3296523.817467798478901, 2340893.135821084491909 ], [ 3296528.570416864007711, 2340900.95992266992107 ], [ 3296536.935044088866562, 2340920.288671907968819 ], [ 3296538.187532538082451, 2340925.265147130005062 ], [ 3296538.612923237495124, 2340929.219407984986901 ], [ 3296539.824683855753392, 2340940.565774550661445 ], [ 3296531.724998854566365, 2340967.262311658356339 ], [ 3296530.142563085071743, 2340971.28394016996026 ], [ 3296519.394100201781839, 2340981.212990875355899 ], [ 3296517.897172873839736, 2340982.601479765493423 ], [ 3296512.087579371407628, 2340985.282827329821885 ], [ 3296499.930022666230798, 2340995.651386188808829 ], [ 3296499.348168765194714, 2340995.753251393325627 ], [ 3296498.243632552679628, 2340995.946622647810727 ], [ 3296493.676498232409358, 2340999.770281503442675 ], [ 3296475.99626786261797, 2341011.105705862864852 ], [ 3296469.042558009270579, 2341016.646126127336174 ], [ 3296464.564799113199115, 2341020.210591432172805 ], [ 3296445.089917716570199, 2341028.52154488582164 ], [ 3296425.559557791333646, 2341035.380913928151131 ], [ 3296420.814906704239547, 2341037.93672209372744 ], [ 3296419.582166457083076, 2341038.152540249750018 ], [ 3296417.461853257846087, 2341038.523747529834509 ], [ 3296411.31412568455562, 2341043.040201941505075 ], [ 3296407.672618502750993, 2341044.651932828128338 ], [ 3296403.294242640957236, 2341046.595628583803773 ], [ 3296384.579235623590648, 2341058.487733939662576 ], [ 3296376.628932077903301, 2341062.467347394675016 ], [ 3296378.971451615914702, 2341052.812437819316983 ], [ 3296383.464040495455265, 2341034.246672651264817 ], [ 3296367.443530132994056, 2341040.237887322902679 ], [ 3296351.194427087903023, 2341046.319868288002908 ], [ 3296312.476354335434735, 2341085.754557121545076 ], [ 3296268.391961368732154, 2341130.634521729312837 ], [ 3296253.831784622278064, 2341156.290613563265651 ], [ 3296241.326178463175893, 2341178.329509153030813 ], [ 3296239.400682205799967, 2341189.413338380400091 ], [ 3296230.294577980414033, 2341242.011414328124374 ], [ 3296223.703973575960845, 2341261.269303997047246 ], [ 3296221.124956736341119, 2341269.605825759004802 ], [ 3296219.316140581853688, 2341275.463315946981311 ], [ 3296216.239943370688707, 2341289.427692553028464 ], [ 3296214.046584775205702, 2341300.548285712953657 ], [ 3296213.360343568492681, 2341312.7547014397569 ], [ 3296244.387136379722506, 2341312.031271066516638 ], [ 3296246.181800100952387, 2341325.508198033086956 ], [ 3296247.471685850061476, 2341335.227408979553729 ], [ 3296247.114002878312021, 2341338.303987785242498 ], [ 3296248.698404791764915, 2341351.117517204023898 ], [ 3296249.777327944524586, 2341359.797976410016418 ], [ 3296249.543811564333737, 2341360.539072206243873 ], [ 3296249.214146452024579, 2341361.62173764128238 ], [ 3296250.861383447889239, 2341371.664010911714286 ], [ 3296250.596357062458992, 2341372.52225155569613 ], [ 3296250.30806428194046, 2341373.486045684665442 ], [ 3296251.405144789721817, 2341380.17431831266731 ], [ 3296251.225304430816323, 2341394.849376732017845 ], [ 3296255.34503382910043, 2341419.964928415138274 ], [ 3296255.816340050660074, 2341425.930625976063311 ], [ 3296256.154021789319813, 2341430.153964963741601 ], [ 3296259.08062072750181, 2341444.965075097978115 ], [ 3296261.247949491720647, 2341455.951394202653319 ], [ 3296262.756086802575737, 2341467.743189183063805 ], [ 3296262.467991327866912, 2341471.243952636606991 ], [ 3296257.833233845885843, 2341482.386077309492975 ], [ 3296257.543521353043616, 2341485.876976486295462 ], [ 3296258.364002047572285, 2341496.074154113419354 ], [ 3296257.691471250727773, 2341505.457037928514183 ], [ 3296257.056224759668112, 2341514.386882174760103 ], [ 3296259.235841702669859, 2341535.529220951721072 ], [ 3296258.898399624042213, 2341541.017489869147539 ], [ 3296258.781786371953785, 2341542.966029977425933 ], [ 3296253.367421643808484, 2341651.95998456235975 ], [ 3296279.72337467269972, 2341649.913028677925467 ], [ 3296282.058384285308421, 2341664.147817905526608 ], [ 3296283.445200375281274, 2341667.345195336267352 ], [ 3296286.592060056980699, 2341682.138061225414276 ], [ 3296289.092599342577159, 2341693.918493268080056 ], [ 3296292.851099002175033, 2341703.286707572638988 ], [ 3296294.906716634053737, 2341708.396597728133202 ], [ 3296296.817670308053493, 2341714.851059805601835 ], [ 3296299.743471154011786, 2341724.770985541399568 ], [ 3296302.243638205807656, 2341729.498603451997042 ], [ 3296303.491349758580327, 2341734.445501819252968 ], [ 3296310.130851535126567, 2341748.01799819432199 ], [ 3296313.575723021756858, 2341747.496053201612085 ], [ 3296315.14861277025193, 2341747.251115314662457 ], [ 3296324.716600450221449, 2341744.784403891768306 ], [ 3296336.027276534587145, 2341787.69902472011745 ], [ 3296342.922788104042411, 2341813.840710167307407 ], [ 3296363.571210043504834, 2341909.47339313197881 ], [ 3296368.468383778817952, 2341927.32898263912648 ], [ 3296372.876749270129949, 2341925.197324108798057 ], [ 3296378.775538437999785, 2341924.915514386259019 ], [ 3296383.525804191827774, 2341924.682568886317313 ], [ 3296395.69847073731944, 2341925.230454368051142 ], [ 3296405.788119948934764, 2341925.696523671038449 ], [ 3296407.862894411198795, 2341925.789933392778039 ], [ 3296419.1795310433954, 2341921.119384510908276 ], [ 3296428.970940208528191, 2341915.376334242057055 ], [ 3296439.860374486539513, 2341908.101504139136523 ], [ 3296451.622752514202148, 2341897.984614129643887 ], [ 3296458.036712435074151, 2341896.019376541487873 ], [ 3296461.842990998644382, 2341894.855723225511611 ], [ 3296474.890224367380142, 2341892.571428038645536 ], [ 3296490.019379386678338, 2341889.496419154573232 ], [ 3296497.005084546282887, 2341890.150758647825569 ], [ 3296501.610754568595439, 2341890.582465386018157 ], [ 3296515.141283135395497, 2341890.811460957862437 ], [ 3296520.125581473112106, 2341892.252570552751422 ], [ 3296521.080930081661791, 2341891.273467793595046 ], [ 3296524.294522753916681, 2341887.981019164901227 ], [ 3296528.542512224055827, 2341883.634740749374032 ], [ 3296531.276874501258135, 2341880.142050891648978 ], [ 3296532.460267843678594, 2341878.635917776729912 ], [ 3296533.015189297497272, 2341876.823746983893216 ], [ 3296535.264092116616666, 2341873.649455422069877 ], [ 3296540.012445109896362, 2341866.972863269038498 ], [ 3296542.024846252985299, 2341865.078037650324404 ], [ 3296543.368655581027269, 2341863.807668638881296 ], [ 3296548.966108908411115, 2341855.937174000777304 ], [ 3296552.395023232791573, 2341848.02012537047267 ], [ 3296553.879013392142951, 2341841.296022925991565 ], [ 3296556.259422081988305, 2341837.43908922560513 ], [ 3296557.79839332588017, 2341836.307069285772741 ], [ 3296559.800351901911199, 2341835.95657287305221 ], [ 3296561.141565545462072, 2341835.721757583320141 ], [ 3296564.632145432755351, 2341835.973220175597817 ], [ 3296568.923426556400955, 2341837.951734615489841 ], [ 3296572.072564423084259, 2341839.399554315488786 ], [ 3296577.44678934244439, 2341840.620182015001774 ], [ 3296585.877615505829453, 2341839.570360244251788 ], [ 3296588.105876884423196, 2341840.04282611515373 ], [ 3296590.570483903866261, 2341842.574553445447236 ], [ 3296592.76472983835265, 2341844.818729997146875 ], [ 3296591.135980523191392, 2341855.54619737714529 ], [ 3296590.076905496884137, 2341862.510493972338736 ], [ 3296585.578202221542597, 2341877.079124552663416 ], [ 3296585.290129144210368, 2341880.579887052997947 ], [ 3296586.320858783088624, 2341884.265826948452741 ], [ 3296591.608218807727098, 2341887.368898564018309 ], [ 3296595.368273398838937, 2341889.57234329264611 ], [ 3296596.073746506590396, 2341891.275475525762886 ], [ 3296597.523834926076233, 2341894.796663446351886 ], [ 3296597.923436066135764, 2341899.892046363092959 ], [ 3296596.381289702840149, 2341903.60222019162029 ], [ 3296589.25473406072706, 2341912.60300548421219 ], [ 3296581.004722776357085, 2341919.517178742215037 ], [ 3296580.16670898348093, 2341920.222037254832685 ], [ 3296570.468838407658041, 2341926.659042576793581 ], [ 3296565.010499887168407, 2341932.780020971782506 ], [ 3296562.986194505356252, 2341936.148396031465381 ], [ 3296560.317725963424891, 2341943.506097344215959 ], [ 3296560.375859993509948, 2341945.221084482967854 ], [ 3296560.44223773246631, 2341946.924480332061648 ], [ 3296564.180285202339292, 2341956.600726484786719 ], [ 3296568.140054461546242, 2341962.371754663530737 ], [ 3296574.33632888039574, 2341968.603655430488288 ], [ 3296606.296618402004242, 2341992.001051315572113 ], [ 3296634.285853337496519, 2341947.898952271789312 ], [ 3296646.540879944339395, 2341947.711955816019326 ], [ 3296650.845018045045435, 2341949.150376792997122 ], [ 3296665.0132174519822, 2341953.885108733549714 ], [ 3296685.351188528351486, 2341958.381951925344765 ], [ 3296696.098177681677043, 2341960.752437809947878 ], [ 3296710.982937722932547, 2341966.701264476403594 ], [ 3296735.725090000312775, 2341969.249619969632477 ], [ 3296735.725090000312775, 2340319.387264668475837 ], [ 3296725.979326757602394, 2340369.163149286527187 ] ] ] ] } },
{ "type": "Feature", "properties": { "CODE_18": "312", "Uso": "Bosques de coníferas", "color": "#00A600" }, "geometry": { "type": "Polygon", "coordinates": [ [ [ 3294639.407827842980623, 2341977.677706793881953 ], [ 3294634.5797377564013, 2341976.199230525642633 ], [ 3294626.318818472325802, 2341972.40935677010566 ], [ 3294614.729454725980759, 2341965.954917274881154 ], [ 3294604.725255692843348, 2341958.279115699231625 ], [ 3294598.033220848534256, 2341952.550210796762258 ], [ 3294592.437956944108009, 2341947.755696143954992 ], [ 3294585.62794039119035, 2341941.245745621155947 ], [ 3294579.693087978754193, 2341934.937729474157095 ], [ 3294571.271081017330289, 2341924.600045814178884 ], [ 3294559.216244645416737, 2341909.804130578879267 ], [ 3294552.558513269759715, 2341902.181659555062652 ], [ 3294548.999363429844379, 2341898.481787260621786 ], [ 3294546.359472326003015, 2341895.747389135882258 ], [ 3294543.076798439957201, 2341893.176291693933308 ], [ 3294538.844107332639396, 2341891.431186781730503 ], [ 3294535.429982949048281, 2341890.841707658022642 ], [ 3294526.486110464204103, 2341890.804485887754709 ], [ 3294513.790327995549887, 2341891.891092395875603 ], [ 3294505.438714211806655, 2341892.186533197760582 ], [ 3294502.035462126601487, 2341891.848856570199132 ], [ 3294499.911704171914607, 2341891.642309432849288 ], [ 3294497.958126286976039, 2341891.050774949137121 ], [ 3294496.301160600967705, 2341890.102853992953897 ], [ 3294495.574987799860537, 2341889.44860663311556 ], [ 3294494.899188110139221, 2341888.359314414206892 ], [ 3294494.275781570933759, 2341887.342032925225794 ], [ 3294493.618554706685245, 2341884.077776556834579 ], [ 3294494.248316785786301, 2341879.258738310076296 ], [ 3294495.81519321911037, 2341874.833748820703477 ], [ 3294500.1871696007438, 2341866.852796607650816 ], [ 3294503.034551464486867, 2341862.812465212773532 ], [ 3294515.500741082243621, 2341845.112898294813931 ], [ 3294517.641773583367467, 2341841.033889455720782 ], [ 3294518.612137177493423, 2341837.981882940046489 ], [ 3294518.861529398709536, 2341835.482351579703391 ], [ 3294518.424044248647988, 2341832.382580706384033 ], [ 3294514.160261650104076, 2341822.037264593876898 ], [ 3294512.753865560516715, 2341816.803526272531599 ], [ 3294512.680698192678392, 2341815.182482095435262 ], [ 3294512.595193415880203, 2341813.238856661133468 ], [ 3294513.020631943829358, 2341810.637460511177778 ], [ 3294513.474175199400634, 2341809.939000382553786 ], [ 3294530.614131723996252, 2341793.024426909163594 ], [ 3294539.839614555239677, 2341778.327935077715665 ], [ 3294543.078543644398451, 2341774.076972713693976 ], [ 3294546.004164531361312, 2341770.946432944387197 ], [ 3294547.669597479049116, 2341769.163014491088688 ], [ 3294554.259495621547103, 2341758.561098331585526 ], [ 3294558.215306726284325, 2341753.423491340130568 ], [ 3294559.211085887160152, 2341742.177466541994363 ], [ 3294559.943153222557157, 2341733.900294218212366 ], [ 3294562.369499271269888, 2341722.160207294393331 ], [ 3294563.688249222934246, 2341715.789638901129365 ], [ 3294564.938500735908747, 2341706.589579625520855 ], [ 3294566.121739741414785, 2341697.908664111047983 ], [ 3294565.514658824540675, 2341677.881014667451382 ], [ 3294565.344660620670766, 2341660.455945119261742 ], [ 3294567.33408139180392, 2341648.031265856698155 ], [ 3294577.569470662623644, 2341636.831600485835224 ], [ 3294588.458779548760504, 2341629.556398069951683 ], [ 3294598.705656165257096, 2341618.36487789824605 ], [ 3294604.319000775460154, 2341614.611481511965394 ], [ 3294609.585108968894929, 2341611.091409030370414 ], [ 3294612.970588567201048, 2341609.341690553352237 ], [ 3294619.458641274832189, 2341605.972979246173054 ], [ 3294620.485061733983457, 2341606.787762536667287 ], [ 3294621.490140463691205, 2341607.596134818624705 ], [ 3294622.551915511488914, 2341608.069838212337345 ], [ 3294624.965255914721638, 2341604.166424422990531 ], [ 3294628.655337428674102, 2341598.212775111664087 ], [ 3294629.850041385740042, 2341596.775645630899817 ], [ 3294633.124440290033817, 2341592.80263922829181 ], [ 3294634.530486304312944, 2341591.602502196095884 ], [ 3294635.858189254533499, 2341590.852454204112291 ], [ 3294637.549464157782495, 2341589.906815722119063 ], [ 3294639.050222752150148, 2341589.593279158230871 ], [ 3294640.424396665766835, 2341589.312056854367256 ], [ 3294642.6813681605272, 2341589.4648417821154 ], [ 3294647.905943769495934, 2341591.381307455245405 ], [ 3294662.007229565177113, 2341599.171831640414894 ], [ 3294674.970134069211781, 2341605.588734882418066 ], [ 3294693.198622783645988, 2341614.605001385323703 ], [ 3294696.884518307633698, 2341616.232756935991347 ], [ 3294699.29036639817059, 2341617.293103505857289 ], [ 3294702.345320294611156, 2341618.290527401492 ], [ 3294704.628734866622835, 2341619.037424352951348 ], [ 3294708.568163658026606, 2341619.798784916289151 ], [ 3294732.605552756227553, 2341622.41936020553112 ], [ 3294755.052854442037642, 2341626.91163781657815 ], [ 3294762.82298832712695, 2341627.89525515306741 ], [ 3294775.1732276706025, 2341628.35086643602699 ], [ 3294793.558167135342956, 2341627.374284952878952 ], [ 3294796.421715212985873, 2341627.390415049623698 ], [ 3294799.724281859584153, 2341627.918262544088066 ], [ 3294799.440095846541226, 2341629.216246468015015 ], [ 3294799.105991163291037, 2341630.766526843886822 ], [ 3294799.107127823401242, 2341632.938029814511538 ], [ 3294800.230535168200731, 2341638.982420651242137 ], [ 3294803.445481951348484, 2341650.231899656355381 ], [ 3294803.910439235158265, 2341655.478257105220109 ], [ 3294812.634779900778085, 2341678.915000507608056 ], [ 3294821.901382740586996, 2341710.852271926123649 ], [ 3294829.856388617306948, 2341743.019218281377107 ], [ 3294838.678943039383739, 2341780.412776384968311 ], [ 3294841.680510295089334, 2341812.625117330811918 ], [ 3294843.784340102691203, 2341813.575981701724231 ], [ 3294845.832636057864875, 2341815.054126264993101 ], [ 3294846.60503302142024, 2341815.619096659123898 ], [ 3294848.844434779603034, 2341818.200370407663286 ], [ 3294849.257258272729814, 2341818.676082360558212 ], [ 3294853.938039002940059, 2341825.193559327628464 ], [ 3294855.278211466502398, 2341826.684071763884276 ], [ 3294856.072807304095477, 2341827.569895931519568 ], [ 3294856.955149701796472, 2341828.186651251278818 ], [ 3294858.379657935816795, 2341826.171431433409452 ], [ 3294860.454050450120121, 2341821.809819073881954 ], [ 3294865.342465906403959, 2341807.700339247472584 ], [ 3294866.244606546591967, 2341805.654812528286129 ], [ 3294867.642614925280213, 2341803.725419197697192 ], [ 3294867.968662112951279, 2341803.424770605284721 ], [ 3294869.004356010816991, 2341802.502598932012916 ], [ 3294871.235093429218978, 2341801.320426705759019 ], [ 3294882.657905601896346, 2341798.163330990821123 ], [ 3294885.901472934056073, 2341796.66173268482089 ], [ 3294888.748399537988007, 2341794.783070357516408 ], [ 3294891.168548014014959, 2341792.096250901930034 ], [ 3294893.245667311828583, 2341788.617053845897317 ], [ 3294896.705452471971512, 2341780.146411982364953 ], [ 3294898.211352167651057, 2341776.46279527945444 ], [ 3294901.702380890958011, 2341769.295794893056154 ], [ 3294900.943217228166759, 2341765.41006365744397 ], [ 3294899.823755921330303, 2341763.03860719781369 ], [ 3294897.743667983449996, 2341759.820547491777688 ], [ 3294895.011085459962487, 2341756.706595159135759 ], [ 3294892.606453289743513, 2341755.158919924870133 ], [ 3294890.767824848648161, 2341754.58783752610907 ], [ 3294888.089727635029703, 2341754.650861852336675 ], [ 3294884.886367107275873, 2341755.840973652899265 ], [ 3294874.907820038963109, 2341763.535089256707579 ], [ 3294869.483525927644223, 2341766.585582491010427 ], [ 3294867.0594551875256, 2341766.898422662168741 ], [ 3294865.813084642868489, 2341766.660003289580345 ], [ 3294865.350343419238925, 2341766.436587758362293 ], [ 3294863.970363277941942, 2341765.754749537911266 ], [ 3294861.954642618540674, 2341763.733048489317298 ], [ 3294863.579950156621635, 2341759.602299459278584 ], [ 3294866.231436349451542, 2341750.471491422038525 ], [ 3294866.757461400236934, 2341749.039826081134379 ], [ 3294867.506823488976806, 2341746.990608843509108 ], [ 3294869.069915050175041, 2341744.088532667141408 ], [ 3294871.791383334901184, 2341741.135840229690075 ], [ 3294873.716712888795882, 2341739.885370778851211 ], [ 3294876.959825554396957, 2341738.566520287655294 ], [ 3294878.377445145510137, 2341737.993546349927783 ], [ 3294881.300373757258058, 2341737.258465707302094 ], [ 3294884.350743586197495, 2341736.805513842962682 ], [ 3294894.372925453353673, 2341735.314426090568304 ], [ 3294897.204166833776981, 2341734.4533273242414 ], [ 3294898.248200675938278, 2341734.138585560489446 ], [ 3294899.287684576120228, 2341733.672418417409062 ], [ 3294901.244922373909503, 2341732.801992349326611 ], [ 3294904.020744867622852, 2341731.108302481006831 ], [ 3294905.412777937017381, 2341730.25566180748865 ], [ 3294913.169388654641807, 2341724.168406552635133 ], [ 3294919.897292752284557, 2341718.180099702905864 ], [ 3294923.106751632411033, 2341714.553370431996882 ], [ 3294926.475944734644145, 2341708.808155176695436 ], [ 3294929.797775686718524, 2341700.980717968195677 ], [ 3294937.307016040198505, 2341675.574145951773971 ], [ 3294944.951202477794141, 2341654.020539658144116 ], [ 3294950.029820588883013, 2341636.802914085797966 ], [ 3294956.75485066184774, 2341635.249857216142118 ], [ 3294961.938969627022743, 2341633.641879779752344 ], [ 3294966.46488290047273, 2341631.793972403742373 ], [ 3294979.767926723696291, 2341625.07043011393398 ], [ 3294980.160932303406298, 2341624.930576820857823 ], [ 3294990.84905462898314, 2341621.252690627239645 ], [ 3294994.979463709052652, 2341621.199221320450306 ], [ 3294997.131746442057192, 2341621.827015335205942 ], [ 3295002.543796218931675, 2341624.329713851213455 ], [ 3295005.940865612588823, 2341626.485020133201033 ], [ 3295006.02988123614341, 2341633.58326817676425 ], [ 3295007.044083020184189, 2341644.528023535851389 ], [ 3295008.023711474146694, 2341650.252548862248659 ], [ 3295008.188921690918505, 2341651.197840175591409 ], [ 3295009.558590949513018, 2341655.341997797600925 ], [ 3295010.670566195622087, 2341657.42046819627285 ], [ 3295011.473496613558382, 2341658.91372124152258 ], [ 3295013.739486890379339, 2341662.028191985562444 ], [ 3295017.529080332256854, 2341666.205280426889658 ], [ 3295018.912542762234807, 2341667.46495523955673 ], [ 3295020.799201862886548, 2341669.194665967486799 ], [ 3295023.008673276752234, 2341670.604000200517476 ], [ 3295023.892785494215786, 2341671.169706854037941 ], [ 3295027.966531846206635, 2341672.749860127922148 ], [ 3295032.304529797751456, 2341673.776336218696088 ], [ 3295037.564985578414053, 2341674.489066157024354 ], [ 3295046.117505834903568, 2341674.676089358516037 ], [ 3295056.507062838412821, 2341673.445447537116706 ], [ 3295060.885084360837936, 2341672.922402448020875 ], [ 3295067.528172978200018, 2341672.601479646749794 ], [ 3295068.932333376258612, 2341672.812274209223688 ], [ 3295072.085511626210064, 2341673.295255764387548 ], [ 3295074.144031942356378, 2341673.9699138822034 ], [ 3295075.560680607333779, 2341674.442373041063547 ], [ 3295079.546925710048527, 2341676.849700480699539 ], [ 3295083.583369689527899, 2341680.861789629328996 ], [ 3295084.98032899107784, 2341682.636656225193292 ], [ 3295086.170953327324241, 2341684.143208738416433 ], [ 3295096.720118856988847, 2341699.22310237120837 ], [ 3295099.943500745575875, 2341703.16444999538362 ], [ 3295102.283743959851563, 2341705.494663179386407 ], [ 3295106.417611996643245, 2341707.997920065186918 ], [ 3295108.463186939246953, 2341708.593660591635853 ], [ 3295111.925774686969817, 2341708.860095360316336 ], [ 3295115.137327111791819, 2341708.338340874761343 ], [ 3295116.646942320279777, 2341707.769561716821045 ], [ 3295117.849986396264285, 2341706.93987180152908 ], [ 3295118.832529878243804, 2341706.250273055396974 ], [ 3295119.940251597203314, 2341704.777646366506815 ], [ 3295120.065980723593384, 2341704.430891162250191 ], [ 3295120.894547631498426, 2341702.24603576771915 ], [ 3295121.087750088423491, 2341701.197393677197397 ], [ 3295121.275945439469069, 2341700.18007272016257 ], [ 3295121.347383294254541, 2341697.894384776242077 ], [ 3295121.434910057112575, 2341695.088325540535152 ], [ 3295120.832442034967244, 2341690.302424244582653 ], [ 3295120.585253334138542, 2341689.290302726905793 ], [ 3295120.136490997392684, 2341687.420442385599017 ], [ 3295117.227517970371991, 2341679.953384172171354 ], [ 3295112.506324260495603, 2341671.21039308886975 ], [ 3295108.51591967837885, 2341665.870985915884376 ], [ 3295098.065844829659909, 2341653.868918541818857 ], [ 3295096.321004584431648, 2341651.272079940885305 ], [ 3295094.343785704579204, 2341648.310006380546838 ], [ 3295093.95514371432364, 2341647.363246152177453 ], [ 3295093.465257591102272, 2341646.170362793840468 ], [ 3295093.158043358009309, 2341644.854160334449261 ], [ 3295092.894673314876854, 2341643.743391210213304 ], [ 3295092.846551596652716, 2341641.9657485447824 ], [ 3295092.828353427816182, 2341641.360047971364111 ], [ 3295093.126402394846082, 2341639.775493463501334 ], [ 3295094.057681675069034, 2341637.907541714143008 ], [ 3295095.186136989854276, 2341636.684988209046423 ], [ 3295097.211557433009148, 2341635.488041448872536 ], [ 3295099.605345783755183, 2341634.805035948753357 ], [ 3295102.522054226603359, 2341634.588613264728338 ], [ 3295105.933257945813239, 2341635.036564867012203 ], [ 3295107.5930624618195, 2341635.50704061659053 ], [ 3295108.79482773784548, 2341635.844608950428665 ], [ 3295116.067004057113081, 2341638.863899317104369 ], [ 3295128.189814042765647, 2341644.85968170594424 ], [ 3295132.777415713761002, 2341647.902526590973139 ], [ 3295134.716619932558388, 2341649.643334908410907 ], [ 3295137.073806181084365, 2341651.76761965546757 ], [ 3295145.599113817326725, 2341660.199692779220641 ], [ 3295148.481846948154271, 2341663.053951760753989 ], [ 3295156.212528876960278, 2341669.301246408838779 ], [ 3295165.113866428378969, 2341676.500444917473942 ], [ 3295169.434252706356347, 2341678.656454234384 ], [ 3295171.8909393963404, 2341679.09902632329613 ], [ 3295174.958811539690942, 2341678.876433627214283 ], [ 3295177.336723041720688, 2341677.972952052019536 ], [ 3295179.017378891818225, 2341677.333633556030691 ], [ 3295182.694937691092491, 2341675.076143591664732 ], [ 3295185.453731991350651, 2341672.969381257891655 ], [ 3295187.571815127972513, 2341670.853030112572014 ], [ 3295189.350412749685347, 2341667.842200278304517 ], [ 3295190.044518610462546, 2341664.899487293791026 ], [ 3295190.083196859341115, 2341661.919317780993879 ], [ 3295189.624236149713397, 2341658.874062984716147 ], [ 3295188.719876741990447, 2341655.896649202797562 ], [ 3295187.301086066756397, 2341652.999164002016187 ], [ 3295185.621737154200673, 2341650.492338251322508 ], [ 3295185.42187512293458, 2341650.263483080547303 ], [ 3295180.07429928984493, 2341644.319421171676368 ], [ 3295173.259697898291051, 2341638.337939858436584 ], [ 3295161.743550962302834, 2341629.546674084849656 ], [ 3295156.868062222842127, 2341624.686983898747712 ], [ 3295155.416696059517562, 2341622.333053042646497 ], [ 3295154.967936249449849, 2341620.463193346746266 ], [ 3295154.59230072516948, 2341618.915417307522148 ], [ 3295154.8735868986696, 2341615.496991234365851 ], [ 3295155.191453161183745, 2341614.528002955485135 ], [ 3295155.835429342463613, 2341612.578434865921736 ], [ 3295158.345726279076189, 2341609.327856216114014 ], [ 3295160.416213510558009, 2341607.849022706504911 ], [ 3295161.614405678585172, 2341606.989740804303437 ], [ 3295166.623310649301857, 2341604.499134910758585 ], [ 3295172.064608903601766, 2341602.541704434901476 ], [ 3295175.580720664933324, 2341601.773814319167286 ], [ 3295179.655718530062586, 2341600.887767759617418 ], [ 3295185.723196737468243, 2341600.150097436271608 ], [ 3295192.340554553084075, 2341599.610439578071237 ], [ 3295206.912720648571849, 2341599.13923321897164 ], [ 3295215.784737000241876, 2341598.367160208988935 ], [ 3295221.037289752624929, 2341596.990781895816326 ], [ 3295223.812821009662002, 2341595.418943890370429 ], [ 3295226.261966191697866, 2341592.970630191266537 ], [ 3295227.832709015347064, 2341590.300643553957343 ], [ 3295228.507280176505446, 2341588.599423297680914 ], [ 3295229.376919568516314, 2341586.417530491948128 ], [ 3295230.015798981301486, 2341583.880267391446978 ], [ 3295230.623169635888189, 2341581.460150632075965 ], [ 3295230.855730939190835, 2341579.785585165955126 ], [ 3295231.155309794936329, 2341577.591879977844656 ], [ 3295231.275391879491508, 2341572.943319497164339 ], [ 3295229.807572975754738, 2341562.078012780752033 ], [ 3295233.957712549716234, 2341562.021106948144734 ], [ 3295237.600198370870203, 2341561.961757520679384 ], [ 3295238.561800533439964, 2341561.762938861735165 ], [ 3295240.476761267520487, 2341561.376893153879791 ], [ 3295216.807581663131714, 2341558.651052181143314 ], [ 3295199.187504873145372, 2341556.62165293795988 ], [ 3295189.38142515392974, 2341555.78136040456593 ], [ 3295169.153286328539252, 2341554.056415446102619 ], [ 3295167.088995010592043, 2341553.717651351820678 ], [ 3295147.635055470280349, 2341550.527749617118388 ], [ 3295145.661444058641791, 2341550.061479003634304 ], [ 3295137.336773840244859, 2341548.109359414316714 ], [ 3295136.734501966275275, 2341547.83933691540733 ], [ 3295131.034993787296116, 2341545.315924556925893 ], [ 3295125.760886771604419, 2341540.871069552376866 ], [ 3295120.202772692777216, 2341535.684391996823251 ], [ 3295120.030878266319633, 2341535.440491759683937 ], [ 3295117.013596892356873, 2341531.209354401100427 ], [ 3295115.77427789894864, 2341529.467774074990302 ], [ 3295112.297370902262628, 2341523.11497804755345 ], [ 3295109.687112963292748, 2341515.118660736829042 ], [ 3295108.030093637760729, 2341505.017144020646811 ], [ 3295107.830764125101268, 2341490.814255842007697 ], [ 3295107.718935544136912, 2341482.339874270837754 ], [ 3295107.48708212794736, 2341477.834121494553983 ], [ 3295106.350231970194727, 2341454.88536265771836 ], [ 3295106.06226552836597, 2341449.171664126683027 ], [ 3295105.941791228484362, 2341446.767363077029586 ], [ 3295106.127345085144043, 2341440.909863397013396 ], [ 3295106.53610350843519, 2341427.940056233666837 ], [ 3295106.665995411574841, 2341423.969702051021159 ], [ 3295107.526028232648969, 2341396.804877261165529 ], [ 3295107.560329127125442, 2341355.638202040456235 ], [ 3295107.63211374823004, 2341354.529638730920851 ], [ 3295116.054772296454757, 2341235.67193447612226 ], [ 3295110.598645549733192, 2341232.405683794524521 ], [ 3295104.431067948695272, 2341228.513048336841166 ], [ 3295098.489853416569531, 2341224.763443215750158 ], [ 3295091.998607385903597, 2341220.876741547137499 ], [ 3295088.073010540101677, 2341218.529826205223799 ], [ 3295078.940963625907898, 2341220.128823271021247 ], [ 3295069.080392329953611, 2341227.244017312303185 ], [ 3295064.342877675779164, 2341237.450375688727945 ], [ 3295061.043313588015735, 2341250.11449290253222 ], [ 3295057.753614917397499, 2341262.776884887367487 ], [ 3295048.175809907726943, 2341269.822281244210899 ], [ 3295036.857577983289957, 2341274.483182976953685 ], [ 3295027.708585238549858, 2341284.142745166551322 ], [ 3295023.330734551884234, 2341298.335229569114745 ], [ 3295023.071761087980121, 2341313.146052995696664 ], [ 3295016.509350850712508, 2341330.410303719807416 ], [ 3295007.11835423251614, 2341346.820147279184312 ], [ 3295002.498508177697659, 2341367.762913394253701 ], [ 3295003.766391988378018, 2341383.656092774122953 ], [ 3295007.089292732998729, 2341398.347147208638489 ], [ 3295005.035495372023433, 2341402.33978911768645 ], [ 3295004.117639087606221, 2341405.402864016126841 ], [ 3295003.811096719931811, 2341406.440905869938433 ], [ 3295003.564634899608791, 2341410.380933726672083 ], [ 3295004.293179040774703, 2341414.018312288448215 ], [ 3295006.299146101344377, 2341417.959714980795979 ], [ 3295013.237438453827053, 2341426.365220580715686 ], [ 3295014.26510797906667, 2341427.991637967061251 ], [ 3295015.338878414593637, 2341430.888644417282194 ], [ 3295015.485487055964768, 2341434.008886045776308 ], [ 3295014.965250343084335, 2341436.403599902056158 ], [ 3295014.393905407749116, 2341437.559045790694654 ], [ 3295013.952993103303015, 2341438.458246428519487 ], [ 3295010.646507224068046, 2341442.112090597860515 ], [ 3295005.860966863110662, 2341445.284106955863535 ], [ 3295004.875794246792793, 2341445.710314166732132 ], [ 3295003.7278256053105, 2341446.195471445098519 ], [ 3295001.751771462149918, 2341446.703849949873984 ], [ 3295000.67991912458092, 2341446.972717109601945 ], [ 3294999.322685642167926, 2341447.048000188544393 ], [ 3294997.203010161872953, 2341447.175602748990059 ], [ 3294993.492410995997488, 2341446.881558217573911 ], [ 3294992.825656108558178, 2341446.775049289222807 ], [ 3294989.81034500990063, 2341458.141214735805988 ], [ 3294988.571326201315969, 2341462.833485195413232 ], [ 3294979.315796630457044, 2341471.101154198870063 ], [ 3294966.590447530150414, 2341476.0896703354083 ], [ 3294954.629834239371121, 2341476.834297028370202 ], [ 3294946.55544183216989, 2341472.697120849043131 ], [ 3294942.911221212241799, 2341470.828647207934409 ], [ 3294940.131725034676492, 2341467.428614928387105 ], [ 3294936.186035162769258, 2341462.609087413642555 ], [ 3294931.656887586694211, 2341451.325894723180681 ], [ 3294928.299743183422834, 2341435.8695701174438 ], [ 3294924.983711906243116, 2341432.847633992787451 ], [ 3294922.38225019723177, 2341428.553838548716158 ], [ 3294921.324417386669666, 2341425.197375920135528 ], [ 3294920.909983337856829, 2341421.433957630768418 ], [ 3294921.723056963644922, 2341414.949016686994582 ], [ 3294924.669431156013161, 2341404.213952861260623 ], [ 3294926.159887592308223, 2341397.529217408504337 ], [ 3294927.670263338368386, 2341385.52338549355045 ], [ 3294927.810768871568143, 2341373.392089589498937 ], [ 3294927.430364153347909, 2341364.579105076380074 ], [ 3294926.547764170449227, 2341358.827451447024941 ], [ 3294924.739926528185606, 2341353.187067885417491 ], [ 3294914.85028507374227, 2341353.569060537498444 ], [ 3294902.058955906890333, 2341354.073517410550267 ], [ 3294891.984935191925615, 2341353.949949291069061 ], [ 3294888.74193178396672, 2341353.908919158857316 ], [ 3294884.204803471919149, 2341354.327899705152959 ], [ 3294881.455986972898245, 2341355.073074225336313 ], [ 3294878.890939941629767, 2341356.567474937066436 ], [ 3294877.537977192550898, 2341358.214969083666801 ], [ 3294876.59529969189316, 2341360.693803257774562 ], [ 3294876.158810294698924, 2341363.10429904377088 ], [ 3294875.627625783905387, 2341372.482832551468164 ], [ 3294874.435709525831044, 2341378.699222359806299 ], [ 3294873.100054663605988, 2341382.616863789968193 ], [ 3294872.073872839100659, 2341385.638022533617914 ], [ 3294868.887431750074029, 2341393.177879072260112 ], [ 3294863.385508539620787, 2341406.207390062510967 ], [ 3294862.268830063287169, 2341410.594095655251294 ], [ 3294861.772776340134442, 2341412.517765200231224 ], [ 3294861.611226787790656, 2341416.666188308503479 ], [ 3294862.663379636127502, 2341420.977568819187582 ], [ 3294864.813886113464832, 2341424.934254413004965 ], [ 3294868.002200851682574, 2341429.094845093786716 ], [ 3294870.605710099451244, 2341431.916804471518844 ], [ 3294876.533585258759558, 2341438.368126043118536 ], [ 3294879.078931483440101, 2341441.453973094932735 ], [ 3294880.777447226922959, 2341443.521069257985801 ], [ 3294882.277963685803115, 2341445.92727924278006 ], [ 3294883.25324142863974, 2341447.481685185804963 ], [ 3294884.365453750826418, 2341450.118258324451745 ], [ 3294885.157601320184767, 2341451.978730127215385 ], [ 3294885.630782613065094, 2341453.935646370053291 ], [ 3294886.783723414875567, 2341458.675896512810141 ], [ 3294887.250430478714406, 2341463.871196322608739 ], [ 3294886.835285258479416, 2341472.843790060840547 ], [ 3294885.745510656852275, 2341477.641859469935298 ], [ 3294881.080793148837984, 2341481.117474352940917 ], [ 3294872.767856364604086, 2341486.287310534156859 ], [ 3294865.277509693056345, 2341490.34903848497197 ], [ 3294859.469651344232261, 2341493.040456676855683 ], [ 3294858.752519501373172, 2341493.368991686962545 ], [ 3294848.779752499423921, 2341496.769406824372709 ], [ 3294835.563436632044613, 2341499.692526588216424 ], [ 3294831.109697117004544, 2341500.929061485920101 ], [ 3294827.782124384772032, 2341501.856770558282733 ], [ 3294817.916619268245995, 2341505.725520559120923 ], [ 3294775.7245530821383, 2341526.265545855741948 ], [ 3294751.582026296295226, 2341540.691920026671141 ], [ 3294737.992541513871402, 2341547.648334701545537 ], [ 3294730.192768323700875, 2341550.627680245321244 ], [ 3294725.612144560553133, 2341552.01837024372071 ], [ 3294724.137580956332386, 2341552.367909568827599 ], [ 3294719.616890760138631, 2341553.443661190569401 ], [ 3294711.484776636585593, 2341554.644391832873225 ], [ 3294703.848742422182113, 2341555.220405100379139 ], [ 3294699.69583638664335, 2341555.074868745170534 ], [ 3294695.144825237803161, 2341554.481488552410156 ], [ 3294671.821906474884599, 2341549.970030173659325 ], [ 3294666.548420053906739, 2341548.559385501313955 ], [ 3294659.207623100373894, 2341546.049410848878324 ], [ 3294657.965252458117902, 2341545.526145261712372 ], [ 3294645.461186629720032, 2341540.23652494745329 ], [ 3294633.536186984740198, 2341534.642544277012348 ], [ 3294626.786851716227829, 2341531.470854653045535 ], [ 3294619.137562548276037, 2341528.811940127052367 ], [ 3294606.901968715712428, 2341525.220794707071036 ], [ 3294600.678637178614736, 2341522.596332534216344 ], [ 3294597.885615259408951, 2341520.660008100792766 ], [ 3294596.15861247619614, 2341519.47064390219748 ], [ 3294593.487685571424663, 2341516.670643547549844 ], [ 3294591.617882983759046, 2341514.115988892503083 ], [ 3294588.820610675960779, 2341508.628557866904885 ], [ 3294586.353239813819528, 2341505.894394716247916 ], [ 3294583.258284578099847, 2341501.18975731311366 ], [ 3294582.444241924677044, 2341498.886600270867348 ], [ 3294580.612356149125844, 2341493.656344089657068 ], [ 3294577.529246938880533, 2341488.158077315893024 ], [ 3294577.336953824386001, 2341485.563380013685673 ], [ 3294577.671823868062347, 2341483.708519720472395 ], [ 3294578.173243685625494, 2341480.951754737179726 ], [ 3294580.160156686324626, 2341477.41731176385656 ], [ 3294578.354413038585335, 2341476.180847119539976 ], [ 3294575.335029445122927, 2341474.101494473405182 ], [ 3294570.170418269466609, 2341469.891198488883674 ], [ 3294560.639357686508447, 2341460.275435121264309 ], [ 3294557.361978970933706, 2341456.252224027644843 ], [ 3294554.913386435713619, 2341452.581144252792001 ], [ 3294553.179543434642255, 2341448.876238860189915 ], [ 3294552.431359210982919, 2341445.861328117083758 ], [ 3294552.364247670397162, 2341442.483600140549242 ], [ 3294552.698813835158944, 2341440.750571075826883 ], [ 3294554.035097077488899, 2341437.888207205105573 ], [ 3294554.742273985873908, 2341436.942374811507761 ], [ 3294555.614322492387146, 2341435.764709138311446 ], [ 3294558.951690446585417, 2341432.237345943693072 ], [ 3294561.40775880496949, 2341429.645713174715638 ], [ 3294562.885893850121647, 2341427.215176946949214 ], [ 3294563.866543832235038, 2341424.658643754199147 ], [ 3294564.727264512330294, 2341420.134075836744159 ], [ 3294564.918849934823811, 2341405.964169401209801 ], [ 3294565.459537926595658, 2341401.962457107380033 ], [ 3294565.626638550311327, 2341401.496826464310288 ], [ 3294566.95535280322656, 2341397.722457496915013 ], [ 3294568.647670396137983, 2341395.051454681437463 ], [ 3294570.275840457994491, 2341393.721090773120522 ], [ 3294573.958922966849059, 2341393.847411854192615 ], [ 3294586.056297436356544, 2341394.245803920552135 ], [ 3294591.811604645568877, 2341394.82111426955089 ], [ 3294597.051962113007903, 2341396.339040101505816 ], [ 3294598.385560831055045, 2341397.171071048825979 ], [ 3294601.187281439546496, 2341398.913058316800743 ], [ 3294605.251369710080326, 2341403.031918227206916 ], [ 3294608.389000797178596, 2341407.749377739150077 ], [ 3294610.501618243288249, 2341412.402769713662565 ], [ 3294615.385364516172558, 2341425.105498868506402 ], [ 3294616.709987419657409, 2341427.55265545565635 ], [ 3294618.723041931167245, 2341431.28985351882875 ], [ 3294622.279632420279086, 2341435.345358813647181 ], [ 3294623.490188381168991, 2341436.10760250966996 ], [ 3294624.746664202772081, 2341436.902397848665714 ], [ 3294626.677129714749753, 2341437.538580031134188 ], [ 3294628.407031604088843, 2341437.570549828931689 ], [ 3294628.900425617117435, 2341437.362375232391059 ], [ 3294631.239192653913051, 2341436.343951632268727 ], [ 3294633.194540932774544, 2341433.606595672201365 ], [ 3294634.809673202224076, 2341428.300447133369744 ], [ 3294636.409143667668104, 2341418.755121272057295 ], [ 3294637.368576107081026, 2341414.832308206241578 ], [ 3294638.028124767355621, 2341413.225040903314948 ], [ 3294639.376990429591388, 2341411.24336607567966 ], [ 3294640.626719106454402, 2341410.141642250586301 ], [ 3294642.260141082108021, 2341409.338063928764313 ], [ 3294642.892913043964654, 2341409.237409310881048 ], [ 3294644.623578717932105, 2341408.964802202768624 ], [ 3294645.425008373335004, 2341409.088317814283073 ], [ 3294646.382455616723746, 2341409.235254348255694 ], [ 3294648.443139251321554, 2341410.356041911523789 ], [ 3294650.970837033353746, 2341413.272456726524979 ], [ 3294656.038536853622645, 2341421.406758166849613 ], [ 3294658.476318940054625, 2341424.146103502251208 ], [ 3294660.531384935136884, 2341425.541874569840729 ], [ 3294662.212069879285991, 2341426.201499807182699 ], [ 3294664.197615090757608, 2341426.493149891030043 ], [ 3294666.611521805636585, 2341426.303865762427449 ], [ 3294669.661650753114372, 2341425.292805765289813 ], [ 3294670.296346267685294, 2341425.080185083672404 ], [ 3294671.081197326537222, 2341424.607864142395556 ], [ 3294673.203769768588245, 2341423.322855965234339 ], [ 3294677.098409914411604, 2341419.667476773727685 ], [ 3294678.881896356120706, 2341417.985179212875664 ], [ 3294680.754505623597652, 2341415.48557348176837 ], [ 3294683.49852498434484, 2341410.753011921886355 ], [ 3294685.679416053928435, 2341405.865354862064123 ], [ 3294686.295122024603188, 2341404.052655266597867 ], [ 3294687.344411436468363, 2341400.986849672626704 ], [ 3294688.944650805555284, 2341394.4147984739393 ], [ 3294689.32996513042599, 2341391.444963026791811 ], [ 3294696.019744196906686, 2341381.018451810348779 ], [ 3294697.15550036681816, 2341378.850837936624885 ], [ 3294700.864852353464812, 2341371.777546030469239 ], [ 3294702.213262753561139, 2341369.978620645590127 ], [ 3294703.678701995871961, 2341368.027277356944978 ], [ 3294705.729834035970271, 2341365.750117458403111 ], [ 3294717.947721022646874, 2341352.163618484511971 ], [ 3294724.101766884792596, 2341343.109590944834054 ], [ 3294725.438761392142624, 2341340.622593910433352 ], [ 3294726.869825036730617, 2341337.966903262771666 ], [ 3294729.055815648753196, 2341336.944794360082597 ], [ 3294732.241847380530089, 2341335.463426364585757 ], [ 3294741.839398465119302, 2341327.734572792891413 ], [ 3294743.672567250207067, 2341325.241879646666348 ], [ 3294746.409146248362958, 2341321.515295227058232 ], [ 3294753.708616191055626, 2341318.887427869718522 ], [ 3294756.061467186082155, 2341316.84158730879426 ], [ 3294758.111380599439144, 2341315.051754852756858 ], [ 3294771.723004014231265, 2341303.220412577502429 ], [ 3294772.034338356927037, 2341302.891897732857615 ], [ 3294787.651871799491346, 2341284.549417446833104 ], [ 3294804.972589949145913, 2341262.488803818356246 ], [ 3294806.189566927496344, 2341260.69260312570259 ], [ 3294807.449380409438163, 2341258.848309312947094 ], [ 3294810.435481634922326, 2341253.241233854554594 ], [ 3294813.528929038904607, 2341248.72150601958856 ], [ 3294832.214778374880552, 2341227.375800274312496 ], [ 3294834.103036193642765, 2341224.538581574801356 ], [ 3294834.489482099190354, 2341223.740250847768039 ], [ 3294834.998117809183896, 2341222.697266242001206 ], [ 3294835.182167296297848, 2341222.025708433240652 ], [ 3294835.503887629602104, 2341220.832787241321057 ], [ 3294848.317909059114754, 2341213.910756892058998 ], [ 3294849.381977992132306, 2341213.470734369475394 ], [ 3294862.637730203568935, 2341207.942835537716746 ], [ 3294877.529933179728687, 2341202.371951370965689 ], [ 3294885.093306382186711, 2341199.992196902632713 ], [ 3294891.614258457906544, 2341197.937045547645539 ], [ 3294898.046607693657279, 2341195.836520958691835 ], [ 3294904.730510105378926, 2341193.661505977623165 ], [ 3294915.292511624284089, 2341191.812097630463541 ], [ 3294930.647355752065778, 2341189.123465556651354 ], [ 3294941.68185353372246, 2341190.154571093153208 ], [ 3294949.600454709492624, 2341190.249649026431143 ], [ 3294957.975389154162258, 2341189.848752681631595 ], [ 3294958.855823022313416, 2341187.299640275537968 ], [ 3294959.514530394226313, 2341185.37794126663357 ], [ 3294961.643063164781779, 2341180.418300858233124 ], [ 3294957.280398486182094, 2341169.593083157669753 ], [ 3294954.016530127730221, 2341161.508264989592135 ], [ 3294949.946951537393034, 2341136.698407104238868 ], [ 3294944.327459906227887, 2341112.149793068412691 ], [ 3294941.42275460716337, 2341106.934884413145483 ], [ 3294933.0047357538715, 2341091.796457576099783 ], [ 3294914.990568405017257, 2341069.428290816489607 ], [ 3294909.869327214546502, 2341047.978938946034759 ], [ 3294907.288450769614428, 2341032.244659339077771 ], [ 3294905.114166860468686, 2341033.832995296921581 ], [ 3294901.614138036035001, 2341034.080515400972217 ], [ 3294897.090403988491744, 2341034.395656530745327 ], [ 3294887.051526064518839, 2341035.97078907629475 ], [ 3294875.134048142936081, 2341037.844420951791108 ], [ 3294867.275860228575766, 2341038.550611862912774 ], [ 3294861.411139516159892, 2341038.359751938376576 ], [ 3294849.302449068985879, 2341035.913342426531017 ], [ 3294844.895200796891004, 2341035.639798251911998 ], [ 3294841.656827585306019, 2341036.369206530507654 ], [ 3294831.165047707501799, 2341040.997041546273977 ], [ 3294829.397857431322336, 2341041.418105878867209 ], [ 3294828.118903861381114, 2341041.72323564440012 ], [ 3294826.809206254780293, 2341041.840935084037483 ], [ 3294824.999945236835629, 2341042.00551591720432 ], [ 3294819.379301089793444, 2341041.44718346465379 ], [ 3294799.647234661038965, 2341037.798617848195136 ], [ 3294796.10288685047999, 2341036.724505003541708 ], [ 3294793.10787104209885, 2341035.412130581680685 ], [ 3294791.600764476694167, 2341034.326330376323313 ], [ 3294790.472495491616428, 2341033.509082334116101 ], [ 3294789.199295899830759, 2341032.179363071918488 ], [ 3294787.110236182808876, 2341029.277474630158395 ], [ 3294782.470085402950644, 2341019.048848746344447 ], [ 3294777.477859724313021, 2341010.3229004656896 ], [ 3294773.407762790098786, 2341004.682875053025782 ], [ 3294771.120242285076529, 2341002.302845915779471 ], [ 3294768.811380124650896, 2340999.916405686642975 ], [ 3294765.913891865406185, 2340997.714219202287495 ], [ 3294764.952508217655122, 2340997.172192263416946 ], [ 3294764.000986395403743, 2340996.628438513260335 ], [ 3294759.286998935043812, 2340994.855952011421323 ], [ 3294754.69683938799426, 2340994.14762879582122 ], [ 3294752.266743595246226, 2340994.238254434429109 ], [ 3294751.02739059785381, 2340994.475562776438892 ], [ 3294750.082274079788476, 2340994.651201906614006 ], [ 3294747.90173968905583, 2340995.459235885180533 ], [ 3294745.508879344444722, 2340997.075703308917582 ], [ 3294743.41867153160274, 2340999.856946780346334 ], [ 3294742.688303312752396, 2341001.527344901114702 ], [ 3294741.718733476940542, 2341004.893766310997307 ], [ 3294741.033011997118592, 2341009.062925209756941 ], [ 3294740.410581031348556, 2341020.730589628685266 ], [ 3294739.722783317789435, 2341025.072630346287042 ], [ 3294739.012991982512176, 2341027.054016884882003 ], [ 3294738.246959742624313, 2341029.187324654310942 ], [ 3294736.886135646607727, 2341031.343596862629056 ], [ 3294735.383464027196169, 2341033.068042759783566 ], [ 3294730.612396873999387, 2341037.008782198652625 ], [ 3294725.750782553106546, 2341039.717161812819541 ], [ 3294720.919433066621423, 2341041.496765995398164 ], [ 3294718.795294465497136, 2341042.091965378262103 ], [ 3294707.776740298606455, 2341045.178222610615194 ], [ 3294701.585554231889546, 2341048.068675932474434 ], [ 3294697.455180944874883, 2341050.720053571276367 ], [ 3294696.083710529841483, 2341051.883678600657731 ], [ 3294694.033939643763006, 2341053.612592284567654 ], [ 3294692.484737502411008, 2341055.548149983398616 ], [ 3294691.25050094537437, 2341057.672110802959651 ], [ 3294689.960678035859019, 2341062.302237432450056 ], [ 3294689.850709163583815, 2341065.528292687609792 ], [ 3294690.198472572956234, 2341069.009085058234632 ], [ 3294691.534164949320257, 2341075.543984044343233 ], [ 3294696.481617183424532, 2341092.28462500590831 ], [ 3294697.600767982657999, 2341096.076862125657499 ], [ 3294697.975625925697386, 2341097.929214547853917 ], [ 3294698.647518978454173, 2341101.221326200757176 ], [ 3294724.408528387546539, 2341108.350370713043958 ], [ 3294737.884503646288067, 2341108.679939058143646 ], [ 3294743.058476524427533, 2341111.772314961999655 ], [ 3294748.301329180132598, 2341114.913518726825714 ], [ 3294751.528657275252044, 2341126.424644464626908 ], [ 3294752.367681651376188, 2341139.703666236251593 ], [ 3294740.835863102693111, 2341143.062467247247696 ], [ 3294727.156158301047981, 2341141.42902573524043 ], [ 3294725.634728229604661, 2341140.812547690235078 ], [ 3294715.642922677565366, 2341136.737131971400231 ], [ 3294700.010820011142641, 2341131.426917274482548 ], [ 3294691.939358313567936, 2341130.709155850578099 ], [ 3294679.587392439134419, 2341129.624635759741068 ], [ 3294668.807631132658571, 2341129.218740857206285 ], [ 3294660.68093615071848, 2341128.906431037001312 ], [ 3294639.162722658831626, 2341128.65571025153622 ], [ 3294617.642893590964377, 2341128.395131787285209 ], [ 3294598.094044982455671, 2341123.760631622280926 ], [ 3294580.94498105160892, 2341117.366370467003435 ], [ 3294557.689472727477551, 2341108.256139367818832 ], [ 3294556.441989966202527, 2341110.423018521629274 ], [ 3294555.430490359663963, 2341112.173095555510372 ], [ 3294548.15100628323853, 2341121.23137981351465 ], [ 3294546.838186993263662, 2341123.247330653946847 ], [ 3294543.457215359434485, 2341128.42630769778043 ], [ 3294542.021482846699655, 2341129.012601104564965 ], [ 3294541.241942138876766, 2341129.331769576761872 ], [ 3294540.200375476852059, 2341129.970819580368698 ], [ 3294538.898859957233071, 2341130.756869450677186 ], [ 3294533.270230075344443, 2341135.34505957365036 ], [ 3294514.726478439755738, 2341153.104003464337438 ], [ 3294500.316829651128501, 2341166.0696517881006 ], [ 3294497.401026329956949, 2341169.198445926420391 ], [ 3294494.805591053795069, 2341172.981510298792273 ], [ 3294493.501808398403227, 2341175.980250210501254 ], [ 3294492.60449996124953, 2341178.055371136870235 ], [ 3294491.531348200514913, 2341182.769351755734533 ], [ 3294489.573529263027012, 2341197.613852586597204 ], [ 3294487.961988750379533, 2341217.847264581359923 ], [ 3294487.343400151934475, 2341222.116317107807845 ], [ 3294486.331958777736872, 2341226.464309638831764 ], [ 3294485.409768990240991, 2341228.635122123174369 ], [ 3294484.527179291471839, 2341230.738111613783985 ], [ 3294482.092316084075719, 2341234.696025254670531 ], [ 3294479.368135512340814, 2341238.065268891397864 ], [ 3294475.128720054868609, 2341242.278286674059927 ], [ 3294460.728779593482614, 2341257.282042977865785 ], [ 3294447.679819898679852, 2341271.430202533490956 ], [ 3294446.087643168866634, 2341273.474782984703779 ], [ 3294443.627748678438365, 2341277.589306847192347 ], [ 3294441.577437949832529, 2341282.159812316764146 ], [ 3294441.012414143886417, 2341283.415640968829393 ], [ 3294439.741093751974404, 2341287.230701956897974 ], [ 3294438.908393528312445, 2341291.060289878863841 ], [ 3294438.793928027153015, 2341292.156036566011608 ], [ 3294438.394993517547846, 2341295.970557048916817 ], [ 3294438.291144106071442, 2341303.31569872610271 ], [ 3294438.671166624408215, 2341308.353667520917952 ], [ 3294439.544554769992828, 2341311.884503754787147 ], [ 3294440.137602787464857, 2341313.211543126031756 ], [ 3294440.838519407436252, 2341314.763249044306576 ], [ 3294442.876207999419421, 2341317.846649778541178 ], [ 3294450.500263880006969, 2341325.979819596745074 ], [ 3294453.815096440725029, 2341330.788023474626243 ], [ 3294456.219592136796564, 2341336.973413112573326 ], [ 3294459.032111226115376, 2341349.480683506000787 ], [ 3294459.6907087280415, 2341356.77350069116801 ], [ 3294458.816551522817463, 2341360.10294283926487 ], [ 3294457.496110827662051, 2341365.164681154303253 ], [ 3294455.786420195829123, 2341376.079023663885891 ], [ 3294454.989784682169557, 2341376.665040843654424 ], [ 3294454.36434093490243, 2341377.119599202647805 ], [ 3294453.924957932438701, 2341377.409650601446629 ], [ 3294453.490582147613168, 2341377.668380752205849 ], [ 3294452.623601430561393, 2341378.134790250100195 ], [ 3294452.184371101204306, 2341378.363926061894745 ], [ 3294451.738668035250157, 2341378.553602739237249 ], [ 3294451.14519110834226, 2341378.708267231937498 ], [ 3294450.638851913623512, 2341378.837524899747223 ], [ 3294450.115720239467919, 2341379.111797143239528 ], [ 3294448.764444351196289, 2341380.089233804494143 ], [ 3294448.2691271584481, 2341380.409376203082502 ], [ 3294447.925430820323527, 2341380.540597933344543 ], [ 3294447.192270989529788, 2341380.70957422722131 ], [ 3294446.850192841142416, 2341380.850660750642419 ], [ 3294446.425526220351458, 2341381.168579686898738 ], [ 3294446.176753233186901, 2341381.445549721829593 ], [ 3294445.907646100968122, 2341381.969635970890522 ], [ 3294445.741003631614149, 2341382.252520418260247 ], [ 3294445.175890840124339, 2341382.889329165220261 ], [ 3294444.800075126811862, 2341383.381360470782965 ], [ 3294427.191876532509923, 2341389.09310909640044 ], [ 3294415.483885204885155, 2341391.315822030417621 ], [ 3294401.678575722035021, 2341393.926097544841468 ], [ 3294397.821405238471925, 2341395.088642190210521 ], [ 3294395.307510722894222, 2341395.843445894308388 ], [ 3294393.28771212650463, 2341396.765431772451848 ], [ 3294390.833690800704062, 2341397.885232876520604 ], [ 3294387.499988732859492, 2341399.950632080435753 ], [ 3294384.701447959989309, 2341402.186170705128461 ], [ 3294382.389370087534189, 2341404.356820649467409 ], [ 3294377.570910829585046, 2341408.874220116995275 ], [ 3294371.669085836503655, 2341405.79769631754607 ], [ 3294369.0520537677221, 2341404.439449787605554 ], [ 3294363.623685717117041, 2341401.89905602671206 ], [ 3294355.955353586003184, 2341398.32001722138375 ], [ 3294349.476937367580831, 2341395.872166901826859 ], [ 3294343.564672706183046, 2341394.339992596302181 ], [ 3294342.424860596656799, 2341394.194550236221403 ], [ 3294336.049185551237315, 2341393.362562786322087 ], [ 3294328.027452114969492, 2341393.133413929492235 ], [ 3294319.342692200094461, 2341393.933704451657832 ], [ 3294311.669176313560456, 2341395.703656480647624 ], [ 3294310.223497310187668, 2341395.672664823010564 ], [ 3294309.701129350345582, 2341395.642360207624733 ], [ 3294308.871733906678855, 2341395.533893960993737 ], [ 3294307.626831648871303, 2341395.366262217052281 ], [ 3294307.166718033608049, 2341395.406241352204233 ], [ 3294306.15358303906396, 2341395.84750634431839 ], [ 3294305.806650746613741, 2341395.958999417722225 ], [ 3294305.315181078854948, 2341396.055210205726326 ], [ 3294304.419379370287061, 2341396.222224726807326 ], [ 3294303.696082119364291, 2341396.389475985430181 ], [ 3294302.936116458848119, 2341396.766111534554511 ], [ 3294302.644965738989413, 2341396.908429194241762 ], [ 3294301.674971989355981, 2341397.179769171401858 ], [ 3294300.62385564064607, 2341397.698722435627133 ], [ 3294299.767348407767713, 2341397.919745019637048 ], [ 3294299.425270723178983, 2341398.060832508839667 ], [ 3294298.890507314354181, 2341398.387884153984487 ], [ 3294297.04376486223191, 2341399.746384917758405 ], [ 3294296.561394064687192, 2341400.145447242539376 ], [ 3294296.157764739356935, 2341400.591609878465533 ], [ 3294295.447200305759907, 2341401.578632505610585 ], [ 3294295.07801085524261, 2341402.049208766780794 ], [ 3294294.536164390388876, 2341402.580464012920856 ], [ 3294294.282384797465056, 2341402.888756284490228 ], [ 3294294.019903903827071, 2341403.391387300565839 ], [ 3294293.833538414910436, 2341403.677726328372955 ], [ 3294293.311262909788638, 2341404.266443435568362 ], [ 3294293.121508455835283, 2341404.593968562316149 ], [ 3294293.02050980553031, 2341404.905951379332691 ], [ 3294292.935998278204352, 2341405.194750775583088 ], [ 3294292.882537635508925, 2341405.549149870872498 ], [ 3294292.821688745170832, 2341406.22958386875689 ], [ 3294291.650308194570243, 2341406.881227030418813 ], [ 3294279.605906371027231, 2341413.546886061318219 ], [ 3294270.517433925066143, 2341417.452181468252093 ], [ 3294264.716342199593782, 2341418.762328709941357 ], [ 3294260.90430077072233, 2341418.963054148480296 ], [ 3294255.404401342850178, 2341418.089345074258745 ], [ 3294251.749259884469211, 2341416.649037617258728 ], [ 3294247.832062799017876, 2341414.229655329138041 ], [ 3294245.672671378590167, 2341412.507125022821128 ], [ 3294241.245049905963242, 2341413.160685827024281 ], [ 3294230.510135345160961, 2341405.35917229950428 ], [ 3294226.112023849505931, 2341396.853921765461564 ], [ 3294223.763909552246332, 2341390.455691793933511 ], [ 3294221.674281656742096, 2341387.117535496130586 ], [ 3294219.6915472028777, 2341385.049477493856102 ], [ 3294216.75429875170812, 2341382.976049760822207 ], [ 3294212.307897069025785, 2341381.288674408569932 ], [ 3294210.77022660523653, 2341381.253497628495097 ], [ 3294209.221839116886258, 2341380.905604505445808 ], [ 3294208.083951097447425, 2341380.648197674192488 ], [ 3294206.234153775963932, 2341379.947159233503044 ], [ 3294204.514024860691279, 2341379.294451180845499 ], [ 3294199.282285045366734, 2341376.963191909715533 ], [ 3294191.259087419137359, 2341373.385421788785607 ], [ 3294188.985447764396667, 2341372.017788665369153 ], [ 3294186.866664959583431, 2341370.480963570531458 ], [ 3294181.126507692970335, 2341365.173990829382092 ], [ 3294175.491409312933683, 2341358.590248577296734 ], [ 3294171.826220354065299, 2341352.63577017467469 ], [ 3294170.004813921637833, 2341347.160123380832374 ], [ 3294169.617974417284131, 2341344.183415393810719 ], [ 3294169.356743384152651, 2341342.21982430992648 ], [ 3294168.913447609171271, 2341333.580179318785667 ], [ 3294168.681892563123256, 2341328.952572965994477 ], [ 3294168.290504775010049, 2341325.824439398944378 ], [ 3294167.394152430351824, 2341322.277324444614351 ], [ 3294169.950452946592122, 2341319.678268627263606 ], [ 3294173.952493055257946, 2341316.430264921393245 ], [ 3294174.946362522430718, 2341315.809704958461225 ], [ 3294179.045188860967755, 2341313.275420853402466 ], [ 3294193.830099907703698, 2341303.278217569924891 ], [ 3294195.00957231875509, 2341302.675897337961942 ], [ 3294199.293239468242973, 2341300.464433019049466 ], [ 3294201.968615587800741, 2341299.518974344711751 ], [ 3294203.330148985143751, 2341299.036995346657932 ], [ 3294205.082153002265841, 2341298.770788038149476 ], [ 3294205.450336947105825, 2341294.768828972242773 ], [ 3294206.195102088619024, 2341286.692403746768832 ], [ 3294208.575736672617495, 2341270.282029439229518 ], [ 3294215.906524065881968, 2341232.221406567841768 ], [ 3294216.616208984516561, 2341229.620982822030783 ], [ 3294217.012665539048612, 2341228.760002451017499 ], [ 3294217.273682663217187, 2341228.186591174453497 ], [ 3294218.914860466960818, 2341226.255199575796723 ], [ 3294221.093977015465498, 2341224.696423068176955 ], [ 3294223.543604759965092, 2341223.364276800770313 ], [ 3294225.889850854407996, 2341222.638826784677804 ], [ 3294228.167064641602337, 2341221.925465316046029 ], [ 3294231.351956973783672, 2341221.550417365506291 ], [ 3294236.104502386413515, 2341221.702557748649269 ], [ 3294238.017622817773372, 2341222.047472523525357 ], [ 3294241.968677597120404, 2341222.756038363557309 ], [ 3294243.656290031038225, 2341223.27236845344305 ], [ 3294246.496354270726442, 2341224.134890084620565 ], [ 3294248.929856786970049, 2341225.302013143897057 ], [ 3294250.713552112691104, 2341226.156703251414001 ], [ 3294250.452709391713142, 2341231.246009483002126 ], [ 3294250.247620466165245, 2341235.067182376980782 ], [ 3294248.467779082246125, 2341248.398929911199957 ], [ 3294248.471774281933904, 2341251.391934505198151 ], [ 3294248.471984357573092, 2341253.928935239091516 ], [ 3294248.736815304961056, 2341255.110486207064241 ], [ 3294249.445239759515971, 2341258.254136634524912 ], [ 3294250.276983958669007, 2341260.046784550882876 ], [ 3294250.621778309810907, 2341260.788110635709018 ], [ 3294251.039299577474594, 2341261.354330918285996 ], [ 3294251.586183753330261, 2341262.090712989214808 ], [ 3294252.871783887967467, 2341263.063070079311728 ], [ 3294255.218669279012829, 2341263.392916100099683 ], [ 3294256.540451263543218, 2341263.039677792228758 ], [ 3294258.924434995744377, 2341261.678434642031789 ], [ 3294259.973538655787706, 2341260.652427148539573 ], [ 3294262.086615107953548, 2341258.567364069633186 ], [ 3294262.828385966829956, 2341257.58502630982548 ], [ 3294263.56191325886175, 2341256.614280274603516 ], [ 3294266.024032684974372, 2341252.265947549603879 ], [ 3294268.0425880337134, 2341247.254473873879761 ], [ 3294268.390103472396731, 2341245.600360479205847 ], [ 3294268.855716882273555, 2341243.367418609559536 ], [ 3294269.156430155970156, 2341240.067352877929807 ], [ 3294269.261033998802304, 2341238.973331877496094 ], [ 3294268.60991168487817, 2341224.118834842927754 ], [ 3294269.130245148669928, 2341219.065274985972792 ], [ 3294270.125103860162199, 2341214.12143518961966 ], [ 3294271.147499279119074, 2341210.644254667684436 ], [ 3294272.088097476866096, 2341208.338286424055696 ], [ 3294275.091863581445068, 2341200.921702333725989 ], [ 3294278.099047162570059, 2341194.76289045996964 ], [ 3294285.440423843450844, 2341181.319858329370618 ], [ 3294292.475847890600562, 2341167.37225813511759 ], [ 3294295.150872047524899, 2341163.950723804533482 ], [ 3294296.925965610425919, 2341162.340923937503248 ], [ 3294298.361146743409336, 2341161.318349705543369 ], [ 3294300.151810489594936, 2341160.050860238261521 ], [ 3294303.029040762688965, 2341158.542360773310065 ], [ 3294305.793179430067539, 2341157.581368218176067 ], [ 3294308.119093540590256, 2341157.103039062116295 ], [ 3294309.867405770346522, 2341156.999853889923543 ], [ 3294311.034026033245027, 2341156.937640319112688 ], [ 3294312.908005975652486, 2341157.167634283658117 ], [ 3294314.461707483511418, 2341157.362379178404808 ], [ 3294315.666704728268087, 2341157.719667225144804 ], [ 3294317.715508399531245, 2341158.33512145280838 ], [ 3294320.761294756084681, 2341159.709622282069176 ], [ 3294322.536440604366362, 2341160.697737313807011 ], [ 3294326.258714914321899, 2341163.53688754979521 ], [ 3294328.346227354370058, 2341165.748969258274883 ], [ 3294330.758350738324225, 2341168.888577520847321 ], [ 3294335.957244979217649, 2341177.76100144488737 ], [ 3294338.575601722113788, 2341183.827752348035574 ], [ 3294340.75158124929294, 2341190.722930415999144 ], [ 3294342.77496977802366, 2341195.574608873110265 ], [ 3294343.709329931531101, 2341197.065139247104526 ], [ 3294345.11366622056812, 2341198.513964532874525 ], [ 3294346.426378997974098, 2341199.156834886875004 ], [ 3294348.384107746649534, 2341199.402608496602625 ], [ 3294350.821890338789672, 2341198.864098354708403 ], [ 3294353.108573140576482, 2341197.651825970504433 ], [ 3294353.959068313241005, 2341197.20859967591241 ], [ 3294360.88904045894742, 2341191.895244861487299 ], [ 3294367.366378687787801, 2341186.914855645038188 ], [ 3294371.228691061027348, 2341184.36112217977643 ], [ 3294374.02202040143311, 2341182.897762314416468 ], [ 3294378.896185370162129, 2341181.070028483867645 ], [ 3294395.087584728375077, 2341176.925653710495681 ], [ 3294397.847328873351216, 2341175.752324227243662 ], [ 3294400.132153045851737, 2341173.972084802109748 ], [ 3294400.948884219396859, 2341172.580847603734583 ], [ 3294401.237933665513992, 2341171.312456688378006 ], [ 3294401.16533350944519, 2341170.127690166700631 ], [ 3294400.520660791546106, 2341168.424062730744481 ], [ 3294399.929476216435432, 2341167.664993360172957 ], [ 3294398.734009010717273, 2341166.128851944115013 ], [ 3294393.382871020585299, 2341160.966858041472733 ], [ 3294389.908122091088444, 2341157.039103710092604 ], [ 3294387.556393350940198, 2341153.401808694470674 ], [ 3294386.279293313156813, 2341149.698114033788443 ], [ 3294386.159831251017749, 2341147.547333037946373 ], [ 3294386.442166745662689, 2341145.681378226261586 ], [ 3294386.771670391783118, 2341144.659606807399541 ], [ 3294387.026675474364311, 2341143.863991499878466 ], [ 3294387.214813945814967, 2341143.5266028563492 ], [ 3294388.244568249676377, 2341141.702286584768444 ], [ 3294390.04708391148597, 2341139.64117165422067 ], [ 3294392.821673627011478, 2341137.135838594287634 ], [ 3294397.556134175974876, 2341134.023463882505894 ], [ 3294398.531291531864554, 2341133.659890862181783 ], [ 3294400.74964555259794, 2341132.835068229585886 ], [ 3294403.80087399110198, 2341132.696548663079739 ], [ 3294406.414271738845855, 2341133.537880514748394 ], [ 3294408.464018395636231, 2341135.08680022880435 ], [ 3294409.992249806411564, 2341136.919856183230877 ], [ 3294410.257600415032357, 2341137.238723611459136 ], [ 3294412.083328337408602, 2341140.328793867491186 ], [ 3294415.461087265983224, 2341148.860486254561692 ], [ 3294416.761274669785053, 2341151.220584963914007 ], [ 3294417.825760759878904, 2341152.576699804980308 ], [ 3294419.713017768692225, 2341154.062739894725382 ], [ 3294420.391098181717098, 2341154.238297932781279 ], [ 3294422.244743936229497, 2341154.71541087795049 ], [ 3294424.116559060290456, 2341154.499269559048116 ], [ 3294425.870032789185643, 2341154.3038508775644 ], [ 3294428.484170417301357, 2341153.541649543680251 ], [ 3294430.090482025872916, 2341153.067556514404714 ], [ 3294434.841760816052556, 2341151.109126027207822 ], [ 3294441.930041478481144, 2341148.183321124874055 ], [ 3294448.048567244783044, 2341146.086957398802042 ], [ 3294456.896642924286425, 2341143.066111507359892 ], [ 3294458.375363556202501, 2341142.370806688908488 ], [ 3294459.579419351182878, 2341141.794634729623795 ], [ 3294462.126819599419832, 2341140.130790465977043 ], [ 3294463.650059148669243, 2341138.717321607284248 ], [ 3294465.268438786733896, 2341136.70875006262213 ], [ 3294466.929018871858716, 2341133.596791773568839 ], [ 3294468.490103837568313, 2341128.888704575132579 ], [ 3294469.130500626284629, 2341124.443318250589073 ], [ 3294468.965096802916378, 2341120.961031596176326 ], [ 3294467.926606872119009, 2341117.103926527779549 ], [ 3294466.020214980468154, 2341114.078721665311605 ], [ 3294464.197136733680964, 2341112.550998057704419 ], [ 3294462.799210091587156, 2341111.821565707214177 ], [ 3294460.709186992608011, 2341111.264065215364099 ], [ 3294459.409966627601534, 2341111.136384118814021 ], [ 3294458.470472161658108, 2341111.037045454606414 ], [ 3294456.084836722351611, 2341111.089455710258335 ], [ 3294452.484977308660746, 2341111.84159571910277 ], [ 3294450.906173047143966, 2341112.48338873591274 ], [ 3294449.75658613583073, 2341112.958689469378442 ], [ 3294447.948424797970802, 2341113.995829064864665 ], [ 3294446.872418932151049, 2341114.610467124730349 ], [ 3294443.534698035567999, 2341116.960701292380691 ], [ 3294435.248025950510055, 2341122.785604249686003 ], [ 3294432.427643157076091, 2341123.898511489387602 ], [ 3294429.599387070629746, 2341124.221243848092854 ], [ 3294425.437535519711673, 2341123.711946675088257 ], [ 3294423.747297524940223, 2341122.93221991462633 ], [ 3294422.157142602838576, 2341122.206004690378904 ], [ 3294420.9921152330935, 2341120.979124900884926 ], [ 3294420.637155259493738, 2341120.361356927081943 ], [ 3294420.148131326306611, 2341119.482917147688568 ], [ 3294419.486578451935202, 2341117.305284226778895 ], [ 3294419.280133069492877, 2341115.118995149619877 ], [ 3294419.695350823923945, 2341112.02214596234262 ], [ 3294420.891421163454652, 2341108.737822623923421 ], [ 3294425.444429947528988, 2341100.684645785950124 ], [ 3294428.570328725501895, 2341096.981209970079362 ], [ 3294437.678569565527141, 2341088.495711677707732 ], [ 3294441.016574874520302, 2341084.724691700190306 ], [ 3294441.616896972525865, 2341083.807721148710698 ], [ 3294444.930148853454739, 2341078.772521310020238 ], [ 3294446.834194000810385, 2341075.536746780388057 ], [ 3294452.617287903092802, 2341065.705370024312288 ], [ 3294453.94952570926398, 2341063.807794362772256 ], [ 3294455.001478910446167, 2341062.304334598127753 ], [ 3294456.090036934241652, 2341061.271426652558148 ], [ 3294456.625263229943812, 2341060.761631948873401 ], [ 3294458.59554493194446, 2341060.589139780029655 ], [ 3294464.056814399547875, 2341059.186316416133195 ], [ 3294471.559453610796481, 2341056.127077216748148 ], [ 3294476.993805749807507, 2341053.013937358744442 ], [ 3294487.007290339563042, 2341045.841418270953 ], [ 3294490.598887221887708, 2341043.801919205579907 ], [ 3294491.732141245156527, 2341043.288887821137905 ], [ 3294494.539736289065331, 2341042.036151999142021 ], [ 3294506.061532245948911, 2341038.7399534098804 ], [ 3294528.887030986137688, 2341033.29189803916961 ], [ 3294534.585053781047463, 2341031.167703164275736 ], [ 3294537.17514415550977, 2341029.516687686555088 ], [ 3294539.005329456180334, 2341027.562367157079279 ], [ 3294539.729155712295324, 2341026.532439774367958 ], [ 3294540.339188504964113, 2341025.674659867305309 ], [ 3294540.864466853439808, 2341024.547573913354427 ], [ 3294541.587899945210665, 2341023.020458200015128 ], [ 3294541.742059318348765, 2341022.475910626351833 ], [ 3294542.194675671402365, 2341020.843994766008109 ], [ 3294542.471157640218735, 2341018.694923207163811 ], [ 3294542.35229424899444, 2341015.001529736910015 ], [ 3294541.818163489922881, 2341011.807072256226093 ], [ 3294540.91606305167079, 2341008.595863346476108 ], [ 3294539.768423275090754, 2341005.681352321989834 ], [ 3294538.887072848156095, 2341004.01917028054595 ], [ 3294537.912571279332042, 2341002.160189259797335 ], [ 3294534.417934641242027, 2340996.997845683246851 ], [ 3294534.319056396838278, 2340995.158056451939046 ], [ 3294534.530375788919628, 2340994.096094715408981 ], [ 3294535.104244415648282, 2340991.286063335835934 ], [ 3294535.713272339198738, 2340990.17475711600855 ], [ 3294536.995659745763987, 2340987.849547029938549 ], [ 3294538.084526895079762, 2340986.694811102002859 ], [ 3294538.481536148115993, 2340986.270109178964049 ], [ 3294540.741641006898135, 2340984.524655953515321 ], [ 3294542.637098854407668, 2340983.401200037449598 ], [ 3294543.47788945864886, 2340982.898789945989847 ], [ 3294574.033819494768977, 2340975.285283168312162 ], [ 3294575.338344026822597, 2340969.384067451581359 ], [ 3294576.759219870436937, 2340953.801488364581019 ], [ 3294579.655994995031506, 2340933.424277000129223 ], [ 3294565.83661721739918, 2340937.680908498354256 ], [ 3294554.624914930202067, 2340941.135893831495196 ], [ 3294541.288922671228647, 2340945.247001369018108 ], [ 3294534.973803023807704, 2340945.155331517569721 ], [ 3294527.907874417025596, 2340945.06320717651397 ], [ 3294540.582790921907872, 2340934.01492412853986 ], [ 3294548.323030889965594, 2340929.249813579954207 ], [ 3294556.055028291419148, 2340924.496296184137464 ], [ 3294564.036403407342732, 2340923.798944620415568 ], [ 3294568.928408130537719, 2340923.378704041242599 ], [ 3294581.230746990069747, 2340929.170478424057364 ], [ 3294601.633767333813012, 2340942.35234455158934 ], [ 3294602.555310641415417, 2340942.40408922592178 ], [ 3294603.763153003063053, 2340942.283924850635231 ], [ 3294604.782002809923142, 2340942.186705626081675 ], [ 3294605.710937870666385, 2340941.912416979670525 ], [ 3294606.843734840862453, 2340941.582135274540633 ], [ 3294607.947712508030236, 2340940.952457095962018 ], [ 3294608.625554401893169, 2340940.569914312567562 ], [ 3294609.732988937757909, 2340939.219116159249097 ], [ 3294610.500966256950051, 2340938.272793309763074 ], [ 3294610.754664370790124, 2340937.345485738944262 ], [ 3294611.406206224579364, 2340935.008966044522822 ], [ 3294611.457182628102601, 2340933.031309657730162 ], [ 3294611.199752070941031, 2340931.523728163912892 ], [ 3294610.952030130662024, 2340930.075335239991546 ], [ 3294610.60446414584294, 2340929.131533829029649 ], [ 3294610.126377835404128, 2340927.824959378689528 ], [ 3294607.978985398542136, 2340923.948923196643591 ], [ 3294604.176408300176263, 2340919.073907208628953 ], [ 3294600.283389415126294, 2340914.884502174332738 ], [ 3294598.843154405243695, 2340913.340479337144643 ], [ 3294594.254562465939671, 2340908.745170714799315 ], [ 3294585.716184013523161, 2340900.97505924385041 ], [ 3294581.559128409717232, 2340896.598482466768473 ], [ 3294579.030056588351727, 2340892.931353601627052 ], [ 3294577.947299899999052, 2340890.350518491119146 ], [ 3294577.460340193938464, 2340888.000244462862611 ], [ 3294577.49728313786909, 2340885.071124943904579 ], [ 3294577.93695984268561, 2340883.360293238889426 ], [ 3294578.502677073702216, 2340881.180875414516777 ], [ 3294580.53569320961833, 2340876.319135051686317 ], [ 3294582.138962768483907, 2340872.486565609462559 ], [ 3294584.981875540688634, 2340866.99590234272182 ], [ 3294587.620023780036718, 2340863.225677466951311 ], [ 3294590.237767128273845, 2340860.382502057589591 ], [ 3294593.69214738253504, 2340857.382681447546929 ], [ 3294597.317346608731896, 2340855.053168512880802 ], [ 3294600.068709788378328, 2340853.952364236582071 ], [ 3294602.417594603262842, 2340853.4903280348517 ], [ 3294606.189136047847569, 2340853.72295337729156 ], [ 3294609.177828976884484, 2340854.934948861598969 ], [ 3294615.43630135525018, 2340859.258153994567692 ], [ 3294618.58772266888991, 2340861.091133248526603 ], [ 3294619.651266159489751, 2340861.513789554592222 ], [ 3294621.430413203313947, 2340862.217065534554422 ], [ 3294624.379267587326467, 2340862.938781082630157 ], [ 3294627.113853276707232, 2340863.281944108195603 ], [ 3294627.894248645287007, 2340863.277220303192735 ], [ 3294629.757366383448243, 2340863.255426954012364 ], [ 3294633.111697364132851, 2340862.800001634284854 ], [ 3294637.139783732127398, 2340861.627863535657525 ], [ 3294639.046965008601546, 2340861.070654436014593 ], [ 3294642.278935351409018, 2340859.621846771799028 ], [ 3294646.35585512034595, 2340857.324869345407933 ], [ 3294649.634274112526327, 2340855.045934220310301 ], [ 3294652.911075260490179, 2340852.75713463826105 ], [ 3294655.424819935113192, 2340850.764317115303129 ], [ 3294664.824610073119402, 2340843.313696825876832 ], [ 3294667.894774121697992, 2340840.878415795508772 ], [ 3294670.69374591158703, 2340839.140098380856216 ], [ 3294673.526237352285534, 2340837.791687020566314 ], [ 3294679.274133552797139, 2340836.09515474177897 ], [ 3294685.787640719208866, 2340835.045966155827045 ], [ 3294703.278551986906677, 2340834.865349241532385 ], [ 3294710.609533503651619, 2340835.398196597583592 ], [ 3294721.405590742826462, 2340837.820735986344516 ], [ 3294735.89323951350525, 2340842.21508269244805 ], [ 3294737.979415285401046, 2340842.996525853406638 ], [ 3294738.584767512045801, 2340843.347192093729973 ], [ 3294739.705250801984221, 2340843.993285787291825 ], [ 3294743.31857604207471, 2340847.034196194261312 ], [ 3294746.396670868620276, 2340850.584896669257432 ], [ 3294748.673710712697357, 2340853.21031389106065 ], [ 3294751.993666177615523, 2340857.926285865716636 ], [ 3294755.680296675302088, 2340863.82626665616408 ], [ 3294759.11660122172907, 2340869.313416203018278 ], [ 3294762.265586033929139, 2340873.419996695127338 ], [ 3294764.597096872515976, 2340875.944543745368719 ], [ 3294767.39434527605772, 2340878.154134508688003 ], [ 3294770.36932878009975, 2340879.591794337611645 ], [ 3294772.160570196807384, 2340880.05955029418692 ], [ 3294774.482118969783187, 2340880.667855379171669 ], [ 3294778.445892498362809, 2340880.897274829447269 ], [ 3294782.985602246131748, 2340882.720577063038945 ], [ 3294788.859504074789584, 2340883.833303570747375 ], [ 3294794.879086223430932, 2340883.854974094778299 ], [ 3294801.458545724861324, 2340882.713063220027834 ], [ 3294805.922788145486265, 2340881.23116070497781 ], [ 3294809.550086403265595, 2340880.027731756679714 ], [ 3294814.988096874207258, 2340877.431553420610726 ], [ 3294818.830568973906338, 2340874.942235578782856 ], [ 3294826.374894817359746, 2340869.044452631380409 ], [ 3294830.581948990467936, 2340866.613075193017721 ], [ 3294833.961084556300193, 2340865.44295335887 ], [ 3294837.391385102644563, 2340864.83216481981799 ], [ 3294838.52650069212541, 2340864.887109603267163 ], [ 3294841.214011743664742, 2340865.005118746310472 ], [ 3294843.408822031226009, 2340865.706654531881213 ], [ 3294843.851684312336147, 2340865.994440592825413 ], [ 3294844.58978811930865, 2340866.474084043875337 ], [ 3294845.610579845961183, 2340867.563853867352009 ], [ 3294870.998816954437643, 2340871.368801312986761 ], [ 3294870.865828052163124, 2340870.681722601875663 ], [ 3294870.293574060779065, 2340867.625873831100762 ], [ 3294870.119198116473854, 2340865.758717946242541 ], [ 3294870.331106494180858, 2340861.855199382640421 ], [ 3294870.985738738439977, 2340859.599332428537309 ], [ 3294871.847246913705021, 2340858.048050948418677 ], [ 3294872.29287048522383, 2340857.239362409804016 ], [ 3294873.274729704018682, 2340856.174411162734032 ], [ 3294876.23679512180388, 2340852.956374563742429 ], [ 3294886.943291381467134, 2340844.627523746807128 ], [ 3294891.230150586459786, 2340840.517896741628647 ], [ 3294893.49849935201928, 2340837.461922352202237 ], [ 3294896.35345372185111, 2340832.415695516392589 ], [ 3294897.969680301845074, 2340828.662061442621052 ], [ 3294898.113827868364751, 2340828.180158810690045 ], [ 3294899.096204687841237, 2340824.953580765984952 ], [ 3294899.476785935461521, 2340822.573183969594538 ], [ 3294900.014375998172909, 2340819.170785426627845 ], [ 3294900.022899792063981, 2340816.43946437118575 ], [ 3294899.834200230427086, 2340815.041628423612565 ], [ 3294899.677708500064909, 2340813.902002588845789 ], [ 3294899.252478224691004, 2340812.484694092534482 ], [ 3294898.933189392089844, 2340811.40401772223413 ], [ 3294898.714220452588052, 2340810.934955448377877 ], [ 3294897.936502757482231, 2340809.22418427746743 ], [ 3294892.927598068024963, 2340801.262266885954887 ], [ 3294892.115133959334344, 2340799.648912332952023 ], [ 3294891.013357046991587, 2340797.446887756697834 ], [ 3294889.773654942866415, 2340793.909173387568444 ], [ 3294889.473463300149888, 2340791.76975499978289 ], [ 3294889.53517335979268, 2340791.403767661657184 ], [ 3294889.635173209942877, 2340790.838262757286429 ], [ 3294895.258445809595287, 2340791.660000332631171 ], [ 3294901.103002521209419, 2340793.336021474562585 ], [ 3294912.559544587507844, 2340799.66157652111724 ], [ 3294916.396985941100866, 2340801.780370173044503 ], [ 3294918.554971520788968, 2340802.752206357661635 ], [ 3294921.403829994145781, 2340804.03943975456059 ], [ 3294922.929346409160644, 2340804.990094368811697 ], [ 3294925.289813363458961, 2340806.454176006838679 ], [ 3294929.783566030673683, 2340804.348088908474892 ], [ 3294934.371083279140294, 2340802.195140330120921 ], [ 3294935.121504568029195, 2340801.698414378799498 ], [ 3294935.651422137394547, 2340801.341778370551765 ], [ 3294939.892214780207723, 2340797.260521471500397 ], [ 3294942.116822564043105, 2340795.917084254324436 ], [ 3294945.308966058772057, 2340793.97801729105413 ], [ 3294946.423354890197515, 2340793.782892398070544 ], [ 3294949.153468789067119, 2340793.294712751172483 ], [ 3294955.81663076300174, 2340794.14748435979709 ], [ 3294959.216358988545835, 2340794.587308262474835 ], [ 3294962.604524375405163, 2340794.399977542459965 ], [ 3294963.408034818246961, 2340794.350618912372738 ], [ 3294965.593432233668864, 2340793.572191429324448 ], [ 3294966.273049334529787, 2340793.138603839091957 ], [ 3294967.275178387295455, 2340792.50647311238572 ], [ 3294973.332549499813467, 2340787.315597411710769 ], [ 3294974.93023993819952, 2340786.355929740704596 ], [ 3294976.047475283965468, 2340785.683348621241748 ], [ 3294979.161812217906117, 2340784.630640430841595 ], [ 3294981.864502788987011, 2340784.59377860231325 ], [ 3294984.453764048404992, 2340782.628351822029799 ], [ 3294986.364329283125699, 2340780.7310213111341 ], [ 3294988.063709263224155, 2340778.535782730672508 ], [ 3294989.804839864838868, 2340775.419909390155226 ], [ 3294990.604783820919693, 2340772.874755249358714 ], [ 3294991.011021534446627, 2340770.094095633830875 ], [ 3294990.976712120696902, 2340767.410869732499123 ], [ 3294990.420882015954703, 2340765.011772403027862 ], [ 3294988.268105555791408, 2340760.669869245495647 ], [ 3294986.776710561010987, 2340758.566509207710624 ], [ 3294984.808935227338225, 2340755.785457224585116 ], [ 3294981.334056720137596, 2340751.918600705452263 ], [ 3294972.110819249413908, 2340742.756314049474895 ], [ 3294969.041127692908049, 2340739.133101308718324 ], [ 3294967.291707127355039, 2340737.064772506244481 ], [ 3294964.597841409035027, 2340732.949536626692861 ], [ 3294958.730944673996419, 2340722.539949712809175 ], [ 3294957.772265947423875, 2340722.880326406098902 ], [ 3294956.152464353479445, 2340724.138158318120986 ], [ 3294954.65316605893895, 2340725.821404951624572 ], [ 3294953.364899423904717, 2340727.863475004211068 ], [ 3294952.28188886679709, 2340730.600265399552882 ], [ 3294951.754531953949481, 2340733.199171425774693 ], [ 3294951.584220479708165, 2340737.541913556866348 ], [ 3294951.791802340187132, 2340739.92080301232636 ], [ 3294951.86839363630861, 2340740.820716809481382 ], [ 3294953.047171592712402, 2340747.017738537862897 ], [ 3294954.330108168534935, 2340752.303494272753596 ], [ 3294955.560960517264903, 2340757.395408830605447 ], [ 3294956.42277917265892, 2340764.195924140512943 ], [ 3294956.323014977853745, 2340765.319530121982098 ], [ 3294956.268934221472591, 2340765.917586469091475 ], [ 3294955.42044890858233, 2340768.166799321305007 ], [ 3294954.548992027062923, 2340769.100787571631372 ], [ 3294953.042136716190726, 2340769.87203383538872 ], [ 3294952.509596790187061, 2340769.965279201045632 ], [ 3294951.7584781027399, 2340770.086648682598025 ], [ 3294950.638384463265538, 2340769.937738298438489 ], [ 3294949.257182095199823, 2340769.743214431684464 ], [ 3294947.286571717821062, 2340768.738568536937237 ], [ 3294932.642421220429242, 2340754.730924675241113 ], [ 3294927.107254771050066, 2340750.240456174127758 ], [ 3294919.627828116994351, 2340744.720432685222477 ], [ 3294918.873237267136574, 2340744.263971332460642 ], [ 3294916.593130695167929, 2340742.856855122838169 ], [ 3294911.211147984489799, 2340740.166215321514755 ], [ 3294886.461465131491423, 2340728.750009604264051 ], [ 3294883.404965871945024, 2340727.062767474446446 ], [ 3294882.719868823420256, 2340726.411473310086876 ], [ 3294882.627063488587737, 2340721.516064686700702 ], [ 3294882.054653484374285, 2340717.222184027545154 ], [ 3294881.322825260460377, 2340711.64711809437722 ], [ 3294881.089190825819969, 2340707.872358439490199 ], [ 3294881.373452107422054, 2340703.296553613618016 ], [ 3294882.251514315139502, 2340699.743210572283715 ], [ 3294883.199931114446372, 2340697.608424264937639 ], [ 3294885.482391344383359, 2340694.823982155881822 ], [ 3294887.30266594234854, 2340693.551342441234738 ], [ 3294896.132239897269756, 2340689.427715193480253 ], [ 3294900.179440278094262, 2340687.196860002353787 ], [ 3294903.323661751579493, 2340684.718190930783749 ], [ 3294904.446131459437311, 2340683.273441297933459 ], [ 3294906.450597912538797, 2340678.670435487292707 ], [ 3294908.246021156199276, 2340671.617760745342821 ], [ 3294908.852880460675806, 2340667.462431314401329 ], [ 3294909.564902923069894, 2340662.64936152100563 ], [ 3294909.778969595208764, 2340656.594087556470186 ], [ 3294908.985744568053633, 2340651.263180382084101 ], [ 3294908.247551318258047, 2340648.865570966619998 ], [ 3294907.89236166793853, 2340647.68970134248957 ], [ 3294907.196318747475743, 2340646.167591657023877 ], [ 3294906.387556007131934, 2340644.391221439000219 ], [ 3294903.898643765132874, 2340641.09253716468811 ], [ 3294900.966264328919351, 2340639.048675280064344 ], [ 3294898.655344589613378, 2340638.134060435928404 ], [ 3294894.548717094585299, 2340637.21927626663819 ], [ 3294884.869127980433404, 2340635.727641509380192 ], [ 3294881.185403577052057, 2340634.545996772125363 ], [ 3294878.663760329596698, 2340633.150728846900165 ], [ 3294875.410170485265553, 2340630.138157511129975 ], [ 3294873.426527610979974, 2340627.136629182379693 ], [ 3294872.278521423693746, 2340623.724935345351696 ], [ 3294872.235965614207089, 2340619.754352384246886 ], [ 3294872.765641221776605, 2340617.540666840504855 ], [ 3294873.406346070580184, 2340616.251308912411332 ], [ 3294874.053676766343415, 2340614.940494773443788 ], [ 3294875.846058960072696, 2340613.002969403285533 ], [ 3294877.718727815430611, 2340611.802341702859849 ], [ 3294880.397682650014758, 2340610.754830479156226 ], [ 3294884.339651372749358, 2340609.861649280413985 ], [ 3294895.637030672281981, 2340608.289454399608076 ], [ 3294897.73529311735183, 2340607.536433377768844 ], [ 3294899.433838783297688, 2340606.325702619738877 ], [ 3294900.601381171029061, 2340604.59906536154449 ], [ 3294901.233219959773123, 2340602.266012206673622 ], [ 3294901.11077624373138, 2340599.354667169041932 ], [ 3294900.120262225624174, 2340597.336123945191503 ], [ 3294900.79837042465806, 2340589.038068861234933 ], [ 3294900.639693431556225, 2340582.256516658235341 ], [ 3294900.12516305455938, 2340579.119531203992665 ], [ 3294896.2574857249856, 2340555.786478367634118 ], [ 3294895.52049983618781, 2340547.705757241230458 ], [ 3294896.17488731443882, 2340539.696004017721862 ], [ 3294897.823011406697333, 2340531.126628378871828 ], [ 3294897.431231353897601, 2340530.779157334007323 ], [ 3294897.088606836274266, 2340530.483967661857605 ], [ 3294892.320071241818368, 2340528.193316004704684 ], [ 3294888.699911057949066, 2340527.213647968135774 ], [ 3294885.963701458647847, 2340526.860604093410075 ], [ 3294882.222584356553853, 2340526.937215095385909 ], [ 3294871.783415080048144, 2340528.91727851331234 ], [ 3294866.978988715447485, 2340529.12933023320511 ], [ 3294859.823039682116359, 2340528.241064236499369 ], [ 3294836.137726119253784, 2340523.437676608562469 ], [ 3294830.782340263016522, 2340522.579176745377481 ], [ 3294829.937917431816459, 2340522.56466267677024 ], [ 3294825.178562495857477, 2340522.494828595314175 ], [ 3294823.766698115039617, 2340522.731891727540642 ], [ 3294822.315386299043894, 2340522.975861970800906 ], [ 3294820.100552354007959, 2340523.698555074632168 ], [ 3294817.443632856011391, 2340525.127834199462086 ], [ 3294815.596542812883854, 2340526.608128630556166 ], [ 3294802.98520992603153, 2340540.39523967821151 ], [ 3294800.179521493148059, 2340542.834929555188864 ], [ 3294798.829376447945833, 2340544.004954991862178 ], [ 3294789.528750372119248, 2340551.194589776452631 ], [ 3294786.713128004223108, 2340554.315939557738602 ], [ 3294786.237452758476138, 2340555.312552918680012 ], [ 3294785.790909492876381, 2340557.785680361092091 ], [ 3294786.055115700699389, 2340560.50983584811911 ], [ 3294787.105657219421118, 2340564.131407667417079 ], [ 3294791.338236393406987, 2340575.030109130777419 ], [ 3294789.338674228172749, 2340576.384882621467113 ], [ 3294784.04272024333477, 2340579.970975855365396 ], [ 3294767.264041941612959, 2340588.267042741645128 ], [ 3294765.178652682341635, 2340589.778918442782015 ], [ 3294764.77000480890274, 2340590.256393644493073 ], [ 3294764.124057710636407, 2340591.018972553312778 ], [ 3294732.940375400707126, 2340601.238597203511745 ], [ 3294723.229309672489762, 2340603.760977965779603 ], [ 3294718.143985146656632, 2340604.610816657543182 ], [ 3294714.602731615304947, 2340604.916294112801552 ], [ 3294705.680985426995903, 2340605.199821815360337 ], [ 3294695.279881046153605, 2340605.123352822847664 ], [ 3294690.028288932517171, 2340605.454312124289572 ], [ 3294687.568449483718723, 2340605.611029280815274 ], [ 3294686.011895687785, 2340605.89372799359262 ], [ 3294681.707122742198408, 2340606.677932857535779 ], [ 3294678.520978108979762, 2340607.540265081916004 ], [ 3294673.362085093744099, 2340609.549720646813512 ], [ 3294669.794728176668286, 2340611.737163024954498 ], [ 3294669.010562701150775, 2340612.58483403082937 ], [ 3294668.42247702088207, 2340613.205358490347862 ], [ 3294667.553026403766125, 2340614.646402440965176 ], [ 3294667.124122790060937, 2340615.990010874345899 ], [ 3294666.357458462007344, 2340618.366974968928844 ], [ 3294665.727712910622358, 2340621.826103604398668 ], [ 3294664.814759481232613, 2340626.836735248565674 ], [ 3294662.79358323244378, 2340632.203785396646708 ], [ 3294661.413867480121553, 2340634.677946969866753 ], [ 3294660.89728313498199, 2340635.610689963214099 ], [ 3294657.904669460374862, 2340635.30255392100662 ], [ 3294652.348273579031229, 2340634.022606235463172 ], [ 3294648.177389870863408, 2340632.530500374734402 ], [ 3294646.845109146554023, 2340631.830160356126726 ], [ 3294645.168278374709189, 2340630.946597415022552 ], [ 3294641.500492029357702, 2340628.006558924913406 ], [ 3294633.794767984189093, 2340619.065691706724465 ], [ 3294629.161586860660464, 2340614.569523056969047 ], [ 3294625.25573443248868, 2340612.219165984075516 ], [ 3294624.801086125895381, 2340612.045073242858052 ], [ 3294622.578771852888167, 2340611.175840269774199 ], [ 3294618.876638572197407, 2340610.129356870893389 ], [ 3294618.444796413648874, 2340610.032455328386277 ], [ 3294614.801373384892941, 2340609.158357130363584 ], [ 3294613.467863982543349, 2340608.94533986132592 ], [ 3294610.593900144100189, 2340608.494653108064085 ], [ 3294604.957924364134669, 2340608.152116930577904 ], [ 3294600.672795610036701, 2340608.313856343738735 ], [ 3294594.25404790462926, 2340609.569706430658698 ], [ 3294591.806539766024798, 2340610.049006608314812 ], [ 3294583.562819649931043, 2340612.486997468862683 ], [ 3294581.623969688080251, 2340613.222266100812703 ], [ 3294579.149037153460085, 2340614.152883974835277 ], [ 3294577.154016736429185, 2340614.360140640754253 ], [ 3294575.558324030134827, 2340614.527918972074986 ], [ 3294573.108737453818321, 2340615.18010119907558 ], [ 3294570.15435396367684, 2340616.651334988884628 ], [ 3294568.957149478141218, 2340617.764144856482744 ], [ 3294567.301692633423954, 2340620.783847876358777 ], [ 3294565.523461470846087, 2340628.188719514291734 ], [ 3294564.52111902134493, 2340630.860656367614865 ], [ 3294563.683334520552307, 2340632.123641297686845 ], [ 3294562.630975585896522, 2340633.129904434084892 ], [ 3294559.988239211961627, 2340634.150794851128012 ], [ 3294559.390056846663356, 2340634.214945065788925 ], [ 3294557.994837352074683, 2340634.367917179130018 ], [ 3294555.047684041783214, 2340634.275083364453167 ], [ 3294539.369635545182973, 2340632.21014668373391 ], [ 3294529.564020300284028, 2340631.187146832700819 ], [ 3294522.772890758700669, 2340629.61600998789072 ], [ 3294516.308584078215063, 2340627.43965036701411 ], [ 3294512.99421771382913, 2340625.726537698414177 ], [ 3294510.939473135862499, 2340624.208933828398585 ], [ 3294508.883028251118958, 2340622.062447081785649 ], [ 3294507.194707390386611, 2340619.871797225438058 ], [ 3294502.090973515063524, 2340629.330447933170944 ], [ 3294497.20674167200923, 2340638.395482528489083 ], [ 3294489.096689378842711, 2340647.771666625048965 ], [ 3294464.074782693758607, 2340654.426245674490929 ], [ 3294462.360727842897177, 2340660.490492565557361 ], [ 3294461.19706920767203, 2340664.59111658250913 ], [ 3294460.598591014742851, 2340681.724395702593029 ], [ 3294461.815678210463375, 2340733.367999345064163 ], [ 3294461.426673237234354, 2340733.223005793988705 ], [ 3294439.215185224544257, 2340725.776913452893496 ], [ 3294432.498559395316988, 2340723.979633463080972 ], [ 3294420.013521821238101, 2340721.589030827395618 ], [ 3294417.060122678987682, 2340720.715896199923009 ], [ 3294413.211990020703524, 2340719.58336197771132 ], [ 3294405.858726475387812, 2340716.811716832686216 ], [ 3294400.637471465859562, 2340714.235040363389999 ], [ 3294397.094818325713277, 2340712.490870903246105 ], [ 3294390.963500349782407, 2340709.870589659549296 ], [ 3294385.495170243550092, 2340708.199765970930457 ], [ 3294382.275586165022105, 2340707.992276567965746 ], [ 3294380.894931508693844, 2340708.234036299400032 ], [ 3294379.750039923470467, 2340708.799844057764858 ], [ 3294376.945838305167854, 2340711.310344867408276 ], [ 3294374.316443402320147, 2340712.907352247275412 ], [ 3294368.400134052615613, 2340714.937843014020473 ], [ 3294366.146478629671037, 2340715.423803238198161 ], [ 3294362.216160920914263, 2340716.264245000202209 ], [ 3294355.901975688524544, 2340717.10604387242347 ], [ 3294352.108872736338526, 2340717.6078683687374 ], [ 3294346.964156912639737, 2340717.910000311210752 ], [ 3294336.963954543694854, 2340718.483915987890214 ], [ 3294334.401500671636313, 2340718.942765276413411 ], [ 3294333.398524865973741, 2340719.260465811938047 ], [ 3294331.959857743233442, 2340719.705199072603136 ], [ 3294330.390601966995746, 2340720.467094089835882 ], [ 3294329.084532481618226, 2340721.10171882994473 ], [ 3294328.085643938276917, 2340721.75359100708738 ], [ 3294327.076893601100892, 2340722.407190072350204 ], [ 3294325.756192250177264, 2340723.632966749835759 ], [ 3294324.461840257514268, 2340724.833833355922252 ], [ 3294323.37351264571771, 2340726.424843991175294 ], [ 3294322.588585541117936, 2340727.577099581249058 ], [ 3294314.840925336815417, 2340744.419765518046916 ], [ 3294312.311218036338687, 2340751.448851892724633 ], [ 3294310.72725679166615, 2340759.35758698079735 ], [ 3294286.562101062852889, 2340755.277780190575868 ], [ 3294255.492680423427373, 2340776.955242882017046 ], [ 3294247.040823737159371, 2340779.855966726318002 ], [ 3294246.058612645138055, 2340777.145896978676319 ], [ 3294242.388919898308814, 2340763.865285287611187 ], [ 3294240.854432162828743, 2340759.952966088429093 ], [ 3294239.965303900185972, 2340758.119630546309054 ], [ 3294238.737860057502985, 2340755.584428750909865 ], [ 3294236.279905913863331, 2340751.732335118576884 ], [ 3294233.369858320336789, 2340748.649478110019118 ], [ 3294229.90547162014991, 2340745.836208324879408 ], [ 3294227.359406979288906, 2340744.353904716204852 ], [ 3294223.475219576153904, 2340743.187102393247187 ], [ 3294221.32834406895563, 2340743.025188397616148 ], [ 3294219.654528572689742, 2340742.902215015143156 ], [ 3294217.759903842583299, 2340743.041165598202497 ], [ 3294216.336874378379434, 2340743.148276490159333 ], [ 3294214.979028044268489, 2340743.467231683433056 ], [ 3294212.840327699668705, 2340743.97366160992533 ], [ 3294202.59440487017855, 2340748.183060687966645 ], [ 3294196.627331650815904, 2340750.151425505056977 ], [ 3294195.415947890840471, 2340750.37369761057198 ], [ 3294192.195992418564856, 2340750.967984730843455 ], [ 3294191.453427666798234, 2340750.95594089012593 ], [ 3294189.662735598161817, 2340750.924471307080239 ], [ 3294188.053558783140033, 2340750.5770697100088 ], [ 3294186.580675814766437, 2340750.256542420946062 ], [ 3294184.474934557918459, 2340749.417651466559619 ], [ 3294182.835320913232863, 2340748.760988294146955 ], [ 3294177.770239606034011, 2340746.14683161303401 ], [ 3294174.190065991133451, 2340744.297613529022783 ], [ 3294167.386446733493358, 2340741.165894339326769 ], [ 3294165.748059868812561, 2340740.021907285787165 ], [ 3294163.985012414865196, 2340738.798268374521285 ], [ 3294162.057687662076205, 2340736.263845197390765 ], [ 3294161.445541692897677, 2340734.69659919384867 ], [ 3294160.833395765163004, 2340733.129353202879429 ], [ 3294160.493107474409044, 2340728.642586873844266 ], [ 3294161.081722230650485, 2340721.283615624997765 ], [ 3294160.843373665586114, 2340717.418330094311386 ], [ 3294159.741036192048341, 2340713.481078615877777 ], [ 3294157.064015448093414, 2340707.241948750335723 ], [ 3294156.780768307857215, 2340704.896594023332 ], [ 3294156.658561645075679, 2340703.842293909750879 ], [ 3294157.336372881662101, 2340700.861836167518049 ], [ 3294157.666428966913372, 2340700.276338679715991 ], [ 3294158.103806976694614, 2340699.479234088212252 ], [ 3294159.680676068644971, 2340697.65044942451641 ], [ 3294161.288833018857986, 2340696.445368820801377 ], [ 3294163.601879085879773, 2340695.208188900724053 ], [ 3294165.685411936603487, 2340694.427271355874836 ], [ 3294168.756283397786319, 2340693.666276263073087 ], [ 3294171.697724359109998, 2340693.4150549354963 ], [ 3294174.238220822066069, 2340693.193450201302767 ], [ 3294185.591269095893949, 2340693.630831321701407 ], [ 3294191.238626176025718, 2340693.36244691349566 ], [ 3294196.654530331958085, 2340692.363336366135627 ], [ 3294208.923679741099477, 2340688.489730304572731 ], [ 3294212.093170392327011, 2340687.711468824185431 ], [ 3294214.362544506788254, 2340687.506897338200361 ], [ 3294218.102639617864043, 2340687.176716451067477 ], [ 3294221.348723840899765, 2340687.298372686374933 ], [ 3294229.102674548979849, 2340688.183326601050794 ], [ 3294230.802993163932115, 2340688.220475160516798 ], [ 3294232.624889661092311, 2340688.256630764342844 ], [ 3294235.706322118639946, 2340687.869270100258291 ], [ 3294238.486808769404888, 2340686.946017577312887 ], [ 3294240.022084762807935, 2340685.976960264611989 ], [ 3294240.979210286401212, 2340684.946771835442632 ], [ 3294241.231837129220366, 2340684.445870436728001 ], [ 3294241.591786107048392, 2340683.733362227212638 ], [ 3294241.678687067702413, 2340683.149851562455297 ], [ 3294241.815817627124488, 2340682.192213691305369 ], [ 3294241.530117664951831, 2340680.821507735643536 ], [ 3294241.273542900104076, 2340679.628367567900568 ], [ 3294238.403684760443866, 2340673.636116477195174 ], [ 3294236.863804971799254, 2340669.257930808700621 ], [ 3294236.129971822723746, 2340664.474749949760735 ], [ 3294236.457295197993517, 2340660.408933843486011 ], [ 3294237.406777660362422, 2340657.847721114754677 ], [ 3294238.395414260216057, 2340656.700386171694845 ], [ 3294239.059461833443493, 2340655.924480218440294 ], [ 3294240.876184000167996, 2340654.753918824717402 ], [ 3294248.638255958911031, 2340651.111403000541031 ], [ 3294252.539434587117285, 2340648.794435836840421 ], [ 3294256.566111501771957, 2340645.57260909024626 ], [ 3294258.256625806447119, 2340643.632596956565976 ], [ 3294259.345262468792498, 2340641.919754914939404 ], [ 3294260.385120762512088, 2340639.352866211906075 ], [ 3294260.964863406959921, 2340636.825954547151923 ], [ 3294261.103753552306443, 2340634.518312484025955 ], [ 3294260.976541116368026, 2340633.495334405917674 ], [ 3294260.815503029152751, 2340632.204280860256404 ], [ 3294260.281097303610295, 2340630.430609329137951 ], [ 3294259.963427785784006, 2340629.359796799719334 ], [ 3294258.627119526732713, 2340626.346402808092535 ], [ 3294257.915591346099973, 2340625.101003279909492 ], [ 3294256.172646299004555, 2340623.072142656892538 ], [ 3294255.347560107707977, 2340622.556994538754225 ], [ 3294254.209824862424284, 2340622.238666674122214 ], [ 3294252.466278560925275, 2340621.752421805635095 ], [ 3294248.996453690808266, 2340621.751125627197325 ], [ 3294237.078134298324585, 2340623.310403735842556 ], [ 3294225.964564512483776, 2340625.631947735790163 ], [ 3294212.721931227482855, 2340629.199045462533832 ], [ 3294206.773946022149175, 2340630.108656912110746 ], [ 3294203.225688094738871, 2340629.938431994523853 ], [ 3294195.758260304108262, 2340628.140717323403805 ], [ 3294193.16482693888247, 2340627.854036291595548 ], [ 3294190.179389831610024, 2340627.960737481713295 ], [ 3294186.387138999532908, 2340628.777011895086616 ], [ 3294184.971124771051109, 2340629.359854514710605 ], [ 3294183.935020558536053, 2340629.784839005209506 ], [ 3294181.593850925564766, 2340631.097977468278259 ], [ 3294179.139737643767148, 2340632.897706099320203 ], [ 3294176.845882318913937, 2340634.994111722800881 ], [ 3294173.362848472781479, 2340638.932596940081567 ], [ 3294165.497990514617413, 2340648.813909671269357 ], [ 3294160.673529219813645, 2340653.728103790432215 ], [ 3294158.776993264909834, 2340655.277976155746728 ], [ 3294156.191748855635524, 2340656.958595572505146 ], [ 3294155.86261276435107, 2340657.178599851671606 ], [ 3294148.321900926996022, 2340660.995478786993772 ], [ 3294143.343473930843174, 2340663.115462890360504 ], [ 3294136.677827284671366, 2340665.216303780209273 ], [ 3294118.927971650380641, 2340669.075428407173604 ], [ 3294116.347721612546593, 2340669.425773573573679 ], [ 3294114.76012439513579, 2340669.642888318281621 ], [ 3294105.590095884632319, 2340670.020727263297886 ], [ 3294099.270059957168996, 2340670.579429314937443 ], [ 3294085.263676547445357, 2340672.768235697411001 ], [ 3294082.610544838011265, 2340673.354603270068765 ], [ 3294076.31471186876297, 2340674.741215087473392 ], [ 3294075.018812758848071, 2340675.252287531271577 ], [ 3294072.977964185643941, 2340676.046030066907406 ], [ 3294070.297034070827067, 2340677.885484113357961 ], [ 3294063.679382478352636, 2340685.72176381200552 ], [ 3294025.386473198421299, 2340679.19412637129426 ], [ 3293935.590745871886611, 2340663.90577571419999 ], [ 3293934.869830241426826, 2340663.778314109425992 ], [ 3293934.431363788899034, 2340663.702873307280242 ], [ 3293949.478295462206006, 2340685.423461706377566 ], [ 3293883.136208459734917, 2340699.07046804856509 ], [ 3293879.718324093613774, 2340699.323950916528702 ], [ 3293863.161286578048021, 2340700.559029037132859 ], [ 3293863.033288329839706, 2340704.417437337338924 ], [ 3293862.774429420009255, 2340705.436987963505089 ], [ 3293862.50717355357483, 2340706.52904595900327 ], [ 3293860.738865797407925, 2340709.355439049657434 ], [ 3293856.947120991535485, 2340712.586906192358583 ], [ 3293854.119328218977898, 2340740.806798772886395 ], [ 3293854.219184224959463, 2340752.053744256030768 ], [ 3293855.023616003338248, 2340757.514648068230599 ], [ 3293855.640311784110963, 2340759.233320178464055 ], [ 3293856.847660760395229, 2340762.573743513319641 ], [ 3293858.415960754267871, 2340765.45518158795312 ], [ 3293860.113469305913895, 2340768.567696804180741 ], [ 3293863.231246572453529, 2340772.669574621133506 ], [ 3293871.044006906449795, 2340781.520618907175958 ], [ 3293871.777340399101377, 2340782.589681621175259 ], [ 3293872.738193812780082, 2340783.994383332785219 ], [ 3293875.372208241373301, 2340783.167795245535672 ], [ 3293878.914358684327453, 2340782.496771536767483 ], [ 3293883.302630853839219, 2340782.469134452287108 ], [ 3293887.064689592458308, 2340783.200637608766556 ], [ 3293891.050266126636416, 2340784.55262865126133 ], [ 3293895.287327723577619, 2340786.510061964392662 ], [ 3293902.496519745327532, 2340790.382585334125906 ], [ 3293905.880154537968338, 2340792.641688546165824 ], [ 3293908.682796481531113, 2340795.317124302033335 ], [ 3293909.881950976792723, 2340796.69024445861578 ], [ 3293911.905119725968689, 2340799.004918543621898 ], [ 3293917.948516836855561, 2340806.531956964172423 ], [ 3293919.288206827826798, 2340808.205207843333483 ], [ 3293923.83336046943441, 2340814.391204865649343 ], [ 3293928.45257443934679, 2340821.832750276662409 ], [ 3293932.620005215983838, 2340829.921705390326679 ], [ 3293922.200494144111872, 2340856.142439728602767 ], [ 3293896.787365811411291, 2340844.639777678996325 ], [ 3293895.278340278193355, 2340843.665957427117974 ], [ 3293892.020829788874835, 2340841.557287108153105 ], [ 3293886.140505210496485, 2340837.127320399042219 ], [ 3293875.017723007127643, 2340828.754428160376847 ], [ 3293863.222064271103591, 2340822.711663249880075 ], [ 3293856.956233191303909, 2340820.013501811772585 ], [ 3293851.876918697729707, 2340818.487710732035339 ], [ 3293850.243013443425298, 2340818.175092588178813 ], [ 3293848.492538140621036, 2340817.832147002685815 ], [ 3293833.432081616017967, 2340816.501546232495457 ], [ 3293825.735308771021664, 2340815.099226820282638 ], [ 3293824.55828154226765, 2340814.726898898836225 ], [ 3293820.155581411905587, 2340813.305883136112243 ], [ 3293805.657866016961634, 2340807.056374118663371 ], [ 3293803.942596400622278, 2340806.433264560997486 ], [ 3293796.768018849659711, 2340803.823207024484873 ], [ 3293789.379805414937437, 2340801.889894523657858 ], [ 3293780.22008207347244, 2340799.485396343283355 ], [ 3293760.186439214274287, 2340793.626884448807687 ], [ 3293755.230409133248031, 2340792.728991946671158 ], [ 3293722.882382750976831, 2340935.627226495184004 ], [ 3293683.103822234086692, 2341111.337066006381065 ], [ 3293676.80415663914755, 2341139.170587185770273 ], [ 3293668.687047206796706, 2341175.035015707835555 ], [ 3293654.441677000373602, 2341240.519527649972588 ], [ 3293643.173142687417567, 2341292.30026585701853 ], [ 3293632.542829912621528, 2341341.168365150224417 ], [ 3293742.993577669374645, 2341365.361641941592097 ], [ 3293740.7726133861579, 2341391.52701214607805 ], [ 3293694.244293950032443, 2341415.070032888092101 ], [ 3293674.602587911300361, 2341423.289574588183314 ], [ 3293649.711256713140756, 2341433.707139792852104 ], [ 3293622.548481079284102, 2341462.251441325526685 ], [ 3293588.793647296261042, 2341499.652717957273126 ], [ 3293582.740055477712303, 2341509.318556468933821 ], [ 3293579.854253362398595, 2341511.640469751320779 ], [ 3293578.366546197794378, 2341512.651975771412253 ], [ 3293576.796556753572077, 2341513.71848459308967 ], [ 3293573.598168965429068, 2341515.557284666690975 ], [ 3293570.255853485781699, 2341517.137140337377787 ], [ 3293566.810675331391394, 2341518.461008228361607 ], [ 3293563.269259684719145, 2341519.507431625854224 ], [ 3293560.994291451759636, 2341519.98702618572861 ], [ 3293559.661191619001329, 2341520.27122937142849 ], [ 3293557.843554749153554, 2341520.508361274376512 ], [ 3293556.006194506771863, 2341520.748947340063751 ], [ 3293552.335471671074629, 2341520.945269197691232 ], [ 3293548.657266545575112, 2341520.848603037185967 ], [ 3293545.002782458439469, 2341520.4636325025931 ], [ 3293543.370499239768833, 2341520.160892945248634 ], [ 3293541.393361038062721, 2341519.796768282540143 ], [ 3293539.781105671077967, 2341519.368742643855512 ], [ 3293537.848725678399205, 2341518.844556259457022 ], [ 3293534.400079713203013, 2341517.611680055968463 ], [ 3293533.031434769742191, 2341516.998916432261467 ], [ 3293531.050659639760852, 2341516.117869305424392 ], [ 3293527.831668803468347, 2341514.367807641625404 ], [ 3293524.764448854140937, 2341512.367905749473721 ], [ 3293523.136219522915781, 2341511.100374915637076 ], [ 3293521.870341449044645, 2341510.124574330635369 ], [ 3293520.798308627679944, 2341509.155418988782912 ], [ 3293519.154201344586909, 2341507.667407845146954 ], [ 3293517.568102707155049, 2341505.976421456318349 ], [ 3293516.647231898270547, 2341505.001089937984943 ], [ 3293505.516783012077212, 2341529.915789208374918 ], [ 3293498.641204513143748, 2341566.11100889602676 ], [ 3293476.796094222459942, 2341569.865682165604085 ], [ 3293397.293928348459303, 2341542.556577949319035 ], [ 3293387.279890630859882, 2341540.819345178082585 ], [ 3293385.826433002017438, 2341540.617219026200473 ], [ 3293380.417235984001309, 2341539.616072120144963 ], [ 3293366.661692163906991, 2341536.159405691549182 ], [ 3293352.085361005738378, 2341531.780921458266675 ], [ 3293341.774769365787506, 2341529.720145660452545 ], [ 3293337.236430653836578, 2341529.3276058412157 ], [ 3293332.732628721743822, 2341529.578505547717214 ], [ 3293329.020735449157655, 2341531.131768402643502 ], [ 3293327.57920099934563, 2341532.733943112660199 ], [ 3293326.547804946545511, 2341535.2283731456846 ], [ 3293326.076049067080021, 2341537.300048753153533 ], [ 3293325.307089409325272, 2341545.228571452200413 ], [ 3293325.087714890949428, 2341551.498014840297401 ], [ 3293326.718323928304017, 2341585.371450083330274 ], [ 3293326.386544722598046, 2341589.285890528000891 ], [ 3293326.061695090960711, 2341593.057042017113417 ], [ 3293325.994335249066353, 2341601.613666811492294 ], [ 3293325.815396112389863, 2341623.281080243643373 ], [ 3293325.097347958013415, 2341637.147570460569113 ], [ 3293324.593193916603923, 2341646.937596637755632 ], [ 3293322.644796221051365, 2341666.661995686590672 ], [ 3293321.864286649506539, 2341671.984448476694524 ], [ 3293321.282743934541941, 2341673.94342703698203 ], [ 3293315.359519043937325, 2341675.498339967802167 ], [ 3293309.651632941327989, 2341677.005392424296588 ], [ 3293302.415545522235334, 2341677.978371821343899 ], [ 3293299.243225855752826, 2341677.935203156434 ], [ 3293295.006507006473839, 2341677.15495470771566 ], [ 3293285.963273313827813, 2341674.161861439235508 ], [ 3293277.730208653956652, 2341672.39689669618383 ], [ 3293274.831592440605164, 2341671.301116533577442 ], [ 3293273.257220492232591, 2341670.176381916739047 ], [ 3293270.918098433874547, 2341666.73984968662262 ], [ 3293270.600253488868475, 2341665.7299475367181 ], [ 3293269.922184334136546, 2341663.575489636510611 ], [ 3293269.509932439308614, 2341659.578235904220492 ], [ 3293268.855447740294039, 2341653.23856404889375 ], [ 3293267.848411857150495, 2341649.264291185885668 ], [ 3293265.415582596790045, 2341645.19468186236918 ], [ 3293263.478153067175299, 2341643.402856171596795 ], [ 3293259.041831790935248, 2341640.972954937256873 ], [ 3293258.132385524921119, 2341640.685706144198775 ], [ 3293255.814392362255603, 2341639.975356189068407 ], [ 3293253.265736327506602, 2341639.528664901386946 ], [ 3293252.242652909830213, 2341639.35265222704038 ], [ 3293250.064743860159069, 2341639.12518204562366 ], [ 3293246.319893350824714, 2341638.745909471996129 ], [ 3293232.950215071439743, 2341638.012471292167902 ], [ 3293223.049868950154632, 2341637.463001343887299 ], [ 3293219.594395839609206, 2341636.992457342799753 ], [ 3293216.792170990258455, 2341636.11320763360709 ], [ 3293214.282613112591207, 2341634.482471775263548 ], [ 3293212.155237156897783, 2341631.780124672688544 ], [ 3293209.411296555772424, 2341625.319270988926291 ], [ 3293208.022991725243628, 2341622.051111922599375 ], [ 3293206.194854873698205, 2341619.255764870904386 ], [ 3293203.699209276586771, 2341616.658507735468447 ], [ 3293200.265489329118282, 2341614.712656435091048 ], [ 3293195.339063356630504, 2341613.809645911678672 ], [ 3293190.185461461544037, 2341613.748134919442236 ], [ 3293187.084803079720587, 2341613.956275030970573 ], [ 3293183.132956841494888, 2341614.2323017870076 ], [ 3293174.84698429889977, 2341615.236940785311162 ], [ 3293167.15918530896306, 2341616.1774129467085 ], [ 3293156.923339730128646, 2341616.427533125504851 ], [ 3293153.188352436292917, 2341616.046538054943085 ], [ 3293152.603018645662814, 2341617.549511509016156 ], [ 3293152.32198369409889, 2341618.248219749890268 ], [ 3293151.498137943912297, 2341622.502552510239184 ], [ 3293151.388624583370984, 2341628.204762080218643 ], [ 3293151.242187393829226, 2341635.53716156957671 ], [ 3293150.234702009242028, 2341642.939175590872765 ], [ 3293148.67249512206763, 2341648.134684478864074 ], [ 3293148.238475851714611, 2341649.570564924739301 ], [ 3293143.479908446781337, 2341661.069793045520782 ], [ 3293142.469963323324919, 2341664.189669487066567 ], [ 3293141.951938882470131, 2341667.030575882643461 ], [ 3293141.994820328429341, 2341668.281451537273824 ], [ 3293142.06677826307714, 2341670.389838001225144 ], [ 3293143.171674485318363, 2341674.651422462426126 ], [ 3293150.283793374430388, 2341693.08333550253883 ], [ 3293151.084504193160683, 2341694.810384499374777 ], [ 3293152.775843538809568, 2341698.441551910247654 ], [ 3293155.440098744817078, 2341701.94291979726404 ], [ 3293158.656256076879799, 2341704.170430026482791 ], [ 3293163.029820193070918, 2341705.413819695822895 ], [ 3293167.061970965005457, 2341705.874696638435125 ], [ 3293172.150178171228617, 2341706.465216981247067 ], [ 3293175.669219102244824, 2341707.137737629003823 ], [ 3293178.681623249780387, 2341708.061361005529761 ], [ 3293182.048691013362259, 2341709.724583784583956 ], [ 3293184.697324150241911, 2341711.584668096154928 ], [ 3293185.79778160341084, 2341712.356024670414627 ], [ 3293188.863636876456439, 2341714.904159075114876 ], [ 3293197.838229229208082, 2341722.364351411815733 ], [ 3293208.906526680570096, 2341730.218983076512814 ], [ 3293218.790771070867777, 2341737.225565097294748 ], [ 3293221.395962534006685, 2341739.377410159446299 ], [ 3293225.465278455987573, 2341742.724038460757583 ], [ 3293229.196313190273941, 2341746.667770272586495 ], [ 3293230.60460412921384, 2341748.511673073749989 ], [ 3293231.818039481528103, 2341750.095402069855481 ], [ 3293240.263583173509687, 2341764.163444087840617 ], [ 3293243.768256532028317, 2341767.964151388965547 ], [ 3293250.217818508390337, 2341774.070325434673578 ], [ 3293252.223979271482676, 2341775.971892978996038 ], [ 3293255.25119791040197, 2341779.521326720248908 ], [ 3293257.900133497081697, 2341783.238493878860027 ], [ 3293260.77725068340078, 2341788.346605082973838 ], [ 3293263.24988852487877, 2341793.586444546934217 ], [ 3293267.801404390018433, 2341806.489484640303999 ], [ 3293268.461072837002575, 2341806.800181114580482 ], [ 3293270.617284426465631, 2341807.823014832101762 ], [ 3293271.270783220417798, 2341807.972419463098049 ], [ 3293272.23955144546926, 2341808.188388682901859 ], [ 3293272.523617595434189, 2341808.250269779935479 ], [ 3293275.72567160287872, 2341808.227336782030761 ], [ 3293206.894150527194142, 2341835.636533890385181 ], [ 3293203.929129227530211, 2341850.647564542014152 ], [ 3293203.241458206903189, 2341890.6101676505059 ], [ 3293216.63462579715997, 2341928.096558046527207 ], [ 3293221.778612984344363, 2341981.529604435432702 ], [ 3293242.846517717000097, 2341999.567323074676096 ], [ 3293243.114358540158719, 2342017.297290000598878 ], [ 3293518.728459433186799, 2342017.297290000598878 ], [ 3293518.75830004317686, 2342016.874497360549867 ], [ 3293519.775860668625683, 2342010.02887421194464 ], [ 3293524.414242308121175, 2341978.812324270606041 ], [ 3293536.103026103228331, 2341951.922286754939705 ], [ 3293551.843452676199377, 2341934.826146085746586 ], [ 3293572.647680722177029, 2341912.296768669970334 ], [ 3293582.618992959149182, 2341906.785483980085701 ], [ 3293588.38736506877467, 2341901.441961157135665 ], [ 3293595.682174300774932, 2341894.704658142291009 ], [ 3293607.417186597827822, 2341872.363145729526877 ], [ 3293611.655105242040008, 2341855.525832233484834 ], [ 3293612.165451089851558, 2341847.196075432933867 ], [ 3293612.604033180512488, 2341839.974898271262646 ], [ 3293619.441644540987909, 2341826.183455867227167 ], [ 3293630.473968104925007, 2341810.256944921799004 ], [ 3293635.456769494339824, 2341801.732536766678095 ], [ 3293642.767649828922004, 2341789.218087777495384 ], [ 3293650.755282410886139, 2341767.532892601564527 ], [ 3293674.99820606643334, 2341771.344989053439349 ], [ 3293693.191071406006813, 2341774.207271951250732 ], [ 3293698.972123441286385, 2341753.91320236492902 ], [ 3293698.394351358525455, 2341749.092491229064763 ], [ 3293697.026107358746231, 2341737.78341538598761 ], [ 3293693.208405003882945, 2341720.50991846807301 ], [ 3293687.71234158333391, 2341704.940953380428255 ], [ 3293683.781337096355855, 2341692.91364141786471 ], [ 3293679.965395670384169, 2341679.546909535769373 ], [ 3293677.520190037786961, 2341664.641153049189597 ], [ 3293676.751549221109599, 2341654.018638723064214 ], [ 3293678.789399755187333, 2341642.569743428844959 ], [ 3293680.879037485923618, 2341631.436523656360805 ], [ 3293681.797735978383571, 2341610.258659312035888 ], [ 3293638.521797115914524, 2341599.885197700932622 ], [ 3293636.022380583919585, 2341580.381645829416811 ], [ 3293635.287530233152211, 2341570.707151412963867 ], [ 3293634.818363866303116, 2341564.507563431747258 ], [ 3293637.180130776483566, 2341555.589744070544839 ], [ 3293638.710912961512804, 2341549.831475152634084 ], [ 3293644.634656779933721, 2341536.900356992147863 ], [ 3293652.666599480435252, 2341521.85454857815057 ], [ 3293654.141169935464859, 2341519.526076808106154 ], [ 3293662.403005168307573, 2341506.500102234538645 ], [ 3293679.136759005952626, 2341497.622747399378568 ], [ 3293694.096648621372879, 2341497.103581005707383 ], [ 3293712.066570063121617, 2341497.80278128804639 ], [ 3293725.432044708169997, 2341498.263070138171315 ], [ 3293736.015679613687098, 2341496.917032605968416 ], [ 3293747.373383652884513, 2341495.465883965604007 ], [ 3293758.18010833254084, 2341492.944183066021651 ], [ 3293767.109567149542272, 2341490.852719521615654 ], [ 3293778.244624543935061, 2341487.116628770716488 ], [ 3293788.996542267501354, 2341483.518674747087061 ], [ 3293803.941729412879795, 2341477.714897744823247 ], [ 3293807.109016809146851, 2341476.490453165955842 ], [ 3293810.38154677907005, 2341475.227282084990293 ], [ 3293828.876426538452506, 2341466.386611497029662 ], [ 3293840.127495339140296, 2341458.966720413882285 ], [ 3293844.035842923913151, 2341456.38457095855847 ], [ 3293852.16897811088711, 2341446.222685629036278 ], [ 3293857.991304066032171, 2341430.50848389044404 ], [ 3293863.033656493760645, 2341410.039446365553886 ], [ 3293864.223796913400292, 2341396.638377073220909 ], [ 3293864.94749378785491, 2341388.433681924827397 ], [ 3293903.808954769279808, 2341396.201054140459746 ], [ 3293920.622219217475504, 2341399.558743545319885 ], [ 3293926.243077200837433, 2341400.675095863640308 ], [ 3293980.289893767796457, 2341410.410831233486533 ], [ 3293997.058006569277495, 2341413.431407071650028 ], [ 3294099.705591336358339, 2341432.85205048834905 ], [ 3294186.176647178828716, 2341449.209509847685695 ], [ 3294193.24435023823753, 2341450.549482136964798 ], [ 3294175.45809523249045, 2341463.091783923096955 ], [ 3294168.625117092393339, 2341460.523373595438898 ], [ 3294148.712627572007477, 2341469.256976800039411 ], [ 3294140.630221093073487, 2341472.925233671441674 ], [ 3294132.4359475299716, 2341476.653674693778157 ], [ 3294113.149236457422376, 2341482.831999822054058 ], [ 3294104.983717913273722, 2341484.261921750381589 ], [ 3294101.422680852469057, 2341483.951887937262654 ], [ 3294094.33019212493673, 2341483.326639951206744 ], [ 3294092.066908730659634, 2341491.608118157833815 ], [ 3294086.619564045220613, 2341499.28014140157029 ], [ 3294075.070964732207358, 2341510.699726070743054 ], [ 3294066.125867101829499, 2341521.663395438343287 ], [ 3294063.049927144311368, 2341535.628102059476078 ], [ 3294063.889097842387855, 2341548.90720269177109 ], [ 3294072.11979059362784, 2341558.202641660347581 ], [ 3294080.238218947779387, 2341561.804309734143317 ], [ 3294085.149987158831209, 2341563.978478040080518 ], [ 3294100.568456102628261, 2341567.98637757729739 ], [ 3294119.183193115983158, 2341571.008333030156791 ], [ 3294105.882420685142279, 2341581.456087246537209 ], [ 3294098.752961779013276, 2341586.41882246825844 ], [ 3294091.570806580130011, 2341591.431380132678896 ], [ 3294066.421199772506952, 2341604.603585203178227 ], [ 3294043.209216366522014, 2341610.292160560376942 ], [ 3294038.3659832989797, 2341654.980526832863688 ], [ 3294039.217656497843564, 2341658.007768942974508 ], [ 3294072.843684501945972, 2341685.313953744247556 ], [ 3294154.350853226613253, 2341672.33948473772034 ], [ 3294210.00730145862326, 2341640.185868992935866 ], [ 3294211.955939832609147, 2341622.379602019209415 ], [ 3294133.636269306298345, 2341560.967687530443072 ], [ 3294155.742154025472701, 2341531.157812980934978 ], [ 3294160.752621794585139, 2341544.447258214000612 ], [ 3294173.420732773840427, 2341578.072242639027536 ], [ 3294228.634264654479921, 2341573.274580079130828 ], [ 3294234.945595131721348, 2341584.722664814442396 ], [ 3294246.578719575889409, 2341605.85381717979908 ], [ 3294247.880544017534703, 2341608.223781523760408 ], [ 3294205.322163079865277, 2341734.694417256861925 ], [ 3294213.794545023702085, 2341733.403569715563208 ], [ 3294219.901884174905717, 2341732.476142670027912 ], [ 3294254.84041808731854, 2341705.939650942571461 ], [ 3294267.27596209011972, 2341703.142943499609828 ], [ 3294275.674767095595598, 2341701.712769313249737 ], [ 3294277.400265421718359, 2341701.5323849869892 ], [ 3294279.096178578212857, 2341701.357181550003588 ], [ 3294280.769836702849716, 2341701.541061917785555 ], [ 3294281.357847354374826, 2341701.600462804548442 ], [ 3294282.030463742092252, 2341701.99008622393012 ], [ 3294283.096788237337023, 2341702.615210647694767 ], [ 3294283.929058823734522, 2341703.54517451999709 ], [ 3294284.385422078426927, 2341704.348150240257382 ], [ 3294286.315508858300745, 2341707.764990213792771 ], [ 3294286.919990304857492, 2341709.780106877442449 ], [ 3294287.294776048045605, 2341711.013443820178509 ], [ 3294288.722644218243659, 2341718.171577848028392 ], [ 3294288.169209943618625, 2341720.054574082605541 ], [ 3294287.840160313528031, 2341722.872503049205989 ], [ 3294287.525989143177867, 2341730.914143659174442 ], [ 3294287.348539673257619, 2341742.757710127625614 ], [ 3294287.830944609362632, 2341750.89326704479754 ], [ 3294289.477462572045624, 2341762.600096255540848 ], [ 3294292.116905618924648, 2341778.009658221155405 ], [ 3294293.203535716980696, 2341782.34546516649425 ], [ 3294293.961602968163788, 2341785.358654790557921 ], [ 3294295.012894064188004, 2341788.056643087416887 ], [ 3294295.938513867557049, 2341790.421451787464321 ], [ 3294301.106989392079413, 2341801.643457130528986 ], [ 3294307.092511449940503, 2341814.630245225969702 ], [ 3294312.01461232220754, 2341823.855609049089253 ], [ 3294315.522818977478892, 2341829.533144672401249 ], [ 3294328.084408398717642, 2341847.974831562489271 ], [ 3294353.422594417817891, 2341883.633220908697695 ], [ 3294356.683817156590521, 2341887.55777849489823 ], [ 3294360.012507844716311, 2341890.780444065108895 ], [ 3294363.882735098712146, 2341893.593683743849397 ], [ 3294365.397541377227753, 2341894.23160597262904 ], [ 3294366.552926956675947, 2341894.719356512185186 ], [ 3294367.5923061510548, 2341893.634154802188277 ], [ 3294367.826206932775676, 2341893.390231041237712 ], [ 3294378.658946099691093, 2341919.289154318161309 ], [ 3294404.23361739423126, 2341950.3901979890652 ], [ 3294444.811411158647388, 2342017.297290000598878 ], [ 3294728.498689856845886, 2342017.297290000598878 ], [ 3294723.507933432236314, 2342004.071233589667827 ], [ 3294717.351190934423357, 2341961.593370576854795 ], [ 3294716.398382398299873, 2341964.195779619272798 ], [ 3294715.783001631498337, 2341965.886654782574624 ], [ 3294706.528892256785184, 2341969.029375907033682 ], [ 3294699.70998030109331, 2341970.690258445683867 ], [ 3294682.131112684961408, 2341973.240810170769691 ], [ 3294653.892573370598257, 2341977.972595950588584 ], [ 3294647.664715831167996, 2341978.474573946557939 ], [ 3294643.600574171170592, 2341978.313510593492538 ], [ 3294640.864529659971595, 2341977.899585152510554 ], [ 3294639.407827842980623, 2341977.677706793881953 ] ] ] } },
{ "type": "Feature", "properties": { "CODE_18": "313", "Uso": "Bosque mixto", "color": "#4DFF00" }, "geometry": { "type": "MultiPolygon", "coordinates": [ [ [ [ 3292790.286795250605792, 2340235.094410124234855 ], [ 3292794.309258726425469, 2340236.79507694253698 ], [ 3292795.738682193215936, 2340237.407338126562536 ], [ 3292800.890393581707031, 2340238.879796585068107 ], [ 3292806.203813890460879, 2340239.420747986994684 ], [ 3292810.111384420190006, 2340239.122050081379712 ], [ 3292811.608906892128289, 2340238.788753488101065 ], [ 3292813.673557156696916, 2340238.32569201849401 ], [ 3292816.917838798370212, 2340237.199375490657985 ], [ 3292818.261269885580987, 2340236.730694171972573 ], [ 3292832.183189613278955, 2340230.872634728904814 ], [ 3292834.693851626478136, 2340230.098056955263019 ], [ 3292839.949401532765478, 2340229.482106615789235 ], [ 3292840.635874471627176, 2340229.585145573597401 ], [ 3292842.041641709394753, 2340229.805771911051124 ], [ 3292843.759985415730625, 2340230.509510344825685 ], [ 3292844.401696614455432, 2340230.772610933054239 ], [ 3292853.496708055026829, 2340237.978282241150737 ], [ 3292856.445622433442622, 2340239.318959739990532 ], [ 3292858.447642389219254, 2340239.587388322222978 ], [ 3292862.490963889751583, 2340238.879289673175663 ], [ 3292867.40418716520071, 2340236.547362810466439 ], [ 3292872.913651729002595, 2340232.96427519666031 ], [ 3292884.040282857138664, 2340224.784720782656223 ], [ 3292889.650681732222438, 2340221.569589940831065 ], [ 3292894.247491907328367, 2340220.277451337315142 ], [ 3292895.448241220321506, 2340220.361464301589876 ], [ 3292897.705203043296933, 2340220.514209949411452 ], [ 3292899.32523653563112, 2340221.113388529978693 ], [ 3292900.332376211415976, 2340221.748864289838821 ], [ 3292901.272255143150687, 2340222.345378417521715 ], [ 3292903.530314564704895, 2340224.669639348983765 ], [ 3292904.965761359315366, 2340226.803072594571859 ], [ 3292906.116917612496763, 2340229.615479077212512 ], [ 3292906.356256299186498, 2340233.73431226471439 ], [ 3292905.909488575998694, 2340235.649371420498937 ], [ 3292905.809796124696732, 2340236.09305324126035 ], [ 3292904.698133068624884, 2340238.469591329339892 ], [ 3292903.363417213317007, 2340240.042894323822111 ], [ 3292901.840867340564728, 2340241.831759249791503 ], [ 3292898.573329016100615, 2340244.36259060446173 ], [ 3292880.742097572889179, 2340254.467270033899695 ], [ 3292876.180284663569182, 2340257.519063962623477 ], [ 3292871.052124316804111, 2340261.695007052738219 ], [ 3292870.020809286274016, 2340262.829547252506018 ], [ 3292867.734134506899863, 2340265.340827747248113 ], [ 3292865.720282660331577, 2340268.463960665278137 ], [ 3292863.521385662257671, 2340273.304097081068903 ], [ 3292862.034153775777668, 2340278.029749405570328 ], [ 3292861.488323366269469, 2340281.4437923906371 ], [ 3292861.066065539140254, 2340284.064933246467263 ], [ 3292860.830286842770875, 2340289.616683190688491 ], [ 3292862.474459441378713, 2340307.372196558397263 ], [ 3292863.818837286904454, 2340316.310708553530276 ], [ 3292864.703814608044922, 2340319.788770823273808 ], [ 3292865.974014232866466, 2340322.955813466571271 ], [ 3292867.881140941753983, 2340325.676422159653157 ], [ 3292869.421206613536924, 2340326.715827390551567 ], [ 3292870.608634376432747, 2340327.522692498750985 ], [ 3292874.721236832439899, 2340328.659574678167701 ], [ 3292877.9194579673931, 2340328.860588236711919 ], [ 3292881.735036046244204, 2340328.557706360705197 ], [ 3292887.408390081487596, 2340327.087177024688572 ], [ 3292890.950057100038975, 2340325.299890959635377 ], [ 3292892.674008990637958, 2340324.429680611472577 ], [ 3292894.218287299852818, 2340323.144416559487581 ], [ 3292897.56694619031623, 2340320.365966721903533 ], [ 3292900.390156564302742, 2340317.47657453129068 ], [ 3292903.675084674265236, 2340313.258097755722702 ], [ 3292911.216445941478014, 2340301.342704563867301 ], [ 3292926.419305643998086, 2340278.739114139229059 ], [ 3292930.823849328793585, 2340273.553306311834604 ], [ 3292937.257908958476037, 2340267.504668284673244 ], [ 3292940.144617693964392, 2340265.497199604287744 ], [ 3292942.439243062399328, 2340264.395125876180828 ], [ 3292944.650203075259924, 2340263.896297906525433 ], [ 3292945.920906013809144, 2340263.602726768702269 ], [ 3292948.429419817402959, 2340263.68097560480237 ], [ 3292950.721364688128233, 2340264.294411597307771 ], [ 3292952.368598291650414, 2340265.183124349918216 ], [ 3292952.89104750007391, 2340265.832445654086769 ], [ 3292961.942138905636966, 2340263.739951780065894 ], [ 3292979.925982744898647, 2340259.575693301856518 ], [ 3292987.170672469306737, 2340257.170366064179689 ], [ 3292993.74121944187209, 2340254.984581345226616 ], [ 3293000.751224075444043, 2340251.828799245879054 ], [ 3293003.304099685046822, 2340249.950834990479052 ], [ 3293004.562308405991644, 2340248.096636891830713 ], [ 3293004.791432508267462, 2340247.143177090212703 ], [ 3293005.208154970780015, 2340245.416048440150917 ], [ 3293005.366008250974119, 2340234.93580096680671 ], [ 3293006.598696804605424, 2340230.823033363092691 ], [ 3293007.621381183620542, 2340229.202897116541862 ], [ 3293008.786062991712242, 2340227.953671739436686 ], [ 3293010.756020382978022, 2340226.604015029035509 ], [ 3293014.250701907090843, 2340225.21060040500015 ], [ 3293019.450784125830978, 2340224.442009980790317 ], [ 3293020.889527575112879, 2340224.616272617131472 ], [ 3293022.64030447229743, 2340224.837372004985809 ], [ 3293025.447887922637165, 2340222.2856186311692 ], [ 3293028.635441485326737, 2340217.597099754028022 ], [ 3293039.256502669304609, 2340196.871673546731472 ], [ 3293043.920675723347813, 2340187.76382362563163 ], [ 3293065.433228685986251, 2340151.796386599075049 ], [ 3293076.160984652116895, 2340135.679858563002199 ], [ 3293079.378523176535964, 2340131.483357729855925 ], [ 3293083.805591136217117, 2340126.496596911922097 ], [ 3293085.918926107231528, 2340123.670653067994863 ], [ 3293087.423993610776961, 2340121.65145276254043 ], [ 3293087.819937116466463, 2340121.01001000078395 ], [ 3292789.166110000107437, 2340121.01001000078395 ], [ 3292789.166110000107437, 2340234.499257747549564 ], [ 3292790.286795250605792, 2340235.094410124234855 ] ] ], [ [ [ 3296700.450287770479918, 2340411.696989263407886 ], [ 3296725.979326757602394, 2340369.163149286527187 ], [ 3296735.725090000312775, 2340319.387264668475837 ], [ 3296735.725090000312775, 2340311.724345013033599 ], [ 3296727.924197022337466, 2340287.741148407571018 ], [ 3296705.611571146175265, 2340219.120351458434016 ], [ 3296702.907366030849516, 2340213.271625613328069 ], [ 3296691.115084329620004, 2340187.764217345975339 ], [ 3296689.995866828132421, 2340176.919267928693444 ], [ 3296700.432566728908569, 2340161.747787394095212 ], [ 3296704.283366668969393, 2340141.802879749797285 ], [ 3296707.970738894771785, 2340121.01001000078395 ], [ 3296632.253081898204982, 2340121.01001000078395 ], [ 3296635.174543533474207, 2340127.699224820360541 ], [ 3296636.720302149187773, 2340130.381653863471001 ], [ 3296636.990191606804729, 2340130.851948275696486 ], [ 3296641.347901493310928, 2340135.771894189529121 ], [ 3296645.001204552128911, 2340137.943307314999402 ], [ 3296647.324274790473282, 2340141.839326877612621 ], [ 3296647.814489297568798, 2340144.828313662670553 ], [ 3296645.351348954252899, 2340147.563075870741159 ], [ 3296643.783289397135377, 2340147.837579891085625 ], [ 3296642.806950436905026, 2340148.008497506380081 ], [ 3296639.402264854405075, 2340146.919974934775382 ], [ 3296635.824467179365456, 2340144.775935650803149 ], [ 3296635.373206549789757, 2340144.560645095538348 ], [ 3296628.952504166401923, 2340145.248294191900641 ], [ 3296627.405237539671361, 2340146.391875291708857 ], [ 3296624.995712491683662, 2340150.010265382938087 ], [ 3296621.842443007975817, 2340154.722903413232416 ], [ 3296617.051559813320637, 2340165.100594487041235 ], [ 3296616.610217358451337, 2340166.801515384577215 ], [ 3296615.986420827452093, 2340169.183840552344918 ], [ 3296616.044791100081056, 2340172.075913412962109 ], [ 3296616.11402243655175, 2340175.219781802967191 ], [ 3296617.368059691973031, 2340180.206107717938721 ], [ 3296621.135290812700987, 2340184.742325001396239 ], [ 3296628.238201013766229, 2340187.781288693193346 ], [ 3296632.057161403354257, 2340189.416307147592306 ], [ 3296633.596942690666765, 2340189.278674934525043 ], [ 3296638.427848728839308, 2340189.660867863334715 ], [ 3296641.046782516408712, 2340193.505094262305647 ], [ 3296641.388239197432995, 2340194.906612272839993 ], [ 3296642.454983778297901, 2340199.245818485040218 ], [ 3296642.659596894867718, 2340201.483122147619724 ], [ 3296642.845104973763227, 2340203.480221456848085 ], [ 3296640.841080081649125, 2340207.220435939729214 ], [ 3296639.617727370467037, 2340207.617258154787123 ], [ 3296639.116228309459984, 2340207.776085855439305 ], [ 3296638.798871571198106, 2340207.882381798233837 ], [ 3296636.536631155759096, 2340207.202735906932503 ], [ 3296635.025308770127594, 2340204.544721213169396 ], [ 3296634.311809865757823, 2340201.493342459201813 ], [ 3296622.290066492278129, 2340199.701091237366199 ], [ 3296618.927123144734651, 2340200.289810105226934 ], [ 3296614.084866155404598, 2340202.436426769476384 ], [ 3296605.859890561085194, 2340210.370937870815396 ], [ 3296593.810003544669598, 2340226.778763105161488 ], [ 3296591.275444801431149, 2340229.820323204156011 ], [ 3296588.553520631976426, 2340231.59575558360666 ], [ 3296583.414883880876005, 2340232.058974277228117 ], [ 3296570.889671571552753, 2340227.320656848605722 ], [ 3296563.040424273815006, 2340247.752481398172677 ], [ 3296561.690343626774848, 2340255.356192082166672 ], [ 3296562.164209126494825, 2340260.905311293900013 ], [ 3296560.873793723993003, 2340274.130653739906847 ], [ 3296559.739095854572952, 2340277.789725356735289 ], [ 3296552.145296480506659, 2340286.912691134493798 ], [ 3296549.098939042538404, 2340297.411219690460712 ], [ 3296541.357740867882967, 2340308.295283332001418 ], [ 3296539.995612056925893, 2340310.938791490159929 ], [ 3296539.05454994738102, 2340312.747494822833687 ], [ 3296537.413431406486779, 2340315.916794874239713 ], [ 3296534.633843949064612, 2340333.299636932555586 ], [ 3296535.011070639360696, 2340343.269863771274686 ], [ 3296535.029867489822209, 2340343.631897263694555 ], [ 3296533.452933215536177, 2340357.769983279053122 ], [ 3296532.811878136359155, 2340361.779000089969486 ], [ 3296529.990788342431188, 2340365.733302593231201 ], [ 3296532.442624723073095, 2340368.744211392942816 ], [ 3296536.491394956130534, 2340373.697944160550833 ], [ 3296535.229044372681528, 2340376.516797161661088 ], [ 3296535.760997758246958, 2340385.079826589208096 ], [ 3296537.419365332927555, 2340395.191100418101996 ], [ 3296539.095871322322637, 2340400.093328111805022 ], [ 3296540.652122335974127, 2340402.53037334792316 ], [ 3296540.841963580809534, 2340402.821871716529131 ], [ 3296545.319817405659705, 2340406.371113518252969 ], [ 3296550.576246362645179, 2340406.749833962880075 ], [ 3296557.528967345599085, 2340401.635872924234718 ], [ 3296562.518594291526824, 2340400.326011722907424 ], [ 3296568.800615829881281, 2340409.617704411968589 ], [ 3296569.615380202420056, 2340410.317344309296459 ], [ 3296571.504093027673662, 2340411.874208380002528 ], [ 3296571.941410588566214, 2340411.757058487273753 ], [ 3296572.632367230486125, 2340411.392547772265971 ], [ 3296580.120281371753663, 2340414.861347250174731 ], [ 3296584.006857944652438, 2340422.228231510147452 ], [ 3296584.925838836003095, 2340427.831356550566852 ], [ 3296585.561683339998126, 2340431.708166719414294 ], [ 3296580.736710242461413, 2340432.228110219351947 ], [ 3296570.318059899844229, 2340435.137861166615039 ], [ 3296564.177355276886374, 2340436.852193346712738 ], [ 3296551.18965079728514, 2340442.160093714948744 ], [ 3296547.54187313420698, 2340442.991498725954443 ], [ 3296545.105655478779227, 2340443.539767934475094 ], [ 3296542.837091516237706, 2340444.058687090873718 ], [ 3296542.395692412741482, 2340443.841671156696975 ], [ 3296535.764998431317508, 2340440.52724448684603 ], [ 3296531.78079255996272, 2340434.730080196633935 ], [ 3296529.777799042407423, 2340422.517632128670812 ], [ 3296528.387818137183785, 2340419.300534246489406 ], [ 3296526.000689215492457, 2340417.983144365716726 ], [ 3296521.37542071333155, 2340418.79286390915513 ], [ 3296516.799985201098025, 2340422.62808224465698 ], [ 3296511.089838552754372, 2340435.318109650164843 ], [ 3296499.061825360637158, 2340475.549472080077976 ], [ 3296490.439754616934806, 2340498.876901993062347 ], [ 3296489.468726598657668, 2340501.492541959974915 ], [ 3296483.661038540303707, 2340521.567046868149191 ], [ 3296481.532438400667161, 2340532.341303100343794 ], [ 3296475.269043636973947, 2340548.771310686133802 ], [ 3296465.785475205164403, 2340573.650000095367432 ], [ 3296462.747430772520602, 2340584.136969282757491 ], [ 3296462.846126231830567, 2340584.73871404863894 ], [ 3296463.024101666174829, 2340585.82382756145671 ], [ 3296459.051858427003026, 2340603.851884530857205 ], [ 3296457.640516823157668, 2340605.82411081995815 ], [ 3296455.577054433524609, 2340607.098668471910059 ], [ 3296453.70613161008805, 2340608.24818757455796 ], [ 3296435.559599185362458, 2340603.195089786313474 ], [ 3296423.549357219599187, 2340601.411040558014065 ], [ 3296416.968583460897207, 2340600.442206370644271 ], [ 3296417.080148597247899, 2340599.204923986457288 ], [ 3296417.413072045892477, 2340595.544126769527793 ], [ 3296416.781908684410155, 2340594.355688938871026 ], [ 3296416.644694384653121, 2340590.797493705525994 ], [ 3296416.385829317849129, 2340584.023408258799464 ], [ 3296417.026858942583203, 2340582.612250520847738 ], [ 3296416.327741534914821, 2340581.009496564976871 ], [ 3296416.687476471066475, 2340578.439981725532562 ], [ 3296417.323273048736155, 2340573.904180227778852 ], [ 3296415.684602001681924, 2340558.593703326769173 ], [ 3296413.560445263981819, 2340551.395225497428328 ], [ 3296411.788080932572484, 2340545.413798444904387 ], [ 3296402.298774997703731, 2340524.54668636014685 ], [ 3296400.355448827613145, 2340517.955871117301285 ], [ 3296398.949127775151283, 2340514.701040329877287 ], [ 3296396.174007529392838, 2340508.29643715498969 ], [ 3296394.161119953729212, 2340498.683573122136295 ], [ 3296394.560919556766748, 2340497.162429108284414 ], [ 3296395.226225146092474, 2340494.6003078520298 ], [ 3296398.105390103068203, 2340491.062033240683377 ], [ 3296403.027053460478783, 2340489.337838626932353 ], [ 3296413.539900603238493, 2340490.095251876860857 ], [ 3296416.551658311393112, 2340488.045805520378053 ], [ 3296417.828785419929773, 2340487.172756358981133 ], [ 3296419.230269747786224, 2340485.202257526107132 ], [ 3296418.893901917617768, 2340480.49162483215332 ], [ 3296420.383084012661129, 2340473.736254059709609 ], [ 3296422.700651765801013, 2340472.03159238724038 ], [ 3296428.528537936508656, 2340470.574964138679206 ], [ 3296433.163674199488014, 2340467.165641869883984 ], [ 3296435.284019380807877, 2340461.598710308782756 ], [ 3296434.730685095768422, 2340458.224995052907616 ], [ 3296432.769238948822021, 2340456.843233370222151 ], [ 3296429.414573405869305, 2340452.224644230678678 ], [ 3296425.233143837191164, 2340442.565211704932153 ], [ 3296420.12411709362641, 2340440.425405244808644 ], [ 3296415.940788899548352, 2340441.88841509539634 ], [ 3296415.202450281009078, 2340442.149596273899078 ], [ 3296409.246900551021099, 2340442.766001497395337 ], [ 3296406.447107214480639, 2340442.210916986688972 ], [ 3296403.427269062958658, 2340441.613171809352934 ], [ 3296400.972187443636358, 2340439.881469698622823 ], [ 3296396.641731191426516, 2340434.571137440390885 ], [ 3296380.448405996896327, 2340430.911388598382473 ], [ 3296362.025214107241482, 2340424.171433582436293 ], [ 3296358.94884708058089, 2340418.651700621470809 ], [ 3296366.473017485812306, 2340411.702374028973281 ], [ 3296368.374778922181576, 2340407.462492354214191 ], [ 3296370.297909062821418, 2340398.03328777756542 ], [ 3296373.117385966703296, 2340391.471240791492164 ], [ 3296375.273634006269276, 2340387.298435440286994 ], [ 3296377.061672887764871, 2340383.84970564302057 ], [ 3296380.296958523336798, 2340379.822878543753177 ], [ 3296384.724992097821087, 2340377.748746103141457 ], [ 3296389.911846489179879, 2340377.703274361789227 ], [ 3296396.579622574616224, 2340376.109759568236768 ], [ 3296404.310897115152329, 2340370.423119614366442 ], [ 3296407.832784840837121, 2340368.700435250997543 ], [ 3296413.925802916754037, 2340365.705653889104724 ], [ 3296417.298599138855934, 2340365.115192723926157 ], [ 3296420.069733675569296, 2340365.309971627779305 ], [ 3296422.555025357287377, 2340365.493904492817819 ], [ 3296437.762685246765614, 2340371.061516705900431 ], [ 3296441.115726876538247, 2340375.670241283252835 ], [ 3296445.159621449187398, 2340384.491176166106015 ], [ 3296449.776615066453815, 2340388.888774724677205 ], [ 3296456.787392694503069, 2340389.386574234813452 ], [ 3296461.828643376007676, 2340387.15435563120991 ], [ 3296466.471870510838926, 2340385.093296692706645 ], [ 3296468.227839526254684, 2340385.222247689962387 ], [ 3296469.776714636944234, 2340384.088522252626717 ], [ 3296479.589928767178208, 2340381.508001545444131 ], [ 3296491.623585867229849, 2340361.104672614485025 ], [ 3296494.977020024321973, 2340352.602246244903654 ], [ 3296496.896824147086591, 2340347.730047621298581 ], [ 3296497.648915203753859, 2340342.047484478913248 ], [ 3296498.844741735607386, 2340333.070356938056648 ], [ 3296499.183083143550903, 2340307.854497625958174 ], [ 3296475.291817252524197, 2340310.332151532173157 ], [ 3296459.291987600270659, 2340311.996587051078677 ], [ 3296456.534670288208872, 2340287.576361094135791 ], [ 3296463.033338642213494, 2340266.518363607116044 ], [ 3296466.330007283482701, 2340257.731591896619648 ], [ 3296469.535683518275619, 2340249.194152405951172 ], [ 3296469.648328880779445, 2340248.829404044430703 ], [ 3296475.8291728021577, 2340230.658319031819701 ], [ 3296475.595589356962591, 2340228.182534880470484 ], [ 3296474.063660674728453, 2340212.285136067774147 ], [ 3296470.050461533479393, 2340203.032624066341668 ], [ 3296458.26974626770243, 2340199.493363085668534 ], [ 3296434.195565125904977, 2340193.123631602153182 ], [ 3296415.762588201090693, 2340187.004377294331789 ], [ 3296407.006472624838352, 2340186.071322700940073 ], [ 3296400.510442477185279, 2340185.371777893975377 ], [ 3296390.823065412696451, 2340184.327763123437762 ], [ 3296376.413759340997785, 2340180.101976129226387 ], [ 3296343.203938725404441, 2340225.228803955484182 ], [ 3296300.906181728001684, 2340265.543359301052988 ], [ 3296300.157539374660701, 2340344.361297998577356 ], [ 3296296.454784143716097, 2340353.26993094664067 ], [ 3296293.879391063936055, 2340359.464517925400287 ], [ 3296292.381740200333297, 2340363.075519868172705 ], [ 3296272.105776702519506, 2340411.905201694462448 ], [ 3296266.141698146238923, 2340426.263397304341197 ], [ 3296263.384484666399658, 2340432.895740342792124 ], [ 3296274.999746091663837, 2340465.426091019529849 ], [ 3296276.03077302640304, 2340468.310262920800596 ], [ 3296275.469554391689599, 2340471.939992574043572 ], [ 3296274.213516690768301, 2340480.054971512407064 ], [ 3296264.499188428744674, 2340542.866479094605893 ], [ 3296260.25843211542815, 2340570.267528201453388 ], [ 3296289.957801808603108, 2340549.450390634126961 ], [ 3296308.155978437978774, 2340536.694948731921613 ], [ 3296306.421494618058205, 2340543.006176744587719 ], [ 3296304.902589268051088, 2340548.528717387467623 ], [ 3296305.179260118398815, 2340550.215576569549739 ], [ 3296301.015651415102184, 2340559.468758072704077 ], [ 3296300.731502942740917, 2340560.086787906009704 ], [ 3296300.94021983910352, 2340561.359330873005092 ], [ 3296297.271020914427936, 2340570.657881111837924 ], [ 3296297.400300208013505, 2340574.105840689502656 ], [ 3296294.708512066863477, 2340586.703870437573642 ], [ 3296293.971637814305723, 2340588.334769043605775 ], [ 3296293.892818612512201, 2340588.967591819819063 ], [ 3296293.787187035195529, 2340589.808067311532795 ], [ 3296291.57563661178574, 2340598.963058110326529 ], [ 3296289.453770384658128, 2340607.737023336812854 ], [ 3296288.743628338444978, 2340616.334874076303095 ], [ 3296288.990252689924091, 2340619.508593125268817 ], [ 3296289.147966045886278, 2340621.459829717874527 ], [ 3296286.161410799250007, 2340637.580066429916769 ], [ 3296286.384691393468529, 2340638.941391982603818 ], [ 3296286.714758418966085, 2340640.953786286525428 ], [ 3296285.944682738278061, 2340658.959124214015901 ], [ 3296285.818944134283811, 2340661.903744023758918 ], [ 3296287.199081451166421, 2340670.31831522565335 ], [ 3296286.766777265816927, 2340675.599892712198198 ], [ 3296289.399388103745878, 2340688.990939158014953 ], [ 3296288.827936443500221, 2340690.826281866524369 ], [ 3296288.897203041240573, 2340692.671228724531829 ], [ 3296289.094755491241813, 2340697.710614281706512 ], [ 3296290.53799984510988, 2340706.509909117594361 ], [ 3296291.028250207193196, 2340709.4989073141478 ], [ 3296290.466661260463297, 2340711.332523725926876 ], [ 3296292.125100515317172, 2340721.44382156804204 ], [ 3296293.238423802889884, 2340722.974061257671565 ], [ 3296294.767575225327164, 2340729.637397142127156 ], [ 3296294.335277058649808, 2340734.918976102489978 ], [ 3296295.01630320167169, 2340741.730794952251017 ], [ 3296298.152417948935181, 2340750.27431092876941 ], [ 3296302.620435778982937, 2340759.021010854281485 ], [ 3296314.357802288606763, 2340775.16140345018357 ], [ 3296318.126700114924461, 2340782.305349222384393 ], [ 3296325.187334092333913, 2340791.024371662177145 ], [ 3296329.058847586624324, 2340793.969398307148367 ], [ 3296332.120293478481472, 2340796.305296467617154 ], [ 3296345.215045299381018, 2340803.216972005087882 ], [ 3296356.767480454407632, 2340809.322981732431799 ], [ 3296363.297096633352339, 2340812.330346573609859 ], [ 3296364.262027351185679, 2340812.770292186643928 ], [ 3296376.235208188649267, 2340816.864386308006942 ], [ 3296392.341003435663879, 2340820.052320657297969 ], [ 3296396.787818035576493, 2340820.938078362494707 ], [ 3296415.211028193123639, 2340827.678005570080131 ], [ 3296415.950673623941839, 2340827.548515830654651 ], [ 3296416.897419780027121, 2340827.382768968120217 ], [ 3296424.116907830350101, 2340829.153088822960854 ], [ 3296429.058359123766422, 2340829.343375837430358 ], [ 3296436.316135183908045, 2340829.615246233996004 ], [ 3296461.337531483266503, 2340836.93534049205482 ], [ 3296465.680877858307213, 2340839.107709067873657 ], [ 3296470.301514977123588, 2340841.42434367723763 ], [ 3296478.829343857243657, 2340847.522043989039958 ], [ 3296483.677117874845862, 2340850.976075737271458 ], [ 3296484.357978631742299, 2340851.354127212893218 ], [ 3296485.69835826382041, 2340852.103818540927023 ], [ 3296491.697059828788042, 2340857.812160612083972 ], [ 3296498.046474230475724, 2340862.566085333470255 ], [ 3296498.508908233605325, 2340862.911341045983136 ], [ 3296506.979256011545658, 2340867.050406388007104 ], [ 3296514.807817392516881, 2340874.204140138346702 ], [ 3296530.893942540045828, 2340867.623080535791814 ], [ 3296534.55980696901679, 2340865.479409000836313 ], [ 3296537.215440031606704, 2340863.918514729011804 ], [ 3296552.166143839247525, 2340860.002188329119235 ], [ 3296554.494103516452014, 2340860.030998644419014 ], [ 3296559.108957171440125, 2340860.085660877637565 ], [ 3296565.844666135497391, 2340858.90645577898249 ], [ 3296596.650167225860059, 2340858.688864246942103 ], [ 3296610.776794510893524, 2340857.108776651322842 ], [ 3296610.609121466986835, 2340849.344519497826695 ], [ 3296611.170709010213614, 2340847.510908039286733 ], [ 3296609.29471096675843, 2340814.919450034853071 ], [ 3296610.010149928741157, 2340806.168462301138788 ], [ 3296583.389955332968384, 2340804.13113658176735 ], [ 3296606.226016233675182, 2340725.140149458311498 ], [ 3296654.785844649653882, 2340557.174772487487644 ], [ 3296693.494282196741551, 2340423.285856188740581 ], [ 3296700.450287770479918, 2340411.696989263407886 ] ] ], [ [ [ 3295107.843904758803546, 2342008.224328767508268 ], [ 3295105.068474854808301, 2342005.158465950284153 ], [ 3295099.944645472802222, 2342000.393002841621637 ], [ 3295098.653777875006199, 2341998.893853891640902 ], [ 3295096.291781652253121, 2341996.060041793156415 ], [ 3295103.937810690142214, 2341990.164671930950135 ], [ 3295107.157515605911613, 2341987.033407438546419 ], [ 3295109.255456048063934, 2341984.423309360165149 ], [ 3295111.562125724274665, 2341979.807921833358705 ], [ 3295117.007243411615491, 2341970.39090809551999 ], [ 3295120.217781698331237, 2341962.379993381910026 ], [ 3295123.728156983386725, 2341956.011317205615342 ], [ 3295128.031015384942293, 2341949.402394132688642 ], [ 3295146.020892289932817, 2341921.774999087676406 ], [ 3295151.724353577941656, 2341912.201131911948323 ], [ 3295153.751818290911615, 2341907.553456004243344 ], [ 3295154.520139900036156, 2341905.805367355234921 ], [ 3295156.521025915630162, 2341898.64560833061114 ], [ 3295156.608372404240072, 2341897.879351731389761 ], [ 3295157.146006650291383, 2341893.117068532854319 ], [ 3295156.476507449522614, 2341888.850305030122399 ], [ 3295154.591269845142961, 2341885.892418604809791 ], [ 3295152.67911328189075, 2341884.50205852650106 ], [ 3295150.829611689317971, 2341883.679171136580408 ], [ 3295127.306998644489795, 2341878.197901390492916 ], [ 3295121.581535020843148, 2341876.196596862748265 ], [ 3295114.868085262365639, 2341873.12007104139775 ], [ 3295112.697752542328089, 2341871.82565979892388 ], [ 3295108.222563468851149, 2341869.158911574166268 ], [ 3295105.753198046702892, 2341867.216640527360141 ], [ 3295100.90489839296788, 2341862.646486818790436 ], [ 3295097.026936656795442, 2341858.982126793358475 ], [ 3295092.939993628766388, 2341856.764951174147427 ], [ 3295090.031437624711543, 2341856.350767704192549 ], [ 3295087.730865702498704, 2341856.550642197951674 ], [ 3295077.988085723947734, 2341859.312040517572314 ], [ 3295076.872087639756501, 2341859.497307344339788 ], [ 3295075.438894729595631, 2341859.727967930026352 ], [ 3295072.45422451896593, 2341859.530075923539698 ], [ 3295070.55688073579222, 2341858.7866045916453 ], [ 3295068.976027207449079, 2341857.622381767258048 ], [ 3295067.41834282130003, 2341855.73358410783112 ], [ 3295064.809026936069131, 2341849.969675337895751 ], [ 3295062.920439126435667, 2341843.095195369794965 ], [ 3295060.713838407769799, 2341831.993886810727417 ], [ 3295040.97585167363286, 2341812.971952436957508 ], [ 3295011.870425330009311, 2341798.381034074351192 ], [ 3294986.618153110612184, 2341790.148081617429852 ], [ 3294954.290577410720289, 2341790.176570188719779 ], [ 3294945.480440582148731, 2341795.778525965288281 ], [ 3294940.321347526274621, 2341799.208797390107065 ], [ 3294939.011903176084161, 2341799.884606253821403 ], [ 3294924.140925239305943, 2341829.208664140664041 ], [ 3294904.479750374797732, 2341863.593164820224047 ], [ 3294901.679628010839224, 2341869.096671734005213 ], [ 3294889.598959702532738, 2341892.918980473186821 ], [ 3294864.514959093183279, 2341911.376717869192362 ], [ 3294836.016206851229072, 2341926.210790882818401 ], [ 3294823.966000707820058, 2341937.850008903536946 ], [ 3294814.910729462280869, 2341933.732396037317812 ], [ 3294808.573539788834751, 2341931.96001419890672 ], [ 3294788.660999664571136, 2341928.881014148239046 ], [ 3294784.529896426945925, 2341928.559146809391677 ], [ 3294779.875056123826653, 2341928.755213970318437 ], [ 3294776.914914785418659, 2341929.263413998298347 ], [ 3294775.256523625925183, 2341929.54366557393223 ], [ 3294773.878659813199192, 2341929.987905764952302 ], [ 3294771.517554067540914, 2341930.746395260561258 ], [ 3294769.105922884773463, 2341932.000844457186759 ], [ 3294768.44134118873626, 2341932.340478719677776 ], [ 3294765.509611195418984, 2341934.62978210253641 ], [ 3294763.340015826746821, 2341936.988592062145472 ], [ 3294762.40465922607109, 2341938.522384920623153 ], [ 3294757.17678613262251, 2341937.266127766110003 ], [ 3294750.313950648531318, 2341934.144756825175136 ], [ 3294745.167849430814385, 2341933.696183228865266 ], [ 3294743.170521357096732, 2341933.518230315297842 ], [ 3294742.060445801820606, 2341933.306688756681979 ], [ 3294739.661317186430097, 2341932.843909236602485 ], [ 3294734.760153455659747, 2341930.363403864204884 ], [ 3294731.506192654836923, 2341929.451572216115892 ], [ 3294729.974441036581993, 2341929.019573596306145 ], [ 3294719.438859419431537, 2341923.608518719673157 ], [ 3294718.52965686423704, 2341923.879359325859696 ], [ 3294717.377147364895791, 2341924.213101842440665 ], [ 3294715.09230815898627, 2341924.694386184215546 ], [ 3294714.68325014738366, 2341928.632470173295587 ], [ 3294714.799808804411441, 2341930.641694077756256 ], [ 3294714.907114119268954, 2341932.408982216380537 ], [ 3294717.345663413405418, 2341946.037186864763498 ], [ 3294717.832189416978508, 2341952.528007901273668 ], [ 3294718.172419229056686, 2341957.075701334048063 ], [ 3294717.943416267167777, 2341958.648176589049399 ], [ 3294717.617512070573866, 2341960.866807168815285 ], [ 3294717.351190934423357, 2341961.593370576854795 ], [ 3294723.507933432236314, 2342004.071233589667827 ], [ 3294728.498689856845886, 2342017.297290000598878 ], [ 3295117.91200928715989, 2342017.297290000598878 ], [ 3295107.843904758803546, 2342008.224328767508268 ] ] ], [ [ [ 3294404.23361739423126, 2341950.3901979890652 ], [ 3294378.658946099691093, 2341919.289154318161309 ], [ 3294367.826206932775676, 2341893.390231041237712 ], [ 3294367.5923061510548, 2341893.634154802188277 ], [ 3294366.552926956675947, 2341894.719356512185186 ], [ 3294365.397541377227753, 2341894.23160597262904 ], [ 3294363.882735098712146, 2341893.593683743849397 ], [ 3294360.012507844716311, 2341890.780444065108895 ], [ 3294356.683817156590521, 2341887.55777849489823 ], [ 3294353.422594417817891, 2341883.633220908697695 ], [ 3294328.084408398717642, 2341847.974831562489271 ], [ 3294315.522818977478892, 2341829.533144672401249 ], [ 3294312.01461232220754, 2341823.855609049089253 ], [ 3294307.092511449940503, 2341814.630245225969702 ], [ 3294301.106989392079413, 2341801.643457130528986 ], [ 3294295.938513867557049, 2341790.421451787464321 ], [ 3294295.012894064188004, 2341788.056643087416887 ], [ 3294293.961602968163788, 2341785.358654790557921 ], [ 3294293.203535716980696, 2341782.34546516649425 ], [ 3294292.116905618924648, 2341778.009658221155405 ], [ 3294289.477462572045624, 2341762.600096255540848 ], [ 3294287.830944609362632, 2341750.89326704479754 ], [ 3294287.348539673257619, 2341742.757710127625614 ], [ 3294287.525989143177867, 2341730.914143659174442 ], [ 3294287.840160313528031, 2341722.872503049205989 ], [ 3294288.169209943618625, 2341720.054574082605541 ], [ 3294288.722644218243659, 2341718.171577848028392 ], [ 3294287.294776048045605, 2341711.013443820178509 ], [ 3294286.919990304857492, 2341709.780106877442449 ], [ 3294286.315508858300745, 2341707.764990213792771 ], [ 3294284.385422078426927, 2341704.348150240257382 ], [ 3294283.929058823734522, 2341703.54517451999709 ], [ 3294283.096788237337023, 2341702.615210647694767 ], [ 3294282.030463742092252, 2341701.99008622393012 ], [ 3294281.357847354374826, 2341701.600462804548442 ], [ 3294280.769836702849716, 2341701.541061917785555 ], [ 3294279.096178578212857, 2341701.357181550003588 ], [ 3294277.400265421718359, 2341701.5323849869892 ], [ 3294275.674767095595598, 2341701.712769313249737 ], [ 3294267.27596209011972, 2341703.142943499609828 ], [ 3294254.84041808731854, 2341705.939650942571461 ], [ 3294219.901884174905717, 2341732.476142670027912 ], [ 3294213.794545023702085, 2341733.403569715563208 ], [ 3294205.322163079865277, 2341734.694417256861925 ], [ 3294247.880544017534703, 2341608.223781523760408 ], [ 3294246.578719575889409, 2341605.85381717979908 ], [ 3294234.945595131721348, 2341584.722664814442396 ], [ 3294228.634264654479921, 2341573.274580079130828 ], [ 3294173.420732773840427, 2341578.072242639027536 ], [ 3294160.752621794585139, 2341544.447258214000612 ], [ 3294155.742154025472701, 2341531.157812980934978 ], [ 3294133.636269306298345, 2341560.967687530443072 ], [ 3294211.955939832609147, 2341622.379602019209415 ], [ 3294210.00730145862326, 2341640.185868992935866 ], [ 3294154.350853226613253, 2341672.33948473772034 ], [ 3294072.843684501945972, 2341685.313953744247556 ], [ 3294039.217656497843564, 2341658.007768942974508 ], [ 3294038.3659832989797, 2341654.980526832863688 ], [ 3294043.209216366522014, 2341610.292160560376942 ], [ 3294066.421199772506952, 2341604.603585203178227 ], [ 3294091.570806580130011, 2341591.431380132678896 ], [ 3294098.752961779013276, 2341586.41882246825844 ], [ 3294105.882420685142279, 2341581.456087246537209 ], [ 3294119.183193115983158, 2341571.008333030156791 ], [ 3294100.568456102628261, 2341567.98637757729739 ], [ 3294085.149987158831209, 2341563.978478040080518 ], [ 3294080.238218947779387, 2341561.804309734143317 ], [ 3294072.11979059362784, 2341558.202641660347581 ], [ 3294063.889097842387855, 2341548.90720269177109 ], [ 3294063.049927144311368, 2341535.628102059476078 ], [ 3294066.125867101829499, 2341521.663395438343287 ], [ 3294075.070964732207358, 2341510.699726070743054 ], [ 3294086.619564045220613, 2341499.28014140157029 ], [ 3294092.066908730659634, 2341491.608118157833815 ], [ 3294094.33019212493673, 2341483.326639951206744 ], [ 3294101.422680852469057, 2341483.951887937262654 ], [ 3294104.983717913273722, 2341484.261921750381589 ], [ 3294113.149236457422376, 2341482.831999822054058 ], [ 3294132.4359475299716, 2341476.653674693778157 ], [ 3294140.630221093073487, 2341472.925233671441674 ], [ 3294148.712627572007477, 2341469.256976800039411 ], [ 3294168.625117092393339, 2341460.523373595438898 ], [ 3294175.45809523249045, 2341463.091783923096955 ], [ 3294193.24435023823753, 2341450.549482136964798 ], [ 3294186.176647178828716, 2341449.209509847685695 ], [ 3294099.705591336358339, 2341432.85205048834905 ], [ 3293997.058006569277495, 2341413.431407071650028 ], [ 3293980.289893767796457, 2341410.410831233486533 ], [ 3293926.243077200837433, 2341400.675095863640308 ], [ 3293920.622219217475504, 2341399.558743545319885 ], [ 3293903.808954769279808, 2341396.201054140459746 ], [ 3293864.94749378785491, 2341388.433681924827397 ], [ 3293864.223796913400292, 2341396.638377073220909 ], [ 3293863.033656493760645, 2341410.039446365553886 ], [ 3293857.991304066032171, 2341430.50848389044404 ], [ 3293852.16897811088711, 2341446.222685629036278 ], [ 3293844.035842923913151, 2341456.38457095855847 ], [ 3293840.127495339140296, 2341458.966720413882285 ], [ 3293828.876426538452506, 2341466.386611497029662 ], [ 3293810.38154677907005, 2341475.227282084990293 ], [ 3293807.109016809146851, 2341476.490453165955842 ], [ 3293803.941729412879795, 2341477.714897744823247 ], [ 3293788.996542267501354, 2341483.518674747087061 ], [ 3293778.244624543935061, 2341487.116628770716488 ], [ 3293767.109567149542272, 2341490.852719521615654 ], [ 3293758.18010833254084, 2341492.944183066021651 ], [ 3293747.373383652884513, 2341495.465883965604007 ], [ 3293736.015679613687098, 2341496.917032605968416 ], [ 3293725.432044708169997, 2341498.263070138171315 ], [ 3293712.066570063121617, 2341497.80278128804639 ], [ 3293694.096648621372879, 2341497.103581005707383 ], [ 3293679.136759005952626, 2341497.622747399378568 ], [ 3293662.403005168307573, 2341506.500102234538645 ], [ 3293654.141169935464859, 2341519.526076808106154 ], [ 3293652.666599480435252, 2341521.85454857815057 ], [ 3293644.634656779933721, 2341536.900356992147863 ], [ 3293638.710912961512804, 2341549.831475152634084 ], [ 3293637.180130776483566, 2341555.589744070544839 ], [ 3293634.818363866303116, 2341564.507563431747258 ], [ 3293635.287530233152211, 2341570.707151412963867 ], [ 3293636.022380583919585, 2341580.381645829416811 ], [ 3293638.521797115914524, 2341599.885197700932622 ], [ 3293681.797735978383571, 2341610.258659312035888 ], [ 3293680.879037485923618, 2341631.436523656360805 ], [ 3293678.789399755187333, 2341642.569743428844959 ], [ 3293676.751549221109599, 2341654.018638723064214 ], [ 3293677.520190037786961, 2341664.641153049189597 ], [ 3293679.965395670384169, 2341679.546909535769373 ], [ 3293683.781337096355855, 2341692.91364141786471 ], [ 3293687.71234158333391, 2341704.940953380428255 ], [ 3293693.208405003882945, 2341720.50991846807301 ], [ 3293697.026107358746231, 2341737.78341538598761 ], [ 3293698.394351358525455, 2341749.092491229064763 ], [ 3293698.972123441286385, 2341753.91320236492902 ], [ 3293693.191071406006813, 2341774.207271951250732 ], [ 3293674.99820606643334, 2341771.344989053439349 ], [ 3293650.755282410886139, 2341767.532892601564527 ], [ 3293642.767649828922004, 2341789.218087777495384 ], [ 3293635.456769494339824, 2341801.732536766678095 ], [ 3293630.473968104925007, 2341810.256944921799004 ], [ 3293619.441644540987909, 2341826.183455867227167 ], [ 3293612.604033180512488, 2341839.974898271262646 ], [ 3293612.165451089851558, 2341847.196075432933867 ], [ 3293611.655105242040008, 2341855.525832233484834 ], [ 3293607.417186597827822, 2341872.363145729526877 ], [ 3293595.682174300774932, 2341894.704658142291009 ], [ 3293588.38736506877467, 2341901.441961157135665 ], [ 3293582.618992959149182, 2341906.785483980085701 ], [ 3293572.647680722177029, 2341912.296768669970334 ], [ 3293551.843452676199377, 2341934.826146085746586 ], [ 3293536.103026103228331, 2341951.922286754939705 ], [ 3293524.414242308121175, 2341978.812324270606041 ], [ 3293519.775860668625683, 2342010.02887421194464 ], [ 3293518.75830004317686, 2342016.874497360549867 ], [ 3293518.728459433186799, 2342017.297290000598878 ], [ 3294444.811411158647388, 2342017.297290000598878 ], [ 3294404.23361739423126, 2341950.3901979890652 ] ] ] ] } },
{ "type": "Feature", "properties": { "CODE_18": "322", "Uso": "Landas y matorrales", "color": "#A6FF80" }, "geometry": { "type": "Polygon", "coordinates": [ [ [ 3296513.387837488669902, 2342006.410266582854092 ], [ 3296514.66230396553874, 2342005.273810612503439 ], [ 3296516.434167131781578, 2342003.644349400885403 ], [ 3296517.651810572948307, 2342000.924600059632212 ], [ 3296519.522537747398019, 2341999.835972186177969 ], [ 3296520.789463779889047, 2341999.0864621354267 ], [ 3296523.415892256423831, 2341999.326844516675919 ], [ 3296525.600460862740874, 2341999.532958901487291 ], [ 3296529.098611675202847, 2342000.696413335390389 ], [ 3296531.524812097661197, 2342001.509697678033262 ], [ 3296536.271015056408942, 2341998.963720339350402 ], [ 3296546.611411096993834, 2341988.527508683968335 ], [ 3296551.425580545794219, 2341986.395851562265307 ], [ 3296570.866842728108168, 2341989.446261605713516 ], [ 3296596.790733863599598, 2341991.321121972054243 ], [ 3296606.296618402004242, 2341992.001051315572113 ], [ 3296574.33632888039574, 2341968.603655430488288 ], [ 3296568.140054461546242, 2341962.371754663530737 ], [ 3296564.180285202339292, 2341956.600726484786719 ], [ 3296560.44223773246631, 2341946.924480332061648 ], [ 3296560.375859993509948, 2341945.221084482967854 ], [ 3296560.317725963424891, 2341943.506097344215959 ], [ 3296562.986194505356252, 2341936.148396031465381 ], [ 3296565.010499887168407, 2341932.780020971782506 ], [ 3296570.468838407658041, 2341926.659042576793581 ], [ 3296580.16670898348093, 2341920.222037254832685 ], [ 3296581.004722776357085, 2341919.517178742215037 ], [ 3296589.25473406072706, 2341912.60300548421219 ], [ 3296596.381289702840149, 2341903.60222019162029 ], [ 3296597.923436066135764, 2341899.892046363092959 ], [ 3296597.523834926076233, 2341894.796663446351886 ], [ 3296596.073746506590396, 2341891.275475525762886 ], [ 3296595.368273398838937, 2341889.57234329264611 ], [ 3296591.608218807727098, 2341887.368898564018309 ], [ 3296586.320858783088624, 2341884.265826948452741 ], [ 3296585.290129144210368, 2341880.579887052997947 ], [ 3296585.578202221542597, 2341877.079124552663416 ], [ 3296590.076905496884137, 2341862.510493972338736 ], [ 3296591.135980523191392, 2341855.54619737714529 ], [ 3296592.76472983835265, 2341844.818729997146875 ], [ 3296590.570483903866261, 2341842.574553445447236 ], [ 3296588.105876884423196, 2341840.04282611515373 ], [ 3296585.877615505829453, 2341839.570360244251788 ], [ 3296577.44678934244439, 2341840.620182015001774 ], [ 3296572.072564423084259, 2341839.399554315488786 ], [ 3296568.923426556400955, 2341837.951734615489841 ], [ 3296564.632145432755351, 2341835.973220175597817 ], [ 3296561.141565545462072, 2341835.721757583320141 ], [ 3296559.800351901911199, 2341835.95657287305221 ], [ 3296557.79839332588017, 2341836.307069285772741 ], [ 3296556.259422081988305, 2341837.43908922560513 ], [ 3296553.879013392142951, 2341841.296022925991565 ], [ 3296552.395023232791573, 2341848.02012537047267 ], [ 3296548.966108908411115, 2341855.937174000777304 ], [ 3296543.368655581027269, 2341863.807668638881296 ], [ 3296542.024846252985299, 2341865.078037650324404 ], [ 3296540.012445109896362, 2341866.972863269038498 ], [ 3296535.264092116616666, 2341873.649455422069877 ], [ 3296533.015189297497272, 2341876.823746983893216 ], [ 3296532.460267843678594, 2341878.635917776729912 ], [ 3296531.276874501258135, 2341880.142050891648978 ], [ 3296528.542512224055827, 2341883.634740749374032 ], [ 3296524.294522753916681, 2341887.981019164901227 ], [ 3296521.080930081661791, 2341891.273467793595046 ], [ 3296520.125581473112106, 2341892.252570552751422 ], [ 3296515.141283135395497, 2341890.811460957862437 ], [ 3296501.610754568595439, 2341890.582465386018157 ], [ 3296497.005084546282887, 2341890.150758647825569 ], [ 3296490.019379386678338, 2341889.496419154573232 ], [ 3296474.890224367380142, 2341892.571428038645536 ], [ 3296461.842990998644382, 2341894.855723225511611 ], [ 3296458.036712435074151, 2341896.019376541487873 ], [ 3296451.622752514202148, 2341897.984614129643887 ], [ 3296439.860374486539513, 2341908.101504139136523 ], [ 3296428.970940208528191, 2341915.376334242057055 ], [ 3296419.1795310433954, 2341921.119384510908276 ], [ 3296407.862894411198795, 2341925.789933392778039 ], [ 3296405.788119948934764, 2341925.696523671038449 ], [ 3296395.69847073731944, 2341925.230454368051142 ], [ 3296383.525804191827774, 2341924.682568886317313 ], [ 3296378.775538437999785, 2341924.915514386259019 ], [ 3296372.876749270129949, 2341925.197324108798057 ], [ 3296368.468383778817952, 2341927.32898263912648 ], [ 3296366.504350722301751, 2341928.281730133108795 ], [ 3296364.17350608529523, 2341929.410327977035195 ], [ 3296359.930198672227561, 2341932.548189501278102 ], [ 3296354.049155252054334, 2341936.896260696463287 ], [ 3296349.799293826334178, 2341945.931286064442247 ], [ 3296346.060790690593421, 2341958.083566696383059 ], [ 3296342.342346007935703, 2341968.131691453047097 ], [ 3296337.313897359184921, 2341978.419324033893645 ], [ 3296324.674233634956181, 2341970.819137694314122 ], [ 3296320.783621192909777, 2341966.953987830784172 ], [ 3296316.539050482213497, 2341962.724591793958098 ], [ 3296312.934086929541081, 2341954.354436024557799 ], [ 3296310.759952933061868, 2341949.326177491340786 ], [ 3296302.40818890184164, 2341947.023496670648456 ], [ 3296296.435389797203243, 2341945.369847088120878 ], [ 3296303.23926255479455, 2341958.274251490831375 ], [ 3296306.715379437431693, 2341965.611568876542151 ], [ 3296311.462978954426944, 2341975.628615183290094 ], [ 3296317.509173963218927, 2341987.995906123425812 ], [ 3296320.934955569449812, 2342008.87954118847847 ], [ 3296325.792573923710734, 2342017.297290000598878 ], [ 3296498.0650555617176, 2342017.297290000598878 ], [ 3296513.387837488669902, 2342006.410266582854092 ] ] ] } },
{ "type": "Feature", "properties": { "CODE_18": "522", "Uso": "Estuarios", "color": "#A6FFE6" }, "geometry": { "type": "Polygon", "coordinates": [ [ [ 3296299.743471154011786, 2341724.770985541399568 ], [ 3296296.817670308053493, 2341714.851059805601835 ], [ 3296294.906716634053737, 2341708.396597728133202 ], [ 3296292.851099002175033, 2341703.286707572638988 ], [ 3296289.092599342577159, 2341693.918493268080056 ], [ 3296286.592060056980699, 2341682.138061225414276 ], [ 3296283.445200375281274, 2341667.345195336267352 ], [ 3296282.058384285308421, 2341664.147817905526608 ], [ 3296279.72337467269972, 2341649.913028677925467 ], [ 3296253.367421643808484, 2341651.95998456235975 ], [ 3296258.781786371953785, 2341542.966029977425933 ], [ 3296258.898399624042213, 2341541.017489869147539 ], [ 3296259.235841702669859, 2341535.529220951721072 ], [ 3296257.056224759668112, 2341514.386882174760103 ], [ 3296257.691471250727773, 2341505.457037928514183 ], [ 3296258.364002047572285, 2341496.074154113419354 ], [ 3296257.543521353043616, 2341485.876976486295462 ], [ 3296257.833233845885843, 2341482.386077309492975 ], [ 3296262.467991327866912, 2341471.243952636606991 ], [ 3296262.756086802575737, 2341467.743189183063805 ], [ 3296261.247949491720647, 2341455.951394202653319 ], [ 3296259.08062072750181, 2341444.965075097978115 ], [ 3296256.154021789319813, 2341430.153964963741601 ], [ 3296255.816340050660074, 2341425.930625976063311 ], [ 3296255.34503382910043, 2341419.964928415138274 ], [ 3296251.225304430816323, 2341394.849376732017845 ], [ 3296251.405144789721817, 2341380.17431831266731 ], [ 3296250.30806428194046, 2341373.486045684665442 ], [ 3296250.596357062458992, 2341372.52225155569613 ], [ 3296250.861383447889239, 2341371.664010911714286 ], [ 3296249.214146452024579, 2341361.62173764128238 ], [ 3296249.543811564333737, 2341360.539072206243873 ], [ 3296249.777327944524586, 2341359.797976410016418 ], [ 3296248.698404791764915, 2341351.117517204023898 ], [ 3296247.114002878312021, 2341338.303987785242498 ], [ 3296247.471685850061476, 2341335.227408979553729 ], [ 3296246.181800100952387, 2341325.508198033086956 ], [ 3296244.387136379722506, 2341312.031271066516638 ], [ 3296213.360343568492681, 2341312.7547014397569 ], [ 3296214.046584775205702, 2341300.548285712953657 ], [ 3296216.239943370688707, 2341289.427692553028464 ], [ 3296219.316140581853688, 2341275.463315946981311 ], [ 3296221.124956736341119, 2341269.605825759004802 ], [ 3296223.703973575960845, 2341261.269303997047246 ], [ 3296230.294577980414033, 2341242.011414328124374 ], [ 3296239.400682205799967, 2341189.413338380400091 ], [ 3296241.326178463175893, 2341178.329509153030813 ], [ 3296253.831784622278064, 2341156.290613563265651 ], [ 3296268.391961368732154, 2341130.634521729312837 ], [ 3296312.476354335434735, 2341085.754557121545076 ], [ 3296351.194427087903023, 2341046.319868288002908 ], [ 3296367.443530132994056, 2341040.237887322902679 ], [ 3296383.464040495455265, 2341034.246672651264817 ], [ 3296378.971451615914702, 2341052.812437819316983 ], [ 3296376.628932077903301, 2341062.467347394675016 ], [ 3296384.579235623590648, 2341058.487733939662576 ], [ 3296403.294242640957236, 2341046.595628583803773 ], [ 3296407.672618502750993, 2341044.651932828128338 ], [ 3296411.31412568455562, 2341043.040201941505075 ], [ 3296417.461853257846087, 2341038.523747529834509 ], [ 3296419.582166457083076, 2341038.152540249750018 ], [ 3296420.814906704239547, 2341037.93672209372744 ], [ 3296425.559557791333646, 2341035.380913928151131 ], [ 3296445.089917716570199, 2341028.52154488582164 ], [ 3296464.564799113199115, 2341020.210591432172805 ], [ 3296469.042558009270579, 2341016.646126127336174 ], [ 3296475.99626786261797, 2341011.105705862864852 ], [ 3296493.676498232409358, 2340999.770281503442675 ], [ 3296498.243632552679628, 2340995.946622647810727 ], [ 3296499.348168765194714, 2340995.753251393325627 ], [ 3296499.930022666230798, 2340995.651386188808829 ], [ 3296512.087579371407628, 2340985.282827329821885 ], [ 3296517.897172873839736, 2340982.601479765493423 ], [ 3296519.394100201781839, 2340981.212990875355899 ], [ 3296530.142563085071743, 2340971.28394016996026 ], [ 3296531.724998854566365, 2340967.262311658356339 ], [ 3296539.824683855753392, 2340940.565774550661445 ], [ 3296538.612923237495124, 2340929.219407984986901 ], [ 3296538.187532538082451, 2340925.265147130005062 ], [ 3296536.935044088866562, 2340920.288671907968819 ], [ 3296528.570416864007711, 2340900.95992266992107 ], [ 3296523.817467798478901, 2340893.135821084491909 ], [ 3296522.14916248479858, 2340888.221995238214731 ], [ 3296520.997310956008732, 2340886.333172502461821 ], [ 3296517.394596972502768, 2340880.3880292060785 ], [ 3296515.905276261270046, 2340876.812841048464179 ], [ 3296514.807817392516881, 2340874.204140138346702 ], [ 3296506.979256011545658, 2340867.050406388007104 ], [ 3296498.508908233605325, 2340862.911341045983136 ], [ 3296498.046474230475724, 2340862.566085333470255 ], [ 3296491.697059828788042, 2340857.812160612083972 ], [ 3296485.69835826382041, 2340852.103818540927023 ], [ 3296484.357978631742299, 2340851.354127212893218 ], [ 3296483.677117874845862, 2340850.976075737271458 ], [ 3296478.829343857243657, 2340847.522043989039958 ], [ 3296470.301514977123588, 2340841.42434367723763 ], [ 3296465.680877858307213, 2340839.107709067873657 ], [ 3296461.337531483266503, 2340836.93534049205482 ], [ 3296436.316135183908045, 2340829.615246233996004 ], [ 3296429.058359123766422, 2340829.343375837430358 ], [ 3296424.116907830350101, 2340829.153088822960854 ], [ 3296416.897419780027121, 2340827.382768968120217 ], [ 3296415.950673623941839, 2340827.548515830654651 ], [ 3296415.211028193123639, 2340827.678005570080131 ], [ 3296396.787818035576493, 2340820.938078362494707 ], [ 3296392.341003435663879, 2340820.052320657297969 ], [ 3296376.235208188649267, 2340816.864386308006942 ], [ 3296364.262027351185679, 2340812.770292186643928 ], [ 3296363.297096633352339, 2340812.330346573609859 ], [ 3296356.767480454407632, 2340809.322981732431799 ], [ 3296345.215045299381018, 2340803.216972005087882 ], [ 3296332.120293478481472, 2340796.305296467617154 ], [ 3296329.058847586624324, 2340793.969398307148367 ], [ 3296325.187334092333913, 2340791.024371662177145 ], [ 3296318.126700114924461, 2340782.305349222384393 ], [ 3296314.357802288606763, 2340775.16140345018357 ], [ 3296302.620435778982937, 2340759.021010854281485 ], [ 3296298.152417948935181, 2340750.27431092876941 ], [ 3296295.01630320167169, 2340741.730794952251017 ], [ 3296294.335277058649808, 2340734.918976102489978 ], [ 3296294.767575225327164, 2340729.637397142127156 ], [ 3296293.238423802889884, 2340722.974061257671565 ], [ 3296292.125100515317172, 2340721.44382156804204 ], [ 3296290.466661260463297, 2340711.332523725926876 ], [ 3296291.028250207193196, 2340709.4989073141478 ], [ 3296290.53799984510988, 2340706.509909117594361 ], [ 3296289.094755491241813, 2340697.710614281706512 ], [ 3296288.897203041240573, 2340692.671228724531829 ], [ 3296288.827936443500221, 2340690.826281866524369 ], [ 3296289.399388103745878, 2340688.990939158014953 ], [ 3296286.766777265816927, 2340675.599892712198198 ], [ 3296287.199081451166421, 2340670.31831522565335 ], [ 3296285.818944134283811, 2340661.903744023758918 ], [ 3296285.944682738278061, 2340658.959124214015901 ], [ 3296286.714758418966085, 2340640.953786286525428 ], [ 3296286.384691393468529, 2340638.941391982603818 ], [ 3296286.161410799250007, 2340637.580066429916769 ], [ 3296289.147966045886278, 2340621.459829717874527 ], [ 3296288.990252689924091, 2340619.508593125268817 ], [ 3296288.743628338444978, 2340616.334874076303095 ], [ 3296289.453770384658128, 2340607.737023336812854 ], [ 3296291.57563661178574, 2340598.963058110326529 ], [ 3296293.787187035195529, 2340589.808067311532795 ], [ 3296293.892818612512201, 2340588.967591819819063 ], [ 3296293.971637814305723, 2340588.334769043605775 ], [ 3296294.708512066863477, 2340586.703870437573642 ], [ 3296297.400300208013505, 2340574.105840689502656 ], [ 3296297.271020914427936, 2340570.657881111837924 ], [ 3296300.94021983910352, 2340561.359330873005092 ], [ 3296300.731502942740917, 2340560.086787906009704 ], [ 3296301.015651415102184, 2340559.468758072704077 ], [ 3296305.179260118398815, 2340550.215576569549739 ], [ 3296304.902589268051088, 2340548.528717387467623 ], [ 3296306.421494618058205, 2340543.006176744587719 ], [ 3296308.155978437978774, 2340536.694948731921613 ], [ 3296289.957801808603108, 2340549.450390634126961 ], [ 3296260.25843211542815, 2340570.267528201453388 ], [ 3296264.499188428744674, 2340542.866479094605893 ], [ 3296274.213516690768301, 2340480.054971512407064 ], [ 3296275.469554391689599, 2340471.939992574043572 ], [ 3296276.03077302640304, 2340468.310262920800596 ], [ 3296274.999746091663837, 2340465.426091019529849 ], [ 3296263.384484666399658, 2340432.895740342792124 ], [ 3296266.141698146238923, 2340426.263397304341197 ], [ 3296272.105776702519506, 2340411.905201694462448 ], [ 3296292.381740200333297, 2340363.075519868172705 ], [ 3296293.879391063936055, 2340359.464517925400287 ], [ 3296296.454784143716097, 2340353.26993094664067 ], [ 3296300.157539374660701, 2340344.361297998577356 ], [ 3296300.906181728001684, 2340265.543359301052988 ], [ 3296275.270477090030909, 2340223.8583630383946 ], [ 3296265.318385233171284, 2340202.828753323294222 ], [ 3296243.866617097984999, 2340157.519150261301547 ], [ 3296225.137890788260847, 2340149.472877048421651 ], [ 3296209.794811840634793, 2340142.893915171269327 ], [ 3296208.746134632267058, 2340142.438186612911522 ], [ 3296207.077080497518182, 2340141.725741435773671 ], [ 3296196.96714600129053, 2340136.929970419500023 ], [ 3296175.593664899468422, 2340126.799595332704484 ], [ 3296163.374794339761138, 2340121.01001000078395 ], [ 3295738.343513994943351, 2340121.01001000078395 ], [ 3295726.108218771405518, 2340144.644951631315053 ], [ 3295713.930516180582345, 2340164.850458745844662 ], [ 3295690.899706475436687, 2340181.790800372138619 ], [ 3295664.1196418274194, 2340191.644685531035066 ], [ 3295635.137098156381398, 2340194.75018425937742 ], [ 3295626.073900382965803, 2340195.717927497811615 ], [ 3295613.647311480715871, 2340198.756130609661341 ], [ 3295610.42714973911643, 2340200.710181338712573 ], [ 3295607.369015362113714, 2340202.909859559964389 ], [ 3295604.481152394786477, 2340205.343573964666575 ], [ 3295601.80139069724828, 2340207.994553382042795 ], [ 3295599.349454169627279, 2340210.859344568103552 ], [ 3295597.118871137965471, 2340213.898488744162023 ], [ 3295595.139227432664484, 2340217.10680602863431 ], [ 3295590.196155343204737, 2340219.50457576662302 ], [ 3295583.974959446117282, 2340222.52188940346241 ], [ 3295593.784425466321409, 2340256.413637548685074 ], [ 3295597.99779982259497, 2340270.96893669012934 ], [ 3295599.387003694660962, 2340275.789547505788505 ], [ 3295591.016047218348831, 2340284.318111735396087 ], [ 3295570.864525435492396, 2340304.83392977854237 ], [ 3295541.933576240204275, 2340334.294891893398017 ], [ 3295521.121571442577988, 2340355.484527439810336 ], [ 3295516.583617575932294, 2340360.104825908318162 ], [ 3295475.324781384319067, 2340460.13180222036317 ], [ 3295472.412132101133466, 2340467.177061875350773 ], [ 3295545.592096641194075, 2340676.818582705687732 ], [ 3295548.218170337378979, 2340684.355422237422317 ], [ 3295548.369876101613045, 2340684.7855209344998 ], [ 3295443.359472963027656, 2340781.036985961720347 ], [ 3295442.171961492393166, 2340780.910019150469452 ], [ 3295441.046857384964824, 2340780.79242167621851 ], [ 3295426.489537694491446, 2340779.251569323707372 ], [ 3295405.119188088923693, 2340776.995768971741199 ], [ 3295357.118680916726589, 2340744.807996938936412 ], [ 3295348.62209795974195, 2340763.455951985437423 ], [ 3295337.452534193173051, 2340787.950375643093139 ], [ 3295317.181054655462503, 2340836.617825467605144 ], [ 3295297.395627709571272, 2340884.104226415045559 ], [ 3295288.620027481112629, 2340915.709389011375606 ], [ 3295287.152085978072137, 2340946.035058452282101 ], [ 3295296.271644363645464, 2340982.026657399721444 ], [ 3295329.514727904461324, 2341040.646174933295697 ], [ 3295349.404829915147275, 2341083.357507565524429 ], [ 3295369.111962534487247, 2341125.015044128522277 ], [ 3295376.33853717893362, 2341155.959652234334499 ], [ 3295368.205486880149692, 2341211.087198656983674 ], [ 3295362.49639109428972, 2341267.941751780919731 ], [ 3295359.298823826014996, 2341294.277710866648704 ], [ 3295360.075492961797863, 2341331.730168296955526 ], [ 3295369.905040838290006, 2341367.719312286935747 ], [ 3295404.471066319849342, 2341378.553423102945089 ], [ 3295410.10255687404424, 2341373.487864091061056 ], [ 3295414.052859816234559, 2341369.924290385097265 ], [ 3295423.927733688615263, 2341361.040883525274694 ], [ 3295448.918756516184658, 2341338.550851198844612 ], [ 3295450.250651355367154, 2341338.754013935104012 ], [ 3295456.583372980356216, 2341339.695114883128554 ], [ 3295477.365001267753541, 2341342.815035671461374 ], [ 3295481.942075666971505, 2341343.50539433863014 ], [ 3295484.543685163836926, 2341352.315055725164711 ], [ 3295487.036115607246757, 2341360.768355508334935 ], [ 3295487.971200998406857, 2341363.933194770477712 ], [ 3295473.537858032621443, 2341386.95944423507899 ], [ 3295470.956360537093133, 2341391.074895793572068 ], [ 3295476.985504125244915, 2341411.502699787262827 ], [ 3295465.246747809462249, 2341436.421667057555169 ], [ 3295459.573102154303342, 2341448.46633115131408 ], [ 3295457.029465961270034, 2341453.863963222131133 ], [ 3295453.139667210169137, 2341462.125650696456432 ], [ 3295450.264056783635169, 2341468.220739333890378 ], [ 3295441.154792916961014, 2341487.584991964045912 ], [ 3295433.38020771369338, 2341496.222443785052747 ], [ 3295419.292337151244283, 2341511.891795644070953 ], [ 3295415.911650002468377, 2341515.649935499764979 ], [ 3295415.114245602861047, 2341516.540514427702874 ], [ 3295406.954141131136566, 2341525.610808447934687 ], [ 3295416.518915355671197, 2341561.098356013651937 ], [ 3295421.648045276291668, 2341580.120967166498303 ], [ 3295450.425688870251179, 2341593.084867813624442 ], [ 3295456.722328409086913, 2341582.859234371222556 ], [ 3295467.503897352144122, 2341573.380680766887963 ], [ 3295477.179405163042247, 2341574.538171856664121 ], [ 3295490.796443770173937, 2341593.972294037695974 ], [ 3295494.708709765225649, 2341599.020948609337211 ], [ 3295499.223645410500467, 2341604.83681498747319 ], [ 3295502.206640648655593, 2341612.260461386293173 ], [ 3295505.635371923912317, 2341620.793388431891799 ], [ 3295504.046056663617492, 2341640.048586579039693 ], [ 3295506.466872546356171, 2341654.806254358962178 ], [ 3295504.88743204344064, 2341674.059729378670454 ], [ 3295503.319807715713978, 2341684.664966168813407 ], [ 3295501.294149002525955, 2341698.415126948617399 ], [ 3295491.202206352725625, 2341712.654175594449043 ], [ 3295557.190995206590742, 2341702.358299594372511 ], [ 3295619.726715769153088, 2341692.596074956003577 ], [ 3295622.22672997135669, 2341680.995453234761953 ], [ 3295623.571417755447328, 2341674.782790079247206 ], [ 3295631.105970223899931, 2341668.82587946113199 ], [ 3295638.145051528234035, 2341663.250017825048417 ], [ 3295650.549819803331047, 2341657.049263058230281 ], [ 3295665.781574254389852, 2341651.693078442942351 ], [ 3295670.838581421412528, 2341652.959034244529903 ], [ 3295678.373165073804557, 2341654.856737367343158 ], [ 3295688.231472459156066, 2341661.086729266680777 ], [ 3295693.347619325853884, 2341664.321205941960216 ], [ 3295700.093773815315217, 2341672.050026580225676 ], [ 3295706.5647142380476, 2341679.461704401299357 ], [ 3295710.862879213877022, 2341686.553597751539201 ], [ 3295717.605494281277061, 2341697.662348065525293 ], [ 3295722.726681630592793, 2341711.997937304433435 ], [ 3295727.53296542679891, 2341725.465189315378666 ], [ 3295730.418181343469769, 2341738.47725314553827 ], [ 3295732.697521700523794, 2341748.723495132755488 ], [ 3295737.83532197913155, 2341780.044064133428037 ], [ 3295739.54016808886081, 2341800.579570969101042 ], [ 3295740.573363163974136, 2341813.124362770933658 ], [ 3295741.599349501542747, 2341835.767761604860425 ], [ 3295743.080927425529808, 2341852.963056717533618 ], [ 3295748.26242586132139, 2341868.160833775997162 ], [ 3295751.86697986535728, 2341872.755971935577691 ], [ 3295758.448838066775352, 2341881.152894954197109 ], [ 3295764.733518523164093, 2341886.192094370722771 ], [ 3295770.808322263881564, 2341891.06508001126349 ], [ 3295792.087856765370816, 2341898.086046231910586 ], [ 3295812.96531227696687, 2341894.430596759542823 ], [ 3295835.144530730787665, 2341890.547229884192348 ], [ 3295874.713288318365812, 2341886.298239114228636 ], [ 3295910.572275593876839, 2341884.048509627580643 ], [ 3295921.476584874093533, 2341884.595123257488012 ], [ 3295940.349678264930844, 2341885.542707123328 ], [ 3295971.420602570287883, 2341886.820586904883385 ], [ 3296002.499775524716824, 2341888.086889650672674 ], [ 3296037.040130498353392, 2341894.125676421448588 ], [ 3296055.704823296051472, 2341894.977857216726989 ], [ 3296061.387040338478982, 2341895.231191460043192 ], [ 3296101.813504927325994, 2341896.210654225200415 ], [ 3296139.197766021359712, 2341895.033551114145666 ], [ 3296161.563871478661895, 2341900.514692572876811 ], [ 3296187.19565794756636, 2341909.452850261703134 ], [ 3296218.463323652744293, 2341920.093500282149762 ], [ 3296245.181656646542251, 2341927.491748542059213 ], [ 3296274.933963284362108, 2341937.058191285002977 ], [ 3296285.809414925053716, 2341941.263215344399214 ], [ 3296296.435389797203243, 2341945.369847088120878 ], [ 3296302.40818890184164, 2341947.023496670648456 ], [ 3296310.759952933061868, 2341949.326177491340786 ], [ 3296312.934086929541081, 2341954.354436024557799 ], [ 3296316.539050482213497, 2341962.724591793958098 ], [ 3296320.783621192909777, 2341966.953987830784172 ], [ 3296324.674233634956181, 2341970.819137694314122 ], [ 3296337.313897359184921, 2341978.419324033893645 ], [ 3296342.342346007935703, 2341968.131691453047097 ], [ 3296346.060790690593421, 2341958.083566696383059 ], [ 3296349.799293826334178, 2341945.931286064442247 ], [ 3296354.049155252054334, 2341936.896260696463287 ], [ 3296359.930198672227561, 2341932.548189501278102 ], [ 3296364.17350608529523, 2341929.410327977035195 ], [ 3296366.504350722301751, 2341928.281730133108795 ], [ 3296368.468383778817952, 2341927.32898263912648 ], [ 3296363.571210043504834, 2341909.47339313197881 ], [ 3296342.922788104042411, 2341813.840710167307407 ], [ 3296336.027276534587145, 2341787.69902472011745 ], [ 3296324.716600450221449, 2341744.784403891768306 ], [ 3296315.14861277025193, 2341747.251115314662457 ], [ 3296313.575723021756858, 2341747.496053201612085 ], [ 3296310.130851535126567, 2341748.01799819432199 ], [ 3296303.491349758580327, 2341734.445501819252968 ], [ 3296302.243638205807656, 2341729.498603451997042 ], [ 3296299.743471154011786, 2341724.770985541399568 ] ] ] } },
{ "type": "Feature", "properties": { "CODE_18": "523", "Uso": "Mares y océanos", "color": "#E6F2FF" }, "geometry": { "type": "Polygon", "coordinates": [ [ [ 3296320.934955569449812, 2342008.87954118847847 ], [ 3296317.509173963218927, 2341987.995906123425812 ], [ 3296311.462978954426944, 2341975.628615183290094 ], [ 3296306.715379437431693, 2341965.611568876542151 ], [ 3296303.23926255479455, 2341958.274251490831375 ], [ 3296296.435389797203243, 2341945.369847088120878 ], [ 3296285.809414925053716, 2341941.263215344399214 ], [ 3296274.933963284362108, 2341937.058191285002977 ], [ 3296245.181656646542251, 2341927.491748542059213 ], [ 3296218.463323652744293, 2341920.093500282149762 ], [ 3296187.19565794756636, 2341909.452850261703134 ], [ 3296161.563871478661895, 2341900.514692572876811 ], [ 3296139.197766021359712, 2341895.033551114145666 ], [ 3296101.813504927325994, 2341896.210654225200415 ], [ 3296061.387040338478982, 2341895.231191460043192 ], [ 3296055.704823296051472, 2341894.977857216726989 ], [ 3296037.040130498353392, 2341894.125676421448588 ], [ 3296002.499775524716824, 2341888.086889650672674 ], [ 3295971.420602570287883, 2341886.820586904883385 ], [ 3295940.349678264930844, 2341885.542707123328 ], [ 3295921.476584874093533, 2341884.595123257488012 ], [ 3295910.572275593876839, 2341884.048509627580643 ], [ 3295874.713288318365812, 2341886.298239114228636 ], [ 3295835.144530730787665, 2341890.547229884192348 ], [ 3295812.96531227696687, 2341894.430596759542823 ], [ 3295792.087856765370816, 2341898.086046231910586 ], [ 3295770.808322263881564, 2341891.06508001126349 ], [ 3295764.733518523164093, 2341886.192094370722771 ], [ 3295758.448838066775352, 2341881.152894954197109 ], [ 3295751.86697986535728, 2341872.755971935577691 ], [ 3295748.26242586132139, 2341868.160833775997162 ], [ 3295743.080927425529808, 2341852.963056717533618 ], [ 3295741.599349501542747, 2341835.767761604860425 ], [ 3295740.573363163974136, 2341813.124362770933658 ], [ 3295739.54016808886081, 2341800.579570969101042 ], [ 3295737.83532197913155, 2341780.044064133428037 ], [ 3295732.697521700523794, 2341748.723495132755488 ], [ 3295730.418181343469769, 2341738.47725314553827 ], [ 3295727.53296542679891, 2341725.465189315378666 ], [ 3295722.726681630592793, 2341711.997937304433435 ], [ 3295717.605494281277061, 2341697.662348065525293 ], [ 3295710.862879213877022, 2341686.553597751539201 ], [ 3295706.5647142380476, 2341679.461704401299357 ], [ 3295700.093773815315217, 2341672.050026580225676 ], [ 3295693.347619325853884, 2341664.321205941960216 ], [ 3295688.231472459156066, 2341661.086729266680777 ], [ 3295678.373165073804557, 2341654.856737367343158 ], [ 3295670.838581421412528, 2341652.959034244529903 ], [ 3295665.781574254389852, 2341651.693078442942351 ], [ 3295650.549819803331047, 2341657.049263058230281 ], [ 3295638.145051528234035, 2341663.250017825048417 ], [ 3295631.105970223899931, 2341668.82587946113199 ], [ 3295623.571417755447328, 2341674.782790079247206 ], [ 3295622.22672997135669, 2341680.995453234761953 ], [ 3295619.726715769153088, 2341692.596074956003577 ], [ 3295557.190995206590742, 2341702.358299594372511 ], [ 3295491.202206352725625, 2341712.654175594449043 ], [ 3295490.520007859915495, 2341717.401155567262322 ], [ 3295489.595389052759856, 2341723.824425500817597 ], [ 3295487.576666815206409, 2341734.153470636811107 ], [ 3295479.705247319303453, 2341768.360812345985323 ], [ 3295478.336269830819219, 2341773.126566257793456 ], [ 3295477.126420129090548, 2341776.017503741197288 ], [ 3295475.954552110750228, 2341778.830754246562719 ], [ 3295471.554776176810265, 2341787.384728838223964 ], [ 3295468.318871327210218, 2341793.695147475227714 ], [ 3295459.800746612250805, 2341812.580485478509218 ], [ 3295449.207292159087956, 2341832.915060481056571 ], [ 3295448.101986354682595, 2341835.391919767018408 ], [ 3295446.634820048231632, 2341838.693247765302658 ], [ 3295445.754659340716898, 2341841.800460311584175 ], [ 3295445.346972815226763, 2341843.21139512071386 ], [ 3295444.697457537986338, 2341848.033845422789454 ], [ 3295444.129420181270689, 2341857.063642966561019 ], [ 3295443.641708182636648, 2341864.851455225143582 ], [ 3295442.498800754547119, 2341869.882075377739966 ], [ 3295441.618431941140443, 2341873.730137680657208 ], [ 3295441.479300280101597, 2341874.180719878524542 ], [ 3295439.235546098090708, 2341881.220607711933553 ], [ 3295431.816402668133378, 2341901.486502860207111 ], [ 3295420.079103611409664, 2341908.849139235913754 ], [ 3295411.803141491487622, 2341915.666595483198762 ], [ 3295404.169625481590629, 2341926.400366103742272 ], [ 3295401.093685883563012, 2341940.364919642452151 ], [ 3295401.923015956301242, 2341953.645669024437666 ], [ 3295403.811305062845349, 2341960.641976305749267 ], [ 3295405.375582973938435, 2341966.467094938736409 ], [ 3295408.128643033094704, 2341971.251913791522384 ], [ 3295410.992962826043367, 2341976.220213804859668 ], [ 3295412.966181830503047, 2341981.446025540586561 ], [ 3295415.747289572842419, 2341988.813705042935908 ], [ 3295415.897394363302737, 2341994.490667316131294 ], [ 3295416.164895972236991, 2342004.47017482900992 ], [ 3295412.718537991866469, 2342010.85805881023407 ], [ 3295411.736494436860085, 2342012.663861624896526 ], [ 3295409.232110546436161, 2342017.297290000598878 ], [ 3296325.792573923710734, 2342017.297290000598878 ], [ 3296320.934955569449812, 2342008.87954118847847 ] ] ] } }
]
}
