{
"type": "FeatureCollection",
"name": "Usansolo",
"crs": { "type": "name", "properties": { "name": "urn:ogc:def:crs:EPSG::3035" } },
"features": [
{ "type": "Feature", "properties": { "CODE_18": "111", "Uso": "Tejido urbano continuo", "color": "#E6004D" }, "geometry": { "type": "MultiPolygon", "coordinates": [ [ [ [ 3283898.129650831688195, 2317402.901508044917136 ], [ 3283894.496393227949739, 2317408.722670924849808 ], [ 3283891.573060790542513, 2317412.806188440416008 ], [ 3283885.85315455775708, 2317419.763848571106791 ], [ 3283878.64466352481395, 2317427.854765085503459 ], [ 3283877.138361214660108, 2317430.553739408031106 ], [ 3283876.596630319487303, 2317431.521217276807874 ], [ 3283873.027918747160584, 2317436.620803094934672 ], [ 3283869.657809364143759, 2317445.165993711911142 ], [ 3283868.429137998726219, 2317449.003544424660504 ], [ 3283868.050086676608771, 2317451.089136534836143 ], [ 3283868.138375509995967, 2317453.488633559085429 ], [ 3283868.921922216191888, 2317455.796843828167766 ], [ 3283874.099530500359833, 2317463.505028023850173 ], [ 3283873.93693385925144, 2317465.735366564709693 ], [ 3283873.874362985603511, 2317466.344986948184669 ], [ 3283893.228617126587778, 2317478.846397941932082 ], [ 3283916.39727227576077, 2317493.825509815011173 ], [ 3283937.509212511125952, 2317523.329750116448849 ], [ 3283940.646764677017927, 2317523.531290435697883 ], [ 3283949.03995520202443, 2317524.973948501050472 ], [ 3283951.352963172830641, 2317525.654698505997658 ], [ 3283953.654493878595531, 2317526.32731116656214 ], [ 3283955.58392293099314, 2317527.268009378109127 ], [ 3283957.527538649272174, 2317528.977385849691927 ], [ 3283959.020873519591987, 2317531.28308849548921 ], [ 3283974.027851531282067, 2317516.164854031987488 ], [ 3284016.045305174775422, 2317420.216188734397292 ], [ 3284037.523916106205434, 2317400.717720001004636 ], [ 3283899.798026876058429, 2317400.717720001004636 ], [ 3283898.129650831688195, 2317402.901508044917136 ] ] ], [ [ [ 3282299.494058882351965, 2323695.961247267201543 ], [ 3282300.997649765573442, 2323692.318736437708139 ], [ 3282305.699213572777808, 2323682.494309104979038 ], [ 3282311.169288442004472, 2323674.574920345563442 ], [ 3282312.918433323036879, 2323678.317394190002233 ], [ 3282315.121592705138028, 2323683.035683368332684 ], [ 3282328.782942112535238, 2323675.264469863846898 ], [ 3282337.701820193324238, 2323670.191130941733718 ], [ 3282357.681593842338771, 2323649.582605069503188 ], [ 3282358.415240538306534, 2323648.672735138330609 ], [ 3282359.595672938041389, 2323647.207669575233012 ], [ 3282361.847710972186178, 2323644.418371773324907 ], [ 3282372.957760663237423, 2323638.352372316643596 ], [ 3282381.923919169232249, 2323632.82427274947986 ], [ 3282388.490187351126224, 2323629.492370465770364 ], [ 3282389.018423510249704, 2323628.009630669374019 ], [ 3282390.825207523535937, 2323622.873069940600544 ], [ 3282391.981410199310631, 2323620.082924387883395 ], [ 3282393.66372412070632, 2323615.982919591013342 ], [ 3282396.841902306303382, 2323605.715033055283129 ], [ 3282400.312216878868639, 2323593.204111269209534 ], [ 3282437.577338283881545, 2323604.982706586830318 ], [ 3282439.438371246680617, 2323598.070979698095471 ], [ 3282441.663042084313929, 2323589.786527252290398 ], [ 3282501.912462727166712, 2323607.605473041534424 ], [ 3282501.920628115069121, 2323603.504446618258953 ], [ 3282501.937381099909544, 2323599.269998420029879 ], [ 3282498.850861347280443, 2323593.184315997641534 ], [ 3282496.890022751875222, 2323587.591486865654588 ], [ 3282494.081351445522159, 2323583.202508368995041 ], [ 3282494.476815016008914, 2323562.198918620124459 ], [ 3282493.46464588213712, 2323556.947294342331588 ], [ 3282492.133395499549806, 2323550.056927072349936 ], [ 3282490.133549623657018, 2323537.844607615377754 ], [ 3282494.058833017479628, 2323527.740155354142189 ], [ 3282497.869161456357688, 2323521.146583367139101 ], [ 3282499.069850741419941, 2323513.609767068643123 ], [ 3282499.98758368100971, 2323508.557916334364563 ], [ 3282500.985755545087159, 2323500.589789263904095 ], [ 3282502.413806460332125, 2323489.299162690062076 ], [ 3282505.614081379026175, 2323467.02293776255101 ], [ 3282507.138892013113946, 2323456.38510183384642 ], [ 3282507.553548385389149, 2323454.394592095632106 ], [ 3282508.113168941810727, 2323451.678512631449848 ], [ 3282512.441719971131533, 2323443.664853546302766 ], [ 3282500.577831145841628, 2323447.853632472455502 ], [ 3282499.236479322426021, 2323440.467812648974359 ], [ 3282498.051989054773003, 2323433.977939577307552 ], [ 3282492.979587110225111, 2323421.27892760373652 ], [ 3282486.407854430843145, 2323404.813984711188823 ], [ 3282474.229045478627086, 2323373.561976918019354 ], [ 3282464.39127426687628, 2323349.419208575971425 ], [ 3282460.978206885047257, 2323344.375039361882955 ], [ 3282460.463415088597685, 2323342.222614637110382 ], [ 3282458.18175336252898, 2323332.687876506242901 ], [ 3282460.173675330821425, 2323311.891768932342529 ], [ 3282460.629521533381194, 2323304.576760310679674 ], [ 3282461.532799570821226, 2323290.019250926561654 ], [ 3282461.160484263207763, 2323278.638097180519253 ], [ 3282454.31703760009259, 2323277.675387172959745 ], [ 3282449.239650194533169, 2323277.336901898961514 ], [ 3282449.939262878149748, 2323269.218134757131338 ], [ 3282451.978332825470716, 2323245.673957841936499 ], [ 3282459.143099036067724, 2323162.975271250121295 ], [ 3282442.367859958671033, 2323173.229958847630769 ], [ 3282425.049506893381476, 2323183.823326591402292 ], [ 3282401.752925486303866, 2323199.543146976269782 ], [ 3282394.234795461874455, 2323193.097205402795225 ], [ 3282388.404837913811207, 2323188.100929378531873 ], [ 3282400.553100352175534, 2323179.762761597987264 ], [ 3282389.322492624167353, 2323166.072358767967671 ], [ 3282384.552677312865853, 2323169.718699548859149 ], [ 3282380.408794762101024, 2323172.788617375306785 ], [ 3282362.03429256239906, 2323186.225647334940732 ], [ 3282340.768886695615947, 2323201.772369783837348 ], [ 3282337.606330504640937, 2323204.081847306806594 ], [ 3282306.093262591399252, 2323227.491802996955812 ], [ 3282259.329967364668846, 2323262.228906893637031 ], [ 3282256.664453535806388, 2323264.228083519265056 ], [ 3282247.803498037159443, 2323270.894552481360734 ], [ 3282209.593351436778903, 2323299.1916882856749 ], [ 3282207.067637718748301, 2323297.02619662694633 ], [ 3282183.631395006552339, 2323276.949909368995577 ], [ 3282174.152829045429826, 2323288.270664520561695 ], [ 3282167.847532557323575, 2323295.798516355454922 ], [ 3282165.777083788532764, 2323298.271872531156987 ], [ 3282164.807249123230577, 2323297.863346830010414 ], [ 3282163.290984480641782, 2323297.215669450815767 ], [ 3282162.266991436015815, 2323296.786187983117998 ], [ 3282161.689358704723418, 2323296.54235447011888 ], [ 3282154.419722543563694, 2323293.472616256214678 ], [ 3282148.500645300839096, 2323290.967959245666862 ], [ 3282155.572336301673204, 2323280.809569790959358 ], [ 3282151.582026490941644, 2323267.159955530427396 ], [ 3282145.982372521888465, 2323264.995098845101893 ], [ 3282133.472440137527883, 2323280.47966658975929 ], [ 3282126.624171558767557, 2323277.133170701563358 ], [ 3282120.103648934047669, 2323275.85009575728327 ], [ 3282116.10859295912087, 2323275.058213776908815 ], [ 3282113.869945701677352, 2323266.591570419259369 ], [ 3282110.747665237169713, 2323259.791690715588629 ], [ 3282109.531111977063119, 2323257.133044277317822 ], [ 3282104.426503719761968, 2323245.971957122907043 ], [ 3282096.836221769917756, 2323234.190937740262598 ], [ 3282096.226030339952558, 2323233.252629375085235 ], [ 3282095.911965038161725, 2323232.759677590802312 ], [ 3282088.411633344832808, 2323221.713818766642362 ], [ 3282081.770931274630129, 2323214.05886368220672 ], [ 3282072.324976973235607, 2323203.15086554037407 ], [ 3282055.857942889910191, 2323184.309529572725296 ], [ 3282043.034613131545484, 2323173.221930026076734 ], [ 3282038.251689000986516, 2323169.229527843184769 ], [ 3282028.207174937706441, 2323160.861785457469523 ], [ 3282023.864904743619263, 2323158.507125211879611 ], [ 3282017.004572151228786, 2323154.777144210413098 ], [ 3282014.253552515991032, 2323153.280269769951701 ], [ 3282005.742485214024782, 2323156.445476863533258 ], [ 3281998.835997606627643, 2323163.337882428430021 ], [ 3281988.776892489288002, 2323175.450387080200016 ], [ 3281985.84185624262318, 2323178.653605580795556 ], [ 3281982.339895287994295, 2323182.483802920673043 ], [ 3281981.117112608626485, 2323183.814223348163068 ], [ 3281978.9113809177652, 2323188.249458803795278 ], [ 3281974.57915959879756, 2323196.984279904980212 ], [ 3281972.316714992281049, 2323202.312285162974149 ], [ 3281975.354754856787622, 2323205.747794642113149 ], [ 3281978.753112112637609, 2323209.586973678786308 ], [ 3281983.022855947725475, 2323212.613923986908048 ], [ 3281985.490584308747202, 2323214.363371149636805 ], [ 3281997.648901213891804, 2323222.381131226662546 ], [ 3281979.748531504068524, 2323258.414993358775973 ], [ 3281970.412472442723811, 2323253.444348791614175 ], [ 3281967.868052296340466, 2323252.093942226376384 ], [ 3281966.487719556316733, 2323255.126304226927459 ], [ 3281965.309059259016067, 2323257.717438442632556 ], [ 3281969.941918685100973, 2323263.085744531359524 ], [ 3281974.102798405103385, 2323274.493325354997069 ], [ 3281978.619721, 2323273.143983080983162 ], [ 3281989.835455535911024, 2323272.183932102285326 ], [ 3282002.216977149248123, 2323276.174615672789514 ], [ 3282010.667213673237711, 2323278.895469034556299 ], [ 3282029.745247266255319, 2323284.686359269544482 ], [ 3282044.268117222003639, 2323287.875756117049605 ], [ 3282050.908091206103563, 2323289.330701785162091 ], [ 3282055.746724090073258, 2323290.441597332246602 ], [ 3282056.445481148082763, 2323297.310839742422104 ], [ 3282045.759477918967605, 2323305.656812390312552 ], [ 3282029.065611878409982, 2323318.576372570823878 ], [ 3282016.995812054723501, 2323327.083573875483125 ], [ 3282010.682723653968424, 2323331.527971848379821 ], [ 3282002.96049303887412, 2323336.970127526205033 ], [ 3282002.020242101978511, 2323337.733535427600145 ], [ 3282007.874005163088441, 2323344.795713977422565 ], [ 3282023.144584087189287, 2323363.207337933126837 ], [ 3282029.524160656146705, 2323357.310343065299094 ], [ 3282067.216843632981181, 2323328.951452248729765 ], [ 3282070.550047604367137, 2323320.249560770578682 ], [ 3282074.283506705891341, 2323317.647252161521465 ], [ 3282075.828697266988456, 2323313.82495081378147 ], [ 3282076.897424519527704, 2323311.182043324224651 ], [ 3282075.899066840298474, 2323300.996304445434362 ], [ 3282077.776198041625321, 2323293.625111457891762 ], [ 3282087.155646438710392, 2323293.656472784467041 ], [ 3282101.290676280856133, 2323292.18507500179112 ], [ 3282104.711511879228055, 2323290.337710607796907 ], [ 3282104.769349748734385, 2323303.143895161338151 ], [ 3282104.783283582888544, 2323305.211548313498497 ], [ 3282104.919366308953613, 2323332.931031941436231 ], [ 3282063.697536733001471, 2323359.564010914415121 ], [ 3282062.22556039551273, 2323361.29324697656557 ], [ 3282063.856080668978393, 2323365.736378189176321 ], [ 3282064.351749363355339, 2323367.090501331258565 ], [ 3282067.862764389719814, 2323372.361046458594501 ], [ 3282063.131238515488803, 2323377.6040382925421 ], [ 3282060.592495675198734, 2323381.864218724425882 ], [ 3282060.778003070037812, 2323384.855687323026359 ], [ 3282060.957389567047358, 2323387.685867703985423 ], [ 3282073.641229333356023, 2323399.903984560631216 ], [ 3282042.86497025936842, 2323431.343764569610357 ], [ 3282028.06124274013564, 2323449.30030672904104 ], [ 3282027.68867981992662, 2323449.751175169367343 ], [ 3282009.899275436997414, 2323471.406912095844746 ], [ 3282001.998348110355437, 2323480.837926637381315 ], [ 3281994.772406071890146, 2323489.186689340509474 ], [ 3281983.763795325532556, 2323501.881629752926528 ], [ 3281975.061044210102409, 2323510.752930209506303 ], [ 3281963.281812117900699, 2323522.892838464584202 ], [ 3281962.795747268944979, 2323523.394033072050661 ], [ 3281945.03146944148466, 2323536.65339662740007 ], [ 3281938.531619545537978, 2323541.505997702013701 ], [ 3281928.506889051292092, 2323548.995427623856813 ], [ 3281923.192572976928204, 2323552.909734425600618 ], [ 3281919.1443034959957, 2323555.881788032595068 ], [ 3281900.69953715056181, 2323569.260380883235484 ], [ 3281877.547083424404263, 2323581.708122693002224 ], [ 3281861.825292585417628, 2323592.50919702462852 ], [ 3281868.922266342677176, 2323602.702290292829275 ], [ 3281870.512842960190028, 2323604.980847485829145 ], [ 3281858.21740293269977, 2323616.074703754857183 ], [ 3281855.699005072936416, 2323618.352573610376567 ], [ 3281856.200206390582025, 2323619.492631085216999 ], [ 3281856.988610264845192, 2323621.333297707606107 ], [ 3281858.43966156989336, 2323621.211028029676527 ], [ 3281857.199208366218954, 2323621.813932023942471 ], [ 3281857.899530019145459, 2323623.426486899144948 ], [ 3281859.061773343011737, 2323626.125094711780548 ], [ 3281889.680453203618526, 2323632.258663507178426 ], [ 3281884.069075829349458, 2323633.119863823987544 ], [ 3281873.362398481462151, 2323634.772157597355545 ], [ 3281873.666098662652075, 2323636.626699339132756 ], [ 3281874.255729508120567, 2323640.22727241832763 ], [ 3281874.795282322447747, 2323643.522043445613235 ], [ 3281874.859899438917637, 2323643.916626803576946 ], [ 3281897.776165195740759, 2323639.567406103480607 ], [ 3281898.512615873944014, 2323639.418103585485369 ], [ 3281899.501579184085131, 2323639.44781372603029 ], [ 3281902.047955636400729, 2323639.509131804574281 ], [ 3281902.506303401663899, 2323639.520169072318822 ], [ 3281903.759766804054379, 2323639.554283449426293 ], [ 3281906.138582685496658, 2323644.911539733875543 ], [ 3281907.632495271041989, 2323648.272524933330715 ], [ 3281907.152644636575133, 2323650.670227208640426 ], [ 3281906.396310400683433, 2323654.415250743273646 ], [ 3281906.164802065119147, 2323655.541594565380365 ], [ 3281906.091515191830695, 2323655.899449774995446 ], [ 3281900.130633883643895, 2323685.478602989576757 ], [ 3281908.292947256471962, 2323698.955548904836178 ], [ 3281910.329043549951166, 2323702.901445225812495 ], [ 3281911.177133690565825, 2323704.549000873696059 ], [ 3281911.795846426859498, 2323708.327136952895671 ], [ 3281912.286949826404452, 2323713.680205256212503 ], [ 3281911.440362114459276, 2323725.051719015929848 ], [ 3281911.349601313006133, 2323734.038071024231613 ], [ 3281908.486672933213413, 2323747.34582138620317 ], [ 3281908.094582361169159, 2323752.447702324949205 ], [ 3281907.941214795224369, 2323754.42290267162025 ], [ 3281907.763873228337616, 2323756.747320225927979 ], [ 3281907.519965106155723, 2323759.966237612999976 ], [ 3281907.245621367357671, 2323763.4949139081873 ], [ 3281907.20549910934642, 2323764.92260278807953 ], [ 3281907.100099090952426, 2323769.73072163015604 ], [ 3281903.281158452387899, 2323789.467002545949072 ], [ 3281902.577717285603285, 2323793.101290156599134 ], [ 3281901.425805510953069, 2323799.077049056068063 ], [ 3281904.000158959999681, 2323800.30043480778113 ], [ 3281906.113443123642355, 2323801.310309072956443 ], [ 3281917.058082249946892, 2323799.748239218257368 ], [ 3281924.237019270192832, 2323790.555260619148612 ], [ 3281936.244154079817235, 2323786.808000312652439 ], [ 3281941.407462275587022, 2323785.193187120370567 ], [ 3281953.678338817786425, 2323782.313012075610459 ], [ 3281959.031246406491846, 2323781.050595581531525 ], [ 3282001.27454290445894, 2323778.622965704649687 ], [ 3282006.399686389602721, 2323778.323881154414266 ], [ 3282043.150050275959074, 2323776.117728396318853 ], [ 3282051.265890340786427, 2323775.619480499532074 ], [ 3282061.653915249742568, 2323775.118963823188096 ], [ 3282067.074068106710911, 2323771.541282115038484 ], [ 3282070.340489809866995, 2323772.03458863357082 ], [ 3282075.125981776509434, 2323772.759026519954205 ], [ 3282076.649394504260272, 2323774.379613147582859 ], [ 3282078.294047698844224, 2323776.121027689892799 ], [ 3282087.013720532413572, 2323778.256851688027382 ], [ 3282094.006166769191623, 2323774.677734854165465 ], [ 3282105.745001630391926, 2323772.885255613829941 ], [ 3282141.236419951077551, 2323775.567575275432318 ], [ 3282162.420586737338454, 2323775.509841439314187 ], [ 3282196.008557469584048, 2323776.171388348564506 ], [ 3282198.134592505637556, 2323776.143986956682056 ], [ 3282204.358299578540027, 2323776.04823896382004 ], [ 3282209.054009439889342, 2323775.976609758567065 ], [ 3282218.476444105152041, 2323771.19048850890249 ], [ 3282221.008215898647904, 2323775.31339655071497 ], [ 3282223.113094712607563, 2323778.750017098616809 ], [ 3282223.089575754478574, 2323786.598194658756256 ], [ 3282224.954341515898705, 2323786.586117929313332 ], [ 3282226.717252115253359, 2323786.571588111575693 ], [ 3282227.76054490590468, 2323786.561343052890152 ], [ 3282230.92162604816258, 2323786.535289758816361 ], [ 3282231.033760949969292, 2323784.618054938968271 ], [ 3282231.325957286171615, 2323779.401767326518893 ], [ 3282232.996512762270868, 2323773.619311666116118 ], [ 3282234.309336490929127, 2323754.129295784514397 ], [ 3282259.774244614411145, 2323754.935205447487533 ], [ 3282260.270844258833677, 2323724.141744090244174 ], [ 3282260.488123989664018, 2323711.033647448755801 ], [ 3282264.052461264654994, 2323710.744156647473574 ], [ 3282265.351662744767964, 2323708.517511633224785 ], [ 3282266.62773873610422, 2323706.335507763084024 ], [ 3282267.615846174769104, 2323703.138455101288855 ], [ 3282268.353568635880947, 2323700.766622795257717 ], [ 3282291.62036297749728, 2323706.239857573062181 ], [ 3282296.422778601758182, 2323706.200284120161086 ], [ 3282296.754863155074418, 2323702.590474725235254 ], [ 3282299.494058882351965, 2323695.961247267201543 ] ] ] ] } },
{ "type": "Feature", "properties": { "CODE_18": "112", "Uso": "Tejido urbano discontinuo", "color": "#FF0000" }, "geometry": { "type": "MultiPolygon", "coordinates": [ [ [ [ 3277998.052855891641229, 2323602.634011735208333 ], [ 3278000.897374705411494, 2323600.613344850949943 ], [ 3277989.085805756039917, 2323582.509325315244496 ], [ 3277979.678200425114483, 2323566.632615038659424 ], [ 3277992.502598934341222, 2323561.310401948168874 ], [ 3278028.383602016605437, 2323546.42722019739449 ], [ 3278028.707606656942517, 2323546.299405319616199 ], [ 3278032.687945044133812, 2323550.594616881106049 ], [ 3278041.190801022574306, 2323559.76993284188211 ], [ 3278052.190173716749996, 2323549.62260131072253 ], [ 3278057.442801018245518, 2323544.774894058704376 ], [ 3278066.986171343363822, 2323535.958395811263472 ], [ 3278062.892334715463221, 2323527.563047250267118 ], [ 3278086.97170527651906, 2323516.503656249027699 ], [ 3278091.781597109045833, 2323522.023455291986465 ], [ 3278106.462731923907995, 2323516.02072373079136 ], [ 3278105.237100251019001, 2323511.882082233205438 ], [ 3278104.258890668861568, 2323508.572796366177499 ], [ 3278106.335349779110402, 2323506.260527103673667 ], [ 3278111.738619518000633, 2323500.412238547112793 ], [ 3278109.702625297009945, 2323498.201627132482827 ], [ 3278097.511401398107409, 2323484.903180338442326 ], [ 3278093.77262403536588, 2323485.923694865312427 ], [ 3278089.4616718608886, 2323487.105366095434874 ], [ 3278088.549167476594448, 2323487.356606237590313 ], [ 3278082.740951067768037, 2323466.820439841598272 ], [ 3278075.214760505128652, 2323468.626444875262678 ], [ 3278067.223179099150002, 2323461.705681738909334 ], [ 3278054.679692973848432, 2323468.80524514708668 ], [ 3278041.080672595649958, 2323452.485906548332423 ], [ 3278026.988789820112288, 2323435.573035490699112 ], [ 3278022.697018157225102, 2323430.429243701975793 ], [ 3278018.313594041392207, 2323425.159443824552 ], [ 3278029.719747040886432, 2323420.593190252315253 ], [ 3278063.653659811709076, 2323407.015347862616181 ], [ 3278052.248656202107668, 2323376.216183813754469 ], [ 3278068.77507670270279, 2323370.701919474638999 ], [ 3278080.088670305442065, 2323366.933287383057177 ], [ 3278109.773379080928862, 2323338.807357984595001 ], [ 3278138.559552414808422, 2323299.990901266224682 ], [ 3278153.694821506273001, 2323310.327809386420995 ], [ 3278198.246541051194072, 2323269.651823570020497 ], [ 3278195.137901094742119, 2323269.750073510222137 ], [ 3278188.575613535940647, 2323269.946145732887089 ], [ 3278132.717282803729177, 2323271.626613839995116 ], [ 3278122.167818592861295, 2323269.406025256030262 ], [ 3278121.410143528133631, 2323264.77947300998494 ], [ 3278127.625172053463757, 2323244.683489839546382 ], [ 3278158.753360614180565, 2323198.485141000710428 ], [ 3278200.287202831357718, 2323166.08085679076612 ], [ 3278203.098452740348876, 2323145.891334037296474 ], [ 3278204.673399857711047, 2323136.056115132756531 ], [ 3278205.780267497524619, 2323129.124010824598372 ], [ 3278206.672607434447855, 2323127.262809200678021 ], [ 3278209.315025373827666, 2323121.715711673721671 ], [ 3278204.234338022302836, 2323112.559714775532484 ], [ 3278199.689794642850757, 2323104.385432733222842 ], [ 3278197.080891214311123, 2323096.693926884792745 ], [ 3278193.096073450520635, 2323092.24728081934154 ], [ 3278187.706040040589869, 2323086.220277173444629 ], [ 3278180.813693859614432, 2323085.763833566568792 ], [ 3278172.32232770929113, 2323087.251837915275246 ], [ 3278156.499548216816038, 2323093.160253951791674 ], [ 3278130.06949177198112, 2323104.052999757695943 ], [ 3278119.174255236517638, 2323109.199413997121155 ], [ 3278096.197691689711064, 2323120.055274386890233 ], [ 3278082.076765585690737, 2323126.629529850091785 ], [ 3278080.657870450988412, 2323125.832951795775443 ], [ 3278074.314629911445081, 2323122.286693162284791 ], [ 3278056.721445607021451, 2323122.650103862863034 ], [ 3278045.319039861671627, 2323111.070488629862666 ], [ 3278041.714789587538689, 2323101.513694957364351 ], [ 3278029.407747256569564, 2323100.950768101960421 ], [ 3278009.05384584562853, 2323067.853548581246287 ], [ 3278003.184233013074845, 2323070.049139412119985 ], [ 3277981.157991589512676, 2323078.282737836707383 ], [ 3277978.348971538245678, 2323079.343270457349718 ], [ 3277964.339285319671035, 2323060.082020393107086 ], [ 3277961.696082164067775, 2323056.455649282317609 ], [ 3277945.232269151136279, 2323047.112671062350273 ], [ 3277936.665114717558026, 2323044.544716825708747 ], [ 3277922.095825635828078, 2323038.654878728091717 ], [ 3277915.57593216188252, 2323036.012300454545766 ], [ 3277896.913479557726532, 2323029.784387055784464 ], [ 3277877.806603162549436, 2323020.904597399290651 ], [ 3277887.387383512221277, 2322963.808435658924282 ], [ 3277839.596683017909527, 2322956.271600147243589 ], [ 3277819.749368687160313, 2322911.770833172369748 ], [ 3277736.722339751198888, 2322912.895183506421745 ], [ 3277657.604019061662257, 2322889.132113113999367 ], [ 3277635.090477303601801, 2322882.371551278047264 ], [ 3277610.8563073258847, 2322907.106942934915423 ], [ 3277568.395062319934368, 2322950.451154749374837 ], [ 3277622.941739242523909, 2322980.285908142570406 ], [ 3277653.897793103940785, 2322997.216647771652788 ], [ 3277752.109699292108417, 2323006.856633573304862 ], [ 3277777.177774080540985, 2323016.640109453350306 ], [ 3277806.319135367870331, 2323028.003183611668646 ], [ 3277826.791081715375185, 2323037.536743367556483 ], [ 3277842.332489955238998, 2323044.778378198854625 ], [ 3277821.858612853102386, 2323135.282421431969851 ], [ 3277818.821583835408092, 2323136.80913077108562 ], [ 3277814.892881439998746, 2323138.776240379083902 ], [ 3277812.65051990468055, 2323139.8896977561526 ], [ 3277809.302578777074814, 2323141.562223969958723 ], [ 3277803.220782945398241, 2323144.444487763103098 ], [ 3277797.968087691813707, 2323146.937908975407481 ], [ 3277792.368669061921537, 2323154.190539553761482 ], [ 3277790.685238934122026, 2323156.362901579588652 ], [ 3277790.774091714061797, 2323156.905461479909718 ], [ 3277789.984153908211738, 2323160.940662712790072 ], [ 3277788.895137380342931, 2323166.185129476245493 ], [ 3277706.827071638777852, 2323215.475809288676828 ], [ 3277698.163895670790225, 2323210.215244617313147 ], [ 3277687.635757683776319, 2323216.302072295453399 ], [ 3277683.831196319311857, 2323218.531580576207489 ], [ 3277663.113307684194297, 2323236.054750539828092 ], [ 3277636.34289818815887, 2323236.443529548123479 ], [ 3277623.832982862833887, 2323242.695017201360315 ], [ 3277619.088288887869567, 2323245.068993418943137 ], [ 3277615.128093496430665, 2323244.179948076140136 ], [ 3277613.496064570732415, 2323243.816496756859124 ], [ 3277607.999061970971525, 2323242.587904434651136 ], [ 3277578.034451766870916, 2323244.906453265808523 ], [ 3277576.91127418866381, 2323245.296099088620394 ], [ 3277574.730723130516708, 2323246.04356295755133 ], [ 3277566.806076698005199, 2323248.761725405696779 ], [ 3277566.25232, 2323248.951414280105382 ], [ 3277566.25232, 2323363.967901497613639 ], [ 3277583.653037866577506, 2323365.817931264638901 ], [ 3277603.455821648705751, 2323367.238756252918392 ], [ 3277630.560388075187802, 2323365.421412971802056 ], [ 3277635.228682298213243, 2323365.120836680289358 ], [ 3277646.080305233597755, 2323364.41654203645885 ], [ 3277653.015494285151362, 2323366.001964335795492 ], [ 3277656.673532072920352, 2323366.842483591288328 ], [ 3277667.000818974338472, 2323369.193258101586252 ], [ 3277679.294975226745009, 2323364.907668134197593 ], [ 3277697.596442807465792, 2323358.524079395458102 ], [ 3277701.276716678403318, 2323357.27024548407644 ], [ 3277708.675097993109375, 2323354.745800472795963 ], [ 3277710.347493995446712, 2323354.178723823279142 ], [ 3277710.952654589898884, 2323353.971191924996674 ], [ 3277713.44778094207868, 2323353.53392551606521 ], [ 3277720.627433351241052, 2323352.275705052539706 ], [ 3277727.0232243090868, 2323351.68254420440644 ], [ 3277730.700965797062963, 2323351.342463509179652 ], [ 3277735.04868068639189, 2323352.305671547539532 ], [ 3277742.42571673868224, 2323353.925297458190471 ], [ 3277754.100959112402052, 2323359.551018222235143 ], [ 3277756.928234590217471, 2323362.566703204065561 ], [ 3277764.016148214694113, 2323370.102459307294339 ], [ 3277765.294631468132138, 2323372.953208609018475 ], [ 3277765.662013678811491, 2323373.771689254790545 ], [ 3277767.425380887463689, 2323377.724763066042215 ], [ 3277760.224190653767437, 2323382.010814733337611 ], [ 3277757.229178683366627, 2323383.794017675332725 ], [ 3277748.908983862958848, 2323388.742976049892604 ], [ 3277743.009496825747192, 2323400.543727240059525 ], [ 3277751.537263085134327, 2323410.800474517513067 ], [ 3277741.957470091059804, 2323409.049338084645569 ], [ 3277735.241341442801058, 2323410.226327674463391 ], [ 3277734.284712282940745, 2323410.393975303508341 ], [ 3277732.913872573990375, 2323410.634212660603225 ], [ 3277730.388074912130833, 2323412.061197109054774 ], [ 3277729.644337975885719, 2323412.475675946101546 ], [ 3277725.29541575955227, 2323414.912215064745396 ], [ 3277721.359039746690542, 2323419.062480411957949 ], [ 3277720.286379314493388, 2323420.194213931448758 ], [ 3277720.118432329501957, 2323422.699725003913045 ], [ 3277719.29068341711536, 2323435.05266707809642 ], [ 3277717.58896778523922, 2323448.573558927047998 ], [ 3277712.885254385415465, 2323458.693325699772686 ], [ 3277709.946191171649843, 2323464.596911640372127 ], [ 3277722.526368166785687, 2323469.739302386995405 ], [ 3277721.366158336400986, 2323475.787799753248692 ], [ 3277720.929379912093282, 2323478.076579989399761 ], [ 3277720.682682369835675, 2323479.357853434048593 ], [ 3277731.709768668282777, 2323501.902024949435145 ], [ 3277740.992484552785754, 2323498.803796607069671 ], [ 3277751.399680458940566, 2323496.624771897681057 ], [ 3277755.18546808604151, 2323495.829395154956728 ], [ 3277752.785670709330589, 2323505.149636403191835 ], [ 3277750.704669620841742, 2323513.257153069134802 ], [ 3277748.463390800636262, 2323520.509894489310682 ], [ 3277751.64010431850329, 2323531.420271519571543 ], [ 3277752.938780630473047, 2323535.880995844956487 ], [ 3277757.803529051598161, 2323553.629500863142312 ], [ 3277757.932552921120077, 2323563.399586229585111 ], [ 3277745.025837085675448, 2323559.298763397615403 ], [ 3277734.962801594752818, 2323557.632324361242354 ], [ 3277728.788105328567326, 2323556.106434175278991 ], [ 3277722.211182919796556, 2323554.478520702570677 ], [ 3277718.003696541767567, 2323558.64586388785392 ], [ 3277710.045767304021865, 2323569.833191805519164 ], [ 3277732.898944116663188, 2323589.817752090282738 ], [ 3277741.000816533807665, 2323593.695091535337269 ], [ 3277749.356983566656709, 2323597.700380588881671 ], [ 3277760.615769469179213, 2323597.685822821687907 ], [ 3277767.510560140945017, 2323594.87415042379871 ], [ 3277771.163529455661774, 2323593.391696469858289 ], [ 3277782.376351837068796, 2323590.990300178527832 ], [ 3277787.393458148930222, 2323589.908099864143878 ], [ 3277787.210855228360742, 2323608.987659556791186 ], [ 3277787.046677352394909, 2323626.754917457234114 ], [ 3277787.736071492079645, 2323636.477541691623628 ], [ 3277789.245036457665265, 2323645.691213747486472 ], [ 3277789.666608324274421, 2323647.70779629657045 ], [ 3277789.832073327619582, 2323648.47033310867846 ], [ 3277818.41943008871749, 2323628.512604245450348 ], [ 3277818.976808967068791, 2323631.915940790902823 ], [ 3277822.139535657595843, 2323636.608127835672349 ], [ 3277828.898952655028552, 2323639.969796473626047 ], [ 3277834.584155250806361, 2323639.6838239133358 ], [ 3277837.79921418055892, 2323639.120389651507139 ], [ 3277839.702608005609363, 2323638.786822832655162 ], [ 3277841.727649142034352, 2323637.833213089499623 ], [ 3277846.134721608832479, 2323635.75180540420115 ], [ 3277848.265591597184539, 2323633.957672050222754 ], [ 3277849.887633893638849, 2323632.587589751463383 ], [ 3277880.88126187119633, 2323668.64051756169647 ], [ 3277913.669482596218586, 2323704.5007324074395 ], [ 3277907.951182747259736, 2323707.248285771813244 ], [ 3277909.873277886770666, 2323710.250093355309218 ], [ 3277913.457385736983269, 2323715.842633206397295 ], [ 3277914.955002472735941, 2323719.659624664112926 ], [ 3277916.973052702844143, 2323724.795965964905918 ], [ 3277929.62045971583575, 2323751.967782939318568 ], [ 3277939.560923356097192, 2323751.027421590406448 ], [ 3277946.434935436118394, 2323750.38090091291815 ], [ 3277950.813363911118358, 2323768.752485080156475 ], [ 3277963.879561155568808, 2323765.092704317066818 ], [ 3277969.430909368209541, 2323773.405151084531099 ], [ 3277976.55295723862946, 2323784.060489327646792 ], [ 3277984.637870094273239, 2323779.223797587677836 ], [ 3277995.041290467139333, 2323776.030667012091726 ], [ 3278002.966934419237077, 2323769.97370235202834 ], [ 3278005.410159136168659, 2323768.104537697974592 ], [ 3278006.807927291840315, 2323767.03760603023693 ], [ 3278007.789195813238621, 2323766.27706558117643 ], [ 3278012.198972462676466, 2323760.247670700773597 ], [ 3278020.273108984343708, 2323749.212527919560671 ], [ 3278010.221905009355396, 2323731.388576180208474 ], [ 3278009.324321798980236, 2323729.810588721185923 ], [ 3277999.409676297102123, 2323712.510692410171032 ], [ 3277992.408123333007097, 2323705.812203653622419 ], [ 3277972.658546603750437, 2323686.937788942828774 ], [ 3277956.074766695965081, 2323672.836213365662843 ], [ 3277952.291860233061016, 2323669.622669717296958 ], [ 3277949.805432971566916, 2323667.511293148156255 ], [ 3277939.107000229414552, 2323653.230754083953798 ], [ 3277935.730199513956904, 2323648.71815050765872 ], [ 3277934.910503782797605, 2323647.491837544832379 ], [ 3277937.917996842414141, 2323645.351273439824581 ], [ 3277940.117228996008635, 2323643.788712856825441 ], [ 3277998.052855891641229, 2323602.634011735208333 ] ] ], [ [ [ 3280123.236366236582398, 2325660.113768541719764 ], [ 3280131.164109565317631, 2325654.442226579412818 ], [ 3280133.132736245635897, 2325651.286312907002866 ], [ 3280134.248265448957682, 2325649.48748034471646 ], [ 3280139.01553483819589, 2325652.640251758042723 ], [ 3280140.642346051521599, 2325653.715009518899024 ], [ 3280144.65847777063027, 2325656.989251183345914 ], [ 3280144.239154055714607, 2325660.12738521816209 ], [ 3280144.071786786895245, 2325661.371679999865592 ], [ 3280551.235936718061566, 2325661.371679999865592 ], [ 3280575.309310391545296, 2325648.485894863028079 ], [ 3280597.771797954104841, 2325636.847887105308473 ], [ 3280606.364916443359107, 2325632.389213597867638 ], [ 3280644.883357752114534, 2325612.427702175918967 ], [ 3280706.299848658964038, 2325577.788807030301541 ], [ 3280750.714901342056692, 2325541.613101726397872 ], [ 3280781.256173718720675, 2325516.615727068390697 ], [ 3280790.353692754171789, 2325509.166447395458817 ], [ 3280791.106173268519342, 2325508.557656945195049 ], [ 3280798.175033489242196, 2325502.783039852976799 ], [ 3280805.809223768766969, 2325493.956359602045268 ], [ 3280813.118743414059281, 2325485.501149917021394 ], [ 3280843.408373435027897, 2325449.862296893727034 ], [ 3280880.122978441882879, 2325398.261693547014147 ], [ 3280887.901691909879446, 2325386.477008862886578 ], [ 3280890.750687590334564, 2325388.20020717009902 ], [ 3280893.306102836504579, 2325389.741444100625813 ], [ 3280897.742795881815255, 2325392.42449531937018 ], [ 3280902.482931774575263, 2325395.28778025181964 ], [ 3280906.178692752961069, 2325406.330510740634054 ], [ 3280907.553975406568497, 2325410.45310132112354 ], [ 3280920.891775477677584, 2325450.260002251248807 ], [ 3280935.067508871667087, 2325487.068566880188882 ], [ 3280944.000351299066097, 2325510.264087636955082 ], [ 3280933.589076370932162, 2325542.024254914373159 ], [ 3280923.876338118221611, 2325560.520636548753828 ], [ 3280922.669079004786909, 2325562.812460388056934 ], [ 3280927.630470872856677, 2325570.061422740109265 ], [ 3280954.124430672731251, 2325608.801308380439878 ], [ 3280942.878468943759799, 2325610.690526085905731 ], [ 3280928.426066550426185, 2325617.779096354730427 ], [ 3280919.548701846506447, 2325622.236774698831141 ], [ 3280906.660380807705224, 2325628.716432465240359 ], [ 3280905.994098073802888, 2325629.046276310924441 ], [ 3280904.992166642099619, 2325629.55670312140137 ], [ 3280902.573757648468018, 2325630.771963481325656 ], [ 3280870.789161635562778, 2325644.276565234176815 ], [ 3280866.06523199705407, 2325646.281398282386363 ], [ 3280855.926854620687664, 2325655.861432281788439 ], [ 3280855.444109598640352, 2325657.559518316760659 ], [ 3280855.200229782611132, 2325658.42422238830477 ], [ 3280855.0077781425789, 2325659.107402699068189 ], [ 3280854.358871485106647, 2325661.371679999865592 ], [ 3281638.953580637928098, 2325661.371679999865592 ], [ 3281594.049378095194697, 2325586.837093668524176 ], [ 3281589.391555984504521, 2325588.688204697798938 ], [ 3281554.241703059989959, 2325610.697196826804429 ], [ 3281550.145368932746351, 2325610.897332954220474 ], [ 3281548.68677079398185, 2325608.991403749212623 ], [ 3281546.604515986517072, 2325606.250996387563646 ], [ 3281540.483691748231649, 2325594.648800480179489 ], [ 3281533.038529894780368, 2325563.378866993356496 ], [ 3281529.072330405004323, 2325546.7210692781955 ], [ 3281520.894622026011348, 2325512.403237646445632 ], [ 3281515.250621661078185, 2325488.722860783338547 ], [ 3281518.517859624698758, 2325488.911528374068439 ], [ 3281519.050085454713553, 2325488.940056475345045 ], [ 3281524.919279266614467, 2325489.281732015311718 ], [ 3281524.404191640671343, 2325475.85516556026414 ], [ 3281527.599450050853193, 2325474.737236656248569 ], [ 3281528.453287973999977, 2325474.313656769692898 ], [ 3281538.008484247606248, 2325469.534395966678858 ], [ 3281531.919714148156345, 2325459.42845902312547 ], [ 3281529.075692229438573, 2325454.700632799882442 ], [ 3281527.180216402281076, 2325451.552036919631064 ], [ 3281522.458660728298128, 2325443.723210513591766 ], [ 3281521.102927134372294, 2325441.454237343743443 ], [ 3281520.224697902332991, 2325439.994608643464744 ], [ 3281516.624858508817852, 2325441.863317854702473 ], [ 3281515.26915883179754, 2325442.567629954777658 ], [ 3281498.953069650568068, 2325451.037882532924414 ], [ 3281491.493833780754358, 2325412.372730427421629 ], [ 3281480.934220686089247, 2325371.997966834809631 ], [ 3281472.431963859125972, 2325347.590491925366223 ], [ 3281481.222495735157281, 2325335.912814328446984 ], [ 3281494.458250906318426, 2325327.403822439722717 ], [ 3281510.453965780325234, 2325315.366977551952004 ], [ 3281513.002453280612826, 2325313.459216371178627 ], [ 3281525.048645414412022, 2325307.969568248372525 ], [ 3281526.492437213193625, 2325307.493370919954032 ], [ 3281529.070891702547669, 2325306.63572564534843 ], [ 3281535.725919155869633, 2325304.404277483932674 ], [ 3281542.69213340152055, 2325302.524221142753959 ], [ 3281545.170635279268026, 2325295.605593841057271 ], [ 3281547.195517825894058, 2325289.943576857913285 ], [ 3281548.236592165194452, 2325287.751933365594596 ], [ 3281550.064211557153612, 2325283.920625849626958 ], [ 3281547.091931703034788, 2325279.834284878335893 ], [ 3281546.528900744859129, 2325279.06022029556334 ], [ 3281547.066161338239908, 2325277.261275112163275 ], [ 3281549.429005130659789, 2325269.388730538543314 ], [ 3281551.052266335580498, 2325264.000032474286854 ], [ 3281538.235859571024776, 2325264.601477993652225 ], [ 3281535.336753400508314, 2325264.368604523129761 ], [ 3281530.030790719669312, 2325282.021655448712409 ], [ 3281531.914674186147749, 2325284.604006867855787 ], [ 3281532.793570847250521, 2325285.819972081575543 ], [ 3281532.151225206442177, 2325287.596737293992192 ], [ 3281531.255462516099215, 2325290.118094084784389 ], [ 3281529.389041291084141, 2325290.739368214737624 ], [ 3281519.701726783066988, 2325293.968857711181045 ], [ 3281508.617857613600791, 2325299.015920531470329 ], [ 3281503.794226637575775, 2325298.430173150263727 ], [ 3281499.187397600151598, 2325297.86732957046479 ], [ 3281486.531302288174629, 2325292.757969002239406 ], [ 3281470.324479282833636, 2325286.596310457680374 ], [ 3281468.907166994176805, 2325285.809549963101745 ], [ 3281467.545628969091922, 2325285.053608966059983 ], [ 3281460.071879528462887, 2325280.92379996785894 ], [ 3281455.319590498227626, 2325278.296008469536901 ], [ 3281445.570575640536845, 2325272.910739326383919 ], [ 3281438.521763724740595, 2325250.501436115242541 ], [ 3281437.447003584355116, 2325245.240394723601639 ], [ 3281435.73830827139318, 2325236.914174749981612 ], [ 3281441.339437411632389, 2325232.58411819068715 ], [ 3281442.302601723466069, 2325231.836953388527036 ], [ 3281451.720172281377017, 2325224.54488028306514 ], [ 3281453.583928580861539, 2325223.102104810997844 ], [ 3281460.212413628585637, 2325217.983198033645749 ], [ 3281455.339911153074354, 2325213.072930617257953 ], [ 3281452.120512664318085, 2325209.831557929515839 ], [ 3281449.233954844996333, 2325199.08343479083851 ], [ 3281445.081588744185865, 2325187.420531542040408 ], [ 3281445.469305528327823, 2325176.098767789080739 ], [ 3281452.196664929855615, 2325182.79479855298996 ], [ 3281469.575975376181304, 2325161.737783062271774 ], [ 3281440.66148701030761, 2325136.40089148748666 ], [ 3281433.73452961910516, 2325135.36167340259999 ], [ 3281428.668453551828861, 2325135.711402569897473 ], [ 3281423.160359502770007, 2325136.087833617813885 ], [ 3281415.779842974618077, 2325135.686204805504531 ], [ 3281412.068412197288126, 2325126.777272042818367 ], [ 3281408.857617464847863, 2325126.375758545007557 ], [ 3281404.599031271412969, 2325125.833087592385709 ], [ 3281401.299030486028641, 2325129.780284924432635 ], [ 3281399.434663537889719, 2325130.847700998187065 ], [ 3281395.641741167753935, 2325133.024222270585597 ], [ 3281393.968279129825532, 2325137.549013115931302 ], [ 3281392.518313686363399, 2325141.456227425485849 ], [ 3281370.337194001302123, 2325119.445283287670463 ], [ 3281359.22499220771715, 2325116.886519913095981 ], [ 3281344.758435741998255, 2325107.598916740622371 ], [ 3281333.920450195204467, 2325103.307590662501752 ], [ 3281328.609475990757346, 2325104.887518123723567 ], [ 3281328.135919624939561, 2325105.031370722223073 ], [ 3281327.682087780442089, 2325105.171767631545663 ], [ 3281324.799684903118759, 2325106.031930093187839 ], [ 3281303.688690694980323, 2325124.9318558271043 ], [ 3281292.444349826313555, 2325138.723970238119364 ], [ 3281282.689363294746727, 2325144.451542019844055 ], [ 3281273.421972183045, 2325155.076232639607042 ], [ 3281262.793594391550869, 2325165.939371816813946 ], [ 3281253.814838862046599, 2325176.158330426551402 ], [ 3281252.830943759065121, 2325177.274449558462948 ], [ 3281250.672644756734371, 2325180.0778958206065 ], [ 3281248.215855895541608, 2325183.288809054065496 ], [ 3281240.941760138608515, 2325188.987652219831944 ], [ 3281228.002650845330209, 2325176.885376682505012 ], [ 3281214.727513551712036, 2325163.908382210880518 ], [ 3281210.668945405166596, 2325159.941333563067019 ], [ 3281204.595330907031894, 2325153.891862815245986 ], [ 3281197.091376109514385, 2325146.418610593304038 ], [ 3281193.174510505981743, 2325141.706246041227132 ], [ 3281182.92713185492903, 2325129.375928990077227 ], [ 3281172.002807436510921, 2325114.089446769095957 ], [ 3281171.307225541211665, 2325113.125504305586219 ], [ 3281169.369525709189475, 2325110.40037118922919 ], [ 3281158.777962311170995, 2325094.791749290656298 ], [ 3281157.697984254453331, 2325093.215254451148212 ], [ 3281156.88149586552754, 2325092.008653616532683 ], [ 3281152.846458670683205, 2325082.48666672129184 ], [ 3281148.576408233493567, 2325072.396990050561726 ], [ 3281147.944071533624083, 2325071.137830278836191 ], [ 3281146.213712231256068, 2325067.696472494862974 ], [ 3281141.191492546815425, 2325055.12045894516632 ], [ 3281138.528610481414944, 2325048.463281055912375 ], [ 3281204.539985747076571, 2324972.561409314163029 ], [ 3281224.662197430152446, 2324949.420453690458089 ], [ 3281260.542021398898214, 2324914.83236371120438 ], [ 3281262.78401745390147, 2324912.663719573989511 ], [ 3281263.098667035344988, 2324912.354900619015098 ], [ 3281261.820973986759782, 2324875.874435744713992 ], [ 3281061.213514260947704, 2324866.056084969080985 ], [ 3280862.797838136553764, 2324746.167397287674248 ], [ 3280710.658838099334389, 2324682.609387760516256 ], [ 3280585.494995159097016, 2324675.536653144750744 ], [ 3280433.141979006119072, 2324641.952578888274729 ], [ 3280432.583399270195514, 2324641.948970131576061 ], [ 3280426.670868964400142, 2324641.838208897504956 ], [ 3280423.201043870300055, 2324641.83729236619547 ], [ 3280403.666172878816724, 2324642.672328321263194 ], [ 3280384.101717654149979, 2324643.512554456945509 ], [ 3280382.701785095501691, 2324643.575178413651884 ], [ 3280381.019247326534241, 2324643.646726933773607 ], [ 3280365.716996842995286, 2324644.308448600117117 ], [ 3280350.389238986186683, 2324647.663802771829069 ], [ 3280337.655586033128202, 2324650.442870053462684 ], [ 3280315.722813729196787, 2324661.724079030565917 ], [ 3280299.560357412323356, 2324671.070819003507495 ], [ 3280281.146797142922878, 2324681.725289899390191 ], [ 3280248.807232040446252, 2324709.310834683477879 ], [ 3280236.751846379600465, 2324724.097694761585444 ], [ 3280225.583356140181422, 2324737.795568072237074 ], [ 3280207.550828733947128, 2324764.589342838618904 ], [ 3280198.676626254338771, 2324786.348497727420181 ], [ 3280189.780344577971846, 2324823.272339242510498 ], [ 3280184.140072369016707, 2324845.388326173648238 ], [ 3280150.789403934963048, 2324841.094271933659911 ], [ 3280104.255815207026899, 2324835.101734074298292 ], [ 3280103.778945097699761, 2324842.41052829939872 ], [ 3280098.068754417821765, 2324855.923303696326911 ], [ 3280066.557844580616802, 2324858.897499323356897 ], [ 3280051.670905302744359, 2324860.298384201712906 ], [ 3280050.604107880499214, 2324856.324704619590193 ], [ 3280050.35492701176554, 2324847.184596543665975 ], [ 3280052.341067087370902, 2324842.462880652863532 ], [ 3280053.955109253060073, 2324838.628336342517287 ], [ 3280054.981784671545029, 2324833.313651735894382 ], [ 3280055.533543227240443, 2324830.426325702108443 ], [ 3280054.001420818269253, 2324823.611611691769212 ], [ 3280053.634022751823068, 2324822.793127376586199 ], [ 3280050.706316514872015, 2324816.253389533609152 ], [ 3280033.855621133930981, 2324832.732981407083571 ], [ 3280030.460344178602099, 2324848.610504092182964 ], [ 3280021.374136629980057, 2324876.383946555666625 ], [ 3280008.913376163691282, 2324902.384249089285731 ], [ 3279997.931438249535859, 2324918.769152981229126 ], [ 3279988.897786918561906, 2324932.245283986441791 ], [ 3279979.908743829932064, 2324942.648960351478308 ], [ 3279967.979842716827989, 2324933.617141291033477 ], [ 3279966.913491655141115, 2324934.849214709363878 ], [ 3279963.834736109245569, 2324938.412730465177447 ], [ 3279956.601013508625329, 2324946.773564960807562 ], [ 3279952.617438409011811, 2324951.378487213049084 ], [ 3279938.526061008684337, 2324966.370026477146894 ], [ 3279936.141792296431959, 2324968.908699725288898 ], [ 3279896.250581052154303, 2325004.089227860793471 ], [ 3279879.193628755863756, 2325017.946340405847877 ], [ 3279868.100938546471298, 2325025.045146512798965 ], [ 3279860.165819438640028, 2325030.981802988797426 ], [ 3279853.019519574940205, 2325035.044960137922317 ], [ 3279848.49778898479417, 2325037.603002172894776 ], [ 3279846.281303563155234, 2325038.874246953986585 ], [ 3279843.67322811530903, 2325040.35617787251249 ], [ 3279840.965310293249786, 2325041.104663369245827 ], [ 3279838.936433575116098, 2325041.663129383698106 ], [ 3279816.913629459217191, 2325051.712258226238191 ], [ 3279812.791689432226121, 2325052.870883268304169 ], [ 3279812.492425549775362, 2325052.963913237210363 ], [ 3279798.306451902259141, 2325056.971832778304815 ], [ 3279772.166994555387646, 2325062.079827509820461 ], [ 3279736.138876648619771, 2325067.205605497118086 ], [ 3279739.279082044493407, 2325081.917730872519314 ], [ 3279738.91256661247462, 2325081.971806346438825 ], [ 3279738.266679347027093, 2325082.054539549630135 ], [ 3279735.955704078543931, 2325082.439188760705292 ], [ 3279733.68579324381426, 2325082.826790330931544 ], [ 3279734.795617240481079, 2325088.487632128410041 ], [ 3279735.080832021310925, 2325089.9192418102175 ], [ 3279736.821038098074496, 2325098.74738163407892 ], [ 3279728.044954747892916, 2325099.239959850907326 ], [ 3279681.784930053167045, 2325101.358755821827799 ], [ 3279667.88984322315082, 2325101.753846049308777 ], [ 3279648.086445094551891, 2325102.311528432182968 ], [ 3279636.969297116622329, 2325105.172880338039249 ], [ 3279636.648693732917309, 2325105.259502901695669 ], [ 3279636.162049695849419, 2325105.385368459392339 ], [ 3279637.960204476956278, 2325115.248588770627975 ], [ 3279642.239624805282801, 2325120.749795880168676 ], [ 3279645.155507897492498, 2325126.226089826785028 ], [ 3279651.860152060166001, 2325138.791453569196165 ], [ 3279656.779931155964732, 2325148.016345874406397 ], [ 3279734.32217964483425, 2325123.255968658253551 ], [ 3279736.714087173342705, 2325128.692156060133129 ], [ 3279738.106752648018301, 2325131.867951753083616 ], [ 3279738.479003050364554, 2325132.716030699200928 ], [ 3279738.802277551963925, 2325133.450917245820165 ], [ 3279740.193327481858432, 2325136.616848246194422 ], [ 3279744.595032609067857, 2325146.642872622236609 ], [ 3279745.644867410883307, 2325149.026321615092456 ], [ 3279745.92078195605427, 2325149.657880521379411 ], [ 3279750.501258588396013, 2325153.218836151063442 ], [ 3279753.939277067780495, 2325159.405320479534566 ], [ 3279760.815315819811076, 2325171.778289440553635 ], [ 3279780.958407521713525, 2325212.625273800920695 ], [ 3279809.488110073842108, 2325263.794524617493153 ], [ 3279810.168149314355105, 2325265.035177279263735 ], [ 3279824.719936962705106, 2325291.132735861465335 ], [ 3279829.628204632550478, 2325299.172353711910546 ], [ 3279830.930115133523941, 2325301.298528918996453 ], [ 3279831.862335664685816, 2325302.840020330622792 ], [ 3279848.57266403734684, 2325330.223600072320551 ], [ 3279858.511175428517163, 2325349.153313310351223 ], [ 3279848.441599218174815, 2325349.243377771228552 ], [ 3279847.425799035001546, 2325349.421373635530472 ], [ 3279846.262066797353327, 2325349.625291244592518 ], [ 3279841.81413172185421, 2325349.846558068413287 ], [ 3279825.596324821002781, 2325346.528605721890926 ], [ 3279823.529957481194288, 2325345.185847914777696 ], [ 3279817.444019434973598, 2325341.229076156392694 ], [ 3279813.661971125751734, 2325397.542740892618895 ], [ 3279782.711033183149993, 2325390.494486632756889 ], [ 3279763.55203209258616, 2325386.129162015393376 ], [ 3279760.860951574984938, 2325384.936465376056731 ], [ 3279752.395509445574135, 2325381.193699736148119 ], [ 3279744.915444888174534, 2325377.582704270724207 ], [ 3279738.456530339550227, 2325377.232905533630401 ], [ 3279717.400889142416418, 2325380.922478965017945 ], [ 3279692.911395933013409, 2325387.679712378885597 ], [ 3279702.197472572792321, 2325407.890760012902319 ], [ 3279696.673569287639111, 2325408.665906322188675 ], [ 3279674.342883491888642, 2325411.817837316077203 ], [ 3279634.468785298056901, 2325423.564391139429063 ], [ 3279525.533084454014897, 2325467.992822486907244 ], [ 3279485.281084222719073, 2325485.173977761063725 ], [ 3279409.276988435070962, 2325517.154637004248798 ], [ 3279397.242073645815253, 2325522.216642066836357 ], [ 3279387.230224271304905, 2325526.437034132424742 ], [ 3279376.456264058127999, 2325530.588020564988256 ], [ 3279358.641617855522782, 2325537.464548533782363 ], [ 3279338.508050968870521, 2325545.23454811424017 ], [ 3279326.819654958322644, 2325549.748750028200448 ], [ 3279322.000890246126801, 2325551.607976232189685 ], [ 3279301.924889469519258, 2325559.357757711783051 ], [ 3279277.554771611001343, 2325568.763213920406997 ], [ 3279259.460380929056555, 2325574.613125385716558 ], [ 3279256.450946330558509, 2325575.688487179111689 ], [ 3279178.994984476361424, 2325603.387867780867964 ], [ 3279135.936689100693911, 2325630.93510020384565 ], [ 3279131.486746828071773, 2325634.302647497970611 ], [ 3279123.873864735942334, 2325637.808412458747625 ], [ 3279120.577652992680669, 2325638.619453467428684 ], [ 3279115.736212888266891, 2325639.163443972822279 ], [ 3279106.296486333478242, 2325640.24940704042092 ], [ 3279098.974009903147817, 2325631.283191001974046 ], [ 3279075.13868708210066, 2325641.599691804498434 ], [ 3279044.995403859298676, 2325654.655463423579931 ], [ 3279019.818757701199502, 2325660.437515240162611 ], [ 3279015.756208334118128, 2325661.371679999865592 ], [ 3279601.336344917304814, 2325661.371679999865592 ], [ 3279608.787385007366538, 2325648.304577589966357 ], [ 3279728.174493049737066, 2325620.858903049491346 ], [ 3279744.119383175857365, 2325645.240936787799001 ], [ 3279747.336625574156642, 2325661.371679999865592 ], [ 3280121.478848272468895, 2325661.371679999865592 ], [ 3280123.236366236582398, 2325660.113768541719764 ] ] ] ] } },
{ "type": "Feature", "properties": { "CODE_18": "121", "Uso": "Zonas industriales o comerciales", "color": "#CC4DF2" }, "geometry": { "type": "MultiPolygon", "coordinates": [ [ [ [ 3283165.97737575462088, 2323700.348120791837573 ], [ 3283174.247104994487017, 2323690.071361706126481 ], [ 3283176.569131622090936, 2323688.700645004399121 ], [ 3283196.764841705560684, 2323676.720642347820103 ], [ 3283208.066606283187866, 2323670.276240312028676 ], [ 3283216.129895708989352, 2323665.677643830422312 ], [ 3283309.955281652510166, 2323628.076549159362912 ], [ 3283313.262812165543437, 2323623.86445071361959 ], [ 3283315.300792725291103, 2323621.254766404163092 ], [ 3283309.330712585244328, 2323609.950965816155076 ], [ 3283302.796855550259352, 2323598.735763169825077 ], [ 3283294.64224692620337, 2323584.871819771360606 ], [ 3283293.248382339719683, 2323572.766503822989762 ], [ 3283288.73308376269415, 2323552.379621224012226 ], [ 3283279.922652995679528, 2323534.510682684369385 ], [ 3283267.491050919052213, 2323519.620049078017473 ], [ 3283261.289816264994442, 2323508.143644514959306 ], [ 3283259.787757196463645, 2323505.352345956023782 ], [ 3283258.203908273484558, 2323502.433308533392847 ], [ 3283252.684968578629196, 2323491.963768771849573 ], [ 3283248.821465052198619, 2323484.664561938960105 ], [ 3283191.509447840042412, 2323430.449057440739125 ], [ 3283184.799333535600454, 2323424.105069765821099 ], [ 3283174.140822500456125, 2323406.164083237294108 ], [ 3283160.439179881010205, 2323383.083678645081818 ], [ 3283153.906977417878807, 2323371.87834825553 ], [ 3283125.958408623933792, 2323352.064494706690311 ], [ 3283108.258498594164848, 2323344.590990194119513 ], [ 3283101.31701769400388, 2323341.666631664149463 ], [ 3283086.090945929288864, 2323338.458107153419405 ], [ 3283072.576807681005448, 2323323.523714457638562 ], [ 3283046.586984567344189, 2323294.792217337526381 ], [ 3283065.804045529570431, 2323290.27968219621107 ], [ 3283101.609386530704796, 2323281.867275930941105 ], [ 3283137.204256223980337, 2323295.217425786424428 ], [ 3283184.550276599824429, 2323312.983463304582983 ], [ 3283252.443135199602693, 2323284.978081649169326 ], [ 3283245.489397812634706, 2323267.666799816768616 ], [ 3283279.735960268881172, 2323255.620776335243136 ], [ 3283322.989869182929397, 2323240.404042845126241 ], [ 3283319.699305583722889, 2323171.17628352669999 ], [ 3283252.511465046554804, 2323154.541274975985289 ], [ 3283247.20308126648888, 2323164.502217545174062 ], [ 3283237.678112810943276, 2323182.355611776467413 ], [ 3283207.355853575281799, 2323239.184928666334599 ], [ 3283169.164494340773672, 2323219.023943835869431 ], [ 3283041.773237260524184, 2323227.911308453883976 ], [ 3282976.949108195491135, 2323224.967542618513107 ], [ 3282971.838542035315186, 2323217.115566215943545 ], [ 3283026.803772531449795, 2323164.808248040266335 ], [ 3283032.160197536926717, 2323159.973456964828074 ], [ 3283043.879463500808924, 2323149.386842394247651 ], [ 3283036.694280230440199, 2323142.55781723652035 ], [ 3283029.748345920350403, 2323135.950721589382738 ], [ 3283033.028994375374168, 2323122.590353012084961 ], [ 3283040.258611814584583, 2323093.073646183125675 ], [ 3283041.762815307825804, 2323086.894235919229686 ], [ 3283032.466676637995988, 2323089.354532476514578 ], [ 3282974.407297763507813, 2323096.68231939105317 ], [ 3282978.238051084801555, 2323076.396374762058258 ], [ 3282982.272370832972229, 2323054.999152959790081 ], [ 3282921.376134985592216, 2323045.745719254016876 ], [ 3282902.532990094274282, 2323042.876468413509429 ], [ 3282893.120638006366789, 2323038.74101212574169 ], [ 3282884.25471731973812, 2323034.844714221078902 ], [ 3282913.621630872599781, 2322993.555924724787474 ], [ 3282950.944478967692703, 2322948.499210322741419 ], [ 3282969.8796665975824, 2322922.685901903081685 ], [ 3282978.155703230760992, 2322911.393371390644461 ], [ 3282982.068766038864851, 2322905.116778525523841 ], [ 3282992.454717181622982, 2322888.431736170314252 ], [ 3283004.920925054699183, 2322865.801272439770401 ], [ 3283006.420439494308084, 2322861.885568344499916 ], [ 3283010.586278728675097, 2322851.01866996800527 ], [ 3283026.349384439177811, 2322775.967693648301065 ], [ 3283039.749996336642653, 2322718.459371067583561 ], [ 3283042.870145677123219, 2322705.543216473888606 ], [ 3283043.304418289102614, 2322702.433084718417376 ], [ 3283045.895350043661892, 2322683.74442954082042 ], [ 3283069.032242050860077, 2322689.291556716896594 ], [ 3283196.902533162385225, 2322719.946442048065364 ], [ 3283209.813065441790968, 2322702.94111368060112 ], [ 3283218.201274246908724, 2322675.169976913835853 ], [ 3283228.622703802771866, 2322640.670198976062238 ], [ 3283230.703472999390215, 2322628.717469230294228 ], [ 3283231.742072073277086, 2322622.792154571972787 ], [ 3283232.291645648889244, 2322619.580658229999244 ], [ 3283223.626748890616, 2322607.30795768648386 ], [ 3283209.494988650083542, 2322596.469657246954739 ], [ 3283218.942714688368142, 2322575.788652036804706 ], [ 3283222.326148777268827, 2322562.745252880267799 ], [ 3283227.975305499043316, 2322540.923311642371118 ], [ 3283224.011008142028004, 2322519.871815794147551 ], [ 3283222.851975540630519, 2322513.722558905836195 ], [ 3283213.413206172641367, 2322463.573380808345973 ], [ 3283209.089982079342008, 2322464.371139504481107 ], [ 3283178.206073749810457, 2322470.06428268365562 ], [ 3283173.391335880383849, 2322470.958275856915861 ], [ 3283166.447890914976597, 2322472.235240374691784 ], [ 3283154.11767828091979, 2322474.506386739201844 ], [ 3283150.985177536960691, 2322472.538469617255032 ], [ 3283143.918176404666156, 2322468.10381481051445 ], [ 3283134.586649479344487, 2322472.021308256778866 ], [ 3283128.215963589027524, 2322474.689626928418875 ], [ 3283118.065124329179525, 2322444.604727752506733 ], [ 3283109.717382289469242, 2322420.079360585659742 ], [ 3283106.143934877589345, 2322409.59385523153469 ], [ 3283102.719829363748431, 2322394.505733768455684 ], [ 3283102.882852328941226, 2322393.208761360030621 ], [ 3283103.402539609931409, 2322388.947176658082753 ], [ 3283105.028613882139325, 2322375.704203205183148 ], [ 3283108.90027504041791, 2322363.163852342404425 ], [ 3283114.186182060278952, 2322357.154247249942273 ], [ 3283124.246589136309922, 2322348.207931892480701 ], [ 3283143.944868022110313, 2322335.665939531289041 ], [ 3283156.235127779655159, 2322327.759875502903014 ], [ 3283158.962432938627899, 2322326.013797041960061 ], [ 3283162.542356243822724, 2322323.712497534696013 ], [ 3283177.953125500585884, 2322315.036675046663731 ], [ 3283184.984657652676105, 2322311.075541582424194 ], [ 3283209.618979687802494, 2322296.583327415399253 ], [ 3283227.191671042237431, 2322286.240177900530398 ], [ 3283261.293690894730389, 2322267.918315216898918 ], [ 3283264.337876915000379, 2322266.248662908095866 ], [ 3283281.117037223652005, 2322257.069398187100887 ], [ 3283367.964937449432909, 2322209.560265243053436 ], [ 3283389.651021983474493, 2322197.695159526541829 ], [ 3283423.770597937982529, 2322178.426674457266927 ], [ 3283427.7747289869003, 2322203.935944939032197 ], [ 3283431.241558315698057, 2322225.977609088644385 ], [ 3283433.136314798146486, 2322238.045802283100784 ], [ 3283507.911765771452338, 2322213.838832820300013 ], [ 3283538.644096940755844, 2322253.135247307829559 ], [ 3283537.208291307091713, 2322269.957273081410676 ], [ 3283535.665752022527158, 2322287.924346772022545 ], [ 3283551.84161043446511, 2322289.93170291883871 ], [ 3283563.170791186857969, 2322291.336804529651999 ], [ 3283566.250456168316305, 2322299.798128433059901 ], [ 3283568.159465466160327, 2322305.075267318636179 ], [ 3283584.947101366706192, 2322300.47105760127306 ], [ 3283595.364980128593743, 2322297.611531965434551 ], [ 3283614.063260330818594, 2322292.46977266529575 ], [ 3283640.119209636002779, 2322300.539977920241654 ], [ 3283659.292244025506079, 2322306.477133292704821 ], [ 3283671.874407039955258, 2322305.186874124221504 ], [ 3283681.638432662002742, 2322303.476900079287589 ], [ 3283681.57214623503387, 2322302.514367013704032 ], [ 3283680.470222861506045, 2322287.790801296010613 ], [ 3283679.357513977680355, 2322272.815443398896605 ], [ 3283690.156760662794113, 2322266.398477004375309 ], [ 3283693.512406051624566, 2322264.400329269934446 ], [ 3283698.182510569691658, 2322259.462651043664664 ], [ 3283703.533694773446769, 2322253.045958081725985 ], [ 3283739.928762623574585, 2322247.179501842707396 ], [ 3283750.001426092814654, 2322245.557556077837944 ], [ 3283749.709544240031391, 2322243.031258593779057 ], [ 3283749.428796051535755, 2322240.634926232974976 ], [ 3283745.386997849680483, 2322205.786624744534492 ], [ 3283764.058704962488264, 2322203.084940273314714 ], [ 3283783.12815167196095, 2322200.333902104292065 ], [ 3283971.424699189141393, 2322173.172806452028453 ], [ 3283979.693154077976942, 2322115.295818550512195 ], [ 3283979.373071582987905, 2322112.287396464962512 ], [ 3283976.15916302986443, 2322082.18517591105774 ], [ 3284012.004814459010959, 2322077.176214813254774 ], [ 3284014.853300384245813, 2322077.905201827641577 ], [ 3284016.127030558418483, 2322077.753174762707204 ], [ 3284030.952285320498049, 2322081.549728121142834 ], [ 3284060.356402813922614, 2322089.1251086355187 ], [ 3284060.616725936997682, 2322091.768545169383287 ], [ 3284063.401604092214257, 2322119.622161978855729 ], [ 3284067.47266639303416, 2322160.350668566301465 ], [ 3284067.629047522321343, 2322161.987434856593609 ], [ 3284072.043593096081167, 2322206.176905919797719 ], [ 3284073.874489915557206, 2322224.547551882453263 ], [ 3284074.013451592996716, 2322225.953982180915773 ], [ 3284074.230863214936107, 2322228.087425160221756 ], [ 3284066.364210756495595, 2322231.037877953611314 ], [ 3284080.681341171264648, 2322264.634635543450713 ], [ 3284090.436327739618719, 2322274.27097531594336 ], [ 3284091.112524079624563, 2322273.939465513452888 ], [ 3284094.868632175028324, 2322272.094456437975168 ], [ 3284119.467999003361911, 2322283.413371806498617 ], [ 3284129.057036065030843, 2322287.822488240897655 ], [ 3284151.427792927715927, 2322291.850204404909164 ], [ 3284156.664558864664286, 2322292.790086542721838 ], [ 3284160.383186203427613, 2322283.280307548120618 ], [ 3284165.968707900494337, 2322274.762743159662932 ], [ 3284164.331015377305448, 2322264.760205053258687 ], [ 3284170.662256072275341, 2322261.540841597598046 ], [ 3284168.528787547722459, 2322256.62772876303643 ], [ 3284171.028311353642493, 2322255.84500349778682 ], [ 3284173.749831851571798, 2322254.992960388306528 ], [ 3284178.901837622281164, 2322253.370282670017332 ], [ 3284184.913857292383909, 2322251.485379730351269 ], [ 3284189.41339884698391, 2322252.260098014958203 ], [ 3284191.804391371551901, 2322252.673462821170688 ], [ 3284197.036531460471451, 2322256.993199351709336 ], [ 3284197.577429438475519, 2322257.446429640054703 ], [ 3284198.01179734710604, 2322257.806695557199419 ], [ 3284199.422808944713324, 2322258.493147610221058 ], [ 3284200.502408110070974, 2322259.014396790415049 ], [ 3284222.995262684300542, 2322275.06556449458003 ], [ 3284227.799752461258322, 2322276.649399968795478 ], [ 3284228.161311528645456, 2322275.449590042699128 ], [ 3284232.519576081074774, 2322261.109331557061523 ], [ 3284232.731817328836769, 2322260.422739054076374 ], [ 3284234.565973178483546, 2322254.398780305869877 ], [ 3284235.957364439964294, 2322249.822239249013364 ], [ 3284241.093433449510485, 2322232.920582303777337 ], [ 3284247.801598689053208, 2322210.872941587585956 ], [ 3284250.879707355052233, 2322212.322769759688526 ], [ 3284259.433098442386836, 2322216.355167185887694 ], [ 3284271.63471811497584, 2322225.319537969306111 ], [ 3284273.302482611499727, 2322228.751525419298559 ], [ 3284275.961792889516801, 2322234.211830078158528 ], [ 3284310.044178611598909, 2322247.929063693620265 ], [ 3284318.180991914123297, 2322244.149998553562909 ], [ 3284318.689351662062109, 2322243.908766875043511 ], [ 3284326.226952573750168, 2322244.029709765687585 ], [ 3284335.075560366269201, 2322249.989132028538734 ], [ 3284342.635536096524447, 2322259.045890431385487 ], [ 3284344.58703921129927, 2322269.044202068820596 ], [ 3284347.095680402591825, 2322281.887654278427362 ], [ 3284352.369575826451182, 2322281.319256575778127 ], [ 3284402.137507467996329, 2322325.217560409102589 ], [ 3284408.476681650616229, 2322323.843634951394051 ], [ 3284412.806923381052911, 2322322.902686118148267 ], [ 3284427.974248552694917, 2322319.617505328264087 ], [ 3284445.326422717422247, 2322315.85840163892135 ], [ 3284486.280200708191842, 2322296.87535366602242 ], [ 3284491.23039663489908, 2322294.577737387735397 ], [ 3284491.414299472235143, 2322292.292844309471548 ], [ 3284491.960129714105278, 2322285.774053901433945 ], [ 3284504.818581929430366, 2322284.993698150850832 ], [ 3284522.08913350943476, 2322283.958232289645821 ], [ 3284527.332757455296814, 2322283.638685645535588 ], [ 3284533.521242178045213, 2322283.265300586819649 ], [ 3284542.421111343428493, 2322282.721531870774925 ], [ 3284548.699976156000048, 2322282.342468911781907 ], [ 3284551.082035972736776, 2322283.011091944295913 ], [ 3284565.129614963661879, 2322287.014959846623242 ], [ 3284569.431196660734713, 2322295.627597760409117 ], [ 3284572.884909689892083, 2322302.531764198560268 ], [ 3284607.589834917802364, 2322305.860959273763001 ], [ 3284611.07699023000896, 2322325.92024093773216 ], [ 3284607.47230052947998, 2322339.286258419044316 ], [ 3284601.054854761809111, 2322363.109424467198551 ], [ 3284605.761118249036372, 2322389.561090075410903 ], [ 3284649.972741404548287, 2322406.091248067561537 ], [ 3284656.473733299411833, 2322406.759048327803612 ], [ 3284675.301717300433666, 2322408.667560607194901 ], [ 3284700.496020826511085, 2322411.226876876782626 ], [ 3284702.06686647515744, 2322429.186396790202707 ], [ 3284712.794280550908297, 2322448.789607237093151 ], [ 3284718.222164531238377, 2322443.151090950705111 ], [ 3284730.234628015197814, 2322430.697375664487481 ], [ 3284743.1026711165905, 2322430.595243521034718 ], [ 3284743.609695201274008, 2322429.664236730430275 ], [ 3284757.43540769489482, 2322404.056756097823381 ], [ 3284760.401712717488408, 2322398.565177100710571 ], [ 3284758.585289764683694, 2322393.667573822196573 ], [ 3284756.235741331242025, 2322387.310799879953265 ], [ 3284753.696949787437916, 2322380.479802990797907 ], [ 3284754.354973660316318, 2322379.603533097077161 ], [ 3284754.980006995610893, 2322378.773629175499082 ], [ 3284763.933436864987016, 2322366.845460114069283 ], [ 3284767.139466753229499, 2322362.570162714459002 ], [ 3284771.781125529669225, 2322362.477812270168215 ], [ 3284780.298984691500664, 2322359.910638955887407 ], [ 3284780.78889060113579, 2322359.80455686384812 ], [ 3284789.641630717553198, 2322357.919491954613477 ], [ 3284791.602115985006094, 2322357.190596197731793 ], [ 3284802.458756228908896, 2322353.168718055821955 ], [ 3284803.248743513599038, 2322352.106985617429018 ], [ 3284805.04315717658028, 2322349.682142487261444 ], [ 3284809.204303404781967, 2322344.052373880520463 ], [ 3284809.934942320454866, 2322343.0619175597094 ], [ 3284810.367050573695451, 2322342.478889838326722 ], [ 3284815.974423747044057, 2322334.962170805316418 ], [ 3284816.164400417823344, 2322334.015653736889362 ], [ 3284818.71403478179127, 2322321.33163494290784 ], [ 3284812.260444932151586, 2322310.295197116211057 ], [ 3284812.448877116665244, 2322305.249472252093256 ], [ 3284840.216394683346152, 2322290.869034840259701 ], [ 3284841.552979999221861, 2322284.64001950668171 ], [ 3284841.552979999221861, 2321822.728620463516563 ], [ 3284841.377262562979013, 2321822.788529798388481 ], [ 3284827.306217259727418, 2321832.83237812994048 ], [ 3284824.262200691271573, 2321834.999096269719303 ], [ 3284796.897576619405299, 2321838.765916654840112 ], [ 3284797.045580420643091, 2321841.033263967372477 ], [ 3284797.517105925362557, 2321848.561085566878319 ], [ 3284797.732306592166424, 2321852.044475894421339 ], [ 3284797.829668986611068, 2321853.630682438146323 ], [ 3284797.957024473696947, 2321855.647966016083956 ], [ 3284786.026541708502918, 2321858.254567350260913 ], [ 3284776.14445778587833, 2321860.421307225245982 ], [ 3284775.332308400422335, 2321860.604108181782067 ], [ 3284774.567857854068279, 2321860.768409613519907 ], [ 3284774.467683330178261, 2321864.804237110540271 ], [ 3284774.005451296921819, 2321882.368782863486558 ], [ 3284776.269112805835903, 2321904.499164109583944 ], [ 3284756.148042866028845, 2321906.652624423615634 ], [ 3284744.692829108797014, 2321909.683377560228109 ], [ 3284734.072155854664743, 2321915.642599649261683 ], [ 3284729.751411840319633, 2321918.43877974525094 ], [ 3284727.587141947820783, 2321918.604668211191893 ], [ 3284719.301444570533931, 2321919.243779875338078 ], [ 3284705.558609336614609, 2321925.962815047707409 ], [ 3284690.677294081542641, 2321933.22621716465801 ], [ 3284685.499703157227486, 2321935.746260920539498 ], [ 3284688.86998433014378, 2321969.159371266607195 ], [ 3284688.919704033527523, 2321969.586994687560946 ], [ 3284693.707499193027616, 2322017.049308634828776 ], [ 3284694.562553335912526, 2322025.49426606297493 ], [ 3284694.850320920348167, 2322028.305388115346432 ], [ 3284700.708060332108289, 2322030.435427414253354 ], [ 3284695.727647954598069, 2322046.863213940523565 ], [ 3284692.22489097667858, 2322058.435566399712116 ], [ 3284693.105041853617877, 2322058.606154563836753 ], [ 3284714.170327182393521, 2322058.935726944357157 ], [ 3284728.666832474060357, 2322057.006094433367252 ], [ 3284736.312825499568135, 2322055.99192638322711 ], [ 3284737.542027805000544, 2322063.437824605032802 ], [ 3284738.75831093499437, 2322070.80480777239427 ], [ 3284729.085784105118364, 2322072.082515347748995 ], [ 3284725.898848718963563, 2322072.508661980740726 ], [ 3284727.591417649295181, 2322086.316900679375976 ], [ 3284731.077622621320188, 2322114.798491876572371 ], [ 3284731.878863693214953, 2322121.365495358128101 ], [ 3284745.351103200111538, 2322115.038824799936265 ], [ 3284775.639899109955877, 2322106.142885840963572 ], [ 3284762.165642326232046, 2322163.64229437476024 ], [ 3284758.252940887119621, 2322168.558832610026002 ], [ 3284755.819290338549763, 2322171.602968785911798 ], [ 3284751.669399076141417, 2322173.831441036425531 ], [ 3284741.155786842107773, 2322176.230569995939732 ], [ 3284725.381246551405638, 2322179.835063150618225 ], [ 3284724.934193504508585, 2322179.89305208530277 ], [ 3284698.211835933849216, 2322183.740333775058389 ], [ 3284669.554946556687355, 2322187.855356184300035 ], [ 3284641.078162456862628, 2322189.290429694578052 ], [ 3284620.056631742976606, 2322190.343411919660866 ], [ 3284577.172770333010703, 2322192.890904180705547 ], [ 3284568.900745531544089, 2322185.805618356913328 ], [ 3284563.916461742948741, 2322183.309548893012106 ], [ 3284561.916507624089718, 2322182.310184546280652 ], [ 3284543.889120880980045, 2322173.270039421040565 ], [ 3284528.362699293997139, 2322168.165403412189335 ], [ 3284511.120964614208788, 2322162.498630105517805 ], [ 3284507.404599125497043, 2322160.744521562475711 ], [ 3284494.975763734895736, 2322154.853929065167904 ], [ 3284480.647765150293708, 2322144.861566506326199 ], [ 3284475.207132371142507, 2322141.065391230396926 ], [ 3284448.301063020713627, 2322127.988921479322016 ], [ 3284431.239262097515166, 2322119.703110333532095 ], [ 3284394.042041631415486, 2322106.480520187877119 ], [ 3284387.093126675579697, 2322117.205344423186034 ], [ 3284385.33459391631186, 2322132.490617895033211 ], [ 3284378.45916763227433, 2322131.766636505257338 ], [ 3284379.661972366739064, 2322121.266703901346773 ], [ 3284381.732053150422871, 2322103.298739439807832 ], [ 3284344.779905171599239, 2322095.786742240656167 ], [ 3284327.420429235324264, 2322092.25125336041674 ], [ 3284310.901653035543859, 2322088.89326011762023 ], [ 3284277.279647912364453, 2322080.280625564046204 ], [ 3284237.260038499254733, 2322054.218878307845443 ], [ 3284214.33195042796433, 2322039.289083480834961 ], [ 3284175.958867325913161, 2322014.298757367301732 ], [ 3284149.369725482072681, 2321988.533559456001967 ], [ 3284142.823775393888354, 2322010.704975809436291 ], [ 3284142.69937029434368, 2322011.122504220344126 ], [ 3284133.817885190248489, 2322041.151008186396211 ], [ 3284087.419534406159073, 2322085.004773879423738 ], [ 3284075.480770676396787, 2322081.859511507675052 ], [ 3284063.234993726015091, 2322078.636101104784757 ], [ 3284046.292187797836959, 2322074.175347692798823 ], [ 3284028.742741205263883, 2322069.851275745313615 ], [ 3284033.230477413162589, 2322061.444782762322575 ], [ 3284035.493137418292463, 2322056.11697357473895 ], [ 3284034.234378663823009, 2322053.881771672982723 ], [ 3284033.092540881596506, 2322046.907618022989482 ], [ 3284033.29877814790234, 2322045.440737729426473 ], [ 3284033.716097951401025, 2322042.536570478230715 ], [ 3284035.369325184263289, 2322034.849702904000878 ], [ 3284033.465601488016546, 2322030.038424371276051 ], [ 3284043.071840961929411, 2322031.268433934543282 ], [ 3284046.839110394008458, 2322031.288572895806283 ], [ 3284054.289902775082737, 2322031.313075485639274 ], [ 3284067.683478028513491, 2322013.290074896067381 ], [ 3284079.894190370570868, 2321977.259909226093441 ], [ 3284070.232677072286606, 2321974.081150636076927 ], [ 3284068.400169930886477, 2321980.673060869798064 ], [ 3284056.667004456277937, 2321975.127480964642018 ], [ 3284044.848477959167212, 2321969.556262086611241 ], [ 3284041.199277204461396, 2321970.19531127018854 ], [ 3284038.526484289206564, 2321970.663371773436666 ], [ 3284033.995582948438823, 2321971.68006483046338 ], [ 3284019.713961677625775, 2321984.774806728586555 ], [ 3284003.801551966927946, 2321999.372813201043755 ], [ 3283995.299355128314346, 2321991.191391467582434 ], [ 3283991.058394303545356, 2321991.934074542019516 ], [ 3283988.466683792881668, 2321991.038353228010237 ], [ 3283985.919269220903516, 2321990.165316595695913 ], [ 3283969.343913714401424, 2321977.786246848292649 ], [ 3283964.457409190945327, 2321975.577507650014013 ], [ 3283960.447132607456297, 2321973.763274122495204 ], [ 3283946.354324873536825, 2321970.66038831230253 ], [ 3283946.297001799102873, 2321958.412536324001849 ], [ 3283946.256191662047058, 2321947.876680588815361 ], [ 3283889.615282921120524, 2321969.201300007291138 ], [ 3283874.652101440820843, 2321968.280305017717183 ], [ 3283856.029046602081507, 2321967.127579037100077 ], [ 3283801.643090440891683, 2321962.070248175878078 ], [ 3283795.115646005608141, 2321942.898528455756605 ], [ 3283788.467660302761942, 2321923.362324251327664 ], [ 3283787.946552680805326, 2321923.46373025374487 ], [ 3283786.853408948052675, 2321923.665313818957657 ], [ 3283755.051220534369349, 2321938.499127765651792 ], [ 3283723.031152150593698, 2321942.087353323586285 ], [ 3283716.32119037443772, 2321950.24376801494509 ], [ 3283710.470267596654594, 2321952.678889117203653 ], [ 3283703.487677066586912, 2321955.576025150250643 ], [ 3283705.614689460489899, 2321968.567495192866772 ], [ 3283706.950332052540034, 2321976.725388984661549 ], [ 3283668.949425359256566, 2321983.380368990357965 ], [ 3283655.269366053398699, 2321990.60622958606109 ], [ 3283650.230917118489742, 2321991.00153143145144 ], [ 3283643.879462093114853, 2321991.494862850755453 ], [ 3283611.631416838150471, 2322023.992131427396089 ], [ 3283600.009541510138661, 2322067.397974692750722 ], [ 3283595.068345474544913, 2322068.263322991784662 ], [ 3283586.73439253680408, 2322069.722843585070223 ], [ 3283593.95877750730142, 2322109.13816005224362 ], [ 3283596.75785381346941, 2322124.43715827120468 ], [ 3283538.923537844326347, 2322132.708749220706522 ], [ 3283538.349776511546224, 2322116.563396058510989 ], [ 3283538.170650988351554, 2322113.67234263010323 ], [ 3283537.098614690359682, 2322096.528493724763393 ], [ 3283537.442998901940882, 2322083.388308180496097 ], [ 3283537.982288899365813, 2322062.329537650104612 ], [ 3283538.754784605000168, 2322060.479356477502733 ], [ 3283540.885463126003742, 2322055.336979244835675 ], [ 3283540.737844874616712, 2322039.563487413804978 ], [ 3283512.271762106567621, 2322039.018484501633793 ], [ 3283494.808000561315566, 2322038.687727968208492 ], [ 3283484.372291636653244, 2322037.968371510505676 ], [ 3283464.898724677972496, 2322036.640011729672551 ], [ 3283468.169487855862826, 2322017.020711452234536 ], [ 3283449.26965653989464, 2322017.895312594715506 ], [ 3283449.235072780400515, 2322015.019535223953426 ], [ 3283449.032290039584041, 2321996.67828459572047 ], [ 3283444.299999351613224, 2321997.456320896744728 ], [ 3283432.831683161202818, 2321999.353164959698915 ], [ 3283423.081905328668654, 2321997.184391071088612 ], [ 3283401.484016452915967, 2321992.361959374044091 ], [ 3283389.459281428717077, 2321992.905194093007594 ], [ 3283379.398142272606492, 2321993.358224299736321 ], [ 3283366.476251667365432, 2321993.936817415058613 ], [ 3283339.536448354832828, 2321995.154047450050712 ], [ 3283339.000096345786005, 2321993.675147589296103 ], [ 3283338.634876546449959, 2321992.683789565227926 ], [ 3283331.929196828510612, 2321994.111860936973244 ], [ 3283268.350139814428985, 2321995.180585990194231 ], [ 3283194.987362447194755, 2321997.962861270178109 ], [ 3283155.215736648533493, 2322007.434710361994803 ], [ 3283088.414063178002834, 2322023.335182992275804 ], [ 3283086.224369977135211, 2322026.691850139759481 ], [ 3283086.65161210950464, 2322028.991499368101358 ], [ 3283100.602265990804881, 2322025.401559482328594 ], [ 3283110.343629250768572, 2322056.70474606892094 ], [ 3283110.656307489145547, 2322057.68501213286072 ], [ 3283110.937954872846603, 2322058.599681552033871 ], [ 3283112.688286141492426, 2322064.209026957396418 ], [ 3283118.08737355703488, 2322101.89434302598238 ], [ 3283130.647053318098187, 2322131.821129508316517 ], [ 3283133.424738588277251, 2322141.908176304306835 ], [ 3283136.522836904972792, 2322153.146640386432409 ], [ 3283119.986804367508739, 2322160.588747605681419 ], [ 3283104.839207670651376, 2322167.402093183249235 ], [ 3283096.128678082022816, 2322202.74875028943643 ], [ 3283065.663881486747414, 2322183.923517825081944 ], [ 3283043.643167719244957, 2322183.39657701458782 ], [ 3283025.236744154710323, 2322182.946948992554098 ], [ 3282962.278729598037899, 2322185.82517806161195 ], [ 3282958.485568098723888, 2322190.913767122197896 ], [ 3282954.964574742130935, 2322195.619826050940901 ], [ 3282959.724128242116421, 2322223.016176435630769 ], [ 3282970.999051988590509, 2322220.929840143304318 ], [ 3283019.702014637645334, 2322211.912850387394428 ], [ 3283023.878487232606858, 2322225.276052301749587 ], [ 3283040.429939471185207, 2322278.15722434502095 ], [ 3283063.18968609906733, 2322315.480947193689644 ], [ 3283073.394575369078666, 2322332.202433209400624 ], [ 3283075.034387033898383, 2322341.474047620780766 ], [ 3283077.125511638820171, 2322353.254196113906801 ], [ 3283078.500271623022854, 2322360.968950144480914 ], [ 3283081.074574259109795, 2322379.108051062561572 ], [ 3283070.736234484240413, 2322419.630925779696554 ], [ 3283061.665483973920345, 2322455.192991371732205 ], [ 3283053.996700857765973, 2322473.664887894876301 ], [ 3283040.418114100582898, 2322496.256655298173428 ], [ 3283039.348493010271341, 2322498.026983114890754 ], [ 3283039.142135844100267, 2322498.377693894319236 ], [ 3283032.881543454248458, 2322505.126285106409341 ], [ 3283030.516764068510383, 2322507.66126313759014 ], [ 3283030.318997547961771, 2322507.878553498070687 ], [ 3283030.042158734053373, 2322508.170577143784612 ], [ 3283009.106948044616729, 2322521.832420881837606 ], [ 3283002.457061504013836, 2322524.468480486422777 ], [ 3282993.025825726799667, 2322528.210669478867203 ], [ 3282947.259040967095643, 2322538.367590025998652 ], [ 3282941.924479159526527, 2322518.489623645320535 ], [ 3282941.771623373962939, 2322517.92784723546356 ], [ 3282940.017012358643115, 2322518.488843879662454 ], [ 3282938.71463661454618, 2322518.89960195729509 ], [ 3282924.750189887359738, 2322523.334300695452839 ], [ 3282883.911863866727799, 2322485.209322227165103 ], [ 3282854.689916131086648, 2322457.926828271243721 ], [ 3282862.183948744088411, 2322443.158841941040009 ], [ 3282873.401967072393745, 2322421.021051987539977 ], [ 3282881.928659280762076, 2322404.194945860654116 ], [ 3282896.533511018380523, 2322377.151351494714618 ], [ 3282884.355324202217162, 2322373.287199811544269 ], [ 3282879.013950486201793, 2322371.584397119469941 ], [ 3282878.59700630325824, 2322371.45447532273829 ], [ 3282830.852829669136554, 2322356.274735026061535 ], [ 3282813.151074060238898, 2322350.648379910737276 ], [ 3282806.890452685765922, 2322348.660100158303976 ], [ 3282791.257545395754278, 2322371.469673317857087 ], [ 3282785.61544545320794, 2322379.703102495521307 ], [ 3282776.705237412825227, 2322392.699804381001741 ], [ 3282763.518728110939264, 2322424.25416522892192 ], [ 3282749.704315811395645, 2322443.670614485628903 ], [ 3282832.176376591436565, 2322481.900947240646929 ], [ 3282840.191723987460136, 2322485.621516027953476 ], [ 3282916.685970596037805, 2322525.883222272153944 ], [ 3282922.908783262595534, 2322544.80397379770875 ], [ 3282923.433330753818154, 2322546.396568158641458 ], [ 3282923.79175773775205, 2322547.470298813655972 ], [ 3282917.780616872012615, 2322551.404985084664077 ], [ 3282914.134736844804138, 2322553.799045545049012 ], [ 3282911.089833100326359, 2322558.06658906955272 ], [ 3282909.778497547842562, 2322559.909699974115938 ], [ 3282905.887604877818376, 2322568.800416513811797 ], [ 3282904.97779313614592, 2322572.166343193501234 ], [ 3282895.905875775963068, 2322605.86161934165284 ], [ 3282885.006054349243641, 2322641.652859319932759 ], [ 3282883.949363084044307, 2322643.502110010012984 ], [ 3282881.82271650666371, 2322647.243524399586022 ], [ 3282880.412661298643798, 2322649.722920726053417 ], [ 3282878.915115650743246, 2322652.349557171575725 ], [ 3282877.335755186155438, 2322660.114962118212134 ], [ 3282878.277027640957385, 2322672.431407186668366 ], [ 3282868.25028080958873, 2322707.42032949347049 ], [ 3282859.443112635053694, 2322738.146844178438187 ], [ 3282844.912228214554489, 2322790.982503991108388 ], [ 3282844.078959257341921, 2322794.010317334439605 ], [ 3282843.569390008691698, 2322795.855071504600346 ], [ 3282843.14904409321025, 2322795.766336258966476 ], [ 3282830.988942876458168, 2322793.06600397080183 ], [ 3282808.995429432485253, 2322871.207460791803896 ], [ 3282807.54504360537976, 2322876.352557411417365 ], [ 3282796.918294910341501, 2322874.652097202837467 ], [ 3282795.414950734004378, 2322874.083320645615458 ], [ 3282786.227393704466522, 2322870.639113802462816 ], [ 3282763.983903269283473, 2322862.307443032972515 ], [ 3282756.801520430482924, 2322862.682623730506748 ], [ 3282751.268899959512055, 2322862.971794832032174 ], [ 3282740.647053327877074, 2322873.569172313902527 ], [ 3282739.359924696851522, 2322877.914473593235016 ], [ 3282736.041094795800745, 2322889.059253151528537 ], [ 3282727.041274567134678, 2322901.25995981739834 ], [ 3282718.932470506522804, 2322914.441119687631726 ], [ 3282710.655324369203299, 2322927.895308001432568 ], [ 3282710.503471971489489, 2322928.145149127580225 ], [ 3282709.799070056527853, 2322927.99454656150192 ], [ 3282698.393983492162079, 2322924.390799063257873 ], [ 3282687.704606206156313, 2322921.006707172840834 ], [ 3282686.889688389375806, 2322925.695496650412679 ], [ 3282686.246784613933414, 2322929.390150514896959 ], [ 3282682.690795880742371, 2322926.694781826343387 ], [ 3282645.455379791557789, 2322940.624354471452534 ], [ 3282645.285528922453523, 2322939.091397967655212 ], [ 3282626.390965752769262, 2322936.40372922597453 ], [ 3282602.853640802204609, 2322933.057889878284186 ], [ 3282590.489587745629251, 2322936.299150301143527 ], [ 3282573.888487548101693, 2322939.501203785184771 ], [ 3282575.095998735632747, 2322943.034110664390028 ], [ 3282577.93296587606892, 2322951.375629625748843 ], [ 3282587.243980367667973, 2322978.746170322410762 ], [ 3282606.872745075263083, 2323016.648804927244782 ], [ 3282604.909660839941353, 2323031.797789696138352 ], [ 3282603.31756479293108, 2323044.13183483434841 ], [ 3282598.669038087129593, 2323056.077816365286708 ], [ 3282590.093508912716061, 2323078.118338217027485 ], [ 3282590.803699557203799, 2323084.99569255951792 ], [ 3282593.033230320550501, 2323106.66576061444357 ], [ 3282595.51525679603219, 2323130.869062085170299 ], [ 3282583.91027120873332, 2323145.251228909008205 ], [ 3282558.33757053129375, 2323241.554987757001072 ], [ 3282550.887459884397686, 2323288.86862330371514 ], [ 3282539.673514863476157, 2323283.891973709687591 ], [ 3282511.648576989304274, 2323274.949500294867903 ], [ 3282489.857474296819419, 2323268.761013285256922 ], [ 3282469.733432773500681, 2323268.044302040711045 ], [ 3282457.201447517611086, 2323269.0826016953215 ], [ 3282452.740631705150008, 2323269.163785993121564 ], [ 3282449.939262878149748, 2323269.218134757131338 ], [ 3282449.239650194533169, 2323277.336901898961514 ], [ 3282454.31703760009259, 2323277.675387172959745 ], [ 3282461.160484263207763, 2323278.638097180519253 ], [ 3282461.532799570821226, 2323290.019250926561654 ], [ 3282460.629521533381194, 2323304.576760310679674 ], [ 3282460.173675330821425, 2323311.891768932342529 ], [ 3282458.18175336252898, 2323332.687876506242901 ], [ 3282460.463415088597685, 2323342.222614637110382 ], [ 3282460.978206885047257, 2323344.375039361882955 ], [ 3282464.39127426687628, 2323349.419208575971425 ], [ 3282474.229045478627086, 2323373.561976918019354 ], [ 3282486.407854430843145, 2323404.813984711188823 ], [ 3282492.979587110225111, 2323421.27892760373652 ], [ 3282498.051989054773003, 2323433.977939577307552 ], [ 3282499.236479322426021, 2323440.467812648974359 ], [ 3282500.577831145841628, 2323447.853632472455502 ], [ 3282512.441719971131533, 2323443.664853546302766 ], [ 3282508.113168941810727, 2323451.678512631449848 ], [ 3282507.553548385389149, 2323454.394592095632106 ], [ 3282507.138892013113946, 2323456.38510183384642 ], [ 3282505.614081379026175, 2323467.02293776255101 ], [ 3282502.413806460332125, 2323489.299162690062076 ], [ 3282500.985755545087159, 2323500.589789263904095 ], [ 3282499.98758368100971, 2323508.557916334364563 ], [ 3282499.069850741419941, 2323513.609767068643123 ], [ 3282497.869161456357688, 2323521.146583367139101 ], [ 3282494.058833017479628, 2323527.740155354142189 ], [ 3282490.133549623657018, 2323537.844607615377754 ], [ 3282492.133395499549806, 2323550.056927072349936 ], [ 3282493.46464588213712, 2323556.947294342331588 ], [ 3282494.476815016008914, 2323562.198918620124459 ], [ 3282494.081351445522159, 2323583.202508368995041 ], [ 3282496.890022751875222, 2323587.591486865654588 ], [ 3282498.850861347280443, 2323593.184315997641534 ], [ 3282501.937381099909544, 2323599.269998420029879 ], [ 3282501.920628115069121, 2323603.504446618258953 ], [ 3282501.912462727166712, 2323607.605473041534424 ], [ 3282538.091453771106899, 2323620.61956405825913 ], [ 3282541.098994557745755, 2323621.452522017527372 ], [ 3282550.947428372688591, 2323624.161908384878188 ], [ 3282549.031044951640069, 2323631.479076256975532 ], [ 3282545.98217835277319, 2323643.094209715723991 ], [ 3282544.784823120571673, 2323647.677520918659866 ], [ 3282544.024222648702562, 2323650.591169178951532 ], [ 3282543.348813469521701, 2323655.945594157092273 ], [ 3282542.836390513461083, 2323660.003030681982636 ], [ 3282544.670128646772355, 2323664.6338159609586 ], [ 3282545.741991598624736, 2323667.338107659481466 ], [ 3282548.203273099381477, 2323676.110780650749803 ], [ 3282543.653970709536225, 2323699.06983239017427 ], [ 3282540.927693595178425, 2323712.840628739446402 ], [ 3282539.50921503873542, 2323725.428481522016227 ], [ 3282538.611317416653037, 2323733.389205916319042 ], [ 3282538.152889484539628, 2323737.528515386395156 ], [ 3282531.304304162040353, 2323760.200303867459297 ], [ 3282530.151026968844235, 2323776.080246325116605 ], [ 3282529.688790551852435, 2323785.710037908516824 ], [ 3282526.962093290407211, 2323791.981897391844541 ], [ 3282524.733878707978874, 2323799.191341670230031 ], [ 3282526.153915069997311, 2323803.711941001936793 ], [ 3282528.518105247057974, 2323806.068094566930085 ], [ 3282530.228565917350352, 2323807.777693606447428 ], [ 3282536.619277067482471, 2323811.427607372868806 ], [ 3282588.616521677467972, 2323774.951691554859281 ], [ 3282601.177052050363272, 2323778.982129628770053 ], [ 3282618.789324391167611, 2323755.439713665749878 ], [ 3282639.576428543776274, 2323761.692427919246256 ], [ 3282648.425281229428947, 2323769.944947235751897 ], [ 3282649.6575808362104, 2323771.08886260073632 ], [ 3282650.041027183178812, 2323771.447893131524324 ], [ 3282652.489980117417872, 2323772.277221906930208 ], [ 3282654.004974315874279, 2323772.793211441487074 ], [ 3282657.654084608890116, 2323772.154026251286268 ], [ 3282666.817418099846691, 2323771.918875083792955 ], [ 3282668.439792031422257, 2323771.04614131199196 ], [ 3282670.573908432386816, 2323769.890967149287462 ], [ 3282673.670376291964203, 2323765.939019404351711 ], [ 3282675.120575877372175, 2323760.235784269403666 ], [ 3282676.742180220317096, 2323755.517277569044381 ], [ 3282679.188489992171526, 2323749.639563316479325 ], [ 3282678.206744963303208, 2323745.255293185822666 ], [ 3282678.065524041652679, 2323744.640736245550215 ], [ 3282677.930764781311154, 2323744.065637530758977 ], [ 3282674.709469311404973, 2323732.696407760959119 ], [ 3282685.526711296290159, 2323692.626713225618005 ], [ 3282685.097778997384012, 2323691.49429174605757 ], [ 3282684.323150279000401, 2323689.427966843359172 ], [ 3282691.949569342657924, 2323664.752853036858141 ], [ 3282692.566315154545009, 2323662.757387601770461 ], [ 3282696.259724301751703, 2323664.495112982112914 ], [ 3282773.410510479472578, 2323736.332064383663237 ], [ 3282826.060984146781266, 2323730.174408657941967 ], [ 3282868.587643893901259, 2323725.201512320898473 ], [ 3282876.461557739414275, 2323724.278974235057831 ], [ 3282854.205948507413268, 2323770.888046602718532 ], [ 3282883.293798034545034, 2323784.586248266510665 ], [ 3282951.702505213208497, 2323726.960543841123581 ], [ 3282920.454099326394498, 2323863.996241654269397 ], [ 3282943.306105338968337, 2323889.796758790500462 ], [ 3282953.388303504791111, 2323901.181952325627208 ], [ 3282944.050153964199126, 2323975.311417554505169 ], [ 3282968.775365572422743, 2323995.141819552052766 ], [ 3283015.653065890073776, 2323998.214856218546629 ], [ 3283069.175282413605601, 2324001.717255933675915 ], [ 3283130.299416285939515, 2323972.217834365088493 ], [ 3283111.68232520064339, 2323879.473249603528529 ], [ 3283124.113643553573638, 2323876.829063901212066 ], [ 3283129.074982470367104, 2323875.777409207541496 ], [ 3283114.494444029405713, 2323803.158656662330031 ], [ 3283096.051343774423003, 2323776.464103968814015 ], [ 3283086.359332002233714, 2323762.443244953174144 ], [ 3283126.137731016147882, 2323705.002357540186495 ], [ 3283128.029286095872521, 2323706.578771977219731 ], [ 3283131.974702169187367, 2323709.855384789407253 ], [ 3283133.477794784121215, 2323711.104088018648326 ], [ 3283134.289153617341071, 2323711.783921912778169 ], [ 3283135.358720637392253, 2323713.544899810571223 ], [ 3283137.504316382110119, 2323717.106313783209771 ], [ 3283141.306818483397365, 2323716.846194603014737 ], [ 3283143.462794039864093, 2323716.691814415156841 ], [ 3283145.469216770958155, 2323716.553481386043131 ], [ 3283148.558558597229421, 2323716.337094716262072 ], [ 3283153.964487484656274, 2323713.167936316691339 ], [ 3283157.138939516153187, 2323711.302899566479027 ], [ 3283165.97737575462088, 2323700.348120791837573 ] ] ], [ [ [ 3279019.818757701199502, 2325660.437515240162611 ], [ 3279044.995403859298676, 2325654.655463423579931 ], [ 3279075.13868708210066, 2325641.599691804498434 ], [ 3279098.974009903147817, 2325631.283191001974046 ], [ 3279106.296486333478242, 2325640.24940704042092 ], [ 3279115.736212888266891, 2325639.163443972822279 ], [ 3279120.577652992680669, 2325638.619453467428684 ], [ 3279123.873864735942334, 2325637.808412458747625 ], [ 3279131.486746828071773, 2325634.302647497970611 ], [ 3279135.936689100693911, 2325630.93510020384565 ], [ 3279178.994984476361424, 2325603.387867780867964 ], [ 3279256.450946330558509, 2325575.688487179111689 ], [ 3279259.460380929056555, 2325574.613125385716558 ], [ 3279277.554771611001343, 2325568.763213920406997 ], [ 3279301.924889469519258, 2325559.357757711783051 ], [ 3279322.000890246126801, 2325551.607976232189685 ], [ 3279326.819654958322644, 2325549.748750028200448 ], [ 3279338.508050968870521, 2325545.23454811424017 ], [ 3279358.641617855522782, 2325537.464548533782363 ], [ 3279376.456264058127999, 2325530.588020564988256 ], [ 3279387.230224271304905, 2325526.437034132424742 ], [ 3279397.242073645815253, 2325522.216642066836357 ], [ 3279409.276988435070962, 2325517.154637004248798 ], [ 3279485.281084222719073, 2325485.173977761063725 ], [ 3279525.533084454014897, 2325467.992822486907244 ], [ 3279634.468785298056901, 2325423.564391139429063 ], [ 3279674.342883491888642, 2325411.817837316077203 ], [ 3279696.673569287639111, 2325408.665906322188675 ], [ 3279702.197472572792321, 2325407.890760012902319 ], [ 3279692.911395933013409, 2325387.679712378885597 ], [ 3279717.400889142416418, 2325380.922478965017945 ], [ 3279738.456530339550227, 2325377.232905533630401 ], [ 3279744.915444888174534, 2325377.582704270724207 ], [ 3279752.395509445574135, 2325381.193699736148119 ], [ 3279760.860951574984938, 2325384.936465376056731 ], [ 3279763.55203209258616, 2325386.129162015393376 ], [ 3279782.711033183149993, 2325390.494486632756889 ], [ 3279813.661971125751734, 2325397.542740892618895 ], [ 3279817.444019434973598, 2325341.229076156392694 ], [ 3279823.529957481194288, 2325345.185847914777696 ], [ 3279825.596324821002781, 2325346.528605721890926 ], [ 3279841.81413172185421, 2325349.846558068413287 ], [ 3279846.262066797353327, 2325349.625291244592518 ], [ 3279847.425799035001546, 2325349.421373635530472 ], [ 3279848.441599218174815, 2325349.243377771228552 ], [ 3279858.511175428517163, 2325349.153313310351223 ], [ 3279848.57266403734684, 2325330.223600072320551 ], [ 3279831.862335664685816, 2325302.840020330622792 ], [ 3279830.930115133523941, 2325301.298528918996453 ], [ 3279829.628204632550478, 2325299.172353711910546 ], [ 3279824.719936962705106, 2325291.132735861465335 ], [ 3279810.168149314355105, 2325265.035177279263735 ], [ 3279809.488110073842108, 2325263.794524617493153 ], [ 3279780.958407521713525, 2325212.625273800920695 ], [ 3279760.815315819811076, 2325171.778289440553635 ], [ 3279753.939277067780495, 2325159.405320479534566 ], [ 3279750.501258588396013, 2325153.218836151063442 ], [ 3279745.92078195605427, 2325149.657880521379411 ], [ 3279745.644867410883307, 2325149.026321615092456 ], [ 3279744.595032609067857, 2325146.642872622236609 ], [ 3279740.193327481858432, 2325136.616848246194422 ], [ 3279738.802277551963925, 2325133.450917245820165 ], [ 3279738.479003050364554, 2325132.716030699200928 ], [ 3279738.106752648018301, 2325131.867951753083616 ], [ 3279736.714087173342705, 2325128.692156060133129 ], [ 3279734.32217964483425, 2325123.255968658253551 ], [ 3279656.779931155964732, 2325148.016345874406397 ], [ 3279651.860152060166001, 2325138.791453569196165 ], [ 3279645.155507897492498, 2325126.226089826785028 ], [ 3279642.239624805282801, 2325120.749795880168676 ], [ 3279637.960204476956278, 2325115.248588770627975 ], [ 3279636.162049695849419, 2325105.385368459392339 ], [ 3279636.648693732917309, 2325105.259502901695669 ], [ 3279636.969297116622329, 2325105.172880338039249 ], [ 3279648.086445094551891, 2325102.311528432182968 ], [ 3279667.88984322315082, 2325101.753846049308777 ], [ 3279681.784930053167045, 2325101.358755821827799 ], [ 3279728.044954747892916, 2325099.239959850907326 ], [ 3279736.821038098074496, 2325098.74738163407892 ], [ 3279735.080832021310925, 2325089.9192418102175 ], [ 3279734.795617240481079, 2325088.487632128410041 ], [ 3279733.68579324381426, 2325082.826790330931544 ], [ 3279735.955704078543931, 2325082.439188760705292 ], [ 3279738.266679347027093, 2325082.054539549630135 ], [ 3279738.91256661247462, 2325081.971806346438825 ], [ 3279739.279082044493407, 2325081.917730872519314 ], [ 3279736.138876648619771, 2325067.205605497118086 ], [ 3279772.166994555387646, 2325062.079827509820461 ], [ 3279798.306451902259141, 2325056.971832778304815 ], [ 3279812.492425549775362, 2325052.963913237210363 ], [ 3279812.791689432226121, 2325052.870883268304169 ], [ 3279816.913629459217191, 2325051.712258226238191 ], [ 3279838.936433575116098, 2325041.663129383698106 ], [ 3279840.965310293249786, 2325041.104663369245827 ], [ 3279843.67322811530903, 2325040.35617787251249 ], [ 3279846.281303563155234, 2325038.874246953986585 ], [ 3279848.49778898479417, 2325037.603002172894776 ], [ 3279802.69585844501853, 2325026.662314851302654 ], [ 3279801.329494309145957, 2325024.0806351788342 ], [ 3279785.788943291176111, 2325012.261869475245476 ], [ 3279778.142611025832593, 2325002.804393269121647 ], [ 3279776.798296540509909, 2324994.596944209188223 ], [ 3279777.450304007157683, 2324988.109849722124636 ], [ 3279778.041630895808339, 2324982.181371992919594 ], [ 3279766.244848430156708, 2324964.541354454122484 ], [ 3279756.448575930669904, 2324962.026259032078087 ], [ 3279739.580509083345532, 2324962.17102286638692 ], [ 3279718.45951924752444, 2324962.117264835629612 ], [ 3279714.146570212673396, 2324964.029860822483897 ], [ 3279709.720122798345983, 2324965.992788724601269 ], [ 3279698.604041463695467, 2324972.63907363684848 ], [ 3279696.67699291696772, 2324976.792335020378232 ], [ 3279694.095523167867213, 2324982.338897889945656 ], [ 3279690.596790729090571, 2324983.895719546824694 ], [ 3279688.880775300785899, 2324984.196411484852433 ], [ 3279687.411313833668828, 2324984.453900602180511 ], [ 3279683.111299064941704, 2324969.721759342122823 ], [ 3279678.36749081639573, 2324955.067383813671768 ], [ 3279677.257438041269779, 2324951.882661177776754 ], [ 3279674.823825039900839, 2324944.891018177848309 ], [ 3279671.574596447404474, 2324939.361513310112059 ], [ 3279665.519225190393627, 2324933.856918998993933 ], [ 3279664.042415596544743, 2324933.202389346435666 ], [ 3279662.478629959281534, 2324932.512361025437713 ], [ 3279656.695642229635268, 2324937.280400141142309 ], [ 3279652.44271867768839, 2324937.081877418793738 ], [ 3279648.346155370119959, 2324934.98875215370208 ], [ 3279647.471128462813795, 2324924.009890442714095 ], [ 3279646.573818574659526, 2324912.771090189926326 ], [ 3279623.569073746912181, 2324917.258800434414297 ], [ 3279621.366987585090101, 2324908.521749787498266 ], [ 3279615.201104804873466, 2324879.30070693930611 ], [ 3279614.231305816210806, 2324875.299877118319273 ], [ 3279602.397002172656357, 2324876.074646171182394 ], [ 3279600.614024247974157, 2324875.037409134209156 ], [ 3279599.221462882123888, 2324874.215900140814483 ], [ 3279595.895704782102257, 2324872.616877188440412 ], [ 3279592.462408006191254, 2324871.29039431642741 ], [ 3279592.175124964676797, 2324871.208812200464308 ], [ 3279588.93143470864743, 2324870.234723407775164 ], [ 3279586.76572271855548, 2324869.771944643929601 ], [ 3279585.31426279945299, 2324869.458001100923866 ], [ 3279583.458454328589141, 2324869.214910670183599 ], [ 3279581.653572421520948, 2324868.973044388927519 ], [ 3279580.088110824115574, 2324868.892182043753564 ], [ 3279577.970703650731593, 2324868.786261762492359 ], [ 3279574.264040753711015, 2324868.887788519728929 ], [ 3279570.58289454691112, 2324869.268984061665833 ], [ 3279566.940358705818653, 2324869.947849737014621 ], [ 3279565.268303610384464, 2324870.393058440182358 ], [ 3279563.354541823267937, 2324870.911064560990781 ], [ 3279559.855030401144177, 2324872.153444183990359 ], [ 3279556.471410941332579, 2324873.669804218225181 ], [ 3279553.200451975222677, 2324875.44041521474719 ], [ 3279550.083217908162624, 2324877.468229381367564 ], [ 3279541.743830076418817, 2324887.626237612683326 ], [ 3279537.973547560162842, 2324893.533339689485729 ], [ 3279528.49849488446489, 2324906.23450907273218 ], [ 3279520.311969308182597, 2324913.980993904173374 ], [ 3279512.971592778339982, 2324920.513685938902199 ], [ 3279510.584866261575371, 2324925.143272174056619 ], [ 3279512.471575299277902, 2324928.486189916264266 ], [ 3279513.547314775642008, 2324930.408443250693381 ], [ 3279522.158857872709632, 2324946.130511830560863 ], [ 3279497.235429586842656, 2324967.272255981806666 ], [ 3279498.713739287108183, 2324977.536546376068145 ], [ 3279499.031375932507217, 2324979.723564856220037 ], [ 3279489.544875581748784, 2324992.416617841925472 ], [ 3279475.652928914409131, 2325000.635197828523815 ], [ 3279459.373116753064096, 2325010.317442576400936 ], [ 3279453.751235235948116, 2325014.458560082130134 ], [ 3279445.290412959177047, 2325026.971899598836899 ], [ 3279441.46132480353117, 2325030.971379638183862 ], [ 3279433.177097177132964, 2325039.607735266443342 ], [ 3279425.157031728420407, 2325048.370317923370749 ], [ 3279421.303199946880341, 2325054.200754936784506 ], [ 3279419.262451379559934, 2325057.288139101117849 ], [ 3279417.645825758576393, 2325061.478357226122171 ], [ 3279415.575760988052934, 2325066.864299572538584 ], [ 3279416.057632043026388, 2325076.247831031214446 ], [ 3279418.321731043513864, 2325079.169443531893194 ], [ 3279419.118999263737351, 2325080.196742261759937 ], [ 3279420.725013673305511, 2325082.259476301260293 ], [ 3279429.766896873246878, 2325102.218992603942752 ], [ 3279429.460703338030726, 2325109.020988437347114 ], [ 3279429.252358386293054, 2325113.695079041644931 ], [ 3279416.345416243653744, 2325109.035943649243563 ], [ 3279404.900050569325686, 2325112.370922562666237 ], [ 3279397.880888150073588, 2325114.422891695983708 ], [ 3279364.67611119709909, 2325121.672337668016553 ], [ 3279361.050358593463898, 2325122.825235120952129 ], [ 3279314.959524284582585, 2325137.558957126922905 ], [ 3279278.615998934954405, 2325147.509836051147431 ], [ 3279224.621309837792069, 2325163.415583435446024 ], [ 3279174.342661623843014, 2325175.80849391175434 ], [ 3279170.340388982091099, 2325155.523974951356649 ], [ 3279170.105426811613142, 2325154.337252737022936 ], [ 3279161.153035553172231, 2325149.046067040413618 ], [ 3279085.953428718727082, 2325072.841173405759037 ], [ 3279085.271886270493269, 2325072.148773645050824 ], [ 3279084.995245370548218, 2325072.379914083983749 ], [ 3279054.035682238638401, 2325033.814066946972162 ], [ 3279009.596051129512489, 2324946.272236147429794 ], [ 3279014.156563425902277, 2324912.857716752681881 ], [ 3279000.523627212736756, 2324911.13683553552255 ], [ 3278978.480325167998672, 2324908.362954896874726 ], [ 3278977.389331415761262, 2324903.622261397540569 ], [ 3278970.612932526506484, 2324874.142807780764997 ], [ 3278974.15678256098181, 2324872.30404003104195 ], [ 3278977.700632803142071, 2324870.465272582136095 ], [ 3278978.32824187213555, 2324870.456770093180239 ], [ 3278978.865476103965193, 2324870.453956889454275 ], [ 3278979.125694268383086, 2324867.830791437998414 ], [ 3278979.384296803269535, 2324865.197761279530823 ], [ 3278981.891186951193959, 2324861.673497558571398 ], [ 3278990.344472013879567, 2324860.263191606849432 ], [ 3278991.036436203867197, 2324860.152080771513283 ], [ 3278991.578852826729417, 2324860.057028545066714 ], [ 3278993.023964031599462, 2324859.093437088653445 ], [ 3278994.083950048312545, 2324858.379996473900974 ], [ 3278993.130576851777732, 2324854.975005995482206 ], [ 3278989.950142207089812, 2324843.547680023126304 ], [ 3278989.953935800120234, 2324842.76562761515379 ], [ 3279001.63492204528302, 2324832.011783502995968 ], [ 3279008.244842452928424, 2324828.823897091206163 ], [ 3279011.901859195437282, 2324827.056633946020156 ], [ 3279016.918293429538608, 2324824.421980984508991 ], [ 3278972.70838087098673, 2324720.380121383816004 ], [ 3278969.404612971935421, 2324722.136219864711165 ], [ 3278965.44576807320118, 2324723.733119979035109 ], [ 3278959.01325146201998, 2324726.331782670691609 ], [ 3278957.76298660505563, 2324726.936495927162468 ], [ 3278956.588387313298881, 2324727.507653993554413 ], [ 3278948.757781799416989, 2324731.295069676823914 ], [ 3278946.531868955120444, 2324734.800534988753498 ], [ 3278945.474213698413223, 2324736.457319866400212 ], [ 3278932.158866031561047, 2324742.311995109543204 ], [ 3278928.044320420827717, 2324747.356021843850613 ], [ 3278928.562380180694163, 2324748.351061766035855 ], [ 3278928.120736295357347, 2324751.229271818883717 ], [ 3278926.253422717098147, 2324762.932280295994133 ], [ 3278926.143430951982737, 2324763.499541128985584 ], [ 3278910.032293382100761, 2324789.510771373752505 ], [ 3278904.933050526306033, 2324794.179375488311052 ], [ 3278902.118265281431377, 2324796.752955070696771 ], [ 3278900.406984266359359, 2324798.321325840428472 ], [ 3278897.113036448601633, 2324798.898555794730783 ], [ 3278889.637550420127809, 2324800.208557435311377 ], [ 3278889.359519938006997, 2324799.749884670600295 ], [ 3278885.300275277346373, 2324793.053262379951775 ], [ 3278882.844607729464769, 2324793.483593001961708 ], [ 3278879.915558554232121, 2324793.996879080310464 ], [ 3278874.72808443242684, 2324794.905931564513594 ], [ 3278874.244840656872839, 2324794.990615187212825 ], [ 3278872.449935221578926, 2324795.305154386442155 ], [ 3278868.386742801405489, 2324796.017188409343362 ], [ 3278860.694291509687901, 2324797.365214806050062 ], [ 3278859.142733544576913, 2324802.386326177511364 ], [ 3278854.065791605040431, 2324805.518696798477322 ], [ 3278851.12497893627733, 2324807.322829274460673 ], [ 3278848.370098378974944, 2324809.023343870416284 ], [ 3278843.981268428266048, 2324813.445688930805773 ], [ 3278843.625394744798541, 2324813.812489471863955 ], [ 3278833.968612584285438, 2324813.759312715381384 ], [ 3278834.753994165919721, 2324817.315517571289092 ], [ 3278823.372969092801213, 2324815.778470039367676 ], [ 3278814.924342080019414, 2324812.509799133054912 ], [ 3278811.293154822196811, 2324809.665402518119663 ], [ 3278808.627557803876698, 2324807.575253842864186 ], [ 3278805.84556629974395, 2324805.39387543592602 ], [ 3278798.041770834941417, 2324801.23081658128649 ], [ 3278795.782303994521499, 2324799.018757926300168 ], [ 3278790.511348011903465, 2324793.843558808788657 ], [ 3278785.26470443001017, 2324794.762988681904972 ], [ 3278779.328777778893709, 2324794.818863635882735 ], [ 3278770.902141429949552, 2324794.905299581121653 ], [ 3278761.445236179511994, 2324792.665750771760941 ], [ 3278760.663735501468182, 2324792.477969590108842 ], [ 3278759.386400322429836, 2324792.174121370539069 ], [ 3278756.964920725207776, 2324796.90117800841108 ], [ 3278750.311551929917186, 2324809.919883062131703 ], [ 3278749.472484562080353, 2324811.548517578281462 ], [ 3278746.846129776909947, 2324816.697099428623915 ], [ 3278730.616836227476597, 2324819.378797180950642 ], [ 3278716.756683378480375, 2324810.076707663945854 ], [ 3278712.847239760681987, 2324807.453591919969767 ], [ 3278703.503342386335135, 2324803.550286862067878 ], [ 3278699.237631858326495, 2324802.034839726053178 ], [ 3278690.061164358165115, 2324798.782105223275721 ], [ 3278678.294983424246311, 2324794.52190315304324 ], [ 3278667.935783633962274, 2324792.410045271739364 ], [ 3278665.249508052598685, 2324791.86600707564503 ], [ 3278659.468098409008235, 2324790.697362246923149 ], [ 3278658.175818216521293, 2324792.841781753115356 ], [ 3278655.734844869934022, 2324796.892352166585624 ], [ 3278653.409823013003916, 2324800.597869949415326 ], [ 3278650.715165049768984, 2324804.895856122951955 ], [ 3278650.179597213864326, 2324806.08568592229858 ], [ 3278648.357987040653825, 2324810.139344850555062 ], [ 3278647.242221085820347, 2324812.618157139513642 ], [ 3278642.600636382587254, 2324822.930017210543156 ], [ 3278635.121082394383848, 2324840.071518742945045 ], [ 3278626.502445336431265, 2324855.027883131057024 ], [ 3278624.684167189523578, 2324863.251757278572768 ], [ 3278618.363979770801961, 2324873.411285805981606 ], [ 3278634.11997041432187, 2324890.509606771171093 ], [ 3278636.807964665349573, 2324893.417806865647435 ], [ 3278637.101374899968505, 2324893.660677887033671 ], [ 3278665.527628712356091, 2324916.636644541751593 ], [ 3278666.653339907992631, 2324921.898951688781381 ], [ 3278669.113870670553297, 2324933.452453267760575 ], [ 3278672.53296394366771, 2324950.114893084857613 ], [ 3278673.230099657084793, 2324953.50390546862036 ], [ 3278676.299041850492358, 2324955.888690950814635 ], [ 3278683.692696750629693, 2324961.635649902746081 ], [ 3278672.640400046948344, 2324970.219401699956506 ], [ 3278634.921566794160753, 2324993.451770936604589 ], [ 3278704.064232948236167, 2325080.246701935306191 ], [ 3278706.055147781036794, 2325082.739224248565733 ], [ 3278707.448431626427919, 2325084.494200316257775 ], [ 3278651.926556022372097, 2325117.584752906579524 ], [ 3278640.477344788145274, 2325108.570528768002987 ], [ 3278627.628164890222251, 2325098.441822456195951 ], [ 3278615.688805439509451, 2325089.036545155569911 ], [ 3278611.972809611354023, 2325090.753297440242022 ], [ 3278607.511642473749816, 2325092.813746257219464 ], [ 3278598.449457130860537, 2325097.0098937288858 ], [ 3278563.270065665245056, 2325113.262072483077645 ], [ 3278563.139410046860576, 2325115.375446824822575 ], [ 3278562.174199382308871, 2325143.238350475206971 ], [ 3278562.704046310391277, 2325155.515846953727305 ], [ 3278563.017364680767059, 2325162.879090596456081 ], [ 3278569.747752394061536, 2325184.644117041025311 ], [ 3278583.067060059867799, 2325183.893003794830292 ], [ 3278587.467879172414541, 2325182.269337967969477 ], [ 3278588.865124233532697, 2325184.977526505012065 ], [ 3278598.179982943926007, 2325203.072728557512164 ], [ 3278599.368062653113157, 2325205.371063431259245 ], [ 3278596.941677233204246, 2325211.306622726842761 ], [ 3278592.675702225416899, 2325214.682549726217985 ], [ 3278591.725658710114658, 2325215.447773060761392 ], [ 3278592.26244933437556, 2325216.804858522489667 ], [ 3278595.429369735531509, 2325224.804584657307714 ], [ 3278575.401624686084688, 2325239.538069191388786 ], [ 3278568.364113431423903, 2325237.513894854579121 ], [ 3278562.9123908681795, 2325235.942465298809111 ], [ 3278557.724727421998978, 2325237.531514702830464 ], [ 3278553.034915117081255, 2325242.098000023514032 ], [ 3278551.691693745553493, 2325248.45261899754405 ], [ 3278544.291091942228377, 2325251.829906278289855 ], [ 3278538.402169662062079, 2325254.526206355541945 ], [ 3278535.381543308496475, 2325256.090663937851787 ], [ 3278532.444828023668379, 2325257.609972435515374 ], [ 3278531.04522122675553, 2325263.558408957440406 ], [ 3278530.117703550495207, 2325267.495999065227807 ], [ 3278528.437174162827432, 2325274.640388108789921 ], [ 3278520.825048124417663, 2325273.07210026262328 ], [ 3278515.060138337314129, 2325271.88029667455703 ], [ 3278505.268218214157969, 2325270.196770919952542 ], [ 3278501.280901304446161, 2325274.406748319976032 ], [ 3278499.463561289943755, 2325276.318469819612801 ], [ 3278499.734368132892996, 2325280.01561021246016 ], [ 3278501.212525678798556, 2325283.775156221352518 ], [ 3278504.287967733573169, 2325291.587958294898272 ], [ 3278506.12673660274595, 2325296.248363885097206 ], [ 3278509.612987786065787, 2325304.02976356819272 ], [ 3278514.173660448752344, 2325314.220749842468649 ], [ 3278522.254117488395423, 2325319.948810320347548 ], [ 3278526.089004272595048, 2325328.80568472482264 ], [ 3278532.501462961547077, 2325338.905548125505447 ], [ 3278534.841187587939203, 2325342.412625033408403 ], [ 3278538.805659440346062, 2325348.344471232034266 ], [ 3278542.879426313564181, 2325350.360343254171312 ], [ 3278554.89626316446811, 2325359.680995089001954 ], [ 3278552.291526179760695, 2325362.359882896766067 ], [ 3278534.854186550248414, 2325380.272426787763834 ], [ 3278476.332221603486687, 2325314.53033464634791 ], [ 3278469.321943210903555, 2325319.361429683864117 ], [ 3278460.652507312595844, 2325325.335727080702782 ], [ 3278456.242858998477459, 2325347.591790807433426 ], [ 3278461.982265109196305, 2325359.900089920498431 ], [ 3278470.718835083767772, 2325378.614197666291147 ], [ 3278464.794123036321253, 2325399.79625684209168 ], [ 3278429.206962240394205, 2325430.652029905468225 ], [ 3278409.881283567287028, 2325400.185252608731389 ], [ 3278392.580761190503836, 2325372.915358193684369 ], [ 3278408.500256787985563, 2325361.530066749081016 ], [ 3278416.963619465008378, 2325352.811323868110776 ], [ 3278419.073520031291991, 2325349.650862685870379 ], [ 3278421.556280665565282, 2325345.917657939717174 ], [ 3278423.180175429210067, 2325337.250835679937154 ], [ 3278421.955465237610042, 2325332.127633862197399 ], [ 3278419.698795195203274, 2325325.287614626344293 ], [ 3278417.430940634571016, 2325320.732850433792919 ], [ 3278415.359222640283406, 2325317.747093064244837 ], [ 3278415.891543280798942, 2325316.537524892017245 ], [ 3278416.954568797256798, 2325314.108523820992559 ], [ 3278413.174101082608104, 2325311.777409162838012 ], [ 3278408.006087677553296, 2325308.5934848790057 ], [ 3278369.83412427874282, 2325285.02198200346902 ], [ 3278368.331132501829416, 2325284.331476831808686 ], [ 3278314.685003160499036, 2325259.50404345896095 ], [ 3278300.372576677706093, 2325264.163731903303415 ], [ 3278299.301294374279678, 2325264.808138214983046 ], [ 3278295.727222749497741, 2325265.099627654999495 ], [ 3278287.709771344438195, 2325265.763921829871833 ], [ 3278283.370464570820332, 2325274.328204911667854 ], [ 3278267.424488357268274, 2325265.980334104970098 ], [ 3278253.862238679081202, 2325258.868826461490244 ], [ 3278229.967934284359217, 2325246.342707622330636 ], [ 3278216.603982589673251, 2325267.012081569526345 ], [ 3278182.207094673067331, 2325252.551570285111666 ], [ 3278167.159923589788377, 2325281.959089251235127 ], [ 3278142.914360104128718, 2325329.347435911186039 ], [ 3277964.606804620940238, 2325246.747074599377811 ], [ 3277893.197726704180241, 2325210.59247243963182 ], [ 3277877.059564027935266, 2325258.670850497670472 ], [ 3277877.59870140440762, 2325314.420882378704846 ], [ 3277904.040539277717471, 2325436.515090825036168 ], [ 3277959.92652895860374, 2325476.131075168959796 ], [ 3278083.897921002004296, 2325538.175543395802379 ], [ 3278132.561036841012537, 2325546.827412038575858 ], [ 3278177.963128784671426, 2325601.158775902353227 ], [ 3278224.469995429273695, 2325635.974712044931948 ], [ 3278234.913190549239516, 2325661.371679999865592 ], [ 3279015.756208334118128, 2325661.371679999865592 ], [ 3279019.818757701199502, 2325660.437515240162611 ] ] ], [ [ [ 3277631.438475817907602, 2325651.776525390800089 ], [ 3277669.107926429715008, 2325640.942463020328432 ], [ 3277724.8525894517079, 2325601.103469327092171 ], [ 3277751.755736282095313, 2325555.57275929953903 ], [ 3277754.664263926912099, 2325507.803544593509287 ], [ 3277755.083844685461372, 2325484.105364749208093 ], [ 3277753.374187390785664, 2325473.668383677024394 ], [ 3277677.569375592283905, 2325469.763691229745746 ], [ 3277657.453730003908277, 2325451.816054347436875 ], [ 3277657.59791699424386, 2325400.238724240567535 ], [ 3277608.355466037988663, 2325348.721902783494443 ], [ 3277649.246514677535743, 2325310.918110297992826 ], [ 3277607.810399991460145, 2325248.838987546507269 ], [ 3277616.684116004966199, 2325239.033369373530149 ], [ 3277645.399092302192003, 2325209.330742732156068 ], [ 3277652.781724161468446, 2325201.694303442258388 ], [ 3277659.332333795260638, 2325194.924200956244022 ], [ 3277659.033395122271031, 2325193.099210447166115 ], [ 3277658.185055972076952, 2325187.920183391310275 ], [ 3277657.496689699590206, 2325183.717772928066552 ], [ 3277657.221989633049816, 2325182.04075469262898 ], [ 3277664.183845122810453, 2325166.075507638975978 ], [ 3277664.592137344647199, 2325165.161662529688329 ], [ 3277664.445221925154328, 2325158.814455473795533 ], [ 3277664.257680003996938, 2325151.104386647697538 ], [ 3277664.14214677317068, 2325146.497139235492796 ], [ 3277663.934485841076821, 2325137.735203544609249 ], [ 3277663.91982795111835, 2325137.088299450464547 ], [ 3277663.799666910432279, 2325131.771502477582544 ], [ 3277680.096318468917161, 2325099.029370538890362 ], [ 3277680.808270423673093, 2325097.615793072618544 ], [ 3277687.488574897870421, 2325073.490172999445349 ], [ 3277690.106978324241936, 2325064.019828705117106 ], [ 3277691.102990523446351, 2325053.068078754935414 ], [ 3277692.654372374527156, 2325036.092558017931879 ], [ 3277694.229383499827236, 2325018.889642739202827 ], [ 3277695.96057067066431, 2324999.853014008607715 ], [ 3277700.047696826979518, 2324987.395452758762985 ], [ 3277708.435746903065592, 2324961.80354271363467 ], [ 3277706.929324097931385, 2324946.784677267540246 ], [ 3277705.982769262976944, 2324937.289679656270891 ], [ 3277714.707469508983195, 2324927.936462927609682 ], [ 3277722.929655861109495, 2324919.107684795744717 ], [ 3277731.161706913728267, 2324910.277180653065443 ], [ 3277730.420317831449211, 2324904.45024640718475 ], [ 3277729.858899687882513, 2324900.093673131428659 ], [ 3277729.115728789474815, 2324894.317791535519063 ], [ 3277728.321019154042006, 2324888.165319293737411 ], [ 3277739.153641091659665, 2324874.586441479623318 ], [ 3277739.57403073599562, 2324874.056103936396539 ], [ 3277740.609320374205709, 2324872.758378965780139 ], [ 3277740.643473372794688, 2324870.48939186707139 ], [ 3277740.859480719547719, 2324855.828284027054906 ], [ 3277741.074099648743868, 2324842.273551870137453 ], [ 3277756.099386181216687, 2324838.868960197083652 ], [ 3277773.471163474489003, 2324765.864201130345464 ], [ 3277795.616214180830866, 2324748.882035489194095 ], [ 3277806.695056077558547, 2324709.677018962334841 ], [ 3277821.953044200316072, 2324655.664369250182062 ], [ 3277807.990924345329404, 2324595.011316010728478 ], [ 3277780.040476769208908, 2324561.560711149126291 ], [ 3277779.611452356912196, 2324561.047319442033768 ], [ 3277741.352965702302754, 2324515.267185918521136 ], [ 3277665.366627842187881, 2324424.344623209908605 ], [ 3277632.507072782609612, 2324385.01618698053062 ], [ 3277611.511135573964566, 2324359.896020953543484 ], [ 3277575.238666013814509, 2324341.106478904373944 ], [ 3277566.25232, 2324336.451844352763146 ], [ 3277566.25232, 2325661.371679999865592 ], [ 3277598.057051404379308, 2325661.371679999865592 ], [ 3277631.438475817907602, 2325651.776525390800089 ] ] ], [ [ [ 3277626.972237320616841, 2324242.392749147955328 ], [ 3277645.568020302802324, 2324226.905430619604886 ], [ 3277654.086192063055933, 2324219.821046087890863 ], [ 3277635.500700403936207, 2324146.91802574088797 ], [ 3277636.445219161920249, 2324143.393526768311858 ], [ 3277660.586115272715688, 2324053.920095795765519 ], [ 3277662.258328886236995, 2324053.413924939930439 ], [ 3277664.047802568413317, 2324050.898210886865854 ], [ 3277668.608075064141303, 2324044.487198309507221 ], [ 3277678.145954832434654, 2324038.797059779986739 ], [ 3277682.336577665060759, 2324030.005184382665902 ], [ 3277684.988900688476861, 2324016.65249575022608 ], [ 3277691.674257989041507, 2324003.394687521271408 ], [ 3277691.501074053812772, 2324000.664805606007576 ], [ 3277649.613227596040815, 2324018.204511324875057 ], [ 3277645.643491077236831, 2324021.964901021216065 ], [ 3277644.534799198620021, 2324023.062370287254453 ], [ 3277642.205365003552288, 2324025.378425638657063 ], [ 3277641.027470502071083, 2324026.548910725396127 ], [ 3277637.676656262483448, 2324029.876098624430597 ], [ 3277634.841463571414351, 2324032.696856513619423 ], [ 3277630.86052249930799, 2324036.94631251739338 ], [ 3277629.591142432298511, 2324037.929873057175428 ], [ 3277625.79949531937018, 2324040.857368624769151 ], [ 3277623.618123656604439, 2324041.909430040046573 ], [ 3277617.478045149240643, 2324043.320397466421127 ], [ 3277617.07709865225479, 2324043.350074090529233 ], [ 3277611.168153029866517, 2324043.756481913849711 ], [ 3277605.410771217662841, 2324043.415825088508427 ], [ 3277600.252586154267192, 2324042.645422065164894 ], [ 3277598.468322672415525, 2324043.272711446508765 ], [ 3277596.44396959990263, 2324043.982669883407652 ], [ 3277592.903555531054735, 2324046.957469725981355 ], [ 3277590.294418038334697, 2324049.424028038047254 ], [ 3277587.40490268683061, 2324052.284754280932248 ], [ 3277583.787570143118501, 2324053.365225180052221 ], [ 3277581.969041834119707, 2324053.907189131248742 ], [ 3277579.400891114026308, 2324054.022393551655114 ], [ 3277576.803154163062572, 2324054.142783279530704 ], [ 3277572.731880765408278, 2324051.832219404168427 ], [ 3277568.39248278317973, 2324050.238409789279103 ], [ 3277566.25232, 2324050.414061805233359 ], [ 3277566.25232, 2324219.617308526299894 ], [ 3277626.972237320616841, 2324242.392749147955328 ] ] ], [ [ [ 3282061.920883791521192, 2325243.890625318512321 ], [ 3282060.593503491953015, 2325234.919207067694515 ], [ 3282059.920914157293737, 2325227.405971319414675 ], [ 3282059.337461371906102, 2325220.932480346411467 ], [ 3282059.228523874655366, 2325217.541940663009882 ], [ 3282059.054312214255333, 2325212.204332017805427 ], [ 3282059.841992208268493, 2325205.987875650636852 ], [ 3282060.376121891196817, 2325201.754046626389027 ], [ 3282060.658717478625476, 2325198.771857895888388 ], [ 3282060.96349388314411, 2325195.491500535048544 ], [ 3282061.482877029106021, 2325190.052680521737784 ], [ 3282061.774961531162262, 2325186.013470338191837 ], [ 3282062.010534597560763, 2325182.806122940964997 ], [ 3282062.107840230688453, 2325181.480024782475084 ], [ 3282061.788582902401686, 2325173.336623252369463 ], [ 3282058.633597247302532, 2325166.400338362902403 ], [ 3282058.811342520173639, 2325162.716033133212477 ], [ 3282058.892697168514132, 2325162.407498113345355 ], [ 3282059.588166955858469, 2325159.840069826226681 ], [ 3282059.907897998578846, 2325158.880913663655519 ], [ 3282060.924985602498055, 2325155.861383094917983 ], [ 3282061.561421820428222, 2325155.039550925139338 ], [ 3282062.097283087205142, 2325154.346962548326701 ], [ 3282043.690827795770019, 2325092.139242463279516 ], [ 3282053.901568774133921, 2325082.628090953454375 ], [ 3282061.022616623900831, 2325074.074264519382268 ], [ 3282067.939461011905223, 2325071.644819697830826 ], [ 3282070.482161897234619, 2325077.196655355859548 ], [ 3282071.731448479928076, 2325079.930773934349418 ], [ 3282073.624211257789284, 2325084.05402184324339 ], [ 3282101.525462555233389, 2325076.507475287653506 ], [ 3282103.54612579382956, 2325075.96068203356117 ], [ 3282109.145596344955266, 2325074.03601233381778 ], [ 3282122.847512916196138, 2325069.301697811577469 ], [ 3282122.788640615530312, 2325068.01310918154195 ], [ 3282122.703984182793647, 2325065.947666763328016 ], [ 3282137.901158704422414, 2325037.946646274067461 ], [ 3282155.524116605054587, 2325005.492065843194723 ], [ 3282168.812384280376136, 2324981.011853278148919 ], [ 3282201.154598916880786, 2324968.679087554104626 ], [ 3282225.779841244220734, 2324955.810745278373361 ], [ 3282248.001603819429874, 2324947.655917629599571 ], [ 3282257.39058357058093, 2324944.215022943913937 ], [ 3282273.436710042413324, 2324938.98892801720649 ], [ 3282288.18212112551555, 2324934.183502410538495 ], [ 3282307.091494006104767, 2324929.095140440389514 ], [ 3282322.317975141108036, 2324924.996969105210155 ], [ 3282341.255097183864564, 2324917.600245120003819 ], [ 3282352.134817574173212, 2324913.350253351964056 ], [ 3282363.794656014535576, 2324904.447905546054244 ], [ 3282372.731339927762747, 2324897.625923759303987 ], [ 3282389.40661611314863, 2324877.5958829424344 ], [ 3282396.075328932609409, 2324865.102920010685921 ], [ 3282400.321321866475046, 2324857.144154771231115 ], [ 3282402.790791579056531, 2324869.558465444017202 ], [ 3282403.816056404728442, 2324873.092897108290344 ], [ 3282405.119251446798444, 2324876.527903837617487 ], [ 3282406.68728305818513, 2324879.845484050456434 ], [ 3282408.50705759646371, 2324883.027636172715575 ], [ 3282410.575343765784055, 2324886.054630980826914 ], [ 3282412.879047921858728, 2324888.90846690768376 ], [ 3282415.393598434515297, 2324891.563005432486534 ], [ 3282418.10913293203339, 2324894.019974225200713 ], [ 3282421.020804487168789, 2324896.249779449310154 ], [ 3282424.085932411253452, 2324898.239602519199252 ], [ 3282425.032479803077877, 2324898.753681334666908 ], [ 3282427.314379042480141, 2324899.987715802621096 ], [ 3282430.661848060786724, 2324901.471436083316803 ], [ 3282439.876928077545017, 2324906.26033069845289 ], [ 3282462.279384275898337, 2324900.509386654011905 ], [ 3282478.12034596176818, 2324897.003808875568211 ], [ 3282487.467411894816905, 2324892.687460185959935 ], [ 3282493.381297957152128, 2324889.956840817816556 ], [ 3282503.041698401793838, 2324879.872493439354002 ], [ 3282507.209626137278974, 2324867.472608185373247 ], [ 3282506.689297872595489, 2324856.614469098392874 ], [ 3282506.318675919435918, 2324848.652621867600828 ], [ 3282499.512083730660379, 2324833.791422164067626 ], [ 3282493.921496571041644, 2324824.186779191717505 ], [ 3282492.314525269903243, 2324820.693363824859262 ], [ 3282490.547537041828036, 2324816.842369743622839 ], [ 3282489.520057518966496, 2324812.922718492336571 ], [ 3282491.57938236463815, 2324810.877472398802638 ], [ 3282495.806687153875828, 2324806.707061422988772 ], [ 3282518.852856342215091, 2324800.488234408199787 ], [ 3282527.942006030119956, 2324800.915430983994156 ], [ 3282546.793841544073075, 2324801.793909286614507 ], [ 3282553.666134167928249, 2324804.791181178763509 ], [ 3282562.898115492425859, 2324808.816061321645975 ], [ 3282569.963030518498272, 2324814.042510629631579 ], [ 3282582.825436927378178, 2324823.570748334750533 ], [ 3282593.998299881350249, 2324836.287020085845143 ], [ 3282601.630299443844706, 2324844.975947218947113 ], [ 3282638.911175021901727, 2324804.816188303753734 ], [ 3282664.024373521562666, 2324777.767618025653064 ], [ 3282667.791295086033642, 2324777.290420099161565 ], [ 3282663.313507772982121, 2324773.427194621413946 ], [ 3282665.427406736649573, 2324770.662066415417939 ], [ 3282671.658665735740215, 2324762.497652282007039 ], [ 3282674.908041701186448, 2324760.84266369137913 ], [ 3282679.853650411590934, 2324758.332427397370338 ], [ 3282686.847162269987166, 2324756.123054114636034 ], [ 3282687.927514808718115, 2324755.781594446860254 ], [ 3282689.586685364600271, 2324755.257562329061329 ], [ 3282698.442451699636877, 2324750.976592052727938 ], [ 3282697.681505222804844, 2324746.330367256887257 ], [ 3282689.086743641179055, 2324733.497352875303477 ], [ 3282688.017073469236493, 2324732.355391460470855 ], [ 3282685.718825921416283, 2324729.906500055454671 ], [ 3282681.887280209455639, 2324725.8387431348674 ], [ 3282675.043297243304551, 2324718.554211156442761 ], [ 3282671.885576200671494, 2324716.184840991627425 ], [ 3282648.576344373635948, 2324698.744867464061826 ], [ 3282645.487491933628917, 2324696.424320019315928 ], [ 3282629.706390430685133, 2324685.428559063002467 ], [ 3282620.051464294083416, 2324678.697311338037252 ], [ 3282600.655222030356526, 2324660.247184881940484 ], [ 3282593.003015152644366, 2324651.744457573164254 ], [ 3282586.058367618825287, 2324644.031070931814611 ], [ 3282574.468127829022706, 2324637.872233545407653 ], [ 3282571.21564173605293, 2324637.092344828881323 ], [ 3282564.424998403061181, 2324635.460838021244854 ], [ 3282561.415503054857254, 2324634.739860713947564 ], [ 3282540.729931796900928, 2324629.788662429898977 ], [ 3282520.065820790361613, 2324626.579098550602794 ], [ 3282516.744034355971962, 2324625.314119208604097 ], [ 3282506.601490331348032, 2324621.428448628634214 ], [ 3282498.903501335531473, 2324610.47802772000432 ], [ 3282497.591724188067019, 2324601.848957193549722 ], [ 3282494.802133307326585, 2324594.10791051061824 ], [ 3282485.760221865028143, 2324568.9427246209234 ], [ 3282475.658569909166545, 2324540.837718608323485 ], [ 3282474.091909839771688, 2324537.032818996347487 ], [ 3282486.0046152677387, 2324532.957116959616542 ], [ 3282481.06049826880917, 2324518.936661997810006 ], [ 3282485.177000286988914, 2324516.815198529977351 ], [ 3282491.735109384171665, 2324513.433932336047292 ], [ 3282488.716722179204226, 2324504.667470769956708 ], [ 3282486.043877465650439, 2324496.895830230321735 ], [ 3282488.733396811410785, 2324495.105515715666115 ], [ 3282494.531990699470043, 2324490.122058556880802 ], [ 3282497.96708707511425, 2324484.893025859259069 ], [ 3282497.336983318906277, 2324484.019085441716015 ], [ 3282496.942562643438578, 2324483.469173457473516 ], [ 3282495.621734334155917, 2324481.660878513008356 ], [ 3282494.559545019175857, 2324480.192885984666646 ], [ 3282492.816174624953419, 2324479.087759053800255 ], [ 3282490.869432333856821, 2324477.855895593296736 ], [ 3282489.73989691445604, 2324475.790844674222171 ], [ 3282487.085297327954322, 2324470.918220823630691 ], [ 3282483.877915964461863, 2324467.502205951604992 ], [ 3282481.481392404530197, 2324464.94876373745501 ], [ 3282479.898206289391965, 2324464.140300272032619 ], [ 3282477.066648171748966, 2324462.647380228154361 ], [ 3282472.453942371532321, 2324458.269974945578724 ], [ 3282472.199642988853157, 2324458.142011879011989 ], [ 3282468.78381825517863, 2324456.42671597097069 ], [ 3282465.600952628068626, 2324454.832973862998188 ], [ 3282458.534092904999852, 2324437.886401838157326 ], [ 3282453.432725476101041, 2324424.887963909655809 ], [ 3282453.244814603589475, 2324423.926416657865047 ], [ 3282451.903928426560014, 2324416.915922124870121 ], [ 3282451.107219406403601, 2324412.732609456870705 ], [ 3282449.201191958971322, 2324405.120928356423974 ], [ 3282444.643989586271346, 2324393.772555829957128 ], [ 3282438.122589303180575, 2324373.280260674189776 ], [ 3282448.041833177674562, 2324369.421848995611072 ], [ 3282433.754365190863609, 2324329.385923189111054 ], [ 3282432.443633404560387, 2324325.71885322034359 ], [ 3282431.734614041168243, 2324317.177016678266227 ], [ 3282431.367519102524966, 2324312.705351528711617 ], [ 3282433.262438079342246, 2324310.709213393740356 ], [ 3282433.354568770155311, 2324308.29824539180845 ], [ 3282433.466839721426368, 2324305.142975988332182 ], [ 3282464.15065011754632, 2324293.77085885964334 ], [ 3282457.702876548748463, 2324276.949250712059438 ], [ 3282498.336864338256419, 2324257.694909894838929 ], [ 3282502.011176412925124, 2324254.483948007691652 ], [ 3282505.547181941568851, 2324253.154219246003777 ], [ 3282506.931996966712177, 2324252.627510575577617 ], [ 3282510.458140302915126, 2324251.299509778153151 ], [ 3282516.153583952225745, 2324249.155169983860105 ], [ 3282536.323699428699911, 2324241.542676885146648 ], [ 3282522.050478277727962, 2324212.372334913350642 ], [ 3282520.892006791196764, 2324198.855752717703581 ], [ 3282521.941306418739259, 2324196.09446709882468 ], [ 3282528.992242660839111, 2324177.385262528900057 ], [ 3282516.439685283228755, 2324171.668969205580652 ], [ 3282516.010494738817215, 2324171.216476378031075 ], [ 3282508.17496335413307, 2324163.080744484439492 ], [ 3282498.691723218653351, 2324163.158886945806444 ], [ 3282497.786662243306637, 2324161.906913515180349 ], [ 3282495.968293443322182, 2324159.414558848831803 ], [ 3282495.517569724470377, 2324156.662340977229178 ], [ 3282494.62420017644763, 2324151.207228216342628 ], [ 3282492.674445291049778, 2324145.744357137475163 ], [ 3282489.985744561068714, 2324146.052971257828176 ], [ 3282485.694655217695981, 2324146.550945275928825 ], [ 3282483.872062399983406, 2324146.758582786656916 ], [ 3282473.699154729489237, 2324149.068229594267905 ], [ 3282472.662832706235349, 2324148.935186214279383 ], [ 3282470.62300691800192, 2324148.683645906858146 ], [ 3282468.768782122991979, 2324148.450331997592002 ], [ 3282466.686275717336684, 2324148.185972983948886 ], [ 3282466.188635616097599, 2324146.943812913261354 ], [ 3282464.904532223008573, 2324143.749018202535808 ], [ 3282457.472676027566195, 2324143.467827522661537 ], [ 3282455.085270395502448, 2324141.775333075318485 ], [ 3282449.284768048673868, 2324138.570013628806919 ], [ 3282440.995232759043574, 2324139.494410433806479 ], [ 3282433.740199819207191, 2324137.071554499678314 ], [ 3282433.280913958791643, 2324136.80698999017477 ], [ 3282430.530045311432332, 2324135.249196719378233 ], [ 3282427.331368779763579, 2324133.434976032935083 ], [ 3282415.721554762218148, 2324130.191925572697073 ], [ 3282412.08839158853516, 2324133.963943797163665 ], [ 3282407.155187172815204, 2324139.090070647187531 ], [ 3282402.317128665745258, 2324144.859123876318336 ], [ 3282398.906555362511426, 2324148.937170509714633 ], [ 3282395.240497782360762, 2324153.313660196494311 ], [ 3282388.620927976444364, 2324160.47042664187029 ], [ 3282383.576779228169471, 2324165.910272303968668 ], [ 3282376.088095332030207, 2324177.795841594226658 ], [ 3282374.96099274372682, 2324179.586446242406964 ], [ 3282374.084658738225698, 2324177.456749882549047 ], [ 3282373.224649236071855, 2324175.364784271456301 ], [ 3282367.994292775169015, 2324163.870505657512695 ], [ 3282364.50699022738263, 2324155.957416575402021 ], [ 3282360.386267628520727, 2324146.592558118514717 ], [ 3282356.347325788810849, 2324136.178322099614888 ], [ 3282354.666172333993018, 2324132.789241953752935 ], [ 3282354.155269360169768, 2324131.589995442889631 ], [ 3282360.781859204173088, 2324128.998404073063284 ], [ 3282363.849037845619023, 2324133.788600110448897 ], [ 3282384.12251815572381, 2324132.13488395139575 ], [ 3282384.864543822593987, 2324111.080615115817636 ], [ 3282389.343344959896058, 2324109.250864568166435 ], [ 3282393.062232066877186, 2324107.736884658224881 ], [ 3282396.730202963575721, 2324107.398794292472303 ], [ 3282436.124804498627782, 2324103.7452906165272 ], [ 3282440.032705516554415, 2324103.38546999450773 ], [ 3282446.749102439731359, 2324102.76708289142698 ], [ 3282453.034953713417053, 2324102.183524446096271 ], [ 3282456.555224022828043, 2324108.873128736391664 ], [ 3282456.891912956256419, 2324109.504185684490949 ], [ 3282459.169306022580713, 2324111.763919421937317 ], [ 3282463.369769686833024, 2324111.951558553148061 ], [ 3282466.068762175738811, 2324112.077486330643296 ], [ 3282469.893256857059896, 2324111.580064214300364 ], [ 3282474.629940717946738, 2324110.953298435080796 ], [ 3282481.869592224713415, 2324104.733131954912096 ], [ 3282484.634708905126899, 2324102.35117805423215 ], [ 3282495.171784418169409, 2324102.017406738363206 ], [ 3282500.592297483701259, 2324101.84926952701062 ], [ 3282528.449086744338274, 2324100.967803825624287 ], [ 3282537.624043594580144, 2324100.679835251532495 ], [ 3282538.182624158449471, 2324109.542282497044653 ], [ 3282538.805407296866179, 2324119.5401581521146 ], [ 3282539.202002163045108, 2324125.802763747982681 ], [ 3282539.280742823146284, 2324127.026973043568432 ], [ 3282547.830828586127609, 2324130.481286752037704 ], [ 3282573.716841897461563, 2324130.513314650394022 ], [ 3282575.685259055346251, 2324131.629761633463204 ], [ 3282578.324580694083124, 2324133.125918828416616 ], [ 3282577.542043525725603, 2324123.267651285976171 ], [ 3282577.170630193315446, 2324118.583654901012778 ], [ 3282572.248846539761871, 2324056.439635569695383 ], [ 3282569.440996329300106, 2324004.539688757620752 ], [ 3282566.535400418564677, 2323963.565491563174874 ], [ 3282565.955880710389465, 2323929.794514027424157 ], [ 3282565.350735442247242, 2323919.966074233874679 ], [ 3282564.360671425703913, 2323903.822258740663528 ], [ 3282548.221531440503895, 2323902.843943497166038 ], [ 3282546.75489679723978, 2323898.534454725217074 ], [ 3282547.002849998883903, 2323886.790911902207881 ], [ 3282547.107915551867336, 2323882.104641451500356 ], [ 3282543.388827749993652, 2323880.148178400471807 ], [ 3282541.699113919399679, 2323879.246747794095427 ], [ 3282536.340401375200599, 2323879.048882693052292 ], [ 3282534.423439790029079, 2323881.282256820239127 ], [ 3282496.486345955636352, 2323883.056707368697971 ], [ 3282457.533769831061363, 2323884.887291250750422 ], [ 3282456.375357798300683, 2323884.937993153464049 ], [ 3282451.352228364907205, 2323885.178582529071718 ], [ 3282435.143908276222646, 2323887.804644086863846 ], [ 3282365.374757387675345, 2323899.082221780903637 ], [ 3282335.76273341383785, 2323932.611442151479423 ], [ 3282333.843573827296495, 2323935.636722412891686 ], [ 3282328.529986585024744, 2323944.015807291027158 ], [ 3282317.394746649079025, 2323937.90920049091801 ], [ 3282304.65669019985944, 2323931.555686975829303 ], [ 3282293.514415425248444, 2323928.565616177860647 ], [ 3282290.713398711755872, 2323928.498154380824417 ], [ 3282289.003201437182724, 2323928.462860152125359 ], [ 3282286.469067814294249, 2323928.72410835698247 ], [ 3282283.244734332896769, 2323929.045373701024801 ], [ 3282280.691473604179919, 2323929.685432410798967 ], [ 3282277.582516768015921, 2323930.463422922417521 ], [ 3282272.171116680838168, 2323932.669637070968747 ], [ 3282267.124036849942058, 2323935.613691187463701 ], [ 3282262.543302163481712, 2323939.237123279832304 ], [ 3282258.51121265348047, 2323943.484926535747945 ], [ 3282256.456106325611472, 2323946.361516813747585 ], [ 3282255.128347306512296, 2323948.227859214413911 ], [ 3282254.150449831970036, 2323950.124244241043925 ], [ 3282252.424293453339487, 2323953.460738377645612 ], [ 3282250.501584664452821, 2323958.942356607411057 ], [ 3282249.381561241578311, 2323964.679123144596815 ], [ 3282249.139115083497018, 2323969.145931568462402 ], [ 3282249.069578344002366, 2323970.517886307090521 ], [ 3282249.107251903042197, 2323971.739142547361553 ], [ 3282249.2796168201603, 2323975.331630538217723 ], [ 3282249.410399022977799, 2323977.926793568767607 ], [ 3282249.852789227385074, 2323981.309620003215969 ], [ 3282250.162192755378783, 2323982.88917978014797 ], [ 3282250.495998020749539, 2323984.555793197825551 ], [ 3282251.397414824925363, 2323987.705998008605093 ], [ 3282252.362344046588987, 2323991.058176253456622 ], [ 3282254.054887953214347, 2323995.074407717213035 ], [ 3282254.999913688283414, 2323997.313840080052614 ], [ 3282258.340178559534252, 2324003.152132614515722 ], [ 3282258.783568152226508, 2324003.815236028283834 ], [ 3282255.242770689539611, 2324012.178077490068972 ], [ 3282252.591785832308233, 2324018.41642170958221 ], [ 3282251.898106249980628, 2324019.136641263496131 ], [ 3282260.373949045781046, 2324031.554087294265628 ], [ 3282262.310074105858803, 2324034.827468754723668 ], [ 3282273.796063581481576, 2324054.226827443577349 ], [ 3282274.982556452043355, 2324057.073406983166933 ], [ 3282276.833332410547882, 2324061.498267732560635 ], [ 3282281.259450047276914, 2324072.108514882624149 ], [ 3282284.918493284378201, 2324080.884502900764346 ], [ 3282285.805195001885295, 2324082.829725784249604 ], [ 3282286.484526343643665, 2324084.314042949583381 ], [ 3282300.740460841916502, 2324115.547347407788038 ], [ 3282308.142876718658954, 2324138.817936508450657 ], [ 3282309.83187307137996, 2324144.113387258723378 ], [ 3282316.126571424305439, 2324160.434125601314008 ], [ 3282323.830621533095837, 2324180.404657272621989 ], [ 3282331.138594061601907, 2324202.788663750980049 ], [ 3282336.802679100539535, 2324223.745694375596941 ], [ 3282338.180163715966046, 2324228.811583374626935 ], [ 3282338.978630784433335, 2324231.766727082431316 ], [ 3282341.681397386360914, 2324241.765583970583975 ], [ 3282355.303326042369008, 2324285.977112723514438 ], [ 3282359.494524913374335, 2324299.55102874385193 ], [ 3282365.517642713617533, 2324317.248688152991235 ], [ 3282366.950047218706459, 2324321.472857167944312 ], [ 3282372.738511502742767, 2324344.985601992812008 ], [ 3282365.178213106002659, 2324369.071005078032613 ], [ 3282343.797499482519925, 2324384.902110850438476 ], [ 3282334.040230951271951, 2324394.333644437603652 ], [ 3282324.964992017485201, 2324403.09773782081902 ], [ 3282320.963549263309687, 2324406.974883864168078 ], [ 3282319.328816276974976, 2324409.940212506335229 ], [ 3282318.148166539613158, 2324412.085223017260432 ], [ 3282317.225122418254614, 2324413.758908644318581 ], [ 3282312.395147252827883, 2324422.550565984100103 ], [ 3282310.440066651441157, 2324426.099687550216913 ], [ 3282308.861447425093502, 2324428.974006938748062 ], [ 3282306.04929883684963, 2324434.104077239520848 ], [ 3282297.120434098411351, 2324450.514130542986095 ], [ 3282276.789959236979485, 2324472.138258735649288 ], [ 3282275.097958249971271, 2324501.081357783637941 ], [ 3282274.92040350381285, 2324504.085711095947772 ], [ 3282276.323035513050854, 2324511.349236922338605 ], [ 3282278.10294155869633, 2324520.60663922643289 ], [ 3282283.682281037792563, 2324549.656063455622643 ], [ 3282289.258363229222596, 2324594.110146953724325 ], [ 3282292.478009126149118, 2324619.777737343683839 ], [ 3282282.94736858876422, 2324641.123518475797027 ], [ 3282267.29645808134228, 2324663.196419379673898 ], [ 3282258.906199254095554, 2324671.434668070171028 ], [ 3282250.804241772275418, 2324679.389020205009729 ], [ 3282247.025900272652507, 2324682.212345746345818 ], [ 3282241.866251458413899, 2324686.079308745916933 ], [ 3282219.795039295218885, 2324700.357169012539089 ], [ 3282203.621035553049296, 2324710.811378899030387 ], [ 3282190.552852020598948, 2324718.052693773061037 ], [ 3282161.040029949042946, 2324734.405426438897848 ], [ 3282109.450889145024121, 2324762.155078187584877 ], [ 3282081.487842548638582, 2324770.625647894106805 ], [ 3282063.972726172301918, 2324775.926456874236465 ], [ 3281999.097472306806594, 2324791.746281942818314 ], [ 3281998.551644342951477, 2324791.882492404896766 ], [ 3281998.20969405118376, 2324791.962691636756063 ], [ 3281988.794231731444597, 2324793.693303765263408 ], [ 3281972.070616278797388, 2324796.765071886125952 ], [ 3281921.801160909235477, 2324805.997684456408024 ], [ 3281917.354432264342904, 2324806.350481220521033 ], [ 3281867.672949293628335, 2324810.314980226103216 ], [ 3281829.776890379376709, 2324809.860617119818926 ], [ 3281815.952149940654635, 2324809.69486793782562 ], [ 3281754.231031700503081, 2324803.08405428705737 ], [ 3281696.269088365137577, 2324795.824881935492158 ], [ 3281653.04433663841337, 2324789.099298341199756 ], [ 3281622.124713611789048, 2324784.287229115143418 ], [ 3281614.12174261175096, 2324783.801799608394504 ], [ 3281603.630140003748238, 2324783.173936798237264 ], [ 3281517.870762714184821, 2324778.024596741888672 ], [ 3281497.186260072514415, 2324780.450926551129669 ], [ 3281461.449408276472241, 2324784.631475791335106 ], [ 3281457.258606574032456, 2324785.122129503637552 ], [ 3281451.404645361937582, 2324785.80268044071272 ], [ 3281417.497340490110219, 2324795.578845635522157 ], [ 3281400.159574911929667, 2324862.790413456037641 ], [ 3281413.187692559789866, 2324921.769690543413162 ], [ 3281432.406276762485504, 2324934.365047887898982 ], [ 3281443.228242995217443, 2324940.292984582018107 ], [ 3281462.957747836131603, 2324951.114317476283759 ], [ 3281469.365005352068692, 2324952.944787208456546 ], [ 3281473.802329340018332, 2324954.207084150519222 ], [ 3281482.196722991764545, 2324957.516008567065001 ], [ 3281485.861389731988311, 2324958.954261940903962 ], [ 3281493.235019600950181, 2324961.853451872244477 ], [ 3281508.53041079826653, 2324959.539113605394959 ], [ 3281517.312455905601382, 2324958.710896526928991 ], [ 3281537.793501336593181, 2324959.750112030655146 ], [ 3281542.859129570424557, 2324966.706827523186803 ], [ 3281549.387364046648145, 2324984.823476984165609 ], [ 3281563.75571691757068, 2324988.618118237238377 ], [ 3281572.110460584051907, 2324990.817750505171716 ], [ 3281605.285235511604697, 2324998.806663572788239 ], [ 3281646.697087255306542, 2325008.772301866672933 ], [ 3281698.703319404274225, 2325024.391225309111178 ], [ 3281729.91427465248853, 2325033.769450407475233 ], [ 3281765.156931006815284, 2325044.349143104627728 ], [ 3281782.130899028852582, 2325085.670184504240751 ], [ 3281801.073097572661936, 2325131.760863102041185 ], [ 3281790.771217929199338, 2325142.759467729367316 ], [ 3281782.853275103494525, 2325150.164202386513352 ], [ 3281784.514921607915312, 2325150.522551269736141 ], [ 3281788.396461402997375, 2325151.364699310623109 ], [ 3281795.937891812063754, 2325152.996497422922403 ], [ 3281803.465815225616097, 2325152.377872281242162 ], [ 3281805.518282508477569, 2325152.211107136681676 ], [ 3281827.661651894450188, 2325150.391801492776722 ], [ 3281830.775679210666567, 2325150.140540201682597 ], [ 3281828.029412052594125, 2325164.777702455874532 ], [ 3281820.699424749240279, 2325203.831600866280496 ], [ 3281822.964558375068009, 2325204.591610632371157 ], [ 3281842.254185193218291, 2325209.320281023625284 ], [ 3281837.331154434476048, 2325228.692163975443691 ], [ 3281841.897975795436651, 2325230.063712317962199 ], [ 3281851.929526623338461, 2325233.085856940597296 ], [ 3281848.629186495672911, 2325276.487377691082656 ], [ 3281846.264757980592549, 2325275.988308416679502 ], [ 3281842.63768524536863, 2325275.213204356376082 ], [ 3281838.248862175270915, 2325284.962809540797025 ], [ 3281835.845360664185137, 2325290.295373515691608 ], [ 3281853.414607226848602, 2325299.881755739916116 ], [ 3281866.339709092397243, 2325306.94315223256126 ], [ 3281883.424721281975508, 2325310.414121331647038 ], [ 3281891.53621482104063, 2325312.057679176796228 ], [ 3281892.303017509169877, 2325312.217626840341836 ], [ 3281893.866209732368588, 2325312.532338877674192 ], [ 3281894.935386224649847, 2325309.087614929303527 ], [ 3281895.38789726793766, 2325307.638398720882833 ], [ 3281901.644191887229681, 2325307.618018379434943 ], [ 3281969.398825083393604, 2325307.397726379334927 ], [ 3281975.739575954154134, 2325317.865432813297957 ], [ 3282010.934477643109858, 2325327.905592616647482 ], [ 3282035.279460185673088, 2325309.362841335590929 ], [ 3282035.283531256020069, 2325309.0779925333336 ], [ 3282035.293815542478114, 2325306.539265847764909 ], [ 3282038.767552472651005, 2325298.573630122002214 ], [ 3282049.415984054561704, 2325305.485924049746245 ], [ 3282054.789457110222429, 2325311.039089736528695 ], [ 3282059.013041493017226, 2325304.616462792735547 ], [ 3282058.855018667411059, 2325300.554624072741717 ], [ 3282058.64542045397684, 2325294.939075431786478 ], [ 3282059.925499665550888, 2325282.93334713857621 ], [ 3282059.114407490007579, 2325277.981296178419143 ], [ 3282058.762180346995592, 2325275.830803950317204 ], [ 3282059.35612562391907, 2325273.139090532436967 ], [ 3282060.625538611784577, 2325267.386213045567274 ], [ 3282061.422194458078593, 2325260.295479358173907 ], [ 3282061.952816360164434, 2325255.544730349443853 ], [ 3282061.920883791521192, 2325243.890625318512321 ] ] ], [ [ [ 3284251.872111114673316, 2325646.976037656888366 ], [ 3284269.620728636160493, 2325627.367443053051829 ], [ 3284276.041664160788059, 2325626.060164328664541 ], [ 3284284.691673814319074, 2325624.301580701954663 ], [ 3284297.65734337316826, 2325613.151547075714916 ], [ 3284307.439645622391254, 2325604.740805149078369 ], [ 3284322.395411737263203, 2325590.441496695391834 ], [ 3284342.618629065342247, 2325571.322957281023264 ], [ 3284348.464286198839545, 2325568.919038663618267 ], [ 3284349.357424640096724, 2325568.549509286414832 ], [ 3284353.566525659058243, 2325566.807689227629453 ], [ 3284365.92229553963989, 2325559.366887655109167 ], [ 3284369.685813150368631, 2325548.834159586578608 ], [ 3284377.889273968990892, 2325539.827283788938075 ], [ 3284378.611660593189299, 2325535.256137356162071 ], [ 3284378.772153595462441, 2325534.253863664343953 ], [ 3284379.138109947089106, 2325532.02834156807512 ], [ 3284379.933944431133568, 2325527.03842981159687 ], [ 3284380.592579183168709, 2325522.945236768107861 ], [ 3284380.603593683801591, 2325518.366767477244139 ], [ 3284385.41898534167558, 2325516.610090674832463 ], [ 3284386.185360335744917, 2325516.333797391504049 ], [ 3284389.803493286017329, 2325515.010062367189676 ], [ 3284392.836074895225465, 2325513.332245518453419 ], [ 3284396.788488909602165, 2325511.138160098344088 ], [ 3284398.677465599030256, 2325510.096985746175051 ], [ 3284405.576158225536346, 2325505.945922279264778 ], [ 3284414.368738117162138, 2325503.137497308198363 ], [ 3284416.497071066871285, 2325502.876351948827505 ], [ 3284420.692946801893413, 2325502.354561085812747 ], [ 3284432.841932495124638, 2325493.651120482943952 ], [ 3284443.703598605468869, 2325481.114139757119119 ], [ 3284451.400696977507323, 2325472.236565514001995 ], [ 3284479.485722621902823, 2325448.280870855785906 ], [ 3284482.009617228526622, 2325442.815801231190562 ], [ 3284484.282203420996666, 2325437.9224185324274 ], [ 3284503.863543974235654, 2325422.813074567355216 ], [ 3284504.156157342717052, 2325421.564417818561196 ], [ 3284504.279255014378577, 2325421.01518699945882 ], [ 3284506.430922566447407, 2325411.728814110159874 ], [ 3284511.321262457408011, 2325407.828048963565379 ], [ 3284504.54524002969265, 2325397.923583945259452 ], [ 3284490.155369626358151, 2325376.901627697981894 ], [ 3284486.397653568536043, 2325368.700982769019902 ], [ 3284496.50640167016536, 2325359.309721137396991 ], [ 3284500.187837278936058, 2325355.894672328606248 ], [ 3284504.564393959473819, 2325351.830207917839289 ], [ 3284506.68481816444546, 2325340.184943080414087 ], [ 3284508.163840107619762, 2325324.623454187531024 ], [ 3284490.132994764018804, 2325320.891260156873614 ], [ 3284472.322187450248748, 2325317.201712709851563 ], [ 3284443.572339402046055, 2325294.04725480498746 ], [ 3284423.414077205583453, 2325274.228409469127655 ], [ 3284434.6565883718431, 2325264.202233678661287 ], [ 3284450.176466346718371, 2325274.655506222043186 ], [ 3284473.574383254162967, 2325290.406063078437001 ], [ 3284482.313556302338839, 2325289.687262733466923 ], [ 3284512.187645169440657, 2325269.964408273342997 ], [ 3284529.190351095516235, 2325258.746752992272377 ], [ 3284540.442114988341928, 2325251.316748168319464 ], [ 3284540.388799692038447, 2325250.991218253970146 ], [ 3284540.316097020637244, 2325250.547313837334514 ], [ 3284534.438501639757305, 2325214.660109999123961 ], [ 3284533.133090526796877, 2325206.689560660626739 ], [ 3284525.899616377428174, 2325197.646577639505267 ], [ 3284521.641036392189562, 2325192.334371834993362 ], [ 3284516.157776193227619, 2325185.491287972778082 ], [ 3284484.497787686064839, 2325145.930619054008275 ], [ 3284507.497378147207201, 2325094.391882389783859 ], [ 3284528.789837061427534, 2325108.065666793845594 ], [ 3284569.583848714828491, 2325134.265669846441597 ], [ 3284581.230900064576417, 2325121.753603650256991 ], [ 3284586.413232689723372, 2325131.653049980290234 ], [ 3284588.963035349734128, 2325141.151019349694252 ], [ 3284590.05742398602888, 2325145.231442261487246 ], [ 3284592.085244799498469, 2325152.781186261679977 ], [ 3284595.588251569774002, 2325154.471152710262686 ], [ 3284606.666490831878036, 2325164.007731060497463 ], [ 3284651.305159564130008, 2325239.947157624643296 ], [ 3284683.191267358139157, 2325262.552400348242372 ], [ 3284685.953482981305569, 2325260.028983780182898 ], [ 3284690.109177159145474, 2325256.226471641100943 ], [ 3284702.806837556418031, 2325244.616196342743933 ], [ 3284707.6512187756598, 2325241.301920985803008 ], [ 3284711.372990028467029, 2325238.752517237793654 ], [ 3284720.18604370765388, 2325232.723828874528408 ], [ 3284732.729990863706917, 2325220.856358587276191 ], [ 3284740.957791103050113, 2325211.997553068213165 ], [ 3284753.264085534960032, 2325198.740919848438352 ], [ 3284770.799421199131757, 2325177.952341411728412 ], [ 3284775.108187128324062, 2325179.978129734285176 ], [ 3284779.526887146290392, 2325182.055697193834931 ], [ 3284779.034958157688379, 2325187.043084111064672 ], [ 3284778.314789490308613, 2325194.353627282194793 ], [ 3284793.177301213145256, 2325196.580864786170423 ], [ 3284792.974205174483359, 2325202.278727649711072 ], [ 3284792.604982710443437, 2325212.785148746799678 ], [ 3284800.439414258580655, 2325209.515478405635804 ], [ 3284809.193348874803632, 2325205.851379663217813 ], [ 3284815.735965596046299, 2325202.747070474084467 ], [ 3284822.635585873853415, 2325199.468616150319576 ], [ 3284841.552979999221861, 2325197.678157542832196 ], [ 3284841.552979999221861, 2324585.845845583826303 ], [ 3284801.592742966488004, 2324608.787212087772787 ], [ 3284800.424362576566637, 2324619.494418481364846 ], [ 3284799.045060016680509, 2324632.197018824983388 ], [ 3284798.377344072796404, 2324638.34152948204428 ], [ 3284805.336453668307513, 2324646.762833253946155 ], [ 3284803.235093083232641, 2324652.082792191766202 ], [ 3284791.684332962147892, 2324660.041935783810914 ], [ 3284773.767015282064676, 2324653.286071989219636 ], [ 3284755.041489977389574, 2324647.666203432716429 ], [ 3284748.105529343243688, 2324652.767377976328135 ], [ 3284742.680909837596118, 2324656.751485254149884 ], [ 3284730.971838351804763, 2324663.743921593297273 ], [ 3284704.42965693725273, 2324677.423543030396104 ], [ 3284684.46542642917484, 2324687.718726880382746 ], [ 3284650.973987622652203, 2324708.338593035470694 ], [ 3284644.033782832324505, 2324712.608442175202072 ], [ 3284627.330330789554864, 2324731.353667453862727 ], [ 3284610.986844106577337, 2324739.411478903144598 ], [ 3284596.221102501265705, 2324746.695752924308181 ], [ 3284549.186990258283913, 2324785.59874230157584 ], [ 3284539.315204116515815, 2324793.03052942128852 ], [ 3284525.903658339288086, 2324803.132051376625896 ], [ 3284524.433187972288579, 2324808.463318278081715 ], [ 3284314.491112447343767, 2325021.352336563169956 ], [ 3284308.920698408037424, 2325022.835331510752439 ], [ 3284307.988441919907928, 2325023.089937427546829 ], [ 3284304.457276391796768, 2325029.776603295933455 ], [ 3284295.604627131018788, 2325046.528046903666109 ], [ 3284282.98162388894707, 2325067.948116623796523 ], [ 3284268.257091280538589, 2325085.890362280420959 ], [ 3284251.916892285924405, 2325098.737412711139768 ], [ 3284221.633864421863109, 2325120.175890518352389 ], [ 3284202.566995057277381, 2325130.435981456190348 ], [ 3284178.510795314796269, 2325147.709197307471186 ], [ 3284149.350300723686814, 2325166.647647493518889 ], [ 3284124.050475571770221, 2325185.681146835908294 ], [ 3284097.479483823291957, 2325211.07656826544553 ], [ 3284086.312267547473311, 2325225.960453599691391 ], [ 3284072.254337264224887, 2325244.68919263035059 ], [ 3284061.716799052897841, 2325262.984001351520419 ], [ 3284055.506248593330383, 2325273.752533985301852 ], [ 3284047.288726568222046, 2325289.611494166310877 ], [ 3284039.750074011273682, 2325304.164292254950851 ], [ 3284026.677354690618813, 2325351.022026503458619 ], [ 3284022.370524624828249, 2325380.970883854199201 ], [ 3284020.935403580311686, 2325405.038560551591218 ], [ 3284022.337332827039063, 2325431.004151248373091 ], [ 3284022.826535130850971, 2325440.061417176388204 ], [ 3284026.006178767420352, 2325459.474893948063254 ], [ 3284027.677767167799175, 2325465.159024860709906 ], [ 3284028.672184272669256, 2325468.56693955976516 ], [ 3284039.75799781549722, 2325474.185167316813022 ], [ 3284045.291544058360159, 2325481.273118290118873 ], [ 3284052.030620123725384, 2325503.959820370189846 ], [ 3284057.724592745304108, 2325516.61098072398454 ], [ 3284065.763431841041893, 2325534.473183890804648 ], [ 3284075.04770555626601, 2325562.417027250863612 ], [ 3284089.591466531157494, 2325575.33454519091174 ], [ 3284088.559568879194558, 2325555.159268099814653 ], [ 3284092.861094098072499, 2325556.831115182954818 ], [ 3284111.708203156013042, 2325578.493016861844808 ], [ 3284126.77764310548082, 2325596.788004209287465 ], [ 3284129.837048144079745, 2325625.253888545557857 ], [ 3284129.354412833228707, 2325661.371679999865592 ], [ 3284154.082575344946235, 2325661.371679999865592 ], [ 3284158.370518720708787, 2325651.236723750829697 ], [ 3284161.411376337986439, 2325653.697645003907382 ], [ 3284167.965141841676086, 2325659.023890700191259 ], [ 3284170.178293357603252, 2325661.371679999865592 ], [ 3284238.832868493627757, 2325661.371679999865592 ], [ 3284251.872111114673316, 2325646.976037656888366 ] ] ], [ [ [ 3284828.749744508415461, 2317444.179926598444581 ], [ 3284781.112047486007214, 2317522.339772914536297 ], [ 3284771.267519980669022, 2317538.502124584279954 ], [ 3284760.638816854916513, 2317555.9483553012833 ], [ 3284751.183211362920702, 2317639.772619782947004 ], [ 3284750.114088744856417, 2317649.173099674750119 ], [ 3284741.503637722693384, 2317725.513331559486687 ], [ 3284733.54591465741396, 2317796.107860173564404 ], [ 3284733.07725548138842, 2317800.187760358210653 ], [ 3284732.652256240136921, 2317807.324360948055983 ], [ 3284732.26220793556422, 2317813.744564759545028 ], [ 3284731.903171128593385, 2317819.672291713766754 ], [ 3284731.346061137039214, 2317828.729480541311204 ], [ 3284726.989825038705021, 2317900.499708395451307 ], [ 3284731.228016908280551, 2317909.782805460039526 ], [ 3284762.118328368291259, 2317977.401655468158424 ], [ 3284765.470045399386436, 2317984.739554877392948 ], [ 3284767.174508887343109, 2317988.459304448682815 ], [ 3284768.330366702750325, 2317990.996596198063344 ], [ 3284787.573752391152084, 2318033.136255137622356 ], [ 3284795.812365808989853, 2318045.35157379321754 ], [ 3284798.423349638469517, 2318049.217024803627282 ], [ 3284830.797130701132119, 2318097.195723874960095 ], [ 3284841.552979999221861, 2318102.387394340243191 ], [ 3284841.552979999221861, 2317423.178001950960606 ], [ 3284828.749744508415461, 2317444.179926598444581 ] ] ] ] } },
{ "type": "Feature", "properties": { "CODE_18": "122", "Uso": "Redes viarias, ferroviarias y terrenos asociados", "color": "#CC0000" }, "geometry": { "type": "MultiPolygon", "coordinates": [ [ [ [ 3281238.006262517999858, 2324756.548985060304403 ], [ 3281229.639449847862124, 2324750.992605556268245 ], [ 3281224.45838703494519, 2324750.144756633788347 ], [ 3281210.407098924275488, 2324743.392375055700541 ], [ 3281202.917285794857889, 2324744.491466390900314 ], [ 3281202.616908892523497, 2324741.418595611583441 ], [ 3281202.2928023384884, 2324738.015007715672255 ], [ 3281196.131340841762722, 2324729.880354049615562 ], [ 3281191.701967959757894, 2324726.932156746275723 ], [ 3281179.419626589864492, 2324726.892083574552089 ], [ 3281166.171322766691446, 2324725.042442780453712 ], [ 3281162.557489355560392, 2324723.047319652047008 ], [ 3281158.343471589498222, 2324720.051246621645987 ], [ 3281150.288788435980678, 2324715.099791591987014 ], [ 3281144.656655688304454, 2324712.798669372685254 ], [ 3281138.726061555556953, 2324712.082142532803118 ], [ 3281134.97890330851078, 2324709.582697534933686 ], [ 3281131.950007971376181, 2324707.566277376376092 ], [ 3281126.735996184870601, 2324704.968652618583292 ], [ 3281122.163469806779176, 2324702.694992880802602 ], [ 3281112.845105438027531, 2324696.655880487058312 ], [ 3281103.833242923952639, 2324693.850930749438703 ], [ 3281092.251564756035805, 2324694.124469319824129 ], [ 3281088.40086980490014, 2324692.231733444146812 ], [ 3281085.334410551469773, 2324690.729281947948039 ], [ 3281073.084691985044628, 2324689.587558279279619 ], [ 3281068.482142809778452, 2324686.882809565868229 ], [ 3281065.351426910143346, 2324686.041070577688515 ], [ 3281062.05160507094115, 2324685.157924904488027 ], [ 3281057.120133441872895, 2324683.170405530370772 ], [ 3281055.137378887273371, 2324683.081430705729872 ], [ 3281051.478140969760716, 2324680.871017256285995 ], [ 3281049.349977755453438, 2324679.894223250448704 ], [ 3281042.473216311540455, 2324676.745655681937933 ], [ 3281041.551045006606728, 2324675.141516228206456 ], [ 3281035.103377039544284, 2324671.887329120188951 ], [ 3281029.424529715906829, 2324668.062093413900584 ], [ 3281019.414700288791209, 2324661.951328563503921 ], [ 3281032.552193515002728, 2324659.903337911702693 ], [ 3281041.651338268537074, 2324658.471536807715893 ], [ 3281044.738062578253448, 2324657.991631275042892 ], [ 3281050.771823891438544, 2324657.046146127395332 ], [ 3281052.613621590193361, 2324651.071186023298651 ], [ 3281053.880139871034771, 2324646.972865270916373 ], [ 3281054.975868482142687, 2324643.442295921035111 ], [ 3281007.405546167865396, 2324621.333428423851728 ], [ 3280967.509322033729404, 2324602.781432715244591 ], [ 3280984.172344328369945, 2324568.120013122446835 ], [ 3280986.832473219372332, 2324565.654859972186387 ], [ 3280990.100396263413131, 2324562.62657477427274 ], [ 3280992.725923432037234, 2324560.197927567176521 ], [ 3281008.241008528042585, 2324558.047969745472074 ], [ 3281030.488983018323779, 2324561.760934995021671 ], [ 3281033.07158335018903, 2324562.972691657021642 ], [ 3281049.495787218213081, 2324570.709701812360436 ], [ 3281050.471181871835142, 2324569.107987082097679 ], [ 3281050.720365595538169, 2324568.709160640835762 ], [ 3281064.715627231169492, 2324545.819731680676341 ], [ 3281077.500512250699103, 2324545.335401926655322 ], [ 3281075.877906904090196, 2324538.587318155914545 ], [ 3281071.976615984924138, 2324522.324146881699562 ], [ 3281068.836276316083968, 2324520.804194882977754 ], [ 3281061.059226003009826, 2324517.052272251807153 ], [ 3281057.996000663843006, 2324515.569548930972815 ], [ 3281051.32150452863425, 2324512.355096981395036 ], [ 3281050.571703381836414, 2324511.989222934003919 ], [ 3281049.756266013719141, 2324511.59425739524886 ], [ 3281092.33037091884762, 2324428.677099817432463 ], [ 3281093.086196003016084, 2324413.221663691103458 ], [ 3281110.976139033678919, 2324420.864267057273537 ], [ 3281119.855474947020411, 2324424.656478493008763 ], [ 3281132.642108499072492, 2324437.191355643328279 ], [ 3281152.091153510846198, 2324437.132709375582635 ], [ 3281166.684578938409686, 2324427.868389209266752 ], [ 3281184.949568654410541, 2324424.668458634056151 ], [ 3281191.359152803197503, 2324424.468974130228162 ], [ 3281203.641079190187156, 2324424.072799780871719 ], [ 3281218.302721756976098, 2324427.552186896558851 ], [ 3281223.735964148305357, 2324428.700886476784945 ], [ 3281256.909552208147943, 2324431.169595374260098 ], [ 3281303.387010334990919, 2324444.499565459787846 ], [ 3281371.709623860195279, 2324471.162196290679276 ], [ 3281380.770397680811584, 2324474.69940237980336 ], [ 3281388.661027751863003, 2324477.782009560614824 ], [ 3281416.14360861107707, 2324502.182464090175927 ], [ 3281518.826186793856323, 2324516.442788065876812 ], [ 3281532.26546108815819, 2324525.281251647509634 ], [ 3281540.82799367653206, 2324531.351350784767419 ], [ 3281545.017436792142689, 2324534.321305697318166 ], [ 3281556.448091881815344, 2324550.036612572614104 ], [ 3281562.209993961267173, 2324557.094588982872665 ], [ 3281594.723758530803025, 2324539.180757254362106 ], [ 3281626.764064311981201, 2324575.365918292663991 ], [ 3281664.246260649524629, 2324541.948789658024907 ], [ 3281693.324216965585947, 2324555.648185602389276 ], [ 3281755.734991738572717, 2324511.39995252341032 ], [ 3281845.060043706558645, 2324547.859784389846027 ], [ 3281873.934839372523129, 2324478.363869194407016 ], [ 3281838.532398202456534, 2324393.277610802091658 ], [ 3281744.24360535107553, 2324378.916161340661347 ], [ 3281735.802082541864365, 2324406.230880387127399 ], [ 3281725.376238023862243, 2324439.951379101257771 ], [ 3281668.91977075766772, 2324422.991044266615063 ], [ 3281621.051090553868562, 2324442.113197683356702 ], [ 3281628.989816451445222, 2324363.843828462995589 ], [ 3281593.787773336283863, 2324335.671096296980977 ], [ 3281560.641396485734731, 2324309.147486022207886 ], [ 3281532.060108184814453, 2324366.374381965957582 ], [ 3281518.260214168578386, 2324393.988591912668198 ], [ 3281490.691469258628786, 2324383.495350780896842 ], [ 3281468.333568426780403, 2324387.412206193432212 ], [ 3281457.49486987804994, 2324389.311029114294797 ], [ 3281442.80650389008224, 2324372.350022288970649 ], [ 3281403.949876380153, 2324353.331497852690518 ], [ 3281366.81760227587074, 2324314.425907274708152 ], [ 3281375.22268586885184, 2324303.800227080937475 ], [ 3281379.161866517271847, 2324286.224413469433784 ], [ 3281381.397552236448973, 2324276.273648416157812 ], [ 3281365.017095671035349, 2324266.387728517409414 ], [ 3281350.415683873929083, 2324279.692124053370208 ], [ 3281342.02164159109816, 2324289.889669798314571 ], [ 3281331.886376996990293, 2324304.136753639671952 ], [ 3281329.478324782568961, 2324307.521740870550275 ], [ 3281318.461245328187943, 2324322.207452642265707 ], [ 3281308.124005803838372, 2324328.71681843791157 ], [ 3281293.560737613588572, 2324325.900063083972782 ], [ 3281270.383036567829549, 2324322.705023793969303 ], [ 3281255.146121020428836, 2324318.128974765073508 ], [ 3281246.949410466477275, 2324309.894243760500103 ], [ 3281236.012467987369746, 2324304.56487547326833 ], [ 3281220.329578050877899, 2324302.035613021347672 ], [ 3281213.264881227631122, 2324300.898741884157062 ], [ 3281202.692476224154234, 2324302.750953823328018 ], [ 3281194.871658571995795, 2324304.12110819388181 ], [ 3281187.702456749975681, 2324302.160291385371238 ], [ 3281187.168326139450073, 2324300.447581119835377 ], [ 3281186.025073122698814, 2324296.812049825210124 ], [ 3281186.45834439015016, 2324292.829288249835372 ], [ 3281186.82429108582437, 2324289.426591486670077 ], [ 3281184.890032441355288, 2324282.509872766211629 ], [ 3281178.445317467674613, 2324277.601077151019126 ], [ 3281170.175494144670665, 2324273.813695396762341 ], [ 3281163.133923413231969, 2324272.632186346221715 ], [ 3281155.999657076783478, 2324274.663435807451606 ], [ 3281155.965634364169091, 2324273.898172956425697 ], [ 3281150.368088685907423, 2324270.383407397661358 ], [ 3281137.567371420096606, 2324262.346418318804353 ], [ 3281101.490414428524673, 2324227.406436088494956 ], [ 3281095.387490161694586, 2324245.584619258996099 ], [ 3281090.792187009006739, 2324243.233763570897281 ], [ 3281078.817764479201287, 2324234.047400258947164 ], [ 3281065.139108555391431, 2324229.198387937154621 ], [ 3281061.898071517702192, 2324230.222847118042409 ], [ 3281053.649968091398478, 2324232.824710433371365 ], [ 3281047.13097907602787, 2324233.966806711629033 ], [ 3281040.345707982778549, 2324235.15555524546653 ], [ 3281039.242288956418633, 2324233.745535542722791 ], [ 3281034.240854492876679, 2324227.366171934176236 ], [ 3281023.579283162485808, 2324216.34647641889751 ], [ 3281009.642140014097095, 2324209.919130489695817 ], [ 3281001.161587044596672, 2324212.216703402809799 ], [ 3280996.434066398534924, 2324213.704545803833753 ], [ 3280989.672449960839003, 2324215.843037470243871 ], [ 3280978.606401115655899, 2324207.30935828294605 ], [ 3280958.535939408931881, 2324202.768371910788119 ], [ 3280942.884374061599374, 2324196.651546644512564 ], [ 3280917.77353727677837, 2324176.077435948885977 ], [ 3280906.057617112062871, 2324168.469435844570398 ], [ 3280885.198177242651582, 2324164.066694389097393 ], [ 3280873.076448768377304, 2324160.609165946021676 ], [ 3280860.710116720758379, 2324157.082868951372802 ], [ 3280814.049778509885073, 2324147.529673026874661 ], [ 3280793.230552584398538, 2324128.629008560907096 ], [ 3280778.002171104308218, 2324119.211107005830854 ], [ 3280756.768102320376784, 2324112.458884463645518 ], [ 3280449.500005232170224, 2324024.133716370910406 ], [ 3280443.854731526225805, 2324022.433650343678892 ], [ 3280434.838413469493389, 2324020.654458266682923 ], [ 3280412.911463213618845, 2324013.759887193795294 ], [ 3280394.452323418110609, 2324007.597241735551506 ], [ 3280384.777916530612856, 2324003.782041529659182 ], [ 3280377.955780358053744, 2324001.09074297407642 ], [ 3280363.305344842374325, 2323993.591050025075674 ], [ 3280351.782150814775378, 2323992.920835969503969 ], [ 3280344.067984879016876, 2323994.942152701318264 ], [ 3280337.422990342602134, 2323999.465289728716016 ], [ 3280332.856752706691623, 2324000.265322952531278 ], [ 3280325.744557074271142, 2323999.086120566353202 ], [ 3280319.060948653146625, 2323997.984043401665986 ], [ 3280305.371772265993059, 2323996.353834081441164 ], [ 3280296.142206639051437, 2323993.272523594088852 ], [ 3280289.090104524977505, 2323991.159353857859969 ], [ 3280282.784062117803842, 2323989.575071517843753 ], [ 3280275.157130183186382, 2323996.279507998842746 ], [ 3280269.279539796058089, 2324001.337949848268181 ], [ 3280266.99363483954221, 2324002.743081766646355 ], [ 3280263.188696460798383, 2324005.094257280230522 ], [ 3280257.067311424762011, 2324016.903060699347407 ], [ 3280254.579014448449016, 2324024.939674434252083 ], [ 3280253.559433280956, 2324028.25395976100117 ], [ 3280249.28415826940909, 2324039.069565054029226 ], [ 3280247.079721781425178, 2324050.202241937629879 ], [ 3280250.635431271977723, 2324063.674444545060396 ], [ 3280257.76557738147676, 2324078.529627175070345 ], [ 3280259.644952222704887, 2324083.314799984917045 ], [ 3280261.214329360984266, 2324087.32217336492613 ], [ 3280262.806733547709882, 2324094.877217400819063 ], [ 3280226.547049716114998, 2324108.130689455196261 ], [ 3280195.291699446272105, 2324123.754659337457269 ], [ 3280186.689241452142596, 2324164.148032140452415 ], [ 3280176.236045801080763, 2324182.895828654523939 ], [ 3280159.504321536980569, 2324194.280481300316751 ], [ 3280164.856117267627269, 2324237.302827185485512 ], [ 3280166.180393831338733, 2324255.671623819507658 ], [ 3280166.096107742283493, 2324286.129647024907172 ], [ 3280159.463480273261666, 2324307.577123988885432 ], [ 3280163.50253571011126, 2324332.238822964951396 ], [ 3280186.726470066234469, 2324350.149748334195465 ], [ 3280211.702989261597395, 2324347.417503006756306 ], [ 3280215.929938837420195, 2324351.669587967451662 ], [ 3280228.617805399466306, 2324359.513100973330438 ], [ 3280236.469423450529575, 2324361.242621386423707 ], [ 3280243.940150848589838, 2324362.876514882780612 ], [ 3280256.135093815159053, 2324364.79892755439505 ], [ 3280272.182638568803668, 2324367.324942116625607 ], [ 3280279.940214923582971, 2324368.604147914331406 ], [ 3280285.978429638314992, 2324369.606182867661119 ], [ 3280314.739915537647903, 2324365.206186457537115 ], [ 3280316.086028716526926, 2324365.000777391251177 ], [ 3280348.797625818289816, 2324363.967800057027489 ], [ 3280379.440364645794034, 2324366.656226394698024 ], [ 3280396.631307817064226, 2324367.429334159009159 ], [ 3280409.868230804800987, 2324368.032665209379047 ], [ 3280458.882164316717535, 2324364.143449482508004 ], [ 3280483.889155134558678, 2324361.101550666149706 ], [ 3280495.905088597442955, 2324360.630064482335001 ], [ 3280508.556886269245297, 2324360.13850300386548 ], [ 3280517.126015503890812, 2324359.063342994078994 ], [ 3280535.516615075059235, 2324356.754496107343584 ], [ 3280553.674906216096133, 2324352.903311514761299 ], [ 3280575.914224379230291, 2324369.819858034141362 ], [ 3280578.414323802571744, 2324369.97039602836594 ], [ 3280616.313477628398687, 2324351.427002689801157 ], [ 3280627.189460618421435, 2324346.720713533461094 ], [ 3280629.118670231662691, 2324351.314501815941185 ], [ 3280632.996815032791346, 2324360.498622710350901 ], [ 3280622.453088217414916, 2324365.065517770126462 ], [ 3280583.895893495064229, 2324383.927159136626869 ], [ 3280583.435429523698986, 2324384.089016639627516 ], [ 3280583.024276897776872, 2324384.242234547622502 ], [ 3280567.37603461323306, 2324391.773619246669114 ], [ 3280565.174894987605512, 2324392.829021433368325 ], [ 3280562.353542611002922, 2324394.185895428061485 ], [ 3280547.045748194679618, 2324399.212036148644984 ], [ 3280545.51160513330251, 2324400.871066768653691 ], [ 3280542.692165650893003, 2324403.91213096678257 ], [ 3280536.42334109544754, 2324412.03270060243085 ], [ 3280515.913968086708337, 2324427.793213775381446 ], [ 3280518.868503231555223, 2324428.178707994520664 ], [ 3280524.393282463774085, 2324428.895254316739738 ], [ 3280540.814602402038872, 2324431.721160908229649 ], [ 3280551.892569496296346, 2324433.575485180132091 ], [ 3280559.620569253806025, 2324434.859903806354851 ], [ 3280573.457106640562415, 2324437.265982500743121 ], [ 3280580.496869848109782, 2324438.498475027736276 ], [ 3280581.746146140620112, 2324438.259299240075052 ], [ 3280584.343321407213807, 2324437.763668502215296 ], [ 3280593.829541535582393, 2324435.96970968041569 ], [ 3280594.200819289311767, 2324432.413839483633637 ], [ 3280602.023142176680267, 2324431.672486281488091 ], [ 3280607.304111670237035, 2324436.785133756697178 ], [ 3280616.204979724250734, 2324438.726623694878072 ], [ 3280622.207481327001005, 2324442.545866694767028 ], [ 3280627.553959157317877, 2324445.952366609126329 ], [ 3280632.227454170584679, 2324447.355900740716606 ], [ 3280640.659246167168021, 2324448.41554339742288 ], [ 3280642.247705357149243, 2324449.689840767532587 ], [ 3280643.590281918644905, 2324450.763672392815351 ], [ 3280650.005859985947609, 2324453.140600668266416 ], [ 3280654.777531955391169, 2324457.063867811113596 ], [ 3280665.512407026719302, 2324460.601958169601858 ], [ 3280669.888419207185507, 2324462.047467100899667 ], [ 3280672.364215241745114, 2324462.669060984626412 ], [ 3280678.837758607231081, 2324464.284903771709651 ], [ 3280689.669195942115039, 2324470.332863979041576 ], [ 3280694.895009184256196, 2324472.81677005533129 ], [ 3280695.533261555247009, 2324473.121002626139671 ], [ 3280714.273348627146333, 2324482.857204313855618 ], [ 3280718.797226615250111, 2324484.895820677280426 ], [ 3280739.654304566793144, 2324494.301714405417442 ], [ 3280743.102819611784071, 2324498.44665974797681 ], [ 3280754.315122941043228, 2324503.413126135244966 ], [ 3280760.811486219987273, 2324506.283295505680144 ], [ 3280767.045305106788874, 2324509.037100307643414 ], [ 3280772.886922892648727, 2324511.626222606282681 ], [ 3280805.034399578347802, 2324527.466488117352128 ], [ 3280828.189695316366851, 2324538.144124876242131 ], [ 3280851.297635135240853, 2324548.718439830932766 ], [ 3280857.426655625458807, 2324559.070962001569569 ], [ 3280858.10600413987413, 2324560.555279398802668 ], [ 3280858.933891758788377, 2324562.389038305729628 ], [ 3280860.704346585553139, 2324565.579816495999694 ], [ 3280862.713448617607355, 2324568.617158366832882 ], [ 3280864.28178035421297, 2324570.635769726708531 ], [ 3280864.949719918426126, 2324571.492927138693631 ], [ 3280867.408313545398414, 2324574.177528847474605 ], [ 3280870.077751562464982, 2324576.66282672714442 ], [ 3280877.679454975761473, 2324585.600493434350938 ], [ 3280808.352520598564297, 2324558.566348006483167 ], [ 3280731.360789914149791, 2324527.598342468496412 ], [ 3280750.052512986119837, 2324597.620558935217559 ], [ 3280724.237836415879428, 2324591.518720097374171 ], [ 3280695.658298215828836, 2324584.764761043712497 ], [ 3280695.76675072312355, 2324583.568621926009655 ], [ 3280696.083861808758229, 2324579.99179720133543 ], [ 3280613.850812701508403, 2324559.887016521766782 ], [ 3280577.512693081982434, 2324552.219360938761383 ], [ 3280576.720954224932939, 2324550.977985633071512 ], [ 3280575.155417073983699, 2324548.542830470949411 ], [ 3280554.915420855861157, 2324545.320472503546625 ], [ 3280534.925045863725245, 2324542.135567044839263 ], [ 3280508.903051465284079, 2324536.750027164816856 ], [ 3280450.951381887309253, 2324528.871092531830072 ], [ 3280443.117629324551672, 2324527.808175357524306 ], [ 3280439.685901468619704, 2324531.260963886976242 ], [ 3280436.089410464745015, 2324534.884689476341009 ], [ 3280435.141813155263662, 2324569.238506908528507 ], [ 3280435.085164054296911, 2324571.308427139185369 ], [ 3280435.017811310477555, 2324573.684655526652932 ], [ 3280433.141979006119072, 2324641.952578888274729 ], [ 3280585.494995159097016, 2324675.536653144750744 ], [ 3280710.658838099334389, 2324682.609387760516256 ], [ 3280862.797838136553764, 2324746.167397287674248 ], [ 3281061.213514260947704, 2324866.056084969080985 ], [ 3281261.820973986759782, 2324875.874435744713992 ], [ 3281267.395105971954763, 2324871.812956341542304 ], [ 3281296.022589857690036, 2324782.723699750378728 ], [ 3281290.425256592221558, 2324781.502276048995554 ], [ 3281284.970135859213769, 2324779.352791440673172 ], [ 3281283.092936672270298, 2324777.926115172915161 ], [ 3281281.427187486086041, 2324776.675495681818575 ], [ 3281278.239819598849863, 2324774.930379453115165 ], [ 3281274.308943501673639, 2324772.919762331061065 ], [ 3281269.01707246247679, 2324771.147586490958929 ], [ 3281266.839527851901948, 2324770.798448795452714 ], [ 3281263.055946115404367, 2324770.182706441730261 ], [ 3281260.518512423615903, 2324769.866177048534155 ], [ 3281258.053346058819443, 2324769.557282200083137 ], [ 3281256.089337830431759, 2324771.00747000426054 ], [ 3281254.246604355052114, 2324776.728893615305424 ], [ 3281251.843641418498009, 2324775.313148267567158 ], [ 3281238.480556206312031, 2324767.435568236745894 ], [ 3281241.363575998693705, 2324761.004208349622786 ], [ 3281238.006262517999858, 2324756.548985060304403 ] ] ], [ [ [ 3277893.197726704180241, 2325210.59247243963182 ], [ 3277896.042379044461995, 2325200.087980679236352 ], [ 3277899.803178617730737, 2325186.195860091131181 ], [ 3277894.000481881201267, 2325161.609436039812863 ], [ 3277872.731235929764807, 2325147.395442285574973 ], [ 3277871.953356375452131, 2325146.486530266702175 ], [ 3277870.865521596744657, 2325145.976973515935242 ], [ 3277869.154201056808233, 2325144.572037522681057 ], [ 3277868.595183164812624, 2325144.132167647127062 ], [ 3277866.236086612567306, 2325142.302917714230716 ], [ 3277864.391545484773815, 2325140.951774249318987 ], [ 3277863.2503871624358, 2325140.116679063998163 ], [ 3277861.443344652187079, 2325138.870591621380299 ], [ 3277860.208580586127937, 2325138.021457947790623 ], [ 3277858.539105925243348, 2325136.933924257289618 ], [ 3277857.109051012434065, 2325136.007389571983367 ], [ 3277854.309896041173488, 2325134.092897210270166 ], [ 3277849.579057929571718, 2325130.852682407014072 ], [ 3277840.983237968292087, 2325124.951158253476024 ], [ 3277836.252900874242187, 2325121.528192260302603 ], [ 3277831.837366914376616, 2325117.73546543577686 ], [ 3277827.759591902140528, 2325113.589250473305583 ], [ 3277824.052393679507077, 2325109.104091602377594 ], [ 3277820.732097784522921, 2325104.317719582933933 ], [ 3277817.82489177165553, 2325099.266136731486768 ], [ 3277816.39744568336755, 2325096.187768931034952 ], [ 3277815.366825220640749, 2325093.983616944868118 ], [ 3277813.928454882465303, 2325090.095323678571731 ], [ 3277813.343021743930876, 2325088.503211500588804 ], [ 3277811.801008796319366, 2325082.86733069550246 ], [ 3277811.524196465034038, 2325081.363201132975519 ], [ 3277810.76647328492254, 2325077.294728640001267 ], [ 3277805.878195500932634, 2325077.552725455723703 ], [ 3277803.362598738633096, 2325077.67902586935088 ], [ 3277800.777967874892056, 2325077.817425450310111 ], [ 3277794.893960135988891, 2325078.128160873427987 ], [ 3277787.099004180170596, 2325078.540409997105598 ], [ 3277786.845172777306288, 2325082.441138251684606 ], [ 3277786.755975314415991, 2325083.816603654995561 ], [ 3277777.194261128548533, 2325082.671267970930785 ], [ 3277769.992581812664866, 2325081.812519993633032 ], [ 3277761.446462993044406, 2325086.557697826530784 ], [ 3277747.357067636214197, 2325094.375046993605793 ], [ 3277734.857463039457798, 2325149.18320450745523 ], [ 3277738.42356548178941, 2325159.000501202885062 ], [ 3277740.72101188916713, 2325165.346270930487663 ], [ 3277743.174035749398172, 2325165.27152488194406 ], [ 3277743.698171357158571, 2325165.250698943156749 ], [ 3277748.198427699971944, 2325165.101291636936367 ], [ 3277741.416615863330662, 2325185.510238287504762 ], [ 3277727.337979813106358, 2325227.828989200759679 ], [ 3277722.745155398733914, 2325238.995079329237342 ], [ 3277721.751173038966954, 2325241.412002433091402 ], [ 3277721.023515490815043, 2325243.163218854460865 ], [ 3277720.681193292606622, 2325243.984317625872791 ], [ 3277713.510039182845503, 2325261.396824230905622 ], [ 3277704.358104459010065, 2325263.000841475091875 ], [ 3277700.98530110809952, 2325263.591977524105459 ], [ 3277649.246514677535743, 2325310.918110297992826 ], [ 3277608.355466037988663, 2325348.721902783494443 ], [ 3277657.59791699424386, 2325400.238724240567535 ], [ 3277657.453730003908277, 2325451.816054347436875 ], [ 3277677.569375592283905, 2325469.763691229745746 ], [ 3277753.374187390785664, 2325473.668383677024394 ], [ 3277755.083844685461372, 2325484.105364749208093 ], [ 3277754.664263926912099, 2325507.803544593509287 ], [ 3277751.755736282095313, 2325555.57275929953903 ], [ 3277724.8525894517079, 2325601.103469327092171 ], [ 3277669.107926429715008, 2325640.942463020328432 ], [ 3277631.438475817907602, 2325651.776525390800089 ], [ 3277598.057051404379308, 2325661.371679999865592 ], [ 3278234.913190549239516, 2325661.371679999865592 ], [ 3278224.469995429273695, 2325635.974712044931948 ], [ 3278177.963128784671426, 2325601.158775902353227 ], [ 3278132.561036841012537, 2325546.827412038575858 ], [ 3278083.897921002004296, 2325538.175543395802379 ], [ 3277959.92652895860374, 2325476.131075168959796 ], [ 3277904.040539277717471, 2325436.515090825036168 ], [ 3277877.59870140440762, 2325314.420882378704846 ], [ 3277877.059564027935266, 2325258.670850497670472 ], [ 3277893.197726704180241, 2325210.59247243963182 ] ] ], [ [ [ 3284027.677767167799175, 2325465.159024860709906 ], [ 3284026.006178767420352, 2325459.474893948063254 ], [ 3284022.826535130850971, 2325440.061417176388204 ], [ 3284022.337332827039063, 2325431.004151248373091 ], [ 3284020.935403580311686, 2325405.038560551591218 ], [ 3284022.370524624828249, 2325380.970883854199201 ], [ 3284026.677354690618813, 2325351.022026503458619 ], [ 3284039.750074011273682, 2325304.164292254950851 ], [ 3284047.288726568222046, 2325289.611494166310877 ], [ 3284055.506248593330383, 2325273.752533985301852 ], [ 3284061.716799052897841, 2325262.984001351520419 ], [ 3284072.254337264224887, 2325244.68919263035059 ], [ 3284086.312267547473311, 2325225.960453599691391 ], [ 3284097.479483823291957, 2325211.07656826544553 ], [ 3284124.050475571770221, 2325185.681146835908294 ], [ 3284149.350300723686814, 2325166.647647493518889 ], [ 3284178.510795314796269, 2325147.709197307471186 ], [ 3284202.566995057277381, 2325130.435981456190348 ], [ 3284221.633864421863109, 2325120.175890518352389 ], [ 3284251.916892285924405, 2325098.737412711139768 ], [ 3284268.257091280538589, 2325085.890362280420959 ], [ 3284282.98162388894707, 2325067.948116623796523 ], [ 3284295.604627131018788, 2325046.528046903666109 ], [ 3284304.457276391796768, 2325029.776603295933455 ], [ 3284307.988441919907928, 2325023.089937427546829 ], [ 3284308.920698408037424, 2325022.835331510752439 ], [ 3284314.491112447343767, 2325021.352336563169956 ], [ 3284524.433187972288579, 2324808.463318278081715 ], [ 3284525.903658339288086, 2324803.132051376625896 ], [ 3284539.315204116515815, 2324793.03052942128852 ], [ 3284549.186990258283913, 2324785.59874230157584 ], [ 3284596.221102501265705, 2324746.695752924308181 ], [ 3284610.986844106577337, 2324739.411478903144598 ], [ 3284627.330330789554864, 2324731.353667453862727 ], [ 3284644.033782832324505, 2324712.608442175202072 ], [ 3284650.973987622652203, 2324708.338593035470694 ], [ 3284684.46542642917484, 2324687.718726880382746 ], [ 3284704.42965693725273, 2324677.423543030396104 ], [ 3284730.971838351804763, 2324663.743921593297273 ], [ 3284742.680909837596118, 2324656.751485254149884 ], [ 3284748.105529343243688, 2324652.767377976328135 ], [ 3284755.041489977389574, 2324647.666203432716429 ], [ 3284773.767015282064676, 2324653.286071989219636 ], [ 3284791.684332962147892, 2324660.041935783810914 ], [ 3284803.235093083232641, 2324652.082792191766202 ], [ 3284805.336453668307513, 2324646.762833253946155 ], [ 3284798.377344072796404, 2324638.34152948204428 ], [ 3284799.045060016680509, 2324632.197018824983388 ], [ 3284800.424362576566637, 2324619.494418481364846 ], [ 3284801.592742966488004, 2324608.787212087772787 ], [ 3284841.552979999221861, 2324585.845845583826303 ], [ 3284841.552979999221861, 2324219.815576409455389 ], [ 3284824.615231980103999, 2324214.110528962686658 ], [ 3284810.926159795373678, 2324214.092770917341113 ], [ 3284803.222899264190346, 2324216.243462453596294 ], [ 3284794.484918413683772, 2324221.802233880385756 ], [ 3284786.486289867665619, 2324232.061686686705798 ], [ 3284777.847618263214827, 2324243.245023653376848 ], [ 3284770.775482333730906, 2324254.143872983753681 ], [ 3284765.471975967753679, 2324257.690693741198629 ], [ 3284764.247318231966347, 2324258.514009514357895 ], [ 3284762.527661829255521, 2324258.916643519885838 ], [ 3284750.281338611617684, 2324261.761490143835545 ], [ 3284746.418446921743453, 2324263.63538516825065 ], [ 3284743.598605849780142, 2324265.001895910128951 ], [ 3284739.837740993127227, 2324266.817334190476686 ], [ 3284732.065962603315711, 2324271.151583731174469 ], [ 3284695.131515351589769, 2324243.179588321130723 ], [ 3284655.862560757435858, 2324251.071481548249722 ], [ 3284653.079278791323304, 2324249.935332435183227 ], [ 3284647.015421006828547, 2324247.476145580410957 ], [ 3284633.973383998032659, 2324248.745458785444498 ], [ 3284628.37102873204276, 2324249.290262559428811 ], [ 3284622.389560400508344, 2324249.688365584239364 ], [ 3284608.19836789323017, 2324250.631271813064814 ], [ 3284603.919296404346824, 2324251.512585390824825 ], [ 3284584.940435782074928, 2324255.435070274863392 ], [ 3284569.266629519872367, 2324253.08604401210323 ], [ 3284552.885096166282892, 2324246.477283884305507 ], [ 3284543.983626926317811, 2324239.390617168974131 ], [ 3284538.639480914454907, 2324235.131071307696402 ], [ 3284526.407867285888642, 2324222.701530824415386 ], [ 3284522.770875822752714, 2324214.865393802523613 ], [ 3284520.78008316969499, 2324210.576677280012518 ], [ 3284514.339744254015386, 2324193.489980271086097 ], [ 3284500.238163937814534, 2324174.102092359215021 ], [ 3284491.6725391051732, 2324170.305259083397686 ], [ 3284486.104874667711556, 2324167.840363604947925 ], [ 3284482.544750541448593, 2324177.200778867118061 ], [ 3284486.472596743144095, 2324181.485118488781154 ], [ 3284494.06625213380903, 2324189.754677306860685 ], [ 3284497.218359272927046, 2324195.311384695116431 ], [ 3284501.220687500666827, 2324202.342777383048087 ], [ 3284504.231237296946347, 2324212.115158683154732 ], [ 3284505.903368899598718, 2324217.555603899993002 ], [ 3284510.574576239101589, 2324232.760293770581484 ], [ 3284514.213697188999504, 2324241.600652791559696 ], [ 3284516.313574232161045, 2324245.068619838450104 ], [ 3284520.194410734344274, 2324251.482004168909043 ], [ 3284526.324074385687709, 2324255.086461130063981 ], [ 3284530.680603640154004, 2324257.651845024898648 ], [ 3284536.923773829359561, 2324262.38308212114498 ], [ 3284543.975249200128019, 2324267.713520867284387 ], [ 3284554.346748060546815, 2324273.182984416373074 ], [ 3284558.568188062869012, 2324281.180601072497666 ], [ 3284556.714120196178555, 2324284.417616305872798 ], [ 3284553.473179332911968, 2324290.089359984267503 ], [ 3284548.036970105022192, 2324294.684338376391679 ], [ 3284542.590899176895618, 2324299.281044932082295 ], [ 3284534.549034168943763, 2324307.975284685380757 ], [ 3284527.440035931766033, 2324317.967380443587899 ], [ 3284522.696687526069582, 2324326.855150739662349 ], [ 3284504.557973727583885, 2324308.772987751290202 ], [ 3284474.101867887657136, 2324316.0856195660308 ], [ 3284463.226468719542027, 2324318.690443159081042 ], [ 3284463.43222311232239, 2324319.141485080588609 ], [ 3284463.611790650524199, 2324319.556523497216403 ], [ 3284455.842140305787325, 2324316.65533444751054 ], [ 3284447.520361775532365, 2324314.967059799004346 ], [ 3284438.515517231076956, 2324313.134581350255758 ], [ 3284428.502818926237524, 2324309.794140805024654 ], [ 3284421.793054275680333, 2324307.417652582749724 ], [ 3284416.127189650665969, 2324305.406302956398576 ], [ 3284405.505241689272225, 2324307.266576291061938 ], [ 3284392.530225932598114, 2324308.077726653777063 ], [ 3284381.44464635103941, 2324307.106889927759767 ], [ 3284372.517685782164335, 2324305.626087509095669 ], [ 3284366.469482319895178, 2324304.625414256937802 ], [ 3284360.105938708409667, 2324305.354295494966209 ], [ 3284354.311021350324154, 2324306.024180362932384 ], [ 3284344.372665781062096, 2324311.377231105230749 ], [ 3284340.260762193240225, 2324313.589047206565738 ], [ 3284334.211902142502367, 2324318.717544241808355 ], [ 3284326.185186767484993, 2324325.521751754917204 ], [ 3284316.955769177526236, 2324335.885254174470901 ], [ 3284313.801731397863477, 2324339.857329920399934 ], [ 3284310.918062047101557, 2324343.497926281765103 ], [ 3284307.269787748344243, 2324346.18665748462081 ], [ 3284300.840884703211486, 2324350.91493942309171 ], [ 3284299.540838650427759, 2324355.800302277784795 ], [ 3284297.765869949012995, 2324362.493907628580928 ], [ 3284297.625388044398278, 2324374.583822725806385 ], [ 3284297.49348935065791, 2324385.363215339835733 ], [ 3284300.266082362737507, 2324391.514059705659747 ], [ 3284305.915848144795746, 2324404.020677004009485 ], [ 3284303.7831816310063, 2324422.345022618770599 ], [ 3284302.572789461351931, 2324432.795784426387399 ], [ 3284301.525710013695061, 2324440.650640120264143 ], [ 3284300.992138605564833, 2324444.640709861647338 ], [ 3284299.495318170636892, 2324455.882402693852782 ], [ 3284305.516853192821145, 2324461.738216636236757 ], [ 3284313.294409123249352, 2324464.749621818773448 ], [ 3284319.665592765435576, 2324463.633785424754024 ], [ 3284331.358779276721179, 2324459.394016965758055 ], [ 3284341.980708153918386, 2324457.533717979677022 ], [ 3284353.429053440690041, 2324456.25930115301162 ], [ 3284364.812205250840634, 2324457.746262710075825 ], [ 3284365.3311787256971, 2324457.817730368580669 ], [ 3284368.534594303462654, 2324465.608042693696916 ], [ 3284374.383185719139874, 2324469.850262959022075 ], [ 3284375.935945969540626, 2324470.968517490196973 ], [ 3284389.381517379544675, 2324479.349700981751084 ], [ 3284420.695012805983424, 2324473.865564708132297 ], [ 3284422.748873263597488, 2324472.03448005206883 ], [ 3284443.437377613037825, 2324453.585767529904842 ], [ 3284448.801802897825837, 2324448.80038618016988 ], [ 3284469.507484470959753, 2324427.730646762065589 ], [ 3284496.671555137261748, 2324429.680731451138854 ], [ 3284526.206921645440161, 2324437.933133912738413 ], [ 3284538.802326760720462, 2324439.512244481127709 ], [ 3284549.139464726671576, 2324440.806977876927704 ], [ 3284555.169129301793873, 2324552.275897750165313 ], [ 3284487.276695020496845, 2324580.280395745299757 ], [ 3284523.691726508084685, 2324623.726793650537729 ], [ 3284556.990617637056857, 2324663.446876211557537 ], [ 3284531.570577227976173, 2324684.226085322443396 ], [ 3284488.38408868201077, 2324714.905528772622347 ], [ 3284462.318157855421305, 2324733.413263006601483 ], [ 3284448.720780721399933, 2324738.849066590890288 ], [ 3284436.121811179444194, 2324743.876623436808586 ], [ 3284433.59871873119846, 2324744.886771959252656 ], [ 3284432.328190801665187, 2324748.031760809011757 ], [ 3284423.78027489874512, 2324769.184478065930307 ], [ 3284420.994368046987802, 2324776.085599919781089 ], [ 3284345.842185797169805, 2324789.247729218099266 ], [ 3284325.644550635479391, 2324790.745512272231281 ], [ 3284314.005186113994569, 2324791.596786074806005 ], [ 3284308.136361188720912, 2324795.222413550131023 ], [ 3284284.745153168216348, 2324809.618878275621682 ], [ 3284257.998623021412641, 2324862.625659870915115 ], [ 3284259.791003940161318, 2324876.853092527016997 ], [ 3284263.356390145141631, 2324905.189585682470351 ], [ 3284253.013303648214787, 2324913.15048788394779 ], [ 3284253.165241993032396, 2324913.458744269795716 ], [ 3284245.293768574949354, 2324918.236791541334242 ], [ 3284236.601081406697631, 2324923.513833389151841 ], [ 3284225.917417732067406, 2324932.244719521608204 ], [ 3284221.479608773253858, 2324935.873422371223569 ], [ 3284215.181044650264084, 2324941.025431393645704 ], [ 3284194.250707217957824, 2324976.270295821130276 ], [ 3284178.214571664109826, 2324992.027165205217898 ], [ 3284156.871239174623042, 2325007.962662273086607 ], [ 3284138.557189844548702, 2325021.642529104836285 ], [ 3284129.345443490426987, 2325034.590707797557116 ], [ 3284121.02158141694963, 2325052.030944163911045 ], [ 3284116.691955127287656, 2325061.089935252908617 ], [ 3284112.392479231115431, 2325064.014545165002346 ], [ 3284100.661126888357103, 2325071.985264304094017 ], [ 3284082.5209930841811, 2325086.355183965526521 ], [ 3284063.581841886974871, 2325096.775608329568058 ], [ 3284056.641069138422608, 2325098.315994512289762 ], [ 3284045.784400947857648, 2325100.724901034031063 ], [ 3284022.496139832306653, 2325105.8997483542189 ], [ 3283974.318828135263175, 2325111.121219057124108 ], [ 3283970.475106250494719, 2325111.439283741638064 ], [ 3283958.005563016049564, 2325112.486803838983178 ], [ 3283940.183684861753136, 2325113.994857680052519 ], [ 3283931.687692226842046, 2325114.711724898312241 ], [ 3283909.832804250530899, 2325114.886518592014909 ], [ 3283873.703701443038881, 2325115.186950402334332 ], [ 3283859.207026888150722, 2325105.4678411539644 ], [ 3283851.606034480035305, 2325105.1451221909374 ], [ 3283838.418035988230258, 2325104.593424252700061 ], [ 3283805.616255134809762, 2325108.918092286214232 ], [ 3283793.580599889159203, 2325110.508651544805616 ], [ 3283753.637769846711308, 2325120.478021366521716 ], [ 3283744.192562640178949, 2325122.832570997998118 ], [ 3283732.836940931156278, 2325125.663806140888482 ], [ 3283669.697708477731794, 2325138.519091388210654 ], [ 3283664.789120635017753, 2325139.520925473887473 ], [ 3283637.531452913302928, 2325140.591415651142597 ], [ 3283631.381284789647907, 2325140.826410058885813 ], [ 3283617.349070851225406, 2325141.376504645682871 ], [ 3283614.707462585996836, 2325141.291232014540583 ], [ 3283613.545988346450031, 2325141.261278266087174 ], [ 3283570.026457593310624, 2325139.984626518562436 ], [ 3283506.837245128117502, 2325132.340618542395532 ], [ 3283435.366797409020364, 2325112.539311665575951 ], [ 3283429.796606878750026, 2325110.988239482510835 ], [ 3283400.938863100018352, 2325100.740421828813851 ], [ 3283363.75307406578213, 2325087.527018193155527 ], [ 3283202.488545693457127, 2325024.811529767233878 ], [ 3283000.697175813373178, 2324952.269099443219602 ], [ 3282766.212963938713074, 2324822.89399291574955 ], [ 3282698.442451699636877, 2324750.976592052727938 ], [ 3282689.586685364600271, 2324755.257562329061329 ], [ 3282687.927514808718115, 2324755.781594446860254 ], [ 3282686.847162269987166, 2324756.123054114636034 ], [ 3282679.853650411590934, 2324758.332427397370338 ], [ 3282674.908041701186448, 2324760.84266369137913 ], [ 3282671.658665735740215, 2324762.497652282007039 ], [ 3282665.427406736649573, 2324770.662066415417939 ], [ 3282663.313507772982121, 2324773.427194621413946 ], [ 3282667.791295086033642, 2324777.290420099161565 ], [ 3282664.024373521562666, 2324777.767618025653064 ], [ 3282638.911175021901727, 2324804.816188303753734 ], [ 3282601.630299443844706, 2324844.975947218947113 ], [ 3282621.617824704386294, 2324910.397301381453872 ], [ 3282683.959656690247357, 2324974.812659366056323 ], [ 3282730.987376006320119, 2324993.049863142892718 ], [ 3282778.717714007943869, 2325004.365112424362451 ], [ 3282777.887849731370807, 2324998.492943907156587 ], [ 3282780.86035646405071, 2324998.926123489160091 ], [ 3282784.736126991454512, 2324999.485211087856442 ], [ 3282784.51531916949898, 2324999.128133131191134 ], [ 3282783.262403069995344, 2324997.115131865255535 ], [ 3282780.301275393925607, 2324996.131987603846937 ], [ 3282778.561395837459713, 2324995.543773431796581 ], [ 3282779.457841973751783, 2324991.601681652478874 ], [ 3282780.437429883517325, 2324987.300007156096399 ], [ 3282816.254346118774265, 2324999.403273237869143 ], [ 3282858.157251387834549, 2325012.490293352864683 ], [ 3282878.55875352025032, 2325019.175810569897294 ], [ 3282918.107696353457868, 2325032.137381447013468 ], [ 3282933.613671860657632, 2325037.488572168163955 ], [ 3282984.175911596044898, 2325054.944431916344911 ], [ 3283005.527950644493103, 2325061.301117403432727 ], [ 3283013.323825525119901, 2325063.619116259738803 ], [ 3283040.721830805763602, 2325071.768234055954963 ], [ 3283106.107707038056105, 2325091.214283782988787 ], [ 3283263.959457678720355, 2325140.401856641750783 ], [ 3283325.859814953524619, 2325157.211400358006358 ], [ 3283340.253322515636683, 2325162.645910996943712 ], [ 3283362.667531462851912, 2325171.089703875593841 ], [ 3283373.47992314491421, 2325175.162568064406514 ], [ 3283378.075351346284151, 2325176.894522214308381 ], [ 3283381.535058375447989, 2325178.196260889992118 ], [ 3283421.763214147649705, 2325203.419169317930937 ], [ 3283440.098696476314217, 2325217.559880327899009 ], [ 3283463.975452517159283, 2325235.986431147903204 ], [ 3283486.564252431504428, 2325252.000214660540223 ], [ 3283492.747996074613184, 2325255.067430834285915 ], [ 3283508.308235100936145, 2325262.793909940868616 ], [ 3283530.316771843936294, 2325265.849404031410813 ], [ 3283557.972757447045296, 2325269.255183671601117 ], [ 3283566.380090038757771, 2325270.289015790913254 ], [ 3283626.478831010870636, 2325266.68286505760625 ], [ 3283637.791004202328622, 2325264.701450700871646 ], [ 3283651.124970824923366, 2325262.365906881634146 ], [ 3283683.74709465354681, 2325250.502486193552613 ], [ 3283690.374631043989211, 2325249.34162964951247 ], [ 3283697.189553516916931, 2325248.147952114231884 ], [ 3283745.218498969916254, 2325241.277828777208924 ], [ 3283753.555327455047518, 2325241.075886412989348 ], [ 3283770.475377455819398, 2325240.689733672887087 ], [ 3283802.045167201198637, 2325250.523542446549982 ], [ 3283815.387698367238045, 2325256.974326071795076 ], [ 3283825.401186374947429, 2325261.806187168695033 ], [ 3283838.598288554698229, 2325273.315636021550745 ], [ 3283841.533708406146616, 2325275.87619583401829 ], [ 3283855.392446532379836, 2325304.185740784276277 ], [ 3283863.784712458029389, 2325327.303342159837484 ], [ 3283882.328353713732213, 2325370.155726213008165 ], [ 3283894.176305216737092, 2325404.956760173663497 ], [ 3283898.94900096161291, 2325434.096716023050249 ], [ 3283900.463860326912254, 2325450.716936723794788 ], [ 3283900.647138274274766, 2325452.765086588915437 ], [ 3283900.875150308012962, 2325455.272189341019839 ], [ 3283901.772824503481388, 2325477.043858699966222 ], [ 3283902.162237977609038, 2325486.544811866246164 ], [ 3283902.229592880234122, 2325493.088346561416984 ], [ 3283902.355217114556581, 2325506.491583232302219 ], [ 3283902.155907029286027, 2325537.608518492430449 ], [ 3283902.032871133647859, 2325557.174304433166981 ], [ 3283918.613521807827055, 2325599.376106538344175 ], [ 3283937.482886160723865, 2325630.836649775505066 ], [ 3283954.703789700288326, 2325659.541660226415843 ], [ 3283955.802005756180733, 2325661.371679999865592 ], [ 3284129.354412833228707, 2325661.371679999865592 ], [ 3284129.837048144079745, 2325625.253888545557857 ], [ 3284126.77764310548082, 2325596.788004209287465 ], [ 3284111.708203156013042, 2325578.493016861844808 ], [ 3284092.861094098072499, 2325556.831115182954818 ], [ 3284088.559568879194558, 2325555.159268099814653 ], [ 3284089.591466531157494, 2325575.33454519091174 ], [ 3284075.04770555626601, 2325562.417027250863612 ], [ 3284065.763431841041893, 2325534.473183890804648 ], [ 3284057.724592745304108, 2325516.61098072398454 ], [ 3284052.030620123725384, 2325503.959820370189846 ], [ 3284045.291544058360159, 2325481.273118290118873 ], [ 3284039.75799781549722, 2325474.185167316813022 ], [ 3284028.672184272669256, 2325468.56693955976516 ], [ 3284027.677767167799175, 2325465.159024860709906 ] ] ] ] } },
{ "type": "Feature", "properties": { "CODE_18": "131", "Uso": "Zonas de extracción minera", "color": "#A600CC" }, "geometry": { "type": "MultiPolygon", "coordinates": [ [ [ [ 3283875.806776724755764, 2320279.747720772400498 ], [ 3283879.941535361111164, 2320282.260622120462358 ], [ 3283885.558251081500202, 2320284.77784635592252 ], [ 3283892.40118811884895, 2320287.100644326768816 ], [ 3283896.628899984061718, 2320288.136084794998169 ], [ 3283899.27292703371495, 2320288.545747431926429 ], [ 3283905.060537529643625, 2320288.760094 ], [ 3283909.169413285329938, 2320288.263835603371263 ], [ 3283914.328898680396378, 2320286.934192658402026 ], [ 3283919.193720565643162, 2320285.229969170410186 ], [ 3283920.286138583440334, 2320284.713971203193069 ], [ 3283924.346484407782555, 2320282.80561600625515 ], [ 3283928.398887042421848, 2320280.228942649438977 ], [ 3283932.644007368013263, 2320276.908225667662919 ], [ 3283933.99137501232326, 2320275.718463675118983 ], [ 3283938.31679472187534, 2320271.896625161170959 ], [ 3283939.748956528957933, 2320270.357160723302513 ], [ 3283940.93061991315335, 2320269.084796797484159 ], [ 3283942.195243956055492, 2320266.955695700831711 ], [ 3283943.397112605161965, 2320264.939054717775434 ], [ 3283944.817271916661412, 2320261.280946196056902 ], [ 3283946.303591062314808, 2320257.469193348195404 ], [ 3283947.558438234962523, 2320251.871493224520236 ], [ 3283947.666099587921053, 2320250.421898571774364 ], [ 3283948.024389282334596, 2320245.792960574384779 ], [ 3283947.795098583213985, 2320242.098974753636867 ], [ 3283947.708558230660856, 2320240.764563051518053 ], [ 3283946.638961783144623, 2320235.036091909743845 ], [ 3283942.594626848120242, 2320221.609359123278409 ], [ 3283942.210194173268974, 2320219.88063767971471 ], [ 3283941.845312673598528, 2320218.209375377278775 ], [ 3283941.505918233655393, 2320212.231276849284768 ], [ 3283942.200815202668309, 2320203.088818721938878 ], [ 3283942.502418640069664, 2320200.468788400758058 ], [ 3283943.747194313909858, 2320189.789155468344688 ], [ 3283944.967267336323857, 2320184.288872206583619 ], [ 3283946.567059707827866, 2320179.86872096080333 ], [ 3283948.558878710959107, 2320175.674189911223948 ], [ 3283950.080639974214137, 2320173.256535077933222 ], [ 3283951.639233381487429, 2320171.745670087635517 ], [ 3283953.989952698349953, 2320170.735366948414594 ], [ 3283955.13369407132268, 2320170.656856702640653 ], [ 3283955.846874072682112, 2320170.613151745870709 ], [ 3283956.869948028121144, 2320170.789154404308647 ], [ 3283957.883159137796611, 2320170.966884118039161 ], [ 3283961.049088619183749, 2320172.147666913457215 ], [ 3283965.463801387697458, 2320175.007289105094969 ], [ 3283974.798718327656388, 2320182.636998873669654 ], [ 3283979.500719733536243, 2320185.578228273894638 ], [ 3283982.829691683407873, 2320187.197228904813528 ], [ 3283989.986364047043025, 2320190.692902086302638 ], [ 3283993.690124528482556, 2320192.246275757439435 ], [ 3283995.608448077458888, 2320193.056990049313754 ], [ 3283998.198711002711207, 2320193.881956768687814 ], [ 3284001.581798490602523, 2320194.96383300749585 ], [ 3284004.465241465717554, 2320195.534520655404776 ], [ 3284007.399613444227725, 2320196.106437613256276 ], [ 3284010.004714934621006, 2320196.340274633839726 ], [ 3284011.456735868472606, 2320196.471608639229089 ], [ 3284019.851025592535734, 2320196.371587671339512 ], [ 3284022.248614988755435, 2320196.205436267890036 ], [ 3284026.562303428538144, 2320195.906709393486381 ], [ 3284028.747012691106647, 2320195.493715776130557 ], [ 3284030.410605473443866, 2320195.182119140401483 ], [ 3284032.569828784558922, 2320194.489469645544887 ], [ 3284035.797993642743677, 2320193.447290434502065 ], [ 3284038.508969987742603, 2320192.282584315165877 ], [ 3284041.581817270256579, 2320190.973336489871144 ], [ 3284045.702222922816873, 2320188.750066204927862 ], [ 3284047.334569769911468, 2320187.875704085454345 ], [ 3284051.851411120034754, 2320184.913308689370751 ], [ 3284060.649112503044307, 2320190.810618333984166 ], [ 3284064.219595132861286, 2320191.859684090595692 ], [ 3284067.705457669682801, 2320193.197538878303021 ], [ 3284071.064019287005067, 2320194.811362043954432 ], [ 3284074.283802434802055, 2320196.693016233853996 ], [ 3284077.34185200650245, 2320198.826226763427258 ], [ 3284078.444963172543794, 2320199.739101415500045 ], [ 3284080.215212896466255, 2320201.194718929007649 ], [ 3284082.890792859718204, 2320203.78049101959914 ], [ 3284085.348866208456457, 2320206.586997063364834 ], [ 3284087.573111293371767, 2320209.576506651937962 ], [ 3284089.552050580270588, 2320212.740882441401482 ], [ 3284091.270977126434445, 2320216.052258373238146 ], [ 3284092.726661547552794, 2320219.490905739832669 ], [ 3284093.896148749627173, 2320223.040549876634032 ], [ 3284094.313398503232747, 2320224.783818156458437 ], [ 3284094.77459463942796, 2320226.671597729902714 ], [ 3284098.963335152715445, 2320233.852869673166424 ], [ 3284101.306197017431259, 2320237.876907536759973 ], [ 3284104.26361458748579, 2320234.994780062697828 ], [ 3284106.300076965708286, 2320232.994359062053263 ], [ 3284106.655490511097014, 2320230.517116201110184 ], [ 3284108.571726867929101, 2320222.885815538465977 ], [ 3284113.157047926448286, 2320212.656261038966477 ], [ 3284113.788754231762141, 2320209.511666456237435 ], [ 3284113.020241240505129, 2320205.932399347424507 ], [ 3284107.641116533894092, 2320193.896168750710785 ], [ 3284108.801618768367916, 2320192.556487050838768 ], [ 3284110.954430843237787, 2320190.089222474489361 ], [ 3284113.064387619961053, 2320187.670050546061248 ], [ 3284115.81556241447106, 2320184.519627251662314 ], [ 3284118.709312337450683, 2320181.49644536850974 ], [ 3284121.169663366861641, 2320178.924595426302403 ], [ 3284131.955067049711943, 2320168.88793234154582 ], [ 3284140.645005151629448, 2320160.801139557734132 ], [ 3284158.919493546709418, 2320141.477524980902672 ], [ 3284161.640777338296175, 2320139.012195674702525 ], [ 3284163.592799792997539, 2320137.239654961973429 ], [ 3284168.045936273410916, 2320133.578133146744221 ], [ 3284176.655800546519458, 2320126.489640552550554 ], [ 3284182.559632680378854, 2320129.149410719051957 ], [ 3284187.845424485392869, 2320130.760633552446961 ], [ 3284189.677995909005404, 2320131.109455915167928 ], [ 3284195.114918369334191, 2320132.156420901417732 ], [ 3284200.315614426042885, 2320132.5040129031986 ], [ 3284200.746001824736595, 2320132.530122558586299 ], [ 3284203.605535117909312, 2320132.272946211509407 ], [ 3284207.536325814202428, 2320131.432456113398075 ], [ 3284212.81309452559799, 2320129.889519304968417 ], [ 3284227.822211970109493, 2320124.582589617464691 ], [ 3284233.656712832860649, 2320123.347879363689572 ], [ 3284236.901947603560984, 2320122.65787383262068 ], [ 3284245.47195244487375, 2320122.019768370781094 ], [ 3284258.925337562803179, 2320122.951737061142921 ], [ 3284261.879499213770032, 2320107.467531429603696 ], [ 3284269.838371092453599, 2320073.035076809581369 ], [ 3284270.282211299054325, 2320070.664123290218413 ], [ 3284271.034732382278889, 2320066.646030410192907 ], [ 3284271.773566276300699, 2320059.383272604085505 ], [ 3284277.282013921998441, 2320052.685657720081508 ], [ 3284279.999336976092309, 2320049.8861801372841 ], [ 3284282.222292023710907, 2320047.599442704580724 ], [ 3284290.944911633618176, 2320039.588151786942035 ], [ 3284305.046532605774701, 2320027.621334130875766 ], [ 3284313.138283412903547, 2320019.598749577533454 ], [ 3284327.785940213128924, 2320002.290304751135409 ], [ 3284345.727828086353838, 2319982.111826310865581 ], [ 3284347.479724119417369, 2319980.232281593140215 ], [ 3284371.574668008834124, 2319954.318946585059166 ], [ 3284374.584968873299658, 2319950.768034077715129 ], [ 3284377.895261498168111, 2319946.880477305501699 ], [ 3284384.13848967384547, 2319938.349527936428785 ], [ 3284380.996269009076059, 2319935.206191376782954 ], [ 3284379.229874553624541, 2319932.410482538864017 ], [ 3284377.593623448163271, 2319928.922281039878726 ], [ 3284376.582839728333056, 2319925.040445655118674 ], [ 3284376.891816887073219, 2319919.862086064182222 ], [ 3284377.343992517329752, 2319918.59570759255439 ], [ 3284378.125884486362338, 2319916.368510099127889 ], [ 3284379.817614356987178, 2319913.12965227290988 ], [ 3284384.866951988078654, 2319905.548486239276826 ], [ 3284397.044721613638103, 2319887.282418152317405 ], [ 3284395.00051481090486, 2319883.967118827626109 ], [ 3284392.990078964736313, 2319881.477963946294039 ], [ 3284391.539552263915539, 2319879.682241185102612 ], [ 3284389.552285360638052, 2319877.706528789363801 ], [ 3284386.839229886420071, 2319875.015693832188845 ], [ 3284384.913630772382021, 2319872.734919572249055 ], [ 3284379.29269295046106, 2319868.828243267722428 ], [ 3284374.816279513761401, 2319865.715576856397092 ], [ 3284375.096079961396754, 2319863.829970445483923 ], [ 3284375.262057736050338, 2319862.674586832523346 ], [ 3284376.174797059036791, 2319859.511246174573898 ], [ 3284378.70489949407056, 2319853.832364369183779 ], [ 3284380.826556929387152, 2319849.067204188555479 ], [ 3284393.380899745970964, 2319824.981842456851155 ], [ 3284400.344543550629169, 2319811.616545102093369 ], [ 3284402.58232126571238, 2319808.180612651631236 ], [ 3284404.438887991942465, 2319805.328927052672952 ], [ 3284405.260137705598027, 2319804.271897989325225 ], [ 3284406.894388943910599, 2319802.169431210495532 ], [ 3284407.850064451806247, 2319800.074161658994853 ], [ 3284408.463454637676477, 2319798.738969621248543 ], [ 3284409.249183005653322, 2319797.464925569016486 ], [ 3284410.147158338222653, 2319796.008875256404281 ], [ 3284412.708098188508302, 2319792.749742253683507 ], [ 3284414.24498518044129, 2319790.796235449146479 ], [ 3284415.779556763824075, 2319789.076515931636095 ], [ 3284420.597552693914622, 2319783.676898122765124 ], [ 3284433.167740531265736, 2319770.659206749871373 ], [ 3284436.650602844078094, 2319767.329977531451732 ], [ 3284440.517067727167159, 2319764.298875702545047 ], [ 3284443.81566371768713, 2319762.199260522145778 ], [ 3284446.958105011377484, 2319760.695220798254013 ], [ 3284457.338414937257767, 2319756.73668125551194 ], [ 3284460.202942280098796, 2319755.890124853700399 ], [ 3284463.911012228578329, 2319754.804547431878746 ], [ 3284483.891636718530208, 2319750.737861027941108 ], [ 3284492.777215391397476, 2319748.928391828667372 ], [ 3284503.075646955519915, 2319746.019195540808141 ], [ 3284505.732878908514977, 2319745.26981978258118 ], [ 3284525.806908971630037, 2319740.720033165067434 ], [ 3284532.104612764436752, 2319738.96795168844983 ], [ 3284547.649138709530234, 2319733.770373763050884 ], [ 3284572.555786615703255, 2319722.174634275026619 ], [ 3284578.11177238682285, 2319720.105958399362862 ], [ 3284581.639786509331316, 2319718.788094301708043 ], [ 3284583.327049030922353, 2319718.249143211636692 ], [ 3284586.80020347237587, 2319717.153972200583667 ], [ 3284592.968465921934694, 2319715.850737907923758 ], [ 3284599.42938747163862, 2319714.475968792568892 ], [ 3284622.926999080460519, 2319710.07766976300627 ], [ 3284622.741455441340804, 2319705.47297298302874 ], [ 3284622.602420522365719, 2319701.834246093407273 ], [ 3284618.771813438273966, 2319679.85682057403028 ], [ 3284617.723346921615303, 2319669.670154093299061 ], [ 3284616.809899645391852, 2319645.122129494324327 ], [ 3284616.00211666803807, 2319635.228175877127796 ], [ 3284617.925811437889934, 2319635.885765235871077 ], [ 3284631.794299091678113, 2319635.324601809028536 ], [ 3284634.817764340899885, 2319635.201108530629426 ], [ 3284651.449562797788531, 2319638.133751192130148 ], [ 3284669.368248528800905, 2319641.49048775434494 ], [ 3284672.770963724702597, 2319640.894714313559234 ], [ 3284704.283069855999202, 2319635.377344344276935 ], [ 3284715.607627172023058, 2319632.166776336263865 ], [ 3284720.494594448246062, 2319630.783489523455501 ], [ 3284725.187532170675695, 2319629.454469191841781 ], [ 3284746.246577037498355, 2319623.484244378749281 ], [ 3284794.494303817395121, 2319620.232018104754388 ], [ 3284804.175861479248852, 2319619.876323837321252 ], [ 3284822.612211947329342, 2319619.205438731238246 ], [ 3284832.92696921993047, 2319615.775965995620936 ], [ 3284841.552979999221861, 2319612.909702550154179 ], [ 3284841.552979999221861, 2319543.329919414594769 ], [ 3284823.683207824826241, 2319501.901465717237443 ], [ 3284807.104519665241241, 2319463.465345311444253 ], [ 3284741.453972874674946, 2319311.360075288452208 ], [ 3284718.82101771235466, 2319319.554020002484322 ], [ 3284703.484095870982856, 2319322.239269726909697 ], [ 3284684.166102284565568, 2319322.110696055926383 ], [ 3284657.474176172167063, 2319319.762340484187007 ], [ 3284631.943015811964869, 2319313.720203675795346 ], [ 3284627.548433576710522, 2319311.293333997484297 ], [ 3284612.657068066298962, 2319303.063627884723246 ], [ 3284592.814114922191948, 2319289.003873561508954 ], [ 3284582.370993589051068, 2319268.032064561266452 ], [ 3284571.29296422470361, 2319289.981509008910507 ], [ 3284567.80792982596904, 2319296.892963867634535 ], [ 3284559.254291883669794, 2319308.913007595110685 ], [ 3284552.923580505885184, 2319314.120811204425991 ], [ 3284548.435741234570742, 2319317.818756522610784 ], [ 3284543.982558272313327, 2319319.186975873541087 ], [ 3284535.07457846775651, 2319321.913551485165954 ], [ 3284531.35065108910203, 2319331.332557295449078 ], [ 3284527.783937304280698, 2319333.529826539568603 ], [ 3284523.387680445797741, 2319336.237630281131715 ], [ 3284516.809087324887514, 2319337.389460625592619 ], [ 3284506.33462645066902, 2319339.223411037586629 ], [ 3284492.113368875347078, 2319348.72495199367404 ], [ 3284486.267599035985768, 2319354.41609291639179 ], [ 3284482.346271293703467, 2319358.227944950107485 ], [ 3284475.711324183735996, 2319364.6762306089513 ], [ 3284467.903280264232308, 2319372.263437528163195 ], [ 3284456.743026902899146, 2319400.528631723485887 ], [ 3284455.363891491200775, 2319413.859728791750968 ], [ 3284447.407506796531379, 2319405.663896790705621 ], [ 3284436.04870076244697, 2319393.974554723594338 ], [ 3284408.631850115023553, 2319359.30315072927624 ], [ 3284384.835691960528493, 2319334.479653880931437 ], [ 3284374.579660733230412, 2319320.97371515026316 ], [ 3284358.09485674649477, 2319313.794224784709513 ], [ 3284354.736864312086254, 2319312.555717871524394 ], [ 3284346.963896998204291, 2319309.695540338754654 ], [ 3284336.273528364021331, 2319308.350726068019867 ], [ 3284325.251609011087567, 2319307.459697947371751 ], [ 3284316.256997934542596, 2319306.619588014204055 ], [ 3284308.104526707902551, 2319306.027760988101363 ], [ 3284302.000671130605042, 2319304.935182135552168 ], [ 3284294.425413855351508, 2319303.59288371168077 ], [ 3284283.89051756542176, 2319299.044845076277852 ], [ 3284275.221398205962032, 2319295.296442658174783 ], [ 3284271.89029409782961, 2319293.850291478447616 ], [ 3284261.79561837669462, 2319288.768561590928584 ], [ 3284260.402827556245029, 2319283.482312724925578 ], [ 3284259.671544214710593, 2319280.68801845330745 ], [ 3284259.179442039690912, 2319267.887492067646235 ], [ 3284259.411797934211791, 2319254.554240540135652 ], [ 3284261.128476407378912, 2319247.810321157798171 ], [ 3284263.954266084358096, 2319240.466326649300754 ], [ 3284264.075738441199064, 2319235.381706872954965 ], [ 3284264.195980391465127, 2319230.723476565442979 ], [ 3284256.997531409841031, 2319220.649669198784977 ], [ 3284245.267290182411671, 2319210.719932978972793 ], [ 3284235.055526662617922, 2319205.790615947451442 ], [ 3284227.672046113293618, 2319205.743998816702515 ], [ 3284222.170965334866196, 2319208.706151504535228 ], [ 3284216.56623618490994, 2319211.716894016601145 ], [ 3284208.928189323283732, 2319222.450376417953521 ], [ 3284206.827014125883579, 2319225.791346793062985 ], [ 3284195.614831823855639, 2319243.573690069839358 ], [ 3284180.680026499554515, 2319258.943451589904726 ], [ 3284166.559888686053455, 2319273.835728191304952 ], [ 3284164.656439322046936, 2319275.84326602704823 ], [ 3284148.593048533424735, 2319304.835149999707937 ], [ 3284138.960748608224094, 2319327.992788852192461 ], [ 3284125.083219626452774, 2319353.913011838681996 ], [ 3284112.519092469941825, 2319379.613425666466355 ], [ 3284101.498318991623819, 2319394.287773726508021 ], [ 3284091.088740424253047, 2319406.683647096157074 ], [ 3284079.032162363175303, 2319421.042168664745986 ], [ 3284066.594584844075143, 2319439.333426875062287 ], [ 3284061.49576638545841, 2319450.951624817680568 ], [ 3284059.256461356766522, 2319456.051942872349173 ], [ 3284046.16794946976006, 2319474.45719385985285 ], [ 3284042.785046575590968, 2319493.273606367874891 ], [ 3284041.828554870095104, 2319493.938290700316429 ], [ 3284042.017816801089793, 2319503.524541552644223 ], [ 3284045.835223570931703, 2319507.259935601148754 ], [ 3284055.312816319521517, 2319506.402046167291701 ], [ 3284073.479810780845582, 2319501.110467938706279 ], [ 3284087.857588259968907, 2319495.416938941460103 ], [ 3284110.931302880868316, 2319486.445349987596273 ], [ 3284124.659082208760083, 2319481.677408488467336 ], [ 3284140.227475183084607, 2319473.898225517943501 ], [ 3284155.386121866293252, 2319466.342999099753797 ], [ 3284161.304473704658449, 2319463.388935283757746 ], [ 3284184.946571572683752, 2319458.447704838123173 ], [ 3284201.167747046798468, 2319459.615535847377032 ], [ 3284204.910318396985531, 2319465.373148849233985 ], [ 3284205.031373722013086, 2319468.406205959618092 ], [ 3284203.196302365045995, 2319476.906016307417303 ], [ 3284205.049476005602628, 2319482.649454508908093 ], [ 3284208.08483087271452, 2319492.082355852238834 ], [ 3284216.382215505465865, 2319498.828322045970708 ], [ 3284225.567650076467544, 2319505.855118207167834 ], [ 3284242.948649362195283, 2319511.629564364440739 ], [ 3284255.960444276221097, 2319524.987834717612714 ], [ 3284259.415170868858695, 2319527.437185865361243 ], [ 3284267.747834092006087, 2319533.344923623837531 ], [ 3284286.023311037104577, 2319544.584210316650569 ], [ 3284292.613744840025902, 2319538.174109983257949 ], [ 3284297.085370730608702, 2319533.819406050257385 ], [ 3284305.193399171344936, 2319540.710152240470052 ], [ 3284314.312712012790143, 2319548.448678928893059 ], [ 3284327.574487837031484, 2319538.912102468777448 ], [ 3284333.219206766691059, 2319539.121100053656846 ], [ 3284345.528668443672359, 2319548.188402585685253 ], [ 3284352.694841098040342, 2319548.95291447173804 ], [ 3284360.91027529258281, 2319549.929442944936454 ], [ 3284368.967026219237596, 2319559.792101551312953 ], [ 3284372.346678042784333, 2319566.059733206406236 ], [ 3284347.162968616001308, 2319560.900577886030078 ], [ 3284340.620410054922104, 2319567.231260132975876 ], [ 3284308.965730201452971, 2319585.761972432490438 ], [ 3284308.055010979063809, 2319589.92950795777142 ], [ 3284307.064160775858909, 2319594.537249158136547 ], [ 3284289.691445893142372, 2319595.011910714674741 ], [ 3284274.136037652380764, 2319595.43219979153946 ], [ 3284150.078117040451616, 2319665.860004242509604 ], [ 3284130.265250178053975, 2319676.158150525763631 ], [ 3284046.451020269654691, 2319719.722574225161225 ], [ 3284012.904391434043646, 2319748.326005447655916 ], [ 3283985.092505080159754, 2319784.692379936110228 ], [ 3283982.140896180644631, 2319783.829210179392248 ], [ 3283979.125266120303422, 2319782.94680954515934 ], [ 3283959.557384512387216, 2319777.200231473892927 ], [ 3283937.262777818832546, 2319770.662730557844043 ], [ 3283936.147239106707275, 2319779.219248381443322 ], [ 3283934.615165590308607, 2319790.933412531856447 ], [ 3283942.164997125044465, 2319793.112157957628369 ], [ 3283945.817609363701195, 2319794.167137703858316 ], [ 3283941.71971570327878, 2319815.990595719777048 ], [ 3283913.250986915081739, 2319833.963807113468647 ], [ 3283904.794691846240312, 2319837.342035847716033 ], [ 3283892.946698303334415, 2319842.065048857592046 ], [ 3283863.415604642126709, 2319859.250205017160624 ], [ 3283863.506289435084909, 2319866.002429313026369 ], [ 3283863.614776339381933, 2319873.421244225930423 ], [ 3283845.206316040363163, 2319881.018045576754957 ], [ 3283827.615388251841068, 2319888.278906350489706 ], [ 3283826.413060415536165, 2319891.594449007883668 ], [ 3283825.972541535273194, 2319892.808060012292117 ], [ 3283821.772132906131446, 2319902.290364333428442 ], [ 3283811.844974520150572, 2319922.405046248808503 ], [ 3283804.470878447405994, 2319939.708406490273774 ], [ 3283798.438580728136003, 2319955.477986427024007 ], [ 3283790.487839042209089, 2319980.786920425016433 ], [ 3283786.517975335009396, 2319998.681403616443276 ], [ 3283784.240931219421327, 2320008.943111758679152 ], [ 3283778.037204790860415, 2320007.736184381879866 ], [ 3283773.782611330971122, 2320006.908394190017134 ], [ 3283770.257735993247479, 2320006.571798392105848 ], [ 3283767.516345740295947, 2320006.311097832396626 ], [ 3283763.390926962252706, 2320006.272457008250058 ], [ 3283758.685256558004767, 2320006.903660706244409 ], [ 3283752.385250493418425, 2320008.33154761325568 ], [ 3283745.125144237652421, 2320009.968144914135337 ], [ 3283729.7515415889211, 2320011.188856560736895 ], [ 3283724.889681512489915, 2320011.857560510281473 ], [ 3283709.438569526188076, 2320014.898035453166813 ], [ 3283704.951233073137701, 2320016.739106116816401 ], [ 3283703.298112597316504, 2320017.982410076539963 ], [ 3283701.761249577160925, 2320019.93594821030274 ], [ 3283700.398814976215363, 2320023.512921186164021 ], [ 3283699.431762219406664, 2320029.009492871817201 ], [ 3283699.111988923046738, 2320035.671256275847554 ], [ 3283700.4916931707412, 2320056.434176479931921 ], [ 3283700.427799610421062, 2320058.08919689245522 ], [ 3283700.326853272039443, 2320060.633504344616085 ], [ 3283699.521231519524008, 2320066.558430064469576 ], [ 3283698.211689561139792, 2320072.317919483873993 ], [ 3283696.803042343817651, 2320076.542255218606442 ], [ 3283694.972257412038743, 2320080.728893285617232 ], [ 3283692.687564785126597, 2320084.497806655243039 ], [ 3283689.437536789104342, 2320088.009581043384969 ], [ 3283688.128352862317115, 2320089.060748133808374 ], [ 3283685.671369248069823, 2320091.033351371996105 ], [ 3283681.124597778078169, 2320094.122783806174994 ], [ 3283680.146779695991427, 2320094.78107098210603 ], [ 3283676.072291144635528, 2320097.036916092969477 ], [ 3283672.989760818891227, 2320098.286996197886765 ], [ 3283667.910311107989401, 2320100.353524746838957 ], [ 3283660.822945598978549, 2320102.48754131840542 ], [ 3283654.77977575128898, 2320104.306796894408762 ], [ 3283638.315516120754182, 2320110.020909827202559 ], [ 3283619.059423108585179, 2320117.025532943196595 ], [ 3283612.141693484969437, 2320119.018233840353787 ], [ 3283609.518354845233262, 2320119.416727508418262 ], [ 3283602.670669676270336, 2320120.473775897175074 ], [ 3283594.405574036762118, 2320121.362998179160058 ], [ 3283582.39330170257017, 2320124.958116438705474 ], [ 3283580.905454632826149, 2320125.289686126168817 ], [ 3283577.359331191517413, 2320126.062861803453416 ], [ 3283574.803767524193972, 2320126.31757640466094 ], [ 3283572.049332624766976, 2320126.596968774218112 ], [ 3283602.808414454106241, 2320055.802342487499118 ], [ 3283570.176278811413795, 2320092.221791829913855 ], [ 3283500.21707920357585, 2320156.831734281033278 ], [ 3283450.526217569597065, 2320205.807317450176924 ], [ 3283383.585830284282565, 2320280.614481776952744 ], [ 3283380.418855596799403, 2320299.322336131706834 ], [ 3283386.535601457580924, 2320302.786968262866139 ], [ 3283416.861923289485276, 2320325.665117594413459 ], [ 3283436.912274357397109, 2320335.04085633251816 ], [ 3283460.612491154111922, 2320347.004244624637067 ], [ 3283466.492312296293676, 2320350.013160896487534 ], [ 3283466.604705977719277, 2320353.798662237823009 ], [ 3283467.534945863764733, 2320361.15480472240597 ], [ 3283467.502976333256811, 2320364.864115170203149 ], [ 3283462.221371254418045, 2320368.112709105480462 ], [ 3283492.962972165085375, 2320415.839580020867288 ], [ 3283538.414590400177985, 2320406.54086083965376 ], [ 3283565.335106965620071, 2320400.68004552507773 ], [ 3283582.349573235027492, 2320396.158197448588908 ], [ 3283605.398710591252893, 2320387.038245613221079 ], [ 3283618.901187793817371, 2320381.700662065297365 ], [ 3283627.65727159474045, 2320361.37484141997993 ], [ 3283624.017560648731887, 2320344.904119298327714 ], [ 3283622.510660731233656, 2320338.115733285900205 ], [ 3283640.016313930042088, 2320331.326265843119472 ], [ 3283654.058029936626554, 2320325.873978180810809 ], [ 3283676.930641414131969, 2320333.091437879949808 ], [ 3283676.626570738852024, 2320338.299430368468165 ], [ 3283675.518785434775054, 2320348.204228721093386 ], [ 3283674.901812763884664, 2320353.669957783538848 ], [ 3283674.559678410645574, 2320356.104300414212048 ], [ 3283673.61518788151443, 2320362.91606922307983 ], [ 3283672.301012230105698, 2320368.585065234918147 ], [ 3283672.121389897540212, 2320369.347113515250385 ], [ 3283673.250911334063858, 2320381.7013343651779 ], [ 3283674.266058501787484, 2320385.795516199432313 ], [ 3283675.688067466020584, 2320389.524184347130358 ], [ 3283677.606621101498604, 2320393.125312753021717 ], [ 3283680.341476554516703, 2320396.816880754195154 ], [ 3283683.570344216190279, 2320400.117526799906045 ], [ 3283687.244258507154882, 2320402.914059693925083 ], [ 3283693.726286330260336, 2320406.19298269925639 ], [ 3283701.031377274077386, 2320408.921891964040697 ], [ 3283707.917339670006186, 2320411.13566219387576 ], [ 3283716.301230129785836, 2320413.513307618908584 ], [ 3283725.492826084140688, 2320416.114812155254185 ], [ 3283734.998371374793351, 2320418.093101693317294 ], [ 3283740.575101729482412, 2320418.50670882454142 ], [ 3283747.342746816575527, 2320419.006040506996214 ], [ 3283751.480505724437535, 2320418.748239500913769 ], [ 3283756.793334062676877, 2320417.797608050517738 ], [ 3283763.815961752086878, 2320415.888007996603847 ], [ 3283766.588633292820305, 2320414.976302237249911 ], [ 3283771.114354059100151, 2320413.493792647030205 ], [ 3283775.641295066103339, 2320411.584890091326088 ], [ 3283779.424203576520085, 2320409.593186396639794 ], [ 3283783.484096631873399, 2320406.690473541617393 ], [ 3283785.442732700612396, 2320404.896454797126353 ], [ 3283788.700196084100753, 2320400.50056801782921 ], [ 3283790.363901827484369, 2320397.276713490486145 ], [ 3283791.549917074851692, 2320394.481510391458869 ], [ 3283792.946061040274799, 2320391.172596392221749 ], [ 3283794.435677377041429, 2320386.203479010146111 ], [ 3283795.198546416591853, 2320382.0008923439309 ], [ 3283795.538709153886884, 2320377.385263783857226 ], [ 3283795.146399945020676, 2320371.517888868227601 ], [ 3283794.447957703843713, 2320367.561046319082379 ], [ 3283794.144256716128439, 2320366.325541780795902 ], [ 3283793.851858973503113, 2320365.159087837673724 ], [ 3283793.873016969300807, 2320362.933161094784737 ], [ 3283794.461329038254917, 2320360.019386326894164 ], [ 3283795.938341603148729, 2320356.584694472141564 ], [ 3283796.43824499566108, 2320355.857887101825327 ], [ 3283797.345708196982741, 2320354.52191399782896 ], [ 3283800.640884857159108, 2320350.728255243040621 ], [ 3283804.863341955468059, 2320346.711338228546083 ], [ 3283810.645695604383945, 2320341.873323874082416 ], [ 3283824.416275307070464, 2320331.851618207525462 ], [ 3283835.085092522203922, 2320324.635874300263822 ], [ 3283837.379243975039572, 2320322.722225925885141 ], [ 3283839.520738338585943, 2320320.185893435031176 ], [ 3283841.812746728770435, 2320316.151871897280216 ], [ 3283843.742840966675431, 2320311.704310324043036 ], [ 3283850.670220121741295, 2320291.42482414888218 ], [ 3283853.960901691578329, 2320282.893255733884871 ], [ 3283855.169182477053255, 2320280.357985278591514 ], [ 3283857.486592768225819, 2320275.487455091439188 ], [ 3283858.105375376995653, 2320274.557184530887753 ], [ 3283858.894138846546412, 2320273.363765220157802 ], [ 3283860.975238363258541, 2320271.264190399087965 ], [ 3283863.06218775594607, 2320270.563893638085574 ], [ 3283864.711289409082383, 2320270.721595724113286 ], [ 3283866.112598798703402, 2320271.348867219872773 ], [ 3283867.756945069879293, 2320272.593143660575151 ], [ 3283868.811091538518667, 2320273.392824523616582 ], [ 3283875.806776724755764, 2320279.747720772400498 ] ] ], [ [ [ 3284840.474687508773059, 2321490.626936788670719 ], [ 3284807.747450046241283, 2321483.947565910406411 ], [ 3284771.663257143925875, 2321484.898146712686867 ], [ 3284752.920255958568305, 2321501.604787643067539 ], [ 3284712.219121672678739, 2321507.818455090280622 ], [ 3284659.785499011632055, 2321551.002973773516715 ], [ 3284659.683841899037361, 2321585.023943264968693 ], [ 3284701.764919729437679, 2321634.33742509689182 ], [ 3284804.883649079594761, 2321675.79402898484841 ], [ 3284841.552979999221861, 2321676.482020054478198 ], [ 3284841.552979999221861, 2321489.837795527651906 ], [ 3284840.474687508773059, 2321490.626936788670719 ] ] ] ] } },
{ "type": "Feature", "properties": { "CODE_18": "231", "Uso": "Praderas", "color": "#E6E64D" }, "geometry": { "type": "MultiPolygon", "coordinates": [ [ [ [ 3280009.07697160821408, 2317400.782912247348577 ], [ 3280010.100675379857421, 2317400.717720001004636 ], [ 3280009.067214822396636, 2317400.717720001004636 ], [ 3280009.07697160821408, 2317400.782912247348577 ] ] ], [ [ [ 3280180.662551233544946, 2317401.181134846061468 ], [ 3280181.893420087639242, 2317417.505400380585343 ], [ 3280186.722556717693806, 2317481.357816102448851 ], [ 3280204.288673971779644, 2317479.833627207670361 ], [ 3280247.591850697994232, 2317476.064434821717441 ], [ 3280258.063851752318442, 2317449.542267992161214 ], [ 3280264.667874599806964, 2317432.799569931346923 ], [ 3280250.792947122361511, 2317400.717720001004636 ], [ 3280180.627555012237281, 2317400.717720001004636 ], [ 3280180.662551233544946, 2317401.181134846061468 ] ] ], [ [ [ 3277607.428997058421373, 2319158.592796188779175 ], [ 3277632.569987486116588, 2319144.466488041914999 ], [ 3277566.25232, 2319037.607823366299272 ], [ 3277566.25232, 2319177.64795539714396 ], [ 3277607.428997058421373, 2319158.592796188779175 ] ] ], [ [ [ 3278205.780267497524619, 2323129.124010824598372 ], [ 3278204.673399857711047, 2323136.056115132756531 ], [ 3278203.098452740348876, 2323145.891334037296474 ], [ 3278200.287202831357718, 2323166.08085679076612 ], [ 3278158.753360614180565, 2323198.485141000710428 ], [ 3278127.625172053463757, 2323244.683489839546382 ], [ 3278121.410143528133631, 2323264.77947300998494 ], [ 3278122.167818592861295, 2323269.406025256030262 ], [ 3278132.717282803729177, 2323271.626613839995116 ], [ 3278188.575613535940647, 2323269.946145732887089 ], [ 3278195.137901094742119, 2323269.750073510222137 ], [ 3278198.246541051194072, 2323269.651823570020497 ], [ 3278153.694821506273001, 2323310.327809386420995 ], [ 3278138.559552414808422, 2323299.990901266224682 ], [ 3278109.773379080928862, 2323338.807357984595001 ], [ 3278080.088670305442065, 2323366.933287383057177 ], [ 3278068.77507670270279, 2323370.701919474638999 ], [ 3278052.248656202107668, 2323376.216183813754469 ], [ 3278063.653659811709076, 2323407.015347862616181 ], [ 3278029.719747040886432, 2323420.593190252315253 ], [ 3278018.313594041392207, 2323425.159443824552 ], [ 3278022.697018157225102, 2323430.429243701975793 ], [ 3278026.988789820112288, 2323435.573035490699112 ], [ 3278041.080672595649958, 2323452.485906548332423 ], [ 3278054.679692973848432, 2323468.80524514708668 ], [ 3278067.223179099150002, 2323461.705681738909334 ], [ 3278075.214760505128652, 2323468.626444875262678 ], [ 3278082.740951067768037, 2323466.820439841598272 ], [ 3278088.549167476594448, 2323487.356606237590313 ], [ 3278089.4616718608886, 2323487.105366095434874 ], [ 3278093.77262403536588, 2323485.923694865312427 ], [ 3278097.511401398107409, 2323484.903180338442326 ], [ 3278109.702625297009945, 2323498.201627132482827 ], [ 3278111.738619518000633, 2323500.412238547112793 ], [ 3278106.335349779110402, 2323506.260527103673667 ], [ 3278104.258890668861568, 2323508.572796366177499 ], [ 3278105.237100251019001, 2323511.882082233205438 ], [ 3278106.462731923907995, 2323516.02072373079136 ], [ 3278091.781597109045833, 2323522.023455291986465 ], [ 3278086.97170527651906, 2323516.503656249027699 ], [ 3278062.892334715463221, 2323527.563047250267118 ], [ 3278066.986171343363822, 2323535.958395811263472 ], [ 3278057.442801018245518, 2323544.774894058704376 ], [ 3278052.190173716749996, 2323549.62260131072253 ], [ 3278041.190801022574306, 2323559.76993284188211 ], [ 3278032.687945044133812, 2323550.594616881106049 ], [ 3278028.707606656942517, 2323546.299405319616199 ], [ 3278028.383602016605437, 2323546.42722019739449 ], [ 3277992.502598934341222, 2323561.310401948168874 ], [ 3277979.678200425114483, 2323566.632615038659424 ], [ 3277989.085805756039917, 2323582.509325315244496 ], [ 3278000.897374705411494, 2323600.613344850949943 ], [ 3277998.052855891641229, 2323602.634011735208333 ], [ 3277940.117228996008635, 2323643.788712856825441 ], [ 3277937.917996842414141, 2323645.351273439824581 ], [ 3277934.910503782797605, 2323647.491837544832379 ], [ 3277935.730199513956904, 2323648.71815050765872 ], [ 3277939.107000229414552, 2323653.230754083953798 ], [ 3277949.805432971566916, 2323667.511293148156255 ], [ 3277952.291860233061016, 2323669.622669717296958 ], [ 3277956.074766695965081, 2323672.836213365662843 ], [ 3277972.658546603750437, 2323686.937788942828774 ], [ 3277992.408123333007097, 2323705.812203653622419 ], [ 3277999.409676297102123, 2323712.510692410171032 ], [ 3278009.324321798980236, 2323729.810588721185923 ], [ 3278010.221905009355396, 2323731.388576180208474 ], [ 3278020.273108984343708, 2323749.212527919560671 ], [ 3278012.198972462676466, 2323760.247670700773597 ], [ 3278007.789195813238621, 2323766.27706558117643 ], [ 3278006.807927291840315, 2323767.03760603023693 ], [ 3278005.410159136168659, 2323768.104537697974592 ], [ 3278002.966934419237077, 2323769.97370235202834 ], [ 3277995.041290467139333, 2323776.030667012091726 ], [ 3277984.637870094273239, 2323779.223797587677836 ], [ 3277976.55295723862946, 2323784.060489327646792 ], [ 3277969.430909368209541, 2323773.405151084531099 ], [ 3277963.879561155568808, 2323765.092704317066818 ], [ 3277950.813363911118358, 2323768.752485080156475 ], [ 3277946.434935436118394, 2323750.38090091291815 ], [ 3277939.560923356097192, 2323751.027421590406448 ], [ 3277929.62045971583575, 2323751.967782939318568 ], [ 3277916.973052702844143, 2323724.795965964905918 ], [ 3277914.955002472735941, 2323719.659624664112926 ], [ 3277913.457385736983269, 2323715.842633206397295 ], [ 3277909.873277886770666, 2323710.250093355309218 ], [ 3277907.951182747259736, 2323707.248285771813244 ], [ 3277913.669482596218586, 2323704.5007324074395 ], [ 3277880.88126187119633, 2323668.64051756169647 ], [ 3277849.887633893638849, 2323632.587589751463383 ], [ 3277848.265591597184539, 2323633.957672050222754 ], [ 3277846.134721608832479, 2323635.75180540420115 ], [ 3277841.727649142034352, 2323637.833213089499623 ], [ 3277839.702608005609363, 2323638.786822832655162 ], [ 3277837.79921418055892, 2323639.120389651507139 ], [ 3277834.584155250806361, 2323639.6838239133358 ], [ 3277828.898952655028552, 2323639.969796473626047 ], [ 3277822.139535657595843, 2323636.608127835672349 ], [ 3277818.976808967068791, 2323631.915940790902823 ], [ 3277818.41943008871749, 2323628.512604245450348 ], [ 3277789.832073327619582, 2323648.47033310867846 ], [ 3277789.666608324274421, 2323647.70779629657045 ], [ 3277789.245036457665265, 2323645.691213747486472 ], [ 3277787.736071492079645, 2323636.477541691623628 ], [ 3277787.046677352394909, 2323626.754917457234114 ], [ 3277787.210855228360742, 2323608.987659556791186 ], [ 3277787.393458148930222, 2323589.908099864143878 ], [ 3277782.376351837068796, 2323590.990300178527832 ], [ 3277771.163529455661774, 2323593.391696469858289 ], [ 3277767.510560140945017, 2323594.87415042379871 ], [ 3277760.615769469179213, 2323597.685822821687907 ], [ 3277749.356983566656709, 2323597.700380588881671 ], [ 3277741.000816533807665, 2323593.695091535337269 ], [ 3277732.898944116663188, 2323589.817752090282738 ], [ 3277710.045767304021865, 2323569.833191805519164 ], [ 3277679.016446180641651, 2323609.012800159864128 ], [ 3277663.348799529485404, 2323685.990370319224894 ], [ 3277732.887674177996814, 2323786.922106763347983 ], [ 3277857.629480799660087, 2323793.343198713380843 ], [ 3277872.417561656329781, 2324034.656242364551872 ], [ 3277851.002733021508902, 2324119.714285925030708 ], [ 3277969.377571029122919, 2324151.991741225123405 ], [ 3278020.077082908712327, 2324029.988017807714641 ], [ 3278190.806110411882401, 2323756.164280999451876 ], [ 3278133.372513913549483, 2323621.297480450477451 ], [ 3278436.547441988252103, 2323465.655881210695952 ], [ 3278499.000403036363423, 2323125.669738580007106 ], [ 3278476.122558616101742, 2323067.929443270433694 ], [ 3278454.618852917570621, 2323076.690285108517855 ], [ 3278386.614342593587935, 2323104.376565601211041 ], [ 3278370.165950655471534, 2323100.703410450834781 ], [ 3278354.758539133239537, 2323097.253755199722946 ], [ 3278336.589947586413473, 2323068.208145585842431 ], [ 3278321.745186060667038, 2323072.159114061389118 ], [ 3278277.424652834422886, 2323083.954295545816422 ], [ 3278243.709606293588877, 2323102.648600477725267 ], [ 3278209.315025373827666, 2323121.715711673721671 ], [ 3278206.672607434447855, 2323127.262809200678021 ], [ 3278205.780267497524619, 2323129.124010824598372 ] ] ], [ [ [ 3283517.932772973552346, 2325654.804505916312337 ], [ 3283514.208517800550908, 2325632.066603258717805 ], [ 3283499.923885838128626, 2325628.845491093117744 ], [ 3283498.900033737532794, 2325625.381838351022452 ], [ 3283498.125235960353166, 2325622.757403052877635 ], [ 3283497.345137390308082, 2325616.693854670040309 ], [ 3283497.277327525429428, 2325612.687276900745928 ], [ 3283497.51640189345926, 2325609.996872389223427 ], [ 3283497.853725018911064, 2325606.233906487002969 ], [ 3283498.164188697002828, 2325602.67859778739512 ], [ 3283499.958505410235375, 2325596.042336344718933 ], [ 3283500.626380139030516, 2325594.545273947529495 ], [ 3283503.081515031866729, 2325588.970385423861444 ], [ 3283520.771630939096212, 2325557.174295336008072 ], [ 3283524.229165249504149, 2325551.525304501410574 ], [ 3283526.148581841494888, 2325548.37820799741894 ], [ 3283527.12374225910753, 2325547.456473854836076 ], [ 3283527.670412642881274, 2325547.015699248295277 ], [ 3283528.416114249732345, 2325546.489323887042701 ], [ 3283528.803202918730676, 2325546.127240020781755 ], [ 3283529.204394027590752, 2325545.417667316738516 ], [ 3283529.366095800884068, 2325545.166095950175077 ], [ 3283529.825620603282005, 2325544.750733602792025 ], [ 3283531.473542359191924, 2325543.538648025132716 ], [ 3283532.174947431311011, 2325542.989589020609856 ], [ 3283532.959491576533765, 2325542.080948619637638 ], [ 3283533.390876912511885, 2325541.741548540070653 ], [ 3283534.371659820433706, 2325541.163848411757499 ], [ 3283535.143717249855399, 2325540.612561471294612 ], [ 3283535.779149095527828, 2325540.156239394564182 ], [ 3283536.526298448443413, 2325539.700643894262612 ], [ 3283537.551546145230532, 2325539.084712499752641 ], [ 3283543.292831476777792, 2325528.053225184325129 ], [ 3283553.101446507498622, 2325511.874798957258463 ], [ 3283570.005402657203376, 2325481.596544892061502 ], [ 3283579.220241745002568, 2325465.075648129917681 ], [ 3283597.710258270148188, 2325427.446740395855159 ], [ 3283598.586563074029982, 2325427.222213893663138 ], [ 3283599.931011733599007, 2325427.626018795184791 ], [ 3283601.104736760724336, 2325427.978546895552427 ], [ 3283602.175933498423547, 2325428.572280850727111 ], [ 3283602.968256906140596, 2325429.011910368222743 ], [ 3283606.707314429339021, 2325432.081143964547664 ], [ 3283607.426360202953219, 2325432.878626897931099 ], [ 3283608.4205431654118, 2325433.993230161257088 ], [ 3283619.551181825343519, 2325449.548186005093157 ], [ 3283620.66045286366716, 2325455.391703431960195 ], [ 3283623.615650886204094, 2325471.018891155719757 ], [ 3283632.429851605556905, 2325487.730518407188356 ], [ 3283647.03044546674937, 2325480.058698212262243 ], [ 3283653.20590634457767, 2325473.040667943190783 ], [ 3283660.937572069466114, 2325465.30356214614585 ], [ 3283675.891903199255466, 2325450.314269500784576 ], [ 3283675.0173449087888, 2325443.364145160652697 ], [ 3283671.99534250702709, 2325419.21454647462815 ], [ 3283681.171389820054173, 2325379.290015911217779 ], [ 3283675.209388986695558, 2325348.897106087300926 ], [ 3283687.560645020566881, 2325310.395222563296556 ], [ 3283696.466392819769681, 2325308.835318307392299 ], [ 3283704.750809967983514, 2325307.384245884139091 ], [ 3283712.956328465137631, 2325305.946994432713836 ], [ 3283718.153814628254622, 2325305.036620657425374 ], [ 3283716.526802779175341, 2325312.942428600974381 ], [ 3283713.765503817703575, 2325326.43527659540996 ], [ 3283737.881801934912801, 2325338.457411594223231 ], [ 3283749.779109422117472, 2325343.517413306050003 ], [ 3283752.211954172700644, 2325345.425226853694767 ], [ 3283753.842981481924653, 2325347.950419675093144 ], [ 3283754.658660898916423, 2325350.638720951043069 ], [ 3283754.772425894159824, 2325354.058821337297559 ], [ 3283753.994096567854285, 2325358.660082644317299 ], [ 3283752.756303693633527, 2325366.030929179862142 ], [ 3283752.772087313234806, 2325368.047531768213958 ], [ 3283752.793996915686876, 2325370.225422570481896 ], [ 3283751.461699028965086, 2325369.58609180059284 ], [ 3283751.085985718760639, 2325369.398211066611111 ], [ 3283752.448508188594133, 2325371.584826645907015 ], [ 3283749.406238784082234, 2325376.176729832775891 ], [ 3283765.917291901540011, 2325387.044823163654655 ], [ 3283765.210542579181492, 2325412.710062962956727 ], [ 3283812.493955632671714, 2325395.589546580333263 ], [ 3283820.409516519866884, 2325402.16893579158932 ], [ 3283824.672997672110796, 2325405.714586423244327 ], [ 3283813.152079887222499, 2325431.508305041585118 ], [ 3283809.778800448868424, 2325438.167405135463923 ], [ 3283801.541239248588681, 2325451.797504405491054 ], [ 3283797.509269749745727, 2325457.222353322897106 ], [ 3283785.02543357340619, 2325471.190319527871907 ], [ 3283772.340988797135651, 2325483.437898926436901 ], [ 3283765.740124407224357, 2325489.221385867800564 ], [ 3283757.084989389404655, 2325495.222629139199853 ], [ 3283748.144148210063577, 2325499.975027420092374 ], [ 3283739.706794803030789, 2325504.456581449601799 ], [ 3283733.313245184253901, 2325508.34675412112847 ], [ 3283732.756374417804182, 2325508.911083570681512 ], [ 3283732.41681259451434, 2325509.315578554291278 ], [ 3283731.108988350722939, 2325511.117530721239746 ], [ 3283730.506811740342528, 2325512.024666324257851 ], [ 3283730.293677072972059, 2325512.457754544913769 ], [ 3283729.947922535706311, 2325513.319975756574422 ], [ 3283729.51613331399858, 2325514.400218424852937 ], [ 3283726.625144124031067, 2325516.570803534239531 ], [ 3283725.033599607646465, 2325518.189057508483529 ], [ 3283723.214715729467571, 2325520.029788578860462 ], [ 3283720.901300924364477, 2325523.063228345476091 ], [ 3283720.272096118424088, 2325524.238935827743262 ], [ 3283719.628013677895069, 2325525.447692058980465 ], [ 3283719.116316612344235, 2325526.907244835980237 ], [ 3283718.364456627052277, 2325529.068457615561783 ], [ 3283717.771139501594007, 2325533.312599257566035 ], [ 3283718.015957153402269, 2325537.47082011308521 ], [ 3283718.486528655514121, 2325539.600570406764746 ], [ 3283719.296932020690292, 2325541.823010107502341 ], [ 3283719.880734820850194, 2325543.405252236872911 ], [ 3283721.339869420044124, 2325546.305573277641088 ], [ 3283722.989350436255336, 2325548.695616723503917 ], [ 3283725.767960699740797, 2325552.714450066909194 ], [ 3283735.895101641304791, 2325545.542076726444066 ], [ 3283764.804989985655993, 2325560.134156030137092 ], [ 3283784.835675412323326, 2325562.511226948350668 ], [ 3283814.15672872774303, 2325543.625451336614788 ], [ 3283847.789103716146201, 2325515.135857358574867 ], [ 3283863.649271665606648, 2325497.562687533441931 ], [ 3283879.380902179982513, 2325480.133813698776066 ], [ 3283900.463860326912254, 2325450.716936723794788 ], [ 3283898.94900096161291, 2325434.096716023050249 ], [ 3283894.176305216737092, 2325404.956760173663497 ], [ 3283882.328353713732213, 2325370.155726213008165 ], [ 3283863.784712458029389, 2325327.303342159837484 ], [ 3283855.392446532379836, 2325304.185740784276277 ], [ 3283841.533708406146616, 2325275.87619583401829 ], [ 3283838.598288554698229, 2325273.315636021550745 ], [ 3283825.401186374947429, 2325261.806187168695033 ], [ 3283815.387698367238045, 2325256.974326071795076 ], [ 3283802.045167201198637, 2325250.523542446549982 ], [ 3283770.475377455819398, 2325240.689733672887087 ], [ 3283753.555327455047518, 2325241.075886412989348 ], [ 3283745.218498969916254, 2325241.277828777208924 ], [ 3283697.189553516916931, 2325248.147952114231884 ], [ 3283690.374631043989211, 2325249.34162964951247 ], [ 3283683.74709465354681, 2325250.502486193552613 ], [ 3283651.124970824923366, 2325262.365906881634146 ], [ 3283637.791004202328622, 2325264.701450700871646 ], [ 3283626.478831010870636, 2325266.68286505760625 ], [ 3283566.380090038757771, 2325270.289015790913254 ], [ 3283557.972757447045296, 2325269.255183671601117 ], [ 3283530.316771843936294, 2325265.849404031410813 ], [ 3283508.308235100936145, 2325262.793909940868616 ], [ 3283492.747996074613184, 2325255.067430834285915 ], [ 3283486.564252431504428, 2325252.000214660540223 ], [ 3283463.975452517159283, 2325235.986431147903204 ], [ 3283440.098696476314217, 2325217.559880327899009 ], [ 3283421.763214147649705, 2325203.419169317930937 ], [ 3283381.535058375447989, 2325178.196260889992118 ], [ 3283378.075351346284151, 2325176.894522214308381 ], [ 3283373.47992314491421, 2325175.162568064406514 ], [ 3283362.667531462851912, 2325171.089703875593841 ], [ 3283340.253322515636683, 2325162.645910996943712 ], [ 3283325.859814953524619, 2325157.211400358006358 ], [ 3283263.959457678720355, 2325140.401856641750783 ], [ 3283106.107707038056105, 2325091.214283782988787 ], [ 3283040.721830805763602, 2325071.768234055954963 ], [ 3283013.323825525119901, 2325063.619116259738803 ], [ 3283005.527950644493103, 2325061.301117403432727 ], [ 3282984.175911596044898, 2325054.944431916344911 ], [ 3282933.613671860657632, 2325037.488572168163955 ], [ 3282918.107696353457868, 2325032.137381447013468 ], [ 3282878.55875352025032, 2325019.175810569897294 ], [ 3282858.157251387834549, 2325012.490293352864683 ], [ 3282816.254346118774265, 2324999.403273237869143 ], [ 3282780.437429883517325, 2324987.300007156096399 ], [ 3282779.457841973751783, 2324991.601681652478874 ], [ 3282778.561395837459713, 2324995.543773431796581 ], [ 3282780.301275393925607, 2324996.131987603846937 ], [ 3282783.262403069995344, 2324997.115131865255535 ], [ 3282784.51531916949898, 2324999.128133131191134 ], [ 3282784.736126991454512, 2324999.485211087856442 ], [ 3282780.86035646405071, 2324998.926123489160091 ], [ 3282777.887849731370807, 2324998.492943907156587 ], [ 3282778.717714007943869, 2325004.365112424362451 ], [ 3282780.424298102967441, 2325016.395523354876786 ], [ 3282780.677746085450053, 2325019.801316653378308 ], [ 3282780.86630081711337, 2325022.315339440945536 ], [ 3282781.705744042061269, 2325033.635102241300046 ], [ 3282782.864980563521385, 2325049.32320980168879 ], [ 3282784.374543212354183, 2325069.628005768638104 ], [ 3282779.712889491580427, 2325155.451257708948106 ], [ 3282784.653551796451211, 2325165.423459927551448 ], [ 3282798.098965030163527, 2325167.91876594023779 ], [ 3282828.105354062281549, 2325175.083192189224064 ], [ 3282839.177073190454394, 2325177.456485285889357 ], [ 3282844.950184822548181, 2325178.697975195478648 ], [ 3282847.851534227840602, 2325179.316128912847489 ], [ 3282855.311646897811443, 2325181.25657313503325 ], [ 3282865.781090386677533, 2325183.978914595674723 ], [ 3282869.565305789001286, 2325184.970093302428722 ], [ 3282893.792697134427726, 2325156.168921091593802 ], [ 3282905.620830572675914, 2325154.73628687299788 ], [ 3282918.730903713032603, 2325153.139984048437327 ], [ 3282928.578656869009137, 2325151.942633681930602 ], [ 3282929.182918936945498, 2325152.658742484636605 ], [ 3282929.823230753652751, 2325153.409126959275454 ], [ 3282949.851197613403201, 2325176.95439116936177 ], [ 3282963.810191574972123, 2325193.363480520900339 ], [ 3282979.18576692044735, 2325211.422035597264767 ], [ 3282986.646752318367362, 2325232.074551266152412 ], [ 3282987.387236477807164, 2325236.409794458653778 ], [ 3282988.0340117495507, 2325240.172890644520521 ], [ 3282991.409735162742436, 2325259.978288003243506 ], [ 3282991.579353778623044, 2325309.205147271510214 ], [ 3283002.417631607037038, 2325343.168326168321073 ], [ 3283014.211041855625808, 2325368.592405467294157 ], [ 3283014.571978916879743, 2325369.371433508582413 ], [ 3283014.534583818167448, 2325369.82447974383831 ], [ 3283012.33378036879003, 2325401.109534178860486 ], [ 3283011.798644630704075, 2325408.682080196216702 ], [ 3283012.869772958103567, 2325439.069276004098356 ], [ 3283013.116056019440293, 2325446.271547354757786 ], [ 3283013.24259741185233, 2325449.831497085280716 ], [ 3283013.332714701537043, 2325452.301882449537516 ], [ 3283009.632132132537663, 2325501.993662099353969 ], [ 3283008.024782539345324, 2325523.646160916425288 ], [ 3282996.579325438477099, 2325566.251816021744162 ], [ 3283004.535589838400483, 2325627.215418616309762 ], [ 3283006.128927461802959, 2325638.058138957247138 ], [ 3283007.362626169342548, 2325646.457388047128916 ], [ 3283009.550577590242028, 2325661.371679999865592 ], [ 3283525.270985237322748, 2325661.371679999865592 ], [ 3283517.932772973552346, 2325654.804505916312337 ] ] ], [ [ [ 3283974.314479628577828, 2318537.675289654172957 ], [ 3284009.417544717900455, 2318530.727485391311347 ], [ 3284075.241414289921522, 2318544.174091741908342 ], [ 3284129.168735368177295, 2318563.721888483036309 ], [ 3284164.449279086664319, 2318574.906132381875068 ], [ 3284155.778980670496821, 2318556.272358225658536 ], [ 3284138.151087867096066, 2318518.365125165786594 ], [ 3284108.351250016130507, 2318528.828673622105271 ], [ 3284107.853642689995468, 2318521.386765225790441 ], [ 3284106.767093088943511, 2318505.138957017567009 ], [ 3284105.20493129780516, 2318504.458659517113119 ], [ 3284043.806476125493646, 2318477.695541743189096 ], [ 3284036.794917507562786, 2318498.39517783280462 ], [ 3284032.58097406802699, 2318496.575961378403008 ], [ 3283953.944113518111408, 2318503.840264877304435 ], [ 3283891.952838456723839, 2318572.207368719391525 ], [ 3283887.922818617429584, 2318576.657224365044385 ], [ 3283832.876924640499055, 2318561.557049989700317 ], [ 3283779.85496913921088, 2318543.139621012378484 ], [ 3283758.06092272233218, 2318521.496875831857324 ], [ 3283852.329685537610203, 2318444.910903721582144 ], [ 3283881.550350343808532, 2318481.18405341822654 ], [ 3283944.423160154372454, 2318466.370490241795778 ], [ 3283936.241678960621357, 2318429.89397663064301 ], [ 3283949.834261771291494, 2318400.989931463263929 ], [ 3283961.218086511828005, 2318406.26195736695081 ], [ 3283979.780398627743125, 2318414.853381896391511 ], [ 3283989.873178091365844, 2318393.391029656864703 ], [ 3283980.091568978969008, 2318373.297900356352329 ], [ 3283960.045036758296192, 2318332.080107657238841 ], [ 3283977.416734707541764, 2318330.85482428688556 ], [ 3284036.987592238001525, 2318326.675204873085022 ], [ 3284115.378918625880033, 2318428.381430895067751 ], [ 3284133.053429955616593, 2318425.286861180793494 ], [ 3284185.830404067412019, 2318416.046358324587345 ], [ 3284196.875909093767405, 2318439.95668340055272 ], [ 3284205.25025452580303, 2318458.084182406309992 ], [ 3284240.53740731626749, 2318438.68448300473392 ], [ 3284243.93812351487577, 2318393.503481287043542 ], [ 3284294.237428935244679, 2318381.460031560156494 ], [ 3284287.026058645918965, 2318349.856755286455154 ], [ 3284306.874183496460319, 2318345.103180764243007 ], [ 3284326.46910199848935, 2318340.414240255951881 ], [ 3284314.578986382577568, 2318288.281043522525579 ], [ 3284266.211945652030408, 2318240.900661999359727 ], [ 3284375.072781425900757, 2318211.379724360071123 ], [ 3284470.207519742194563, 2318231.769916313234717 ], [ 3284497.801688996143639, 2318252.711879464797676 ], [ 3284500.221016633324325, 2318228.128563303966075 ], [ 3284493.045368128921837, 2318184.281946389004588 ], [ 3284481.964891963638365, 2318136.289073331281543 ], [ 3284474.246169140562415, 2318098.980830676853657 ], [ 3284471.200732884462923, 2318070.514238653704524 ], [ 3284504.965190316550434, 2318030.773197535425425 ], [ 3284560.05250765196979, 2318013.082295777276158 ], [ 3284571.379670143593103, 2318062.645277485251427 ], [ 3284594.636781143490225, 2318047.290227155666798 ], [ 3284603.688602759037167, 2317984.49961285572499 ], [ 3284630.309052536264062, 2317979.839077153243124 ], [ 3284664.986019900534302, 2317985.041234705597162 ], [ 3284715.603822914883494, 2317979.406164920888841 ], [ 3284767.174508887343109, 2317988.459304448682815 ], [ 3284765.470045399386436, 2317984.739554877392948 ], [ 3284762.118328368291259, 2317977.401655468158424 ], [ 3284731.228016908280551, 2317909.782805460039526 ], [ 3284726.989825038705021, 2317900.499708395451307 ], [ 3284731.346061137039214, 2317828.729480541311204 ], [ 3284731.903171128593385, 2317819.672291713766754 ], [ 3284732.26220793556422, 2317813.744564759545028 ], [ 3284732.652256240136921, 2317807.324360948055983 ], [ 3284733.07725548138842, 2317800.187760358210653 ], [ 3284733.54591465741396, 2317796.107860173564404 ], [ 3284741.503637722693384, 2317725.513331559486687 ], [ 3284750.114088744856417, 2317649.173099674750119 ], [ 3284751.183211362920702, 2317639.772619782947004 ], [ 3284760.638816854916513, 2317555.9483553012833 ], [ 3284771.267519980669022, 2317538.502124584279954 ], [ 3284781.112047486007214, 2317522.339772914536297 ], [ 3284828.749744508415461, 2317444.179926598444581 ], [ 3284841.552979999221861, 2317423.178001950960606 ], [ 3284841.552979999221861, 2317400.717720001004636 ], [ 3284782.776539414655417, 2317400.717720001004636 ], [ 3284733.635834198445082, 2317498.627955487929285 ], [ 3284683.759220494888723, 2317562.609127284958959 ], [ 3284609.837837857194245, 2317612.890798482112586 ], [ 3284542.373237483203411, 2317658.795251584611833 ], [ 3284453.235511031933129, 2317719.442691755015403 ], [ 3284427.94274559430778, 2317681.812121383380145 ], [ 3284420.844598515890539, 2317671.233748545870185 ], [ 3284355.131849091965705, 2317715.938906937371939 ], [ 3284316.770374773070216, 2317742.035591337829828 ], [ 3284343.046308611519635, 2317781.147962496615946 ], [ 3284354.985145905986428, 2317798.925306184217334 ], [ 3284309.357086214702576, 2317829.967416697181761 ], [ 3284276.15347588295117, 2317852.553420876152813 ], [ 3284293.899824392516166, 2317878.973818114958704 ], [ 3284197.6968894880265, 2317944.430699728429317 ], [ 3284112.187078173272312, 2318022.221346011850983 ], [ 3284041.535384854767472, 2318108.41008664527908 ], [ 3284000.547111060936004, 2318153.170731130987406 ], [ 3283991.677844243589789, 2318213.788864810951054 ], [ 3283971.713766462635249, 2318224.529227692633867 ], [ 3283954.667312251403928, 2318233.693333034403622 ], [ 3283924.246489018201828, 2318228.274058055598289 ], [ 3283878.204932929947972, 2318268.937537332531065 ], [ 3283818.567790037486702, 2318368.429049617610872 ], [ 3283731.943313010036945, 2318468.972912827506661 ], [ 3283642.047966785728931, 2318529.816464808303863 ], [ 3283562.719887712504715, 2318542.093211651779711 ], [ 3283536.920879839919508, 2318534.971971975173801 ], [ 3283576.717675018589944, 2318597.865659004077315 ], [ 3283480.780179350636899, 2318700.578920757398009 ], [ 3283467.185907983221114, 2318750.05157489515841 ], [ 3283468.858731685671955, 2318751.098066818434745 ], [ 3283473.565816866699606, 2318752.830896846018732 ], [ 3283477.449200820643455, 2318753.622227880172431 ], [ 3283478.759914562571794, 2318753.75801261048764 ], [ 3283480.936247730161995, 2318753.975607581902295 ], [ 3283483.527705164160579, 2318753.816103426273912 ], [ 3283485.958126706071198, 2318753.664502957835793 ], [ 3283488.691217700950801, 2318752.82064299704507 ], [ 3283490.894557744264603, 2318751.653515655081719 ], [ 3283492.911559075117111, 2318750.153724114410579 ], [ 3283496.271448195911944, 2318746.754681759513915 ], [ 3283518.492418526206166, 2318720.794029033742845 ], [ 3283525.012512174900621, 2318712.031956736464053 ], [ 3283527.822104353457689, 2318709.73382975673303 ], [ 3283529.649068569298834, 2318709.180547113995999 ], [ 3283530.384855607524514, 2318709.274944930803031 ], [ 3283531.475384537596256, 2318709.987076844554394 ], [ 3283532.426831541582942, 2318712.205024875700474 ], [ 3283532.46777827013284, 2318713.385054815560579 ], [ 3283532.50261967536062, 2318714.403801703825593 ], [ 3283531.732070599682629, 2318718.374293301254511 ], [ 3283530.826055497396737, 2318720.897189194336534 ], [ 3283529.656646029092371, 2318724.166349087841809 ], [ 3283519.800077289808542, 2318745.273024041205645 ], [ 3283515.8703628978692, 2318753.682994319591671 ], [ 3283511.892187498975545, 2318761.238955519162118 ], [ 3283505.124238641001284, 2318772.763835588470101 ], [ 3283503.044477791059762, 2318777.785483283922076 ], [ 3283502.693256904836744, 2318779.358887572772801 ], [ 3283502.195559535641223, 2318781.587054985575378 ], [ 3283502.258317538071424, 2318784.883992742747068 ], [ 3283503.136470556724817, 2318788.017859891522676 ], [ 3283504.609247312415391, 2318790.631580137182027 ], [ 3283505.758631506003439, 2318792.01325592584908 ], [ 3283507.650260388385504, 2318793.528786187060177 ], [ 3283511.210897759068757, 2318795.137657752260566 ], [ 3283514.045024292077869, 2318795.716982619371265 ], [ 3283515.763523592613637, 2318795.740776016376913 ], [ 3283517.49188584741205, 2318795.762842446099967 ], [ 3283494.837384485639632, 2318835.873352890834212 ], [ 3283496.344759210012853, 2318854.939482958521694 ], [ 3283504.034546540118754, 2318901.923256296198815 ], [ 3283512.839967611245811, 2318926.15485221426934 ], [ 3283575.743510875385255, 2318936.946285708807409 ], [ 3283594.502662219107151, 2318970.109642695635557 ], [ 3283594.760919764637947, 2318970.571772682946175 ], [ 3283610.175340297631919, 2318972.8853206676431 ], [ 3283647.202161372639239, 2318978.436268730089068 ], [ 3283687.763540326151997, 2318964.484738434199244 ], [ 3283700.432093526236713, 2318960.125463141594082 ], [ 3283702.688433891162276, 2318954.261139035224915 ], [ 3283709.963990286923945, 2318935.361835064832121 ], [ 3283719.257606899365783, 2318911.187878397293389 ], [ 3283671.63810105342418, 2318893.235090624075383 ], [ 3283658.57061546575278, 2318852.012816037517041 ], [ 3283677.653999770060182, 2318845.749000941868871 ], [ 3283702.090413961093873, 2318837.725981497205794 ], [ 3283725.237365464679897, 2318800.066135732922703 ], [ 3283724.996127417311072, 2318781.793044215999544 ], [ 3283724.524851989001036, 2318746.49298877408728 ], [ 3283691.39153088722378, 2318747.312362454365939 ], [ 3283691.029008583631366, 2318720.425418523140252 ], [ 3283653.822438064031303, 2318721.339054746087641 ], [ 3283593.04249120131135, 2318664.818536074832082 ], [ 3283600.111305519472808, 2318625.996329101733863 ], [ 3283660.441531947813928, 2318636.376049348618835 ], [ 3283718.861696849577129, 2318597.146812865976244 ], [ 3283738.603101190645248, 2318537.313579441979527 ], [ 3283814.046600858680904, 2318604.640395435504615 ], [ 3283860.118315612897277, 2318607.309037217404693 ], [ 3283864.743386013433337, 2318626.580077362246811 ], [ 3283869.592488584574312, 2318646.786002756562084 ], [ 3283907.633531785570085, 2318641.982183439657092 ], [ 3283956.296785498969257, 2318634.263246707618237 ], [ 3283982.475267200730741, 2318602.292970045469701 ], [ 3283990.87097286619246, 2318584.719734345562756 ], [ 3283967.616125495638698, 2318555.763086086139083 ], [ 3283974.314479628577828, 2318537.675289654172957 ] ] ], [ [ [ 3284016.045305174775422, 2317420.216188734397292 ], [ 3283974.027851531282067, 2317516.164854031987488 ], [ 3283959.020873519591987, 2317531.28308849548921 ], [ 3283959.937307587824762, 2317533.659355180338025 ], [ 3283960.550859394483268, 2317536.230707143433392 ], [ 3283961.245400595944375, 2317543.140886519569904 ], [ 3283961.575643696822226, 2317553.838749674148858 ], [ 3283961.823004068806767, 2317556.342306039296091 ], [ 3283961.921841604169458, 2317557.380275991745293 ], [ 3283962.598719223868102, 2317560.772584619000554 ], [ 3283963.708668868988752, 2317563.835398559458554 ], [ 3283965.122019431553781, 2317565.962314779404551 ], [ 3283967.135210765525699, 2317567.476866339333355 ], [ 3283968.123146692290902, 2317567.872121741063893 ], [ 3283969.95070238923654, 2317568.252284520305693 ], [ 3283972.890089858323336, 2317568.234848720487207 ], [ 3283978.106217988301069, 2317567.250573256518692 ], [ 3284003.57510146079585, 2317559.706803598906845 ], [ 3284012.143047686200589, 2317557.567468124441803 ], [ 3284016.829089063685387, 2317556.939823389984667 ], [ 3284018.915410415735096, 2317557.041304884012789 ], [ 3284020.425378441344947, 2317557.58868816588074 ], [ 3284021.395380369387567, 2317557.936349901836365 ], [ 3284023.554918076377362, 2317559.973211153876036 ], [ 3284027.769660378806293, 2317565.455321243032813 ], [ 3284031.644941420760006, 2317571.280976858455688 ], [ 3284037.7621303582564, 2317581.320796179585159 ], [ 3284047.276822996791452, 2317595.382604607846588 ], [ 3284066.218115579336882, 2317621.60389019548893 ], [ 3284071.466545985080302, 2317628.13279527798295 ], [ 3284073.366047073621303, 2317629.758575858548284 ], [ 3284075.446119251195341, 2317630.875839203596115 ], [ 3284076.191951228305697, 2317630.907608692534268 ], [ 3284077.082323145121336, 2317630.954659577459097 ], [ 3284078.455437540076673, 2317630.541757707018405 ], [ 3284078.712232813239098, 2317630.375035531353205 ], [ 3284079.92053307313472, 2317629.574967788532376 ], [ 3284085.76866785204038, 2317623.711020103655756 ], [ 3284087.808665218763053, 2317621.669477540999651 ], [ 3284089.241831964813173, 2317620.383578431792557 ], [ 3284092.862587180919945, 2317617.152059413958341 ], [ 3284110.787825911305845, 2317603.623326973523945 ], [ 3284127.075623659417033, 2317590.442167772911489 ], [ 3284137.241442386060953, 2317582.939519308041781 ], [ 3284158.742115263827145, 2317567.080161216668785 ], [ 3284161.715348253026605, 2317565.037584817036986 ], [ 3284170.926453916355968, 2317558.706635637674481 ], [ 3284187.546065224800259, 2317546.685039053205401 ], [ 3284191.17903253249824, 2317543.776093795895576 ], [ 3284195.680280232802033, 2317539.47721700463444 ], [ 3284177.172030807007104, 2317510.136051329318434 ], [ 3284189.891330358106643, 2317501.993579984642565 ], [ 3284220.253363475203514, 2317482.563635386526585 ], [ 3284204.953891852870584, 2317437.491163646802306 ], [ 3284192.477756062522531, 2317400.717720001004636 ], [ 3284037.523916106205434, 2317400.717720001004636 ], [ 3284016.045305174775422, 2317420.216188734397292 ] ] ], [ [ [ 3284282.563655554782599, 2317402.432910134084523 ], [ 3284285.802254789043218, 2317400.717720001004636 ], [ 3284281.270008851308376, 2317400.717720001004636 ], [ 3284282.563655554782599, 2317402.432910134084523 ] ] ], [ [ [ 3284599.121211578603834, 2317414.722440530080348 ], [ 3284624.451484145596623, 2317400.717720001004636 ], [ 3284594.713111033663154, 2317400.717720001004636 ], [ 3284599.121211578603834, 2317414.722440530080348 ] ] ], [ [ [ 3284839.469576120376587, 2320047.856790088117123 ], [ 3284837.269640854559839, 2320051.275933022610843 ], [ 3284833.35497975256294, 2320057.35956159979105 ], [ 3284832.031930604018271, 2320060.371497016400099 ], [ 3284831.304450497031212, 2320063.674889244139194 ], [ 3284825.449794459622353, 2320071.914508437737823 ], [ 3284821.790014422964305, 2320076.208224561065435 ], [ 3284819.25223642680794, 2320082.274014471098781 ], [ 3284817.873336794786155, 2320084.138969058170915 ], [ 3284813.684890256263316, 2320088.302015831228346 ], [ 3284804.481804995797575, 2320093.688071879558265 ], [ 3284802.34097441053018, 2320108.563015250489116 ], [ 3284800.919386551249772, 2320125.290700488258153 ], [ 3284801.461009364575148, 2320133.496140995062888 ], [ 3284802.753843018785119, 2320139.286970005836338 ], [ 3284803.500880707520992, 2320141.185578113887459 ], [ 3284803.797723217401654, 2320141.945366735570133 ], [ 3284806.094448562245816, 2320145.439694657921791 ], [ 3284809.912632073741406, 2320149.489540668204427 ], [ 3284811.715135873761028, 2320150.584378485567868 ], [ 3284814.281968063674867, 2320152.133918283507228 ], [ 3284817.55709979403764, 2320153.052090534474701 ], [ 3284821.585916621610522, 2320153.554183553438634 ], [ 3284827.244427995290607, 2320153.537552663125098 ], [ 3284833.3991394713521, 2320153.515219213441014 ], [ 3284836.522009572014213, 2320146.809189406223595 ], [ 3284839.601849964354187, 2320140.212164811789989 ], [ 3284841.552979999221861, 2320136.674291430041194 ], [ 3284841.552979999221861, 2320045.039426581468433 ], [ 3284839.469576120376587, 2320047.856790088117123 ] ] ], [ [ [ 3284818.055160499643534, 2320510.993385806679726 ], [ 3284830.330405806191266, 2320471.259358908981085 ], [ 3284841.552979999221861, 2320461.480127099901438 ], [ 3284841.552979999221861, 2320380.764881904702634 ], [ 3284804.128682056441903, 2320360.404003718867898 ], [ 3284773.968143598176539, 2320363.330758356489241 ], [ 3284735.427694147452712, 2320367.065234893467277 ], [ 3284700.850624850019813, 2320327.082240475807339 ], [ 3284697.153090405277908, 2320327.364360260311514 ], [ 3284688.826155788265169, 2320326.884264229796827 ], [ 3284685.27154612261802, 2320327.171800740994513 ], [ 3284683.565833569969982, 2320327.845901419408619 ], [ 3284682.537780087441206, 2320328.259289481677115 ], [ 3284680.747839086223394, 2320329.658432348165661 ], [ 3284679.15572257572785, 2320331.3983787111938 ], [ 3284676.918152119033039, 2320334.77339931903407 ], [ 3284675.974280829541385, 2320336.196900965645909 ], [ 3284670.814802839420736, 2320344.964267280884087 ], [ 3284663.690993689000607, 2320358.651904269121587 ], [ 3284659.792005836497992, 2320367.310187895782292 ], [ 3284654.888967226725072, 2320380.619133098050952 ], [ 3284652.912417851388454, 2320385.216837469954044 ], [ 3284636.413660630583763, 2320377.146852730307728 ], [ 3284628.739558937959373, 2320373.03142749145627 ], [ 3284623.803365128580481, 2320370.394992569461465 ], [ 3284613.689905292354524, 2320364.393156973645091 ], [ 3284605.745231586042792, 2320358.376872470602393 ], [ 3284602.614380779676139, 2320356.418744173832238 ], [ 3284601.216296698898077, 2320355.811188563704491 ], [ 3284600.48282189713791, 2320355.482998582534492 ], [ 3284596.94946892792359, 2320354.660788995213807 ], [ 3284593.366495613008738, 2320354.527121500112116 ], [ 3284590.395980244502425, 2320355.097981040365994 ], [ 3284587.805141647811979, 2320356.190891021862626 ], [ 3284584.788278800901026, 2320358.028102828189731 ], [ 3284576.843161826953292, 2320364.776913236826658 ], [ 3284572.440652155783027, 2320369.119544391520321 ], [ 3284567.663964678067714, 2320374.461224119178951 ], [ 3284550.943863611668348, 2320374.831790848635137 ], [ 3284522.971886516083032, 2320375.447528686840087 ], [ 3284487.353179738391191, 2320354.946720400825143 ], [ 3284484.872886767145246, 2320352.438361192122102 ], [ 3284483.50989088928327, 2320351.053486081771553 ], [ 3284478.180712858214974, 2320347.379839239642024 ], [ 3284475.776006021071225, 2320346.015012110117823 ], [ 3284464.550622177310288, 2320341.029803205747157 ], [ 3284456.327653758693486, 2320335.234760880470276 ], [ 3284454.990799464751035, 2320333.327807851135731 ], [ 3284454.581708880141377, 2320332.750025782734156 ], [ 3284454.312619020231068, 2320331.478022756054997 ], [ 3284454.351897121872753, 2320329.238788179121912 ], [ 3284454.917136879172176, 2320326.92775304755196 ], [ 3284452.312510771676898, 2320325.953079640399665 ], [ 3284448.084089735522866, 2320325.161258700303733 ], [ 3284417.935659811832011, 2320321.591942581348121 ], [ 3284405.502032795455307, 2320319.70007399097085 ], [ 3284399.279873335268348, 2320319.18632754823193 ], [ 3284393.300750539638102, 2320319.289586552418768 ], [ 3284386.425765239167958, 2320320.117947405204177 ], [ 3284382.708730175159872, 2320320.900708876550198 ], [ 3284372.664142933208495, 2320324.120688198599964 ], [ 3284367.577348223421723, 2320326.452268685214221 ], [ 3284363.905394900590181, 2320328.130228396039456 ], [ 3284359.594930401537567, 2320330.741905379574746 ], [ 3284356.473028572741896, 2320333.115024658851326 ], [ 3284354.027038631029427, 2320335.836558193899691 ], [ 3284352.927722361404449, 2320337.611993641126901 ], [ 3284351.963780481368303, 2320339.16078340774402 ], [ 3284349.442336531821638, 2320344.706272501964122 ], [ 3284347.674398423172534, 2320349.896587365772575 ], [ 3284343.801576876081526, 2320367.205796812195331 ], [ 3284340.349247384816408, 2320388.571247917134315 ], [ 3284338.23511818330735, 2320399.33205537032336 ], [ 3284335.948734967038035, 2320406.561396224424243 ], [ 3284332.508877709507942, 2320413.251974296290427 ], [ 3284329.793586254119873, 2320416.497581095434725 ], [ 3284326.539022946730256, 2320419.299819255247712 ], [ 3284312.934932429343462, 2320428.541348858270794 ], [ 3284309.460507187992334, 2320431.240027669351548 ], [ 3284300.876089482568204, 2320439.785258932039142 ], [ 3284297.112767832353711, 2320444.685710658784956 ], [ 3284272.091037071309984, 2320481.669710490852594 ], [ 3284268.699234616011381, 2320485.926729063969105 ], [ 3284265.479331045411527, 2320489.250555791892111 ], [ 3284259.178779539186507, 2320494.889557074289769 ], [ 3284250.901210975833237, 2320501.280626062769443 ], [ 3284244.153164407704026, 2320505.983277643099427 ], [ 3284241.964054034557194, 2320507.361014927737415 ], [ 3284252.870347701944411, 2320515.912956529762596 ], [ 3284289.336695007048547, 2320544.504673229996115 ], [ 3284338.203051486983895, 2320482.249593435786664 ], [ 3284417.685841928701848, 2320508.60592576302588 ], [ 3284415.8564811530523, 2320541.001222858671099 ], [ 3284414.932143110316247, 2320557.418728900607675 ], [ 3284468.834756575524807, 2320558.716001015156507 ], [ 3284545.462906161788851, 2320604.882217151112854 ], [ 3284600.993888440076262, 2320710.084836773574352 ], [ 3284583.612318499945104, 2320719.429679756984115 ], [ 3284571.37792411306873, 2320726.006196533795446 ], [ 3284566.758802654221654, 2320746.936710538808256 ], [ 3284559.043734237086028, 2320781.864396353717893 ], [ 3284560.409399271942675, 2320799.56535857077688 ], [ 3284560.859123562462628, 2320805.473407175391912 ], [ 3284536.214758082758635, 2320807.637460441328585 ], [ 3284530.913174755871296, 2320808.099004697520286 ], [ 3284528.991580453701317, 2320848.110699613112956 ], [ 3284526.085337184369564, 2320908.447007621638477 ], [ 3284526.575571121647954, 2320909.954265055246651 ], [ 3284536.857747950591147, 2320941.466844344977289 ], [ 3284520.08584506995976, 2320971.516765391454101 ], [ 3284511.950919757131487, 2320986.091892879921943 ], [ 3284484.999657860491425, 2320985.443308527115732 ], [ 3284459.771632628981024, 2321025.193155412562191 ], [ 3284451.796867558732629, 2321037.771718023810536 ], [ 3284442.407780652865767, 2321052.556337337940931 ], [ 3284442.075954577419907, 2321100.356754876673222 ], [ 3284422.388356140814722, 2321144.078195923473686 ], [ 3284450.318408607970923, 2321183.489948241505772 ], [ 3284474.138528984971344, 2321129.810976344160736 ], [ 3284505.221385762095451, 2321059.761383486911654 ], [ 3284510.983179409522563, 2321058.082761893980205 ], [ 3284528.278425256721675, 2321053.045174130238593 ], [ 3284573.208923185709864, 2320999.535935851745307 ], [ 3284599.017450573854148, 2321021.216701770201325 ], [ 3284586.896143745165318, 2321052.0961280814372 ], [ 3284573.833253124728799, 2321085.342372794169933 ], [ 3284634.571435902267694, 2321128.395469105802476 ], [ 3284670.390245904680341, 2321068.435085535980761 ], [ 3284694.95325914490968, 2321114.362363981083035 ], [ 3284743.896263168659061, 2321205.903999783098698 ], [ 3284760.392780244350433, 2321196.917027176823467 ], [ 3284753.229466518387198, 2321131.778667054604739 ], [ 3284795.618300837930292, 2321126.639513083733618 ], [ 3284789.981158530339599, 2321075.409493688493967 ], [ 3284732.630685162264854, 2321038.734168820083141 ], [ 3284714.773674222640693, 2321014.93046798184514 ], [ 3284684.564056941308081, 2320974.669747251085937 ], [ 3284678.487759477924556, 2320958.747431915719062 ], [ 3284671.935243602376431, 2320941.589378629811108 ], [ 3284728.282158384099603, 2320919.455239259637892 ], [ 3284748.357316514942795, 2320911.566715105436742 ], [ 3284841.552979999221861, 2320874.956613436341286 ], [ 3284841.552979999221861, 2320504.290012052282691 ], [ 3284818.055160499643534, 2320510.993385806679726 ] ] ] ] } },
{ "type": "Feature", "properties": { "CODE_18": "242", "Uso": "Mosaico de cultivos", "color": "#FFE64D" }, "geometry": { "type": "MultiPolygon", "coordinates": [ [ [ [ 3283626.476492282003164, 2317413.731924813240767 ], [ 3283629.007398072630167, 2317407.870361592620611 ], [ 3283629.768234773539007, 2317405.575863304547966 ], [ 3283630.057286485098302, 2317404.49027221603319 ], [ 3283630.574063939973712, 2317402.502324424684048 ], [ 3283630.872484987601638, 2317400.717720001004636 ], [ 3283219.486406867392361, 2317400.717720001004636 ], [ 3283221.970501455012709, 2317402.143801673315465 ], [ 3283226.696228904649615, 2317404.238667832221836 ], [ 3283231.970687614753842, 2317405.780843806453049 ], [ 3283243.061879690736532, 2317408.273049358744174 ], [ 3283246.13722219131887, 2317409.520433938596398 ], [ 3283248.429786078631878, 2317410.448266863822937 ], [ 3283250.170923438854516, 2317411.726323774084449 ], [ 3283251.002854600083083, 2317412.656230978667736 ], [ 3283251.857740295585245, 2317413.602412836160511 ], [ 3283253.18072108225897, 2317416.29307876015082 ], [ 3283253.598627677652985, 2317418.90883815754205 ], [ 3283253.143582038581371, 2317422.265966726467013 ], [ 3283251.848209098447114, 2317425.881847245618701 ], [ 3283249.927510973997414, 2317429.272370158229023 ], [ 3283247.772587676066905, 2317431.851563781499863 ], [ 3283244.261408639606088, 2317434.698670091107488 ], [ 3283235.610036971978843, 2317440.667967338114977 ], [ 3283228.237231004983187, 2317444.840625436510891 ], [ 3283217.893892944324762, 2317450.700303778983653 ], [ 3283214.546788575127721, 2317453.062073558568954 ], [ 3283210.198691373225302, 2317456.126751823816448 ], [ 3283200.09197044512257, 2317464.796290135011077 ], [ 3283193.204861651640385, 2317471.44093744456768 ], [ 3283187.672024027444422, 2317477.371555014047772 ], [ 3283185.435505382250994, 2317479.762102456297725 ], [ 3283184.690967604983598, 2317480.978188280947506 ], [ 3283183.233273075893521, 2317483.354130753781646 ], [ 3283182.941546664107591, 2317484.795339331030846 ], [ 3283183.839081962127239, 2317484.638185201678425 ], [ 3283185.913996897637844, 2317487.521893477998674 ], [ 3283187.342391778249294, 2317488.996765634045005 ], [ 3283189.863451540935785, 2317491.010896061547101 ], [ 3283192.506257681641728, 2317492.40504081081599 ], [ 3283193.062897086143494, 2317492.520661388523877 ], [ 3283195.142639014869928, 2317494.875884596724063 ], [ 3283196.393677180632949, 2317496.320929620414972 ], [ 3283196.870169376954436, 2317496.876754445489496 ], [ 3283197.29752402426675, 2317497.380301461089402 ], [ 3283198.19042633427307, 2317498.248798075132072 ], [ 3283199.591201763600111, 2317499.616890267003328 ], [ 3283201.189770432189107, 2317500.767705222126096 ], [ 3283202.029225211590528, 2317501.371593300253153 ], [ 3283203.384430648759007, 2317502.027232967782766 ], [ 3283205.071040192618966, 2317502.848077808041126 ], [ 3283211.497519414871931, 2317504.858233573380858 ], [ 3283218.539445181377232, 2317506.537396086379886 ], [ 3283223.434056479949504, 2317507.060357133857906 ], [ 3283227.902733744587749, 2317506.592470356728882 ], [ 3283230.454916985239834, 2317505.820895409211516 ], [ 3283232.1066915220581, 2317505.06492029922083 ], [ 3283233.59886584803462, 2317504.387624974362552 ], [ 3283241.522897139191628, 2317499.367573625873774 ], [ 3283244.873922328464687, 2317496.223804302979261 ], [ 3283250.584279514383525, 2317489.704029710032046 ], [ 3283252.530122085940093, 2317487.831139469519258 ], [ 3283255.001756242476404, 2317485.947361826896667 ], [ 3283257.815561514813453, 2317484.480577535927296 ], [ 3283273.73727255128324, 2317478.486360645852983 ], [ 3283284.173353099264205, 2317486.460993404500186 ], [ 3283287.371232592035085, 2317489.635131428483874 ], [ 3283288.075123034883291, 2317490.526576607488096 ], [ 3283288.996726382989436, 2317491.694456145633012 ], [ 3283289.913680420257151, 2317493.329907957930118 ], [ 3283290.673714020755142, 2317494.688427983317524 ], [ 3283291.033657456748188, 2317495.772005943581462 ], [ 3283291.258375934325159, 2317496.463237285614014 ], [ 3283291.446708984673023, 2317497.800095283426344 ], [ 3283291.297180929686874, 2317498.93229066580534 ], [ 3283291.152673217467964, 2317500.033166285604239 ], [ 3283290.67676134314388, 2317500.968836396001279 ], [ 3283290.405810247175395, 2317501.483036366291344 ], [ 3283288.757650267798454, 2317503.253068376332521 ], [ 3283286.319188905414194, 2317505.029567196965218 ], [ 3283277.810540687292814, 2317509.949035755358636 ], [ 3283273.143035335466266, 2317512.115827160421759 ], [ 3283257.478819043841213, 2317517.141594328917563 ], [ 3283244.394198304507881, 2317520.44732880871743 ], [ 3283238.920428847894073, 2317522.461035625543445 ], [ 3283236.597274929285049, 2317524.136172732803971 ], [ 3283236.33008547546342, 2317524.48736387770623 ], [ 3283236.104139925446361, 2317524.780598827637732 ], [ 3283235.554038851521909, 2317527.494825035333633 ], [ 3283236.593321653082967, 2317530.001787186134607 ], [ 3283238.907259191386402, 2317532.052184891421348 ], [ 3283241.271205740049481, 2317533.292219310998917 ], [ 3283242.366017871536314, 2317533.658604491502047 ], [ 3283245.121967150829732, 2317534.566181433387101 ], [ 3283247.522653656080365, 2317535.038763738237321 ], [ 3283248.834629920311272, 2317535.306243224069476 ], [ 3283252.02776454621926, 2317535.599484722130001 ], [ 3283252.316843237262219, 2317535.630044053308666 ], [ 3283258.260502983815968, 2317535.309774383436888 ], [ 3283261.492169508710504, 2317534.784515805542469 ], [ 3283269.18838116619736, 2317533.518129509408027 ], [ 3283271.302297426387668, 2317533.168289184104651 ], [ 3283272.134197746403515, 2317532.982040714938194 ], [ 3283275.2546755108051, 2317532.273313064593822 ], [ 3283281.125485216267407, 2317530.453910247422755 ], [ 3283286.293679610826075, 2317528.43283028062433 ], [ 3283294.449258407112211, 2317524.579726492986083 ], [ 3283299.238719815388322, 2317522.848194104619324 ], [ 3283320.766648880206048, 2317518.439543954562396 ], [ 3283336.564321473706514, 2317514.415267057716846 ], [ 3283343.785644410178065, 2317512.044853139203042 ], [ 3283348.434878846630454, 2317510.510376271791756 ], [ 3283366.499115971382707, 2317507.317027805373073 ], [ 3283370.450061060953885, 2317506.351282212883234 ], [ 3283375.740023215766996, 2317504.268304622732103 ], [ 3283376.620691049844027, 2317503.698083485942334 ], [ 3283378.571393948514014, 2317502.41286861198023 ], [ 3283450.094898958224803, 2317462.280016549862921 ], [ 3283474.550741268321872, 2317429.698345750104636 ], [ 3283487.528333887457848, 2317412.408703409601003 ], [ 3283531.210682542063296, 2317445.11461655376479 ], [ 3283546.353961402084678, 2317424.939522260800004 ], [ 3283548.342017683200538, 2317425.494510793592781 ], [ 3283552.805729323998094, 2317426.732200030703098 ], [ 3283559.687013352755457, 2317429.413629948161542 ], [ 3283564.152531513012946, 2317431.158348072785884 ], [ 3283570.76212316006422, 2317433.481473329942673 ], [ 3283582.567426572088152, 2317436.183549943845719 ], [ 3283593.69520176295191, 2317437.969272397458553 ], [ 3283600.835407681763172, 2317432.437126948498189 ], [ 3283611.510679027996957, 2317424.88576933927834 ], [ 3283617.604636472649872, 2317417.548022736329585 ], [ 3283623.469419794157147, 2317410.483781538903713 ], [ 3283626.476492282003164, 2317413.731924813240767 ] ] ], [ [ [ 3282763.983903269283473, 2322862.307443032972515 ], [ 3282786.227393704466522, 2322870.639113802462816 ], [ 3282795.414950734004378, 2322874.083320645615458 ], [ 3282796.918294910341501, 2322874.652097202837467 ], [ 3282807.54504360537976, 2322876.352557411417365 ], [ 3282808.995429432485253, 2322871.207460791803896 ], [ 3282830.988942876458168, 2322793.06600397080183 ], [ 3282843.14904409321025, 2322795.766336258966476 ], [ 3282843.569390008691698, 2322795.855071504600346 ], [ 3282844.078959257341921, 2322794.010317334439605 ], [ 3282844.912228214554489, 2322790.982503991108388 ], [ 3282859.443112635053694, 2322738.146844178438187 ], [ 3282868.25028080958873, 2322707.42032949347049 ], [ 3282878.277027640957385, 2322672.431407186668366 ], [ 3282877.335755186155438, 2322660.114962118212134 ], [ 3282878.915115650743246, 2322652.349557171575725 ], [ 3282880.412661298643798, 2322649.722920726053417 ], [ 3282881.82271650666371, 2322647.243524399586022 ], [ 3282883.949363084044307, 2322643.502110010012984 ], [ 3282885.006054349243641, 2322641.652859319932759 ], [ 3282895.905875775963068, 2322605.86161934165284 ], [ 3282904.97779313614592, 2322572.166343193501234 ], [ 3282905.887604877818376, 2322568.800416513811797 ], [ 3282909.778497547842562, 2322559.909699974115938 ], [ 3282911.089833100326359, 2322558.06658906955272 ], [ 3282914.134736844804138, 2322553.799045545049012 ], [ 3282917.780616872012615, 2322551.404985084664077 ], [ 3282923.79175773775205, 2322547.470298813655972 ], [ 3282923.433330753818154, 2322546.396568158641458 ], [ 3282922.908783262595534, 2322544.80397379770875 ], [ 3282916.685970596037805, 2322525.883222272153944 ], [ 3282840.191723987460136, 2322485.621516027953476 ], [ 3282832.176376591436565, 2322481.900947240646929 ], [ 3282749.704315811395645, 2322443.670614485628903 ], [ 3282763.518728110939264, 2322424.25416522892192 ], [ 3282776.705237412825227, 2322392.699804381001741 ], [ 3282785.61544545320794, 2322379.703102495521307 ], [ 3282791.257545395754278, 2322371.469673317857087 ], [ 3282806.890452685765922, 2322348.660100158303976 ], [ 3282813.151074060238898, 2322350.648379910737276 ], [ 3282830.852829669136554, 2322356.274735026061535 ], [ 3282878.59700630325824, 2322371.45447532273829 ], [ 3282879.013950486201793, 2322371.584397119469941 ], [ 3282884.355324202217162, 2322373.287199811544269 ], [ 3282896.533511018380523, 2322377.151351494714618 ], [ 3282881.928659280762076, 2322404.194945860654116 ], [ 3282873.401967072393745, 2322421.021051987539977 ], [ 3282862.183948744088411, 2322443.158841941040009 ], [ 3282854.689916131086648, 2322457.926828271243721 ], [ 3282883.911863866727799, 2322485.209322227165103 ], [ 3282924.750189887359738, 2322523.334300695452839 ], [ 3282938.71463661454618, 2322518.89960195729509 ], [ 3282940.017012358643115, 2322518.488843879662454 ], [ 3282941.771623373962939, 2322517.92784723546356 ], [ 3282941.924479159526527, 2322518.489623645320535 ], [ 3282947.259040967095643, 2322538.367590025998652 ], [ 3282993.025825726799667, 2322528.210669478867203 ], [ 3283002.457061504013836, 2322524.468480486422777 ], [ 3283009.106948044616729, 2322521.832420881837606 ], [ 3283030.042158734053373, 2322508.170577143784612 ], [ 3283030.318997547961771, 2322507.878553498070687 ], [ 3283030.516764068510383, 2322507.66126313759014 ], [ 3283032.881543454248458, 2322505.126285106409341 ], [ 3283039.142135844100267, 2322498.377693894319236 ], [ 3283039.348493010271341, 2322498.026983114890754 ], [ 3283040.418114100582898, 2322496.256655298173428 ], [ 3283053.996700857765973, 2322473.664887894876301 ], [ 3283061.665483973920345, 2322455.192991371732205 ], [ 3283070.736234484240413, 2322419.630925779696554 ], [ 3283081.074574259109795, 2322379.108051062561572 ], [ 3283078.500271623022854, 2322360.968950144480914 ], [ 3283077.125511638820171, 2322353.254196113906801 ], [ 3283075.034387033898383, 2322341.474047620780766 ], [ 3283073.394575369078666, 2322332.202433209400624 ], [ 3283063.18968609906733, 2322315.480947193689644 ], [ 3283040.429939471185207, 2322278.15722434502095 ], [ 3283023.878487232606858, 2322225.276052301749587 ], [ 3283019.702014637645334, 2322211.912850387394428 ], [ 3282970.999051988590509, 2322220.929840143304318 ], [ 3282959.724128242116421, 2322223.016176435630769 ], [ 3282954.964574742130935, 2322195.619826050940901 ], [ 3282958.485568098723888, 2322190.913767122197896 ], [ 3282962.278729598037899, 2322185.82517806161195 ], [ 3283025.236744154710323, 2322182.946948992554098 ], [ 3283043.643167719244957, 2322183.39657701458782 ], [ 3283065.663881486747414, 2322183.923517825081944 ], [ 3283096.128678082022816, 2322202.74875028943643 ], [ 3283104.839207670651376, 2322167.402093183249235 ], [ 3283119.986804367508739, 2322160.588747605681419 ], [ 3283136.522836904972792, 2322153.146640386432409 ], [ 3283133.424738588277251, 2322141.908176304306835 ], [ 3283130.647053318098187, 2322131.821129508316517 ], [ 3283118.08737355703488, 2322101.89434302598238 ], [ 3283112.688286141492426, 2322064.209026957396418 ], [ 3283110.937954872846603, 2322058.599681552033871 ], [ 3283110.656307489145547, 2322057.68501213286072 ], [ 3283110.343629250768572, 2322056.70474606892094 ], [ 3283100.602265990804881, 2322025.401559482328594 ], [ 3283086.65161210950464, 2322028.991499368101358 ], [ 3283086.224369977135211, 2322026.691850139759481 ], [ 3283088.414063178002834, 2322023.335182992275804 ], [ 3283155.215736648533493, 2322007.434710361994803 ], [ 3283194.987362447194755, 2321997.962861270178109 ], [ 3283268.350139814428985, 2321995.180585990194231 ], [ 3283331.929196828510612, 2321994.111860936973244 ], [ 3283338.634876546449959, 2321992.683789565227926 ], [ 3283339.000096345786005, 2321993.675147589296103 ], [ 3283339.536448354832828, 2321995.154047450050712 ], [ 3283366.476251667365432, 2321993.936817415058613 ], [ 3283379.398142272606492, 2321993.358224299736321 ], [ 3283389.459281428717077, 2321992.905194093007594 ], [ 3283401.484016452915967, 2321992.361959374044091 ], [ 3283423.081905328668654, 2321997.184391071088612 ], [ 3283432.831683161202818, 2321999.353164959698915 ], [ 3283444.299999351613224, 2321997.456320896744728 ], [ 3283449.032290039584041, 2321996.67828459572047 ], [ 3283449.235072780400515, 2322015.019535223953426 ], [ 3283449.26965653989464, 2322017.895312594715506 ], [ 3283468.169487855862826, 2322017.020711452234536 ], [ 3283464.898724677972496, 2322036.640011729672551 ], [ 3283484.372291636653244, 2322037.968371510505676 ], [ 3283494.808000561315566, 2322038.687727968208492 ], [ 3283512.271762106567621, 2322039.018484501633793 ], [ 3283540.737844874616712, 2322039.563487413804978 ], [ 3283540.885463126003742, 2322055.336979244835675 ], [ 3283538.754784605000168, 2322060.479356477502733 ], [ 3283537.982288899365813, 2322062.329537650104612 ], [ 3283537.442998901940882, 2322083.388308180496097 ], [ 3283537.098614690359682, 2322096.528493724763393 ], [ 3283538.170650988351554, 2322113.67234263010323 ], [ 3283538.349776511546224, 2322116.563396058510989 ], [ 3283538.923537844326347, 2322132.708749220706522 ], [ 3283596.75785381346941, 2322124.43715827120468 ], [ 3283593.95877750730142, 2322109.13816005224362 ], [ 3283586.73439253680408, 2322069.722843585070223 ], [ 3283595.068345474544913, 2322068.263322991784662 ], [ 3283600.009541510138661, 2322067.397974692750722 ], [ 3283611.631416838150471, 2322023.992131427396089 ], [ 3283643.879462093114853, 2321991.494862850755453 ], [ 3283650.230917118489742, 2321991.00153143145144 ], [ 3283655.269366053398699, 2321990.60622958606109 ], [ 3283668.949425359256566, 2321983.380368990357965 ], [ 3283706.950332052540034, 2321976.725388984661549 ], [ 3283705.614689460489899, 2321968.567495192866772 ], [ 3283703.487677066586912, 2321955.576025150250643 ], [ 3283710.470267596654594, 2321952.678889117203653 ], [ 3283716.32119037443772, 2321950.24376801494509 ], [ 3283723.031152150593698, 2321942.087353323586285 ], [ 3283755.051220534369349, 2321938.499127765651792 ], [ 3283786.853408948052675, 2321923.665313818957657 ], [ 3283787.946552680805326, 2321923.46373025374487 ], [ 3283788.467660302761942, 2321923.362324251327664 ], [ 3283795.115646005608141, 2321942.898528455756605 ], [ 3283801.643090440891683, 2321962.070248175878078 ], [ 3283856.029046602081507, 2321967.127579037100077 ], [ 3283874.652101440820843, 2321968.280305017717183 ], [ 3283889.615282921120524, 2321969.201300007291138 ], [ 3283946.256191662047058, 2321947.876680588815361 ], [ 3283946.297001799102873, 2321958.412536324001849 ], [ 3283946.354324873536825, 2321970.66038831230253 ], [ 3283960.447132607456297, 2321973.763274122495204 ], [ 3283964.457409190945327, 2321975.577507650014013 ], [ 3283969.343913714401424, 2321977.786246848292649 ], [ 3283985.919269220903516, 2321990.165316595695913 ], [ 3283988.466683792881668, 2321991.038353228010237 ], [ 3283991.058394303545356, 2321991.934074542019516 ], [ 3283995.299355128314346, 2321991.191391467582434 ], [ 3284003.801551966927946, 2321999.372813201043755 ], [ 3284019.713961677625775, 2321984.774806728586555 ], [ 3284033.995582948438823, 2321971.68006483046338 ], [ 3284038.526484289206564, 2321970.663371773436666 ], [ 3284041.199277204461396, 2321970.19531127018854 ], [ 3284044.848477959167212, 2321969.556262086611241 ], [ 3284056.667004456277937, 2321975.127480964642018 ], [ 3284068.400169930886477, 2321980.673060869798064 ], [ 3284070.232677072286606, 2321974.081150636076927 ], [ 3284079.894190370570868, 2321977.259909226093441 ], [ 3284067.683478028513491, 2322013.290074896067381 ], [ 3284054.289902775082737, 2322031.313075485639274 ], [ 3284046.839110394008458, 2322031.288572895806283 ], [ 3284043.071840961929411, 2322031.268433934543282 ], [ 3284033.465601488016546, 2322030.038424371276051 ], [ 3284035.369325184263289, 2322034.849702904000878 ], [ 3284033.716097951401025, 2322042.536570478230715 ], [ 3284033.29877814790234, 2322045.440737729426473 ], [ 3284033.092540881596506, 2322046.907618022989482 ], [ 3284034.234378663823009, 2322053.881771672982723 ], [ 3284035.493137418292463, 2322056.11697357473895 ], [ 3284033.230477413162589, 2322061.444782762322575 ], [ 3284028.742741205263883, 2322069.851275745313615 ], [ 3284046.292187797836959, 2322074.175347692798823 ], [ 3284063.234993726015091, 2322078.636101104784757 ], [ 3284075.480770676396787, 2322081.859511507675052 ], [ 3284087.419534406159073, 2322085.004773879423738 ], [ 3284133.817885190248489, 2322041.151008186396211 ], [ 3284142.69937029434368, 2322011.122504220344126 ], [ 3284142.823775393888354, 2322010.704975809436291 ], [ 3284149.369725482072681, 2321988.533559456001967 ], [ 3284175.958867325913161, 2322014.298757367301732 ], [ 3284214.33195042796433, 2322039.289083480834961 ], [ 3284237.260038499254733, 2322054.218878307845443 ], [ 3284277.279647912364453, 2322080.280625564046204 ], [ 3284310.901653035543859, 2322088.89326011762023 ], [ 3284327.420429235324264, 2322092.25125336041674 ], [ 3284344.779905171599239, 2322095.786742240656167 ], [ 3284381.732053150422871, 2322103.298739439807832 ], [ 3284379.661972366739064, 2322121.266703901346773 ], [ 3284378.45916763227433, 2322131.766636505257338 ], [ 3284385.33459391631186, 2322132.490617895033211 ], [ 3284387.093126675579697, 2322117.205344423186034 ], [ 3284394.042041631415486, 2322106.480520187877119 ], [ 3284431.239262097515166, 2322119.703110333532095 ], [ 3284448.301063020713627, 2322127.988921479322016 ], [ 3284475.207132371142507, 2322141.065391230396926 ], [ 3284480.647765150293708, 2322144.861566506326199 ], [ 3284494.975763734895736, 2322154.853929065167904 ], [ 3284507.404599125497043, 2322160.744521562475711 ], [ 3284511.120964614208788, 2322162.498630105517805 ], [ 3284528.362699293997139, 2322168.165403412189335 ], [ 3284543.889120880980045, 2322173.270039421040565 ], [ 3284561.916507624089718, 2322182.310184546280652 ], [ 3284563.916461742948741, 2322183.309548893012106 ], [ 3284568.900745531544089, 2322185.805618356913328 ], [ 3284577.172770333010703, 2322192.890904180705547 ], [ 3284620.056631742976606, 2322190.343411919660866 ], [ 3284641.078162456862628, 2322189.290429694578052 ], [ 3284669.554946556687355, 2322187.855356184300035 ], [ 3284698.211835933849216, 2322183.740333775058389 ], [ 3284724.934193504508585, 2322179.89305208530277 ], [ 3284725.381246551405638, 2322179.835063150618225 ], [ 3284741.155786842107773, 2322176.230569995939732 ], [ 3284751.669399076141417, 2322173.831441036425531 ], [ 3284755.819290338549763, 2322171.602968785911798 ], [ 3284758.252940887119621, 2322168.558832610026002 ], [ 3284762.165642326232046, 2322163.64229437476024 ], [ 3284775.639899109955877, 2322106.142885840963572 ], [ 3284745.351103200111538, 2322115.038824799936265 ], [ 3284731.878863693214953, 2322121.365495358128101 ], [ 3284731.077622621320188, 2322114.798491876572371 ], [ 3284727.591417649295181, 2322086.316900679375976 ], [ 3284725.898848718963563, 2322072.508661980740726 ], [ 3284729.085784105118364, 2322072.082515347748995 ], [ 3284738.75831093499437, 2322070.80480777239427 ], [ 3284737.542027805000544, 2322063.437824605032802 ], [ 3284736.312825499568135, 2322055.99192638322711 ], [ 3284728.666832474060357, 2322057.006094433367252 ], [ 3284714.170327182393521, 2322058.935726944357157 ], [ 3284693.105041853617877, 2322058.606154563836753 ], [ 3284692.22489097667858, 2322058.435566399712116 ], [ 3284695.727647954598069, 2322046.863213940523565 ], [ 3284700.708060332108289, 2322030.435427414253354 ], [ 3284694.850320920348167, 2322028.305388115346432 ], [ 3284694.562553335912526, 2322025.49426606297493 ], [ 3284693.707499193027616, 2322017.049308634828776 ], [ 3284688.919704033527523, 2321969.586994687560946 ], [ 3284688.86998433014378, 2321969.159371266607195 ], [ 3284685.499703157227486, 2321935.746260920539498 ], [ 3284690.677294081542641, 2321933.22621716465801 ], [ 3284705.558609336614609, 2321925.962815047707409 ], [ 3284719.301444570533931, 2321919.243779875338078 ], [ 3284727.587141947820783, 2321918.604668211191893 ], [ 3284729.751411840319633, 2321918.43877974525094 ], [ 3284734.072155854664743, 2321915.642599649261683 ], [ 3284744.692829108797014, 2321909.683377560228109 ], [ 3284756.148042866028845, 2321906.652624423615634 ], [ 3284776.269112805835903, 2321904.499164109583944 ], [ 3284774.005451296921819, 2321882.368782863486558 ], [ 3284774.467683330178261, 2321864.804237110540271 ], [ 3284774.567857854068279, 2321860.768409613519907 ], [ 3284775.332308400422335, 2321860.604108181782067 ], [ 3284776.14445778587833, 2321860.421307225245982 ], [ 3284786.026541708502918, 2321858.254567350260913 ], [ 3284797.957024473696947, 2321855.647966016083956 ], [ 3284797.829668986611068, 2321853.630682438146323 ], [ 3284797.732306592166424, 2321852.044475894421339 ], [ 3284797.517105925362557, 2321848.561085566878319 ], [ 3284797.045580420643091, 2321841.033263967372477 ], [ 3284796.897576619405299, 2321838.765916654840112 ], [ 3284783.417674679774791, 2321820.568126692902297 ], [ 3284764.629803968127817, 2321827.08479397604242 ], [ 3284744.710430915933102, 2321834.002546359784901 ], [ 3284732.094316539354622, 2321824.055377633310854 ], [ 3284702.84413451468572, 2321800.998537240549922 ], [ 3284638.694604273885489, 2321781.729133930057287 ], [ 3284633.328659578226507, 2321799.08690979750827 ], [ 3284628.705595409497619, 2321814.041634034365416 ], [ 3284606.11749301943928, 2321807.26126799127087 ], [ 3284592.312843679916114, 2321772.083223355002701 ], [ 3284550.178247613832355, 2321760.678905843757093 ], [ 3284518.772542309015989, 2321798.385556456632912 ], [ 3284418.370970122516155, 2321791.806477431207895 ], [ 3284382.267340326681733, 2321800.817675218917429 ], [ 3284322.005675585474819, 2321766.316648500971496 ], [ 3284280.577687953598797, 2321760.095755858812481 ], [ 3284249.364630039315671, 2321755.414392216596752 ], [ 3284237.64209258928895, 2321753.651826501823962 ], [ 3284231.003580222837627, 2321795.088652098551393 ], [ 3284169.229581343941391, 2321811.274146603886038 ], [ 3284148.246376170311123, 2321803.451844980474561 ], [ 3284134.92445345968008, 2321798.488880795426667 ], [ 3284120.925359354354441, 2321808.104309638496488 ], [ 3284094.130548025947064, 2321826.505471262149513 ], [ 3284088.542694058734924, 2321824.226742658298463 ], [ 3284067.51670205174014, 2321817.010645843110979 ], [ 3284042.137780839577317, 2321808.304147405084223 ], [ 3284010.314578416757286, 2321799.214236309286207 ], [ 3283975.82719619711861, 2321793.929332439322025 ], [ 3283967.327253822702914, 2321793.073829220607877 ], [ 3283996.669842616654932, 2321730.80640855524689 ], [ 3284076.848626183345914, 2321738.856163816060871 ], [ 3284080.583603910170496, 2321705.091696392279118 ], [ 3284084.431303575169295, 2321670.404398548416793 ], [ 3284129.560856954660267, 2321655.79416210250929 ], [ 3284146.286902260966599, 2321650.379100447054952 ], [ 3284174.669221489690244, 2321582.120762550272048 ], [ 3284128.635575375519693, 2321563.322266449220479 ], [ 3284118.068233762867749, 2321493.25949870981276 ], [ 3284039.1966487406753, 2321525.295523311942816 ], [ 3284015.841793560422957, 2321533.971887553110719 ], [ 3283998.302614709828049, 2321540.493350697215647 ], [ 3284006.330501239746809, 2321619.646324797533453 ], [ 3283970.800985714886338, 2321657.943582224659622 ], [ 3283918.212997112423182, 2321714.621536294929683 ], [ 3283883.498017045203596, 2321705.591599811799824 ], [ 3283775.135258814319968, 2321748.728901446331292 ], [ 3283758.013126704841852, 2321715.968461544252932 ], [ 3283745.074280597735196, 2321691.222367826849222 ], [ 3283726.553963869344443, 2321694.973071193788201 ], [ 3283707.78869750816375, 2321698.776825328823179 ], [ 3283712.289443484507501, 2321722.30146245425567 ], [ 3283616.401699009817094, 2321741.742243826389313 ], [ 3283610.91336673963815, 2321713.05308455042541 ], [ 3283508.476337998174131, 2321733.823649778962135 ], [ 3283508.324933688156307, 2321733.332653935998678 ], [ 3283468.817103602457792, 2321742.991357863880694 ], [ 3283442.128174357581884, 2321749.583198707550764 ], [ 3283440.752552324905992, 2321752.645054360851645 ], [ 3283437.945190331432968, 2321758.859772349707782 ], [ 3283433.515244069043547, 2321761.360624376684427 ], [ 3283431.863047911319882, 2321762.299398782197386 ], [ 3283437.023107875138521, 2321787.991748243570328 ], [ 3283450.311416446231306, 2321784.50778224831447 ], [ 3283458.872679294086993, 2321782.267702334560454 ], [ 3283456.536031671799719, 2321804.432692418806255 ], [ 3283455.749442073982209, 2321811.835903033148497 ], [ 3283455.707168680615723, 2321812.259345031809062 ], [ 3283471.313200516626239, 2321814.752120601478964 ], [ 3283476.444319636560977, 2321812.382155402563512 ], [ 3283480.632776751182973, 2321810.451255059335381 ], [ 3283484.556384228169918, 2321808.63776900107041 ], [ 3283484.288294244557619, 2321821.500737424939871 ], [ 3283476.730028122663498, 2321830.424726621247828 ], [ 3283475.998872340191156, 2321831.597943812143058 ], [ 3283475.427824492100626, 2321832.509733863174915 ], [ 3283473.708048471715301, 2321835.266560263931751 ], [ 3283468.464457720518112, 2321843.704006787389517 ], [ 3283465.452342556789517, 2321848.544114449992776 ], [ 3283448.757827464025468, 2321850.990900624543428 ], [ 3283445.194563616067171, 2321850.295787808485329 ], [ 3283439.178080940619111, 2321849.117051855660975 ], [ 3283425.509636941365898, 2321846.437166165560484 ], [ 3283425.636818107683212, 2321853.162840907461941 ], [ 3283426.157281883992255, 2321882.30603954475373 ], [ 3283426.168650347739458, 2321882.933180749882013 ], [ 3283426.184001804329455, 2321883.894485091790557 ], [ 3283419.971789584495127, 2321885.114349803421646 ], [ 3283413.868067065253854, 2321886.315215384121984 ], [ 3283314.075094199739397, 2321920.941103170625865 ], [ 3283274.373112657573074, 2321928.421911904588342 ], [ 3283188.134093385189772, 2321945.260556063614786 ], [ 3283102.868309831246734, 2321961.908605713397264 ], [ 3283086.003601780626923, 2321965.298584182281047 ], [ 3283081.782219236716628, 2321966.098791590426117 ], [ 3283046.61863818205893, 2321973.414071439299732 ], [ 3283043.578194473404437, 2321958.06599913071841 ], [ 3283097.854740975890309, 2321907.615674410015345 ], [ 3283086.367415064014494, 2321850.032326934393495 ], [ 3283082.848846592009068, 2321832.383388819172978 ], [ 3282981.265178906731308, 2321785.739013070240617 ], [ 3283041.032295728567988, 2321708.157245579641312 ], [ 3283016.957873416133225, 2321689.633435514755547 ], [ 3283002.227964733727276, 2321678.301222105510533 ], [ 3282953.966026804875582, 2321740.950485283043236 ], [ 3282924.415993793867528, 2321718.230851639527828 ], [ 3282922.671039770822972, 2321747.293961075134575 ], [ 3282920.863651349209249, 2321777.524808111600578 ], [ 3282917.854586960747838, 2321827.743263896554708 ], [ 3282874.563145680353045, 2321855.437337270472199 ], [ 3282805.863399976864457, 2321899.403177751228213 ], [ 3282772.611691397614777, 2321937.728918022476137 ], [ 3282757.810633137822151, 2321969.586184010840952 ], [ 3282746.803303030785173, 2321993.259829672984779 ], [ 3282713.072931355331093, 2321988.198224460240453 ], [ 3282589.946200217586011, 2321969.721861696336418 ], [ 3282601.568065635859966, 2321994.29272167943418 ], [ 3282614.583101108204573, 2322021.795701595488936 ], [ 3282591.023828973993659, 2322033.187555485870689 ], [ 3282486.237701715901494, 2322057.700136066414416 ], [ 3282436.120855803601444, 2322069.420842034742236 ], [ 3282384.942431759089231, 2322062.017055202275515 ], [ 3282345.081544074229896, 2322015.298771696165204 ], [ 3282336.057803458534181, 2322010.872041865251958 ], [ 3282309.216310156974941, 2321997.693684015888721 ], [ 3282282.617639466188848, 2321984.635161759797484 ], [ 3282260.43238707119599, 2321973.746368119027466 ], [ 3282252.158137263264507, 2321955.245857583358884 ], [ 3282239.265073090791702, 2321926.442956963088363 ], [ 3282166.3866459550336, 2321916.690802790224552 ], [ 3282174.086975246667862, 2321946.433672895655036 ], [ 3282139.400859051849693, 2321955.796859274152666 ], [ 3282117.53129449672997, 2321961.707641925197095 ], [ 3282059.581951430998743, 2321960.84787670429796 ], [ 3282007.062365958932787, 2321960.061993722338229 ], [ 3282004.509335736278445, 2321960.022100113332272 ], [ 3281985.638885399326682, 2322025.084559675771743 ], [ 3281945.762564576230943, 2322039.182585668750107 ], [ 3281926.208415212575346, 2322046.098391113337129 ], [ 3281937.026831536088139, 2322085.280212307814509 ], [ 3281937.530958977527916, 2322087.119920246768743 ], [ 3282028.062998540699482, 2322087.457710925955325 ], [ 3282027.402176883537322, 2322131.877096126321703 ], [ 3281955.781933467369527, 2322131.605840331409127 ], [ 3281923.925731508992612, 2322172.813411163166165 ], [ 3281952.94941768143326, 2322177.694386058486998 ], [ 3281970.852333162445575, 2322180.70785240130499 ], [ 3282012.600506276357919, 2322173.395260298624635 ], [ 3282028.038621874991804, 2322190.539501478895545 ], [ 3282035.577525771223009, 2322198.909787768498063 ], [ 3282023.878254113718867, 2322223.932802030351013 ], [ 3282017.529435784555972, 2322237.516051265411079 ], [ 3282013.704621389508247, 2322245.695104921236634 ], [ 3282010.780914060305804, 2322262.351788841187954 ], [ 3282001.690869080368429, 2322314.153525054920465 ], [ 3282008.071794023737311, 2322318.921353737823665 ], [ 3282035.925303306430578, 2322339.705397633835673 ], [ 3282072.756055679637939, 2322289.224409423302859 ], [ 3282120.315603320486844, 2322317.404396188445389 ], [ 3282107.902000754140317, 2322339.985234329011291 ], [ 3282165.716620437335223, 2322371.747115124017 ], [ 3282188.557839135639369, 2322412.851632150821388 ], [ 3282168.292799056041986, 2322446.468080539721996 ], [ 3282178.85901731159538, 2322458.580191252753139 ], [ 3282137.759767222218215, 2322495.135656191036105 ], [ 3282153.712597361300141, 2322559.476874615065753 ], [ 3282192.327795435208827, 2322566.117825758643448 ], [ 3282228.052781771868467, 2322538.378131969831884 ], [ 3282333.72037161514163, 2322527.926724067423493 ], [ 3282495.561821297276765, 2322633.82982564298436 ], [ 3282578.396434401161969, 2322688.029256382025778 ], [ 3282603.759524409193546, 2322709.340999882202595 ], [ 3282603.33485509082675, 2322713.129341101273894 ], [ 3282592.408628201577812, 2322755.450180743820965 ], [ 3282576.749512259848416, 2322774.81443783082068 ], [ 3282575.498422254342586, 2322784.460540766827762 ], [ 3282571.678797674365342, 2322796.078651112504303 ], [ 3282567.605577552225441, 2322816.681077162735164 ], [ 3282595.778086480684578, 2322821.630138215143234 ], [ 3282595.887163307517767, 2322821.986488175578415 ], [ 3282596.123255742713809, 2322822.746783251408488 ], [ 3282604.576114133000374, 2322822.19979289919138 ], [ 3282609.234708831645548, 2322821.901339802891016 ], [ 3282611.547441371250898, 2322865.394080383703113 ], [ 3282612.797488007694483, 2322888.889702931977808 ], [ 3282608.273950200527906, 2322908.972315225750208 ], [ 3282602.853640802204609, 2322933.057889878284186 ], [ 3282626.390965752769262, 2322936.40372922597453 ], [ 3282645.285528922453523, 2322939.091397967655212 ], [ 3282645.455379791557789, 2322940.624354471452534 ], [ 3282682.690795880742371, 2322926.694781826343387 ], [ 3282686.246784613933414, 2322929.390150514896959 ], [ 3282686.889688389375806, 2322925.695496650412679 ], [ 3282687.704606206156313, 2322921.006707172840834 ], [ 3282698.393983492162079, 2322924.390799063257873 ], [ 3282709.799070056527853, 2322927.99454656150192 ], [ 3282710.503471971489489, 2322928.145149127580225 ], [ 3282710.655324369203299, 2322927.895308001432568 ], [ 3282718.932470506522804, 2322914.441119687631726 ], [ 3282727.041274567134678, 2322901.25995981739834 ], [ 3282736.041094795800745, 2322889.059253151528537 ], [ 3282739.359924696851522, 2322877.914473593235016 ], [ 3282740.647053327877074, 2322873.569172313902527 ], [ 3282751.268899959512055, 2322862.971794832032174 ], [ 3282756.801520430482924, 2322862.682623730506748 ], [ 3282763.983903269283473, 2322862.307443032972515 ] ] ], [ [ [ 3281978.619721, 2323273.143983080983162 ], [ 3281974.102798405103385, 2323274.493325354997069 ], [ 3281969.941918685100973, 2323263.085744531359524 ], [ 3281965.309059259016067, 2323257.717438442632556 ], [ 3281966.487719556316733, 2323255.126304226927459 ], [ 3281967.868052296340466, 2323252.093942226376384 ], [ 3281970.412472442723811, 2323253.444348791614175 ], [ 3281979.748531504068524, 2323258.414993358775973 ], [ 3281997.648901213891804, 2323222.381131226662546 ], [ 3281985.490584308747202, 2323214.363371149636805 ], [ 3281983.022855947725475, 2323212.613923986908048 ], [ 3281978.753112112637609, 2323209.586973678786308 ], [ 3281975.354754856787622, 2323205.747794642113149 ], [ 3281972.316714992281049, 2323202.312285162974149 ], [ 3281974.57915959879756, 2323196.984279904980212 ], [ 3281978.9113809177652, 2323188.249458803795278 ], [ 3281981.117112608626485, 2323183.814223348163068 ], [ 3281982.339895287994295, 2323182.483802920673043 ], [ 3281985.84185624262318, 2323178.653605580795556 ], [ 3281988.776892489288002, 2323175.450387080200016 ], [ 3281998.835997606627643, 2323163.337882428430021 ], [ 3282005.742485214024782, 2323156.445476863533258 ], [ 3282014.253552515991032, 2323153.280269769951701 ], [ 3282017.004572151228786, 2323154.777144210413098 ], [ 3282023.864904743619263, 2323158.507125211879611 ], [ 3282028.207174937706441, 2323160.861785457469523 ], [ 3282038.251689000986516, 2323169.229527843184769 ], [ 3282043.034613131545484, 2323173.221930026076734 ], [ 3282055.857942889910191, 2323184.309529572725296 ], [ 3282072.324976973235607, 2323203.15086554037407 ], [ 3282081.770931274630129, 2323214.05886368220672 ], [ 3282088.411633344832808, 2323221.713818766642362 ], [ 3282095.911965038161725, 2323232.759677590802312 ], [ 3282096.226030339952558, 2323233.252629375085235 ], [ 3282096.836221769917756, 2323234.190937740262598 ], [ 3282104.426503719761968, 2323245.971957122907043 ], [ 3282109.531111977063119, 2323257.133044277317822 ], [ 3282110.747665237169713, 2323259.791690715588629 ], [ 3282113.869945701677352, 2323266.591570419259369 ], [ 3282116.10859295912087, 2323275.058213776908815 ], [ 3282120.103648934047669, 2323275.85009575728327 ], [ 3282126.624171558767557, 2323277.133170701563358 ], [ 3282133.472440137527883, 2323280.47966658975929 ], [ 3282145.982372521888465, 2323264.995098845101893 ], [ 3282151.582026490941644, 2323267.159955530427396 ], [ 3282155.572336301673204, 2323280.809569790959358 ], [ 3282148.500645300839096, 2323290.967959245666862 ], [ 3282154.419722543563694, 2323293.472616256214678 ], [ 3282161.689358704723418, 2323296.54235447011888 ], [ 3282162.266991436015815, 2323296.786187983117998 ], [ 3282163.290984480641782, 2323297.215669450815767 ], [ 3282164.807249123230577, 2323297.863346830010414 ], [ 3282165.777083788532764, 2323298.271872531156987 ], [ 3282167.847532557323575, 2323295.798516355454922 ], [ 3282174.152829045429826, 2323288.270664520561695 ], [ 3282183.631395006552339, 2323276.949909368995577 ], [ 3282207.067637718748301, 2323297.02619662694633 ], [ 3282209.593351436778903, 2323299.1916882856749 ], [ 3282247.803498037159443, 2323270.894552481360734 ], [ 3282256.664453535806388, 2323264.228083519265056 ], [ 3282259.329967364668846, 2323262.228906893637031 ], [ 3282306.093262591399252, 2323227.491802996955812 ], [ 3282337.606330504640937, 2323204.081847306806594 ], [ 3282340.768886695615947, 2323201.772369783837348 ], [ 3282321.223459768574685, 2323175.717533153947443 ], [ 3282293.11088437680155, 2323138.235443782992661 ], [ 3282241.09475575061515, 2323158.985937796533108 ], [ 3282220.569796962663531, 2323106.069772261194885 ], [ 3282166.755538542289287, 2323072.531613651197404 ], [ 3282029.485723516903818, 2323037.507975812070072 ], [ 3282002.018417582847178, 2323066.480549541767687 ], [ 3281909.459403144661337, 2323058.532729597762227 ], [ 3281881.433250227943063, 2323072.940126478672028 ], [ 3281876.298926674760878, 2323070.643036969937384 ], [ 3281863.718308528419584, 2323065.002751816995442 ], [ 3281863.297803721390665, 2323063.797824530862272 ], [ 3281861.608982366975397, 2323059.060487117618322 ], [ 3281855.515921846032143, 2323051.218289017677307 ], [ 3281858.386522809043527, 2323027.609554921742529 ], [ 3281858.12375901825726, 2323023.46466006943956 ], [ 3281857.774541538674384, 2323017.924405095167458 ], [ 3281857.078320329077542, 2323016.02700683940202 ], [ 3281854.410932732746005, 2323008.721257423050702 ], [ 3281841.353177420794964, 2323003.326913366094232 ], [ 3281839.808261547703296, 2323002.937947628088295 ], [ 3281837.757640901021659, 2323002.434615891892463 ], [ 3281827.010481576900929, 2322999.75081403972581 ], [ 3281823.923768461681902, 2323001.965853545814753 ], [ 3281818.723246050067246, 2323005.707986425142735 ], [ 3281813.717627560254186, 2323005.559922946151346 ], [ 3281803.880514201708138, 2323005.273885952308774 ], [ 3281798.91072583431378, 2323001.131573466118425 ], [ 3281798.617320078425109, 2323000.888691546395421 ], [ 3281796.878897563088685, 2323000.371263192500919 ], [ 3281789.035549125634134, 2322998.010901533532888 ], [ 3281771.579265838954598, 2322998.034625962376595 ], [ 3281761.195214187726378, 2322997.692190402187407 ], [ 3281753.270398118067533, 2322997.436492444947362 ], [ 3281745.46883737295866, 2323000.101985454559326 ], [ 3281739.60942013328895, 2323002.11269823089242 ], [ 3281734.10632613953203, 2323004.192911811172962 ], [ 3281724.598470963537693, 2323007.776302031241357 ], [ 3281717.99285890115425, 2323005.787688422948122 ], [ 3281710.236489431001246, 2323003.462837337050587 ], [ 3281695.501200195401907, 2322996.931575749069452 ], [ 3281692.281212663743645, 2323005.085976809728891 ], [ 3281694.693187312223017, 2323024.400401524268091 ], [ 3281684.792560609988868, 2323047.393792303279042 ], [ 3281684.460378095507622, 2323048.091276041697711 ], [ 3281676.889732335228473, 2323063.938565403223038 ], [ 3281678.062567098531872, 2323080.45624783448875 ], [ 3281679.463003335520625, 2323084.919383557513356 ], [ 3281680.707174717448652, 2323088.861926070414484 ], [ 3281634.606059329584241, 2323101.311228859238327 ], [ 3281625.174130943603814, 2323137.079490915872157 ], [ 3281613.083664285950363, 2323182.94350213278085 ], [ 3281578.252379382029176, 2323199.781212056986988 ], [ 3281559.987816802226007, 2323230.368980820290744 ], [ 3281542.439669374376535, 2323259.755630660802126 ], [ 3281506.812713249120861, 2323249.74029380781576 ], [ 3281477.726073393132538, 2323241.56263349018991 ], [ 3281445.090187929105014, 2323255.326770678162575 ], [ 3281421.324936171527952, 2323242.472486696671695 ], [ 3281403.849180732388049, 2323233.02193545550108 ], [ 3281404.1075031417422, 2323221.712884353473783 ], [ 3281404.842093581333756, 2323189.893356572836637 ], [ 3281446.25014158571139, 2323147.731938295066357 ], [ 3281435.098028969019651, 2323095.984689471311867 ], [ 3281345.142994336783886, 2323087.581576460972428 ], [ 3281305.232998320367187, 2323056.98644587257877 ], [ 3281283.93603328242898, 2323058.028150047641248 ], [ 3281240.646526989527047, 2322990.43851157091558 ], [ 3281199.415468354243785, 2322968.132010564208031 ], [ 3281199.085828483104706, 2322933.282159915659577 ], [ 3281182.392844608519226, 2322920.061691226903349 ], [ 3281171.319368428550661, 2322911.295883417595178 ], [ 3281167.122616143897176, 2322927.983035323675722 ], [ 3281155.064130233600736, 2322975.901549129746854 ], [ 3281103.793427032418549, 2322963.471915974281728 ], [ 3281097.315355785191059, 2322949.375267377123237 ], [ 3281084.355992199853063, 2322921.162242499180138 ], [ 3281046.54300095140934, 2322919.72927581705153 ], [ 3281013.38224835973233, 2322963.125106762163341 ], [ 3280920.387393408454955, 2322952.57610138412565 ], [ 3280932.0476542878896, 2322858.484746016561985 ], [ 3280889.675551476888359, 2322842.964061075355858 ], [ 3280868.985980564262718, 2322835.385661303531379 ], [ 3280789.425422237254679, 2322841.266440868377686 ], [ 3280660.656414417084306, 2322874.571623483207077 ], [ 3280659.314050681423396, 2322936.879628638736904 ], [ 3280658.496934715658426, 2322974.700815089978278 ], [ 3280658.362494162749499, 2322981.066618503071368 ], [ 3280658.294466507621109, 2322984.244587989989668 ], [ 3280658.165383962448686, 2322990.457239238545299 ], [ 3280656.897117071319371, 2323023.354712300002575 ], [ 3280653.365537522826344, 2323114.855405137874186 ], [ 3280609.219580772798508, 2323114.461220982484519 ], [ 3280608.439176933374256, 2323115.643147002905607 ], [ 3280586.510693044867367, 2323119.890779192559421 ], [ 3280540.153541585896164, 2323128.854534191079438 ], [ 3280500.60016730427742, 2323136.494422257877886 ], [ 3280377.677935712505132, 2323124.837063800543547 ], [ 3280376.207945803180337, 2322983.464141683652997 ], [ 3280302.311184510588646, 2322984.52776133781299 ], [ 3280237.291182715445757, 2322980.88036175025627 ], [ 3280170.32772300299257, 2322926.023533608298749 ], [ 3280138.220483342185616, 2322774.806952563580126 ], [ 3280077.131655632052571, 2322771.871264532674104 ], [ 3280076.200710135512054, 2322784.586981721688062 ], [ 3280075.939256790094078, 2322788.194605976343155 ], [ 3280070.109021462500095, 2322822.104534821119159 ], [ 3280047.068990037310869, 2322859.029650789685547 ], [ 3280028.521970632951707, 2322900.22114179097116 ], [ 3280024.677504677325487, 2322910.819094458594918 ], [ 3280020.677453727927059, 2322921.829918296076357 ], [ 3280018.846005075611174, 2322944.039264196995646 ], [ 3280018.466895387973636, 2322948.601092766970396 ], [ 3280018.133612473960966, 2322952.637362550478429 ], [ 3280019.583965128753334, 2322963.352864480111748 ], [ 3280020.791247787885368, 2322972.274229224771261 ], [ 3280024.150646940805018, 2322997.125811877194792 ], [ 3280022.798931142315269, 2323042.89515591878444 ], [ 3280017.984511879272759, 2323061.385432563722134 ], [ 3280013.480677108746022, 2323078.674612837843597 ], [ 3280063.596324753947556, 2323113.417484986595809 ], [ 3280067.44586590025574, 2323147.519061953760684 ], [ 3280069.541412140242755, 2323166.077303897589445 ], [ 3280086.527479961048812, 2323183.193657688330859 ], [ 3280108.108995186164975, 2323204.954172319266945 ], [ 3280160.662582287564874, 2323193.808441075496376 ], [ 3280180.752594031859189, 2323189.547853368334472 ], [ 3280198.26695294957608, 2323196.322535651735961 ], [ 3280209.402151959016919, 2323200.632736490573734 ], [ 3280193.97451543668285, 2323239.745476823765785 ], [ 3280256.883119333535433, 2323264.078237295150757 ], [ 3280272.401341662742198, 2323260.831753394566476 ], [ 3280314.464913871139288, 2323252.041532564908266 ], [ 3280499.486089456826448, 2323231.356854868587106 ], [ 3280654.852110540494323, 2323197.348784451838583 ], [ 3280714.596173562575132, 2323171.193857041653246 ], [ 3280796.301163301803172, 2323168.620657248888165 ], [ 3280810.730677743908018, 2323230.530063329264522 ], [ 3280902.549651232548058, 2323227.331780924461782 ], [ 3280964.656698431354016, 2323278.737329599447548 ], [ 3281014.649686305318028, 2323308.641530696302652 ], [ 3281095.341144338715822, 2323303.100465350784361 ], [ 3281132.231946123298258, 2323292.335144332144409 ], [ 3281210.119911456946284, 2323295.880387137178332 ], [ 3281242.311566402204335, 2323348.234392866492271 ], [ 3281479.282635943032801, 2323418.405630199238658 ], [ 3281630.241374691016972, 2323409.150856367312372 ], [ 3281640.783819158561528, 2323368.64184933481738 ], [ 3281652.088218266610056, 2323306.517014734912664 ], [ 3281648.053946245461702, 2323255.674157877452672 ], [ 3281698.907225791364908, 2323225.283578992355615 ], [ 3281750.004718268290162, 2323235.663695274852216 ], [ 3281761.288036131765693, 2323304.567740924656391 ], [ 3281756.246237861458212, 2323365.595453298185021 ], [ 3281825.066609277389944, 2323379.314684840384871 ], [ 3281889.169401849620044, 2323338.018454929813743 ], [ 3281921.537887080106884, 2323325.904729762114584 ], [ 3282002.020242101978511, 2323337.733535427600145 ], [ 3282002.96049303887412, 2323336.970127526205033 ], [ 3282010.682723653968424, 2323331.527971848379821 ], [ 3282016.995812054723501, 2323327.083573875483125 ], [ 3282029.065611878409982, 2323318.576372570823878 ], [ 3282045.759477918967605, 2323305.656812390312552 ], [ 3282056.445481148082763, 2323297.310839742422104 ], [ 3282055.746724090073258, 2323290.441597332246602 ], [ 3282050.908091206103563, 2323289.330701785162091 ], [ 3282044.268117222003639, 2323287.875756117049605 ], [ 3282029.745247266255319, 2323284.686359269544482 ], [ 3282010.667213673237711, 2323278.895469034556299 ], [ 3282002.216977149248123, 2323276.174615672789514 ], [ 3281989.835455535911024, 2323272.183932102285326 ], [ 3281978.619721, 2323273.143983080983162 ] ] ], [ [ [ 3284009.31566543597728, 2323380.482198530808091 ], [ 3283988.525728355161846, 2323299.05775195453316 ], [ 3283935.577096049208194, 2323270.744966368190944 ], [ 3283850.531228470616043, 2323275.969012316316366 ], [ 3283785.934886095579714, 2323307.688579137437046 ], [ 3283734.104314275551587, 2323312.473716123495251 ], [ 3283699.752972385846078, 2323286.271972916088998 ], [ 3283681.205035464838147, 2323264.821672689169645 ], [ 3283680.388391877990216, 2323246.699388996697962 ], [ 3283687.042894662823528, 2323228.354394969996065 ], [ 3283705.468930606730282, 2323229.419640908949077 ], [ 3283725.253239301033318, 2323245.285438471473753 ], [ 3283751.912614150438458, 2323224.51248161168769 ], [ 3283783.029311980120838, 2323224.826519418507814 ], [ 3283737.649487461894751, 2323100.665435041300952 ], [ 3283626.812622943427414, 2323095.9060262250714 ], [ 3283625.926849753130227, 2323112.36800670158118 ], [ 3283624.947017531841993, 2323130.73387716896832 ], [ 3283534.065253492444754, 2323152.424720576032996 ], [ 3283484.148502632044256, 2323126.270274478010833 ], [ 3283354.191865479573607, 2323119.492069879546762 ], [ 3283313.427219938486814, 2323083.677757908590138 ], [ 3283303.60799809359014, 2323053.575266260188073 ], [ 3283291.881250271108001, 2323017.647396626416594 ], [ 3283317.078477529343218, 2323009.134722287300974 ], [ 3283319.982671753503382, 2323008.159292755182832 ], [ 3283337.653182956390083, 2322969.355741313192993 ], [ 3283375.232641254086047, 2322958.76578518608585 ], [ 3283371.038123473525047, 2322937.734265669248998 ], [ 3283365.64619054691866, 2322910.753000996075571 ], [ 3283390.319920167792588, 2322905.548797964118421 ], [ 3283433.262661810964346, 2322896.485392415896058 ], [ 3283395.42893142439425, 2322830.365018911659718 ], [ 3283310.289182836655527, 2322654.647812918759882 ], [ 3283332.568068802822381, 2322656.255917278118432 ], [ 3283375.481609616894275, 2322659.344076139386743 ], [ 3283405.76275525894016, 2322713.108495603315532 ], [ 3283500.818759951740503, 2322771.682998568750918 ], [ 3283555.037638138048351, 2322805.090318520087749 ], [ 3283660.793659776914865, 2322833.530625480227172 ], [ 3283673.794575386215001, 2322776.244898640085012 ], [ 3283650.867614701390266, 2322734.617410010658205 ], [ 3283449.398218780755997, 2322651.766421585809439 ], [ 3283467.565035612788051, 2322608.370767547748983 ], [ 3283375.579802670981735, 2322573.135190621949732 ], [ 3283323.178383473772556, 2322553.057852595113218 ], [ 3283328.057579854968935, 2322528.702034473884851 ], [ 3283341.25383884459734, 2322462.817695310804993 ], [ 3283352.722038703970611, 2322405.587320854421705 ], [ 3283465.933929768390954, 2322490.470264095347375 ], [ 3283527.20282263122499, 2322409.611709346063435 ], [ 3283552.138540665619075, 2322345.963947892654687 ], [ 3283568.159465466160327, 2322305.075267318636179 ], [ 3283566.250456168316305, 2322299.798128433059901 ], [ 3283563.170791186857969, 2322291.336804529651999 ], [ 3283551.84161043446511, 2322289.93170291883871 ], [ 3283535.665752022527158, 2322287.924346772022545 ], [ 3283537.208291307091713, 2322269.957273081410676 ], [ 3283538.644096940755844, 2322253.135247307829559 ], [ 3283507.911765771452338, 2322213.838832820300013 ], [ 3283433.136314798146486, 2322238.045802283100784 ], [ 3283431.241558315698057, 2322225.977609088644385 ], [ 3283427.7747289869003, 2322203.935944939032197 ], [ 3283423.770597937982529, 2322178.426674457266927 ], [ 3283389.651021983474493, 2322197.695159526541829 ], [ 3283367.964937449432909, 2322209.560265243053436 ], [ 3283281.117037223652005, 2322257.069398187100887 ], [ 3283264.337876915000379, 2322266.248662908095866 ], [ 3283261.293690894730389, 2322267.918315216898918 ], [ 3283227.191671042237431, 2322286.240177900530398 ], [ 3283209.618979687802494, 2322296.583327415399253 ], [ 3283184.984657652676105, 2322311.075541582424194 ], [ 3283177.953125500585884, 2322315.036675046663731 ], [ 3283162.542356243822724, 2322323.712497534696013 ], [ 3283158.962432938627899, 2322326.013797041960061 ], [ 3283156.235127779655159, 2322327.759875502903014 ], [ 3283143.944868022110313, 2322335.665939531289041 ], [ 3283124.246589136309922, 2322348.207931892480701 ], [ 3283114.186182060278952, 2322357.154247249942273 ], [ 3283108.90027504041791, 2322363.163852342404425 ], [ 3283105.028613882139325, 2322375.704203205183148 ], [ 3283103.402539609931409, 2322388.947176658082753 ], [ 3283102.882852328941226, 2322393.208761360030621 ], [ 3283102.719829363748431, 2322394.505733768455684 ], [ 3283106.143934877589345, 2322409.59385523153469 ], [ 3283109.717382289469242, 2322420.079360585659742 ], [ 3283118.065124329179525, 2322444.604727752506733 ], [ 3283128.215963589027524, 2322474.689626928418875 ], [ 3283134.586649479344487, 2322472.021308256778866 ], [ 3283143.918176404666156, 2322468.10381481051445 ], [ 3283150.985177536960691, 2322472.538469617255032 ], [ 3283154.11767828091979, 2322474.506386739201844 ], [ 3283166.447890914976597, 2322472.235240374691784 ], [ 3283173.391335880383849, 2322470.958275856915861 ], [ 3283178.206073749810457, 2322470.06428268365562 ], [ 3283209.089982079342008, 2322464.371139504481107 ], [ 3283213.413206172641367, 2322463.573380808345973 ], [ 3283222.851975540630519, 2322513.722558905836195 ], [ 3283224.011008142028004, 2322519.871815794147551 ], [ 3283227.975305499043316, 2322540.923311642371118 ], [ 3283222.326148777268827, 2322562.745252880267799 ], [ 3283218.942714688368142, 2322575.788652036804706 ], [ 3283209.494988650083542, 2322596.469657246954739 ], [ 3283223.626748890616, 2322607.30795768648386 ], [ 3283232.291645648889244, 2322619.580658229999244 ], [ 3283231.742072073277086, 2322622.792154571972787 ], [ 3283230.703472999390215, 2322628.717469230294228 ], [ 3283228.622703802771866, 2322640.670198976062238 ], [ 3283218.201274246908724, 2322675.169976913835853 ], [ 3283209.813065441790968, 2322702.94111368060112 ], [ 3283196.902533162385225, 2322719.946442048065364 ], [ 3283069.032242050860077, 2322689.291556716896594 ], [ 3283045.895350043661892, 2322683.74442954082042 ], [ 3283043.304418289102614, 2322702.433084718417376 ], [ 3283042.870145677123219, 2322705.543216473888606 ], [ 3283039.749996336642653, 2322718.459371067583561 ], [ 3283026.349384439177811, 2322775.967693648301065 ], [ 3283010.586278728675097, 2322851.01866996800527 ], [ 3283006.420439494308084, 2322861.885568344499916 ], [ 3283004.920925054699183, 2322865.801272439770401 ], [ 3282992.454717181622982, 2322888.431736170314252 ], [ 3282982.068766038864851, 2322905.116778525523841 ], [ 3282978.155703230760992, 2322911.393371390644461 ], [ 3282969.8796665975824, 2322922.685901903081685 ], [ 3282950.944478967692703, 2322948.499210322741419 ], [ 3282913.621630872599781, 2322993.555924724787474 ], [ 3282884.25471731973812, 2323034.844714221078902 ], [ 3282893.120638006366789, 2323038.74101212574169 ], [ 3282902.532990094274282, 2323042.876468413509429 ], [ 3282921.376134985592216, 2323045.745719254016876 ], [ 3282982.272370832972229, 2323054.999152959790081 ], [ 3282978.238051084801555, 2323076.396374762058258 ], [ 3282974.407297763507813, 2323096.68231939105317 ], [ 3283032.466676637995988, 2323089.354532476514578 ], [ 3283041.762815307825804, 2323086.894235919229686 ], [ 3283040.258611814584583, 2323093.073646183125675 ], [ 3283033.028994375374168, 2323122.590353012084961 ], [ 3283029.748345920350403, 2323135.950721589382738 ], [ 3283036.694280230440199, 2323142.55781723652035 ], [ 3283043.879463500808924, 2323149.386842394247651 ], [ 3283032.160197536926717, 2323159.973456964828074 ], [ 3283026.803772531449795, 2323164.808248040266335 ], [ 3282971.838542035315186, 2323217.115566215943545 ], [ 3282976.949108195491135, 2323224.967542618513107 ], [ 3283041.773237260524184, 2323227.911308453883976 ], [ 3283169.164494340773672, 2323219.023943835869431 ], [ 3283207.355853575281799, 2323239.184928666334599 ], [ 3283237.678112810943276, 2323182.355611776467413 ], [ 3283247.20308126648888, 2323164.502217545174062 ], [ 3283252.511465046554804, 2323154.541274975985289 ], [ 3283319.699305583722889, 2323171.17628352669999 ], [ 3283322.989869182929397, 2323240.404042845126241 ], [ 3283279.735960268881172, 2323255.620776335243136 ], [ 3283245.489397812634706, 2323267.666799816768616 ], [ 3283252.443135199602693, 2323284.978081649169326 ], [ 3283184.550276599824429, 2323312.983463304582983 ], [ 3283137.204256223980337, 2323295.217425786424428 ], [ 3283101.609386530704796, 2323281.867275930941105 ], [ 3283065.804045529570431, 2323290.27968219621107 ], [ 3283046.586984567344189, 2323294.792217337526381 ], [ 3283072.576807681005448, 2323323.523714457638562 ], [ 3283086.090945929288864, 2323338.458107153419405 ], [ 3283101.31701769400388, 2323341.666631664149463 ], [ 3283108.258498594164848, 2323344.590990194119513 ], [ 3283125.958408623933792, 2323352.064494706690311 ], [ 3283153.906977417878807, 2323371.87834825553 ], [ 3283160.439179881010205, 2323383.083678645081818 ], [ 3283174.140822500456125, 2323406.164083237294108 ], [ 3283184.799333535600454, 2323424.105069765821099 ], [ 3283191.509447840042412, 2323430.449057440739125 ], [ 3283248.821465052198619, 2323484.664561938960105 ], [ 3283252.684968578629196, 2323491.963768771849573 ], [ 3283258.203908273484558, 2323502.433308533392847 ], [ 3283259.787757196463645, 2323505.352345956023782 ], [ 3283261.289816264994442, 2323508.143644514959306 ], [ 3283267.491050919052213, 2323519.620049078017473 ], [ 3283338.915788206271827, 2323452.405314218252897 ], [ 3283383.805512137245387, 2323447.922147211618721 ], [ 3283410.228253161534667, 2323445.283220191020519 ], [ 3283442.058509532362223, 2323410.179298967588693 ], [ 3283509.048463148064911, 2323393.07844740524888 ], [ 3283585.708729307167232, 2323305.109132405836135 ], [ 3283612.789267223328352, 2323344.466856592334807 ], [ 3283667.188377174083143, 2323424.449660415761173 ], [ 3283823.982545367442071, 2323316.438916988670826 ], [ 3283844.674261811655015, 2323377.250968518666923 ], [ 3283866.527198925614357, 2323378.426385178696364 ], [ 3283874.510760822333395, 2323378.854704321362078 ], [ 3283886.208507684059441, 2323379.474770268425345 ], [ 3283958.291565378196537, 2323371.853144683875144 ], [ 3283988.159834451507777, 2323383.811849775258452 ], [ 3284009.31566543597728, 2323380.482198530808091 ] ] ], [ [ [ 3281646.989437046926469, 2324101.134333168156445 ], [ 3281701.709925683680922, 2324049.8821333758533 ], [ 3281742.269356810487807, 2324011.897697598207742 ], [ 3281751.083615224808455, 2324003.646041517145932 ], [ 3281753.98602190008387, 2324000.925418247934431 ], [ 3281780.545892632566392, 2323959.477447868324816 ], [ 3281786.675343040376902, 2323909.989500460214913 ], [ 3281803.827820531092584, 2323875.648980591446161 ], [ 3281789.135479383170605, 2323855.441417567897588 ], [ 3281763.770740299485624, 2323857.043453277088702 ], [ 3281733.325536794029176, 2323862.376820428296924 ], [ 3281677.05019066715613, 2323866.532188225071877 ], [ 3281645.203774513211101, 2323880.655355104245245 ], [ 3281598.604305291548371, 2323891.67021013610065 ], [ 3281569.961860370822251, 2323908.073487182613462 ], [ 3281491.103091457858682, 2323913.343961582984775 ], [ 3281487.384502460248768, 2323925.391178074292839 ], [ 3281483.615092933177948, 2323954.535896657500416 ], [ 3281466.410343292169273, 2324005.964242013171315 ], [ 3281430.186790210194886, 2324097.743054673075676 ], [ 3281407.465151800308377, 2324120.811316133476794 ], [ 3281413.280174518935382, 2324124.105344037525356 ], [ 3281497.193361373152584, 2324159.919798051007092 ], [ 3281381.397552236448973, 2324276.273648416157812 ], [ 3281379.161866517271847, 2324286.224413469433784 ], [ 3281375.22268586885184, 2324303.800227080937475 ], [ 3281366.81760227587074, 2324314.425907274708152 ], [ 3281403.949876380153, 2324353.331497852690518 ], [ 3281442.80650389008224, 2324372.350022288970649 ], [ 3281457.49486987804994, 2324389.311029114294797 ], [ 3281468.333568426780403, 2324387.412206193432212 ], [ 3281490.691469258628786, 2324383.495350780896842 ], [ 3281518.260214168578386, 2324393.988591912668198 ], [ 3281532.060108184814453, 2324366.374381965957582 ], [ 3281560.641396485734731, 2324309.147486022207886 ], [ 3281593.787773336283863, 2324335.671096296980977 ], [ 3281628.989816451445222, 2324363.843828462995589 ], [ 3281621.051090553868562, 2324442.113197683356702 ], [ 3281668.91977075766772, 2324422.991044266615063 ], [ 3281725.376238023862243, 2324439.951379101257771 ], [ 3281735.802082541864365, 2324406.230880387127399 ], [ 3281744.24360535107553, 2324378.916161340661347 ], [ 3281838.532398202456534, 2324393.277610802091658 ], [ 3281873.934839372523129, 2324478.363869194407016 ], [ 3281845.060043706558645, 2324547.859784389846027 ], [ 3281755.734991738572717, 2324511.39995252341032 ], [ 3281693.324216965585947, 2324555.648185602389276 ], [ 3281664.246260649524629, 2324541.948789658024907 ], [ 3281626.764064311981201, 2324575.365918292663991 ], [ 3281594.723758530803025, 2324539.180757254362106 ], [ 3281562.209993961267173, 2324557.094588982872665 ], [ 3281507.303738163318485, 2324599.155709279235452 ], [ 3281465.029110906179994, 2324668.848321334924549 ], [ 3281497.186260072514415, 2324780.450926551129669 ], [ 3281517.870762714184821, 2324778.024596741888672 ], [ 3281603.630140003748238, 2324783.173936798237264 ], [ 3281614.12174261175096, 2324783.801799608394504 ], [ 3281622.124713611789048, 2324784.287229115143418 ], [ 3281653.04433663841337, 2324789.099298341199756 ], [ 3281696.269088365137577, 2324795.824881935492158 ], [ 3281754.231031700503081, 2324803.08405428705737 ], [ 3281815.952149940654635, 2324809.69486793782562 ], [ 3281829.776890379376709, 2324809.860617119818926 ], [ 3281867.672949293628335, 2324810.314980226103216 ], [ 3281917.354432264342904, 2324806.350481220521033 ], [ 3281921.801160909235477, 2324805.997684456408024 ], [ 3281972.070616278797388, 2324796.765071886125952 ], [ 3281988.794231731444597, 2324793.693303765263408 ], [ 3281998.20969405118376, 2324791.962691636756063 ], [ 3281998.551644342951477, 2324791.882492404896766 ], [ 3281999.097472306806594, 2324791.746281942818314 ], [ 3282063.972726172301918, 2324775.926456874236465 ], [ 3282081.487842548638582, 2324770.625647894106805 ], [ 3282109.450889145024121, 2324762.155078187584877 ], [ 3282161.040029949042946, 2324734.405426438897848 ], [ 3282190.552852020598948, 2324718.052693773061037 ], [ 3282203.621035553049296, 2324710.811378899030387 ], [ 3282219.795039295218885, 2324700.357169012539089 ], [ 3282241.866251458413899, 2324686.079308745916933 ], [ 3282247.025900272652507, 2324682.212345746345818 ], [ 3282250.804241772275418, 2324679.389020205009729 ], [ 3282258.906199254095554, 2324671.434668070171028 ], [ 3282267.29645808134228, 2324663.196419379673898 ], [ 3282282.94736858876422, 2324641.123518475797027 ], [ 3282292.478009126149118, 2324619.777737343683839 ], [ 3282289.258363229222596, 2324594.110146953724325 ], [ 3282283.682281037792563, 2324549.656063455622643 ], [ 3282278.10294155869633, 2324520.60663922643289 ], [ 3282276.323035513050854, 2324511.349236922338605 ], [ 3282229.825756588019431, 2324513.385578422807157 ], [ 3282191.224244840443134, 2324513.703928302973509 ], [ 3282169.769500233232975, 2324474.507442681584507 ], [ 3282087.944959796965122, 2324512.46496808854863 ], [ 3282061.771519123576581, 2324418.252739262301475 ], [ 3282110.543036866001785, 2324388.226537410635501 ], [ 3282065.404698590282351, 2324361.763798402622342 ], [ 3282008.700379320420325, 2324369.55603161174804 ], [ 3282000.834257977083325, 2324321.525258031208068 ], [ 3281917.583430657628924, 2324245.896765843033791 ], [ 3281829.331010345369577, 2324218.40198521129787 ], [ 3281724.722524093464017, 2324195.91375193092972 ], [ 3281579.60606474801898, 2324168.111495056189597 ], [ 3281613.641851868014783, 2324134.648865011520684 ], [ 3281652.309380041435361, 2324141.300251066219062 ], [ 3281645.898976599797606, 2324102.15746876783669 ], [ 3281646.409603924490511, 2324101.682405681349337 ], [ 3281646.989437046926469, 2324101.134333168156445 ] ] ], [ [ [ 3282005.56925236992538, 2325432.656574517954141 ], [ 3282006.001798851415515, 2325427.121327658183873 ], [ 3282006.529525797348469, 2325420.432862804271281 ], [ 3282007.675650960300118, 2325405.751290590967983 ], [ 3282049.021237988490611, 2325377.776273214258254 ], [ 3282056.199679467827082, 2325373.413503098767251 ], [ 3282064.23714801762253, 2325368.534926688298583 ], [ 3282064.763752115424722, 2325368.219422966707498 ], [ 3282074.027167652733624, 2325371.568967015016824 ], [ 3282110.750866911374032, 2325384.872743460349739 ], [ 3282102.191982929129153, 2325404.282839559949934 ], [ 3282108.973020085133612, 2325406.413190960418433 ], [ 3282122.288873531855643, 2325410.595257673878223 ], [ 3282132.6715321931988, 2325407.832621412817389 ], [ 3282135.402441509533674, 2325407.100511235184968 ], [ 3282142.592783642467111, 2325404.97830865252763 ], [ 3282150.730241790413857, 2325402.568413471337408 ], [ 3282193.058002896606922, 2325446.865874489303678 ], [ 3282196.229550900869071, 2325450.186686818022281 ], [ 3282200.91176475211978, 2325447.245561993215233 ], [ 3282205.758574289269745, 2325444.194421502295882 ], [ 3282214.168020602315664, 2325439.66675425041467 ], [ 3282221.822247591335326, 2325435.545379744376987 ], [ 3282228.974610910285264, 2325431.704731910023838 ], [ 3282233.747812727000564, 2325429.133284260053188 ], [ 3282241.426074438262731, 2325438.351922473870218 ], [ 3282244.520948286168277, 2325442.071780700236559 ], [ 3282250.744041718076915, 2325452.316567636094987 ], [ 3282257.331811398733407, 2325463.177365232724696 ], [ 3282265.855411087628454, 2325460.151861583814025 ], [ 3282288.281864416785538, 2325452.19446995574981 ], [ 3282304.053204956464469, 2325447.087472096085548 ], [ 3282320.671300257090479, 2325442.938240926712751 ], [ 3282326.1923404969275, 2325442.640795594546944 ], [ 3282331.08899253141135, 2325442.371551448479295 ], [ 3282335.987260462716222, 2325442.112172336317599 ], [ 3282336.599772286601365, 2325442.816685875877738 ], [ 3282337.16314048320055, 2325443.468922407831997 ], [ 3282350.456705440767109, 2325458.726063680835068 ], [ 3282357.339730139356107, 2325459.620848587714136 ], [ 3282360.553769682534039, 2325460.042130599729717 ], [ 3282400.459955465048552, 2325469.734073386061937 ], [ 3282416.875671199988574, 2325502.070810952689499 ], [ 3282419.86844474915415, 2325508.264300611335784 ], [ 3282421.554356202017516, 2325511.743899441324174 ], [ 3282434.373374224640429, 2325511.406006013043225 ], [ 3282438.172080721706152, 2325511.308812802657485 ], [ 3282442.023272872902453, 2325516.611142506822944 ], [ 3282443.75003850273788, 2325518.977486702613533 ], [ 3282436.198855273425579, 2325536.983115843497217 ], [ 3282443.285933513659984, 2325542.530392616055906 ], [ 3282461.78530649188906, 2325546.08859333069995 ], [ 3282490.796090529300272, 2325549.652277305256575 ], [ 3282502.50046667130664, 2325553.162825911771506 ], [ 3282511.416048609185964, 2325550.981978863477707 ], [ 3282516.267480514012277, 2325548.640392497181892 ], [ 3282523.121022331062704, 2325545.329067603684962 ], [ 3282541.846693348139524, 2325531.748804191127419 ], [ 3282537.21593073848635, 2325516.60786702670157 ], [ 3282534.125414436217397, 2325506.534790297970176 ], [ 3282519.944821851328015, 2325460.218760268762708 ], [ 3282525.870244871359318, 2325458.054354934953153 ], [ 3282528.064084465615451, 2325457.264132142532617 ], [ 3282543.152897199615836, 2325451.830273395869881 ], [ 3282553.347486714832485, 2325448.167075170204043 ], [ 3282583.385163857135922, 2325436.816513284575194 ], [ 3282608.826108279172331, 2325427.194655606523156 ], [ 3282604.089571134187281, 2325415.867487247567624 ], [ 3282601.724534789565951, 2325410.223632432986051 ], [ 3282598.430336698424071, 2325407.888322587125003 ], [ 3282595.424705463461578, 2325405.766301656141877 ], [ 3282587.621564649511129, 2325401.917338889092207 ], [ 3282580.635484737809747, 2325398.473219690378755 ], [ 3282571.597523804288357, 2325392.597937422804534 ], [ 3282562.662865835241973, 2325386.795888595283031 ], [ 3282558.232427540235221, 2325393.751934543251991 ], [ 3282540.202112697064877, 2325400.614358370192349 ], [ 3282531.325957557652146, 2325407.557686164975166 ], [ 3282525.948557499330491, 2325411.767244182061404 ], [ 3282517.226467344909906, 2325418.845950027927756 ], [ 3282512.729443937074393, 2325417.77671164367348 ], [ 3282510.149641904048622, 2325409.582822494208813 ], [ 3282510.503452333156019, 2325405.796646405942738 ], [ 3282512.253560076002032, 2325387.183664576150477 ], [ 3282512.50054226629436, 2325384.603480841964483 ], [ 3282512.627600823529065, 2325383.211287355981767 ], [ 3282519.339285643305629, 2325344.96610987232998 ], [ 3282520.596698994748294, 2325341.184007146395743 ], [ 3282521.743171248584986, 2325337.715621440671384 ], [ 3282528.02879695314914, 2325318.734330945648253 ], [ 3282533.086590688675642, 2325300.556699496693909 ], [ 3282531.306093647144735, 2325292.659145529381931 ], [ 3282531.005843554623425, 2325291.321513206232339 ], [ 3282530.812734260223806, 2325290.452199889346957 ], [ 3282540.415286102332175, 2325292.96102911606431 ], [ 3282542.418216049671173, 2325293.482859078794718 ], [ 3282579.556002023164183, 2325308.571373991202563 ], [ 3282582.565767708234489, 2325309.789528931956738 ], [ 3282597.431864170357585, 2325317.799780081026256 ], [ 3282653.894135913345963, 2325348.235700643155724 ], [ 3282658.26109765842557, 2325339.281554926652461 ], [ 3282664.186131583526731, 2325327.142097487580031 ], [ 3282665.187064324039966, 2325324.023938751313835 ], [ 3282665.801956207491457, 2325322.079499348532408 ], [ 3282667.979626229032874, 2325315.24411730049178 ], [ 3282670.788683194667101, 2325306.441112179774791 ], [ 3282680.72576817497611, 2325275.251901072449982 ], [ 3282681.970175749156624, 2325260.116870655678213 ], [ 3282683.394765791483223, 2325242.798978393897414 ], [ 3282685.1831189757213, 2325221.074175891466439 ], [ 3282688.15998263657093, 2325205.057256289757788 ], [ 3282688.797026798129082, 2325201.637531571090221 ], [ 3282702.687337674200535, 2325180.461619786918163 ], [ 3282709.377574805170298, 2325170.2684166431427 ], [ 3282719.879900990985334, 2325151.573466004803777 ], [ 3282729.923316985368729, 2325133.669246044941247 ], [ 3282715.018420439679176, 2325124.245090048760176 ], [ 3282688.241117059253156, 2325107.311153040267527 ], [ 3282679.72652911581099, 2325124.886683254502714 ], [ 3282651.456366340164095, 2325183.266204223968089 ], [ 3282644.809548553079367, 2325177.743263173848391 ], [ 3282628.326979743782431, 2325170.269853726495057 ], [ 3282605.522112184204161, 2325159.936229839920998 ], [ 3282599.796871426515281, 2325158.615341051016003 ], [ 3282571.013980242889374, 2325140.338117145933211 ], [ 3282570.028318384662271, 2325139.709117392078042 ], [ 3282568.793708152137697, 2325138.799002778250724 ], [ 3282571.153802879154682, 2325136.112498876173049 ], [ 3282590.501061691902578, 2325114.061818186659366 ], [ 3282592.860993776004761, 2325105.489713904447854 ], [ 3282597.826547333039343, 2325087.429772987496108 ], [ 3282595.460643820464611, 2325073.789742186665535 ], [ 3282591.933690377511084, 2325053.432411779649556 ], [ 3282583.130686954129487, 2325035.673673765733838 ], [ 3282541.696889639832079, 2325003.274879984557629 ], [ 3282543.315830921754241, 2325002.443309471942484 ], [ 3282541.234775582328439, 2325002.249738706275821 ], [ 3282535.652586382813752, 2325002.669479867443442 ], [ 3282534.217193534597754, 2325003.073139715474099 ], [ 3282532.056765117682517, 2325004.253256609663367 ], [ 3282522.776451113633811, 2325011.764568741898984 ], [ 3282520.676438730210066, 2325014.862154042348266 ], [ 3282514.947208927478641, 2325023.303994573652744 ], [ 3282514.246129744686186, 2325029.677752198185772 ], [ 3282513.747805357445031, 2325044.722667661029845 ], [ 3282513.403525237459689, 2325049.806059428490698 ], [ 3282513.230745919980109, 2325052.281907719094306 ], [ 3282512.381534698419273, 2325057.565375810023397 ], [ 3282510.801264247857034, 2325064.022115590982139 ], [ 3282507.113747920375317, 2325076.195803696289659 ], [ 3282504.290420961566269, 2325083.611077512148768 ], [ 3282502.814703931566328, 2325086.122365702409297 ], [ 3282501.384529390372336, 2325087.610911533702165 ], [ 3282500.436566500924528, 2325088.203173597343266 ], [ 3282499.589011017233133, 2325088.727108422201127 ], [ 3282497.010194236412644, 2325089.706534628756344 ], [ 3282490.762655190192163, 2325090.709629706572741 ], [ 3282481.407336106989533, 2325090.887204830534756 ], [ 3282474.732520181685686, 2325090.148721982259303 ], [ 3282471.903611788991839, 2325089.477302685379982 ], [ 3282467.976315247826278, 2325088.54165195999667 ], [ 3282439.321755966637284, 2325079.71989278215915 ], [ 3282431.531925983261317, 2325077.005142649170011 ], [ 3282421.655388550832868, 2325072.575670172460377 ], [ 3282400.483856889884919, 2325061.560218243859708 ], [ 3282373.584322948008776, 2325077.576924378052354 ], [ 3282362.659654679708183, 2325087.994431843981147 ], [ 3282363.571836687624454, 2325090.838342695962638 ], [ 3282365.443392247892916, 2325096.690407718531787 ], [ 3282361.805808409117162, 2325097.337784500326961 ], [ 3282350.279067786410451, 2325097.327500223182142 ], [ 3282346.907295245677233, 2325096.314835743047297 ], [ 3282343.704629737883806, 2325095.343580915592611 ], [ 3282337.257660791277885, 2325091.226619301829487 ], [ 3282333.449554176535457, 2325084.019139628857374 ], [ 3282331.850980426650494, 2325077.479951406829059 ], [ 3282318.169809424318373, 2325074.102598184719682 ], [ 3282312.654646755196154, 2325069.294726308435202 ], [ 3282313.883197159506381, 2325057.531474915333092 ], [ 3282317.812277078162879, 2325049.496276674326509 ], [ 3282320.408124161884189, 2325046.514770991168916 ], [ 3282322.680904309265316, 2325043.914585273712873 ], [ 3282320.998320451006293, 2325036.862437401432544 ], [ 3282315.733588349074125, 2325033.583581509068608 ], [ 3282311.179515099152923, 2325032.351831112988293 ], [ 3282307.495548379141837, 2325031.353266924154013 ], [ 3282306.963692761957645, 2325026.43349570594728 ], [ 3282306.494343434926122, 2325022.081191128585488 ], [ 3282296.811656997073442, 2325020.631628010887653 ], [ 3282283.192147911991924, 2325024.072848303243518 ], [ 3282276.804959202650934, 2325026.267408252228051 ], [ 3282270.764736475422978, 2325028.350449238903821 ], [ 3282267.315042090602219, 2325028.782257652841508 ], [ 3282260.982078602537513, 2325036.325284523423761 ], [ 3282230.150191989261657, 2325037.190435836091638 ], [ 3282218.248689713422209, 2325052.112149487249553 ], [ 3282196.853843573480844, 2325050.573200800921768 ], [ 3282186.182074304670095, 2325059.251786274835467 ], [ 3282185.809337659273297, 2325076.426050537731498 ], [ 3282180.347514289431274, 2325092.756584694143385 ], [ 3282174.110015640966594, 2325090.723803278058767 ], [ 3282166.789176363497972, 2325088.332830696832389 ], [ 3282158.392903310712427, 2325082.720638877246529 ], [ 3282152.013695164583623, 2325078.459901222959161 ], [ 3282148.51580097572878, 2325076.119700284674764 ], [ 3282140.688581887166947, 2325070.884762031491846 ], [ 3282137.901158704422414, 2325037.946646274067461 ], [ 3282122.703984182793647, 2325065.947666763328016 ], [ 3282122.788640615530312, 2325068.01310918154195 ], [ 3282122.847512916196138, 2325069.301697811577469 ], [ 3282109.145596344955266, 2325074.03601233381778 ], [ 3282103.54612579382956, 2325075.96068203356117 ], [ 3282101.525462555233389, 2325076.507475287653506 ], [ 3282073.624211257789284, 2325084.05402184324339 ], [ 3282071.731448479928076, 2325079.930773934349418 ], [ 3282070.482161897234619, 2325077.196655355859548 ], [ 3282067.939461011905223, 2325071.644819697830826 ], [ 3282061.022616623900831, 2325074.074264519382268 ], [ 3282053.901568774133921, 2325082.628090953454375 ], [ 3282043.690827795770019, 2325092.139242463279516 ], [ 3282062.097283087205142, 2325154.346962548326701 ], [ 3282061.561421820428222, 2325155.039550925139338 ], [ 3282060.924985602498055, 2325155.861383094917983 ], [ 3282059.907897998578846, 2325158.880913663655519 ], [ 3282059.588166955858469, 2325159.840069826226681 ], [ 3282058.892697168514132, 2325162.407498113345355 ], [ 3282058.811342520173639, 2325162.716033133212477 ], [ 3282058.633597247302532, 2325166.400338362902403 ], [ 3282061.788582902401686, 2325173.336623252369463 ], [ 3282062.107840230688453, 2325181.480024782475084 ], [ 3282062.010534597560763, 2325182.806122940964997 ], [ 3282061.774961531162262, 2325186.013470338191837 ], [ 3282061.482877029106021, 2325190.052680521737784 ], [ 3282060.96349388314411, 2325195.491500535048544 ], [ 3282060.658717478625476, 2325198.771857895888388 ], [ 3282060.376121891196817, 2325201.754046626389027 ], [ 3282059.841992208268493, 2325205.987875650636852 ], [ 3282059.054312214255333, 2325212.204332017805427 ], [ 3282059.228523874655366, 2325217.541940663009882 ], [ 3282059.337461371906102, 2325220.932480346411467 ], [ 3282059.920914157293737, 2325227.405971319414675 ], [ 3282060.593503491953015, 2325234.919207067694515 ], [ 3282061.920883791521192, 2325243.890625318512321 ], [ 3282061.952816360164434, 2325255.544730349443853 ], [ 3282061.422194458078593, 2325260.295479358173907 ], [ 3282060.625538611784577, 2325267.386213045567274 ], [ 3282059.35612562391907, 2325273.139090532436967 ], [ 3282058.762180346995592, 2325275.830803950317204 ], [ 3282059.114407490007579, 2325277.981296178419143 ], [ 3282059.925499665550888, 2325282.93334713857621 ], [ 3282058.64542045397684, 2325294.939075431786478 ], [ 3282058.855018667411059, 2325300.554624072741717 ], [ 3282059.013041493017226, 2325304.616462792735547 ], [ 3282054.789457110222429, 2325311.039089736528695 ], [ 3282049.415984054561704, 2325305.485924049746245 ], [ 3282038.767552472651005, 2325298.573630122002214 ], [ 3282035.293815542478114, 2325306.539265847764909 ], [ 3282035.283531256020069, 2325309.0779925333336 ], [ 3282035.279460185673088, 2325309.362841335590929 ], [ 3282010.934477643109858, 2325327.905592616647482 ], [ 3281975.739575954154134, 2325317.865432813297957 ], [ 3281969.398825083393604, 2325307.397726379334927 ], [ 3281901.644191887229681, 2325307.618018379434943 ], [ 3281895.38789726793766, 2325307.638398720882833 ], [ 3281894.935386224649847, 2325309.087614929303527 ], [ 3281893.866209732368588, 2325312.532338877674192 ], [ 3281892.303017509169877, 2325312.217626840341836 ], [ 3281891.53621482104063, 2325312.057679176796228 ], [ 3281883.424721281975508, 2325310.414121331647038 ], [ 3281866.339709092397243, 2325306.94315223256126 ], [ 3281853.414607226848602, 2325299.881755739916116 ], [ 3281835.845360664185137, 2325290.295373515691608 ], [ 3281838.248862175270915, 2325284.962809540797025 ], [ 3281842.63768524536863, 2325275.213204356376082 ], [ 3281846.264757980592549, 2325275.988308416679502 ], [ 3281848.629186495672911, 2325276.487377691082656 ], [ 3281851.929526623338461, 2325233.085856940597296 ], [ 3281841.897975795436651, 2325230.063712317962199 ], [ 3281837.331154434476048, 2325228.692163975443691 ], [ 3281842.254185193218291, 2325209.320281023625284 ], [ 3281822.964558375068009, 2325204.591610632371157 ], [ 3281820.699424749240279, 2325203.831600866280496 ], [ 3281828.029412052594125, 2325164.777702455874532 ], [ 3281830.775679210666567, 2325150.140540201682597 ], [ 3281827.661651894450188, 2325150.391801492776722 ], [ 3281805.518282508477569, 2325152.211107136681676 ], [ 3281803.465815225616097, 2325152.377872281242162 ], [ 3281795.937891812063754, 2325152.996497422922403 ], [ 3281788.396461402997375, 2325151.364699310623109 ], [ 3281784.514921607915312, 2325150.522551269736141 ], [ 3281782.853275103494525, 2325150.164202386513352 ], [ 3281790.771217929199338, 2325142.759467729367316 ], [ 3281699.917177143972367, 2325097.708832241594791 ], [ 3281695.895620645955205, 2325138.689632660709321 ], [ 3281682.617435519117862, 2325136.347915171645582 ], [ 3281535.572235327214003, 2325110.396468427032232 ], [ 3281529.172063488513231, 2325144.721092576161027 ], [ 3281571.830601777881384, 2325181.004534409381449 ], [ 3281580.56522685661912, 2325188.434718176722527 ], [ 3281682.924526327755302, 2325179.289978755638003 ], [ 3281685.514401760883629, 2325179.059502220246941 ], [ 3281772.666222377680242, 2325269.083910622633994 ], [ 3281780.274272509850562, 2325276.944876372814178 ], [ 3281824.967856359668076, 2325294.372621800750494 ], [ 3281824.357318337075412, 2325296.529420894104987 ], [ 3281824.306978677865118, 2325298.699703290127218 ], [ 3281824.627733461558819, 2325300.348326173145324 ], [ 3281829.175377087667584, 2325312.256560724694282 ], [ 3281831.028395803645253, 2325319.481829724274576 ], [ 3281831.26914077764377, 2325320.9516631802544 ], [ 3281831.622987487353384, 2325323.11202243482694 ], [ 3281831.574810657650232, 2325326.28655030252412 ], [ 3281830.374636791180819, 2325330.170283675193787 ], [ 3281829.273945020511746, 2325331.936011268757284 ], [ 3281828.775585892144591, 2325332.733659597113729 ], [ 3281826.277620412409306, 2325335.38348351418972 ], [ 3281827.74978770269081, 2325338.920819560531527 ], [ 3281832.164483564440161, 2325346.610601392574608 ], [ 3281838.213507974520326, 2325356.226266506128013 ], [ 3281845.46917362138629, 2325366.76708397641778 ], [ 3281852.519119132310152, 2325378.033987428061664 ], [ 3281854.128751526586711, 2325381.171775945462286 ], [ 3281854.827108828350902, 2325383.515326041728258 ], [ 3281863.336002233438194, 2325394.770181281492114 ], [ 3281878.809920801781118, 2325412.933152838144451 ], [ 3281880.936083384789526, 2325414.640951383858919 ], [ 3281888.480941520538181, 2325419.204839712940156 ], [ 3281895.008661563508213, 2325422.637865799944848 ], [ 3281895.898155450820923, 2325422.989420800935477 ], [ 3281898.501000496558845, 2325424.014993898104876 ], [ 3281900.00500165624544, 2325426.136221347842366 ], [ 3281900.255231489893049, 2325426.549030860885978 ], [ 3281900.438376669771969, 2325426.861968049313873 ], [ 3281900.583856264594942, 2325427.130765285808593 ], [ 3281900.919447286054492, 2325427.569211205933243 ], [ 3281901.36692253453657, 2325427.947465173900127 ], [ 3281902.936180512420833, 2325429.042488218750805 ], [ 3281903.514929056167603, 2325429.478926114272326 ], [ 3281903.991655651014298, 2325429.973828185815364 ], [ 3281904.410656642634422, 2325430.549877281766385 ], [ 3281904.809933101758361, 2325431.129381939768791 ], [ 3281905.051916449330747, 2325431.553783887065947 ], [ 3281905.730170917697251, 2325432.845493290573359 ], [ 3281905.97053852211684, 2325433.260030589066446 ], [ 3281906.198147816117853, 2325433.534734932240099 ], [ 3281907.011136445682496, 2325434.224420100450516 ], [ 3281907.566425767261535, 2325434.827331386506557 ], [ 3281907.838499152567238, 2325435.063802888151258 ], [ 3281908.268201127182692, 2325435.333545668050647 ], [ 3281909.765862756408751, 2325436.177271079272032 ], [ 3281911.528066815808415, 2325438.202525413129479 ], [ 3281912.81688197189942, 2325440.310713025741279 ], [ 3281914.643822665326297, 2325443.288659678772092 ], [ 3281915.036636204924434, 2325443.828705742023885 ], [ 3281841.449917264282703, 2325469.638512680772692 ], [ 3281850.931792406830937, 2325487.329083278775215 ], [ 3281851.910870281979442, 2325489.156659387983382 ], [ 3281843.147161226719618, 2325491.087753982283175 ], [ 3281839.426970139611512, 2325491.912014184053987 ], [ 3281829.137675690464675, 2325494.191564029082656 ], [ 3281811.357074761763215, 2325498.118414324242622 ], [ 3281780.310568722896278, 2325504.795574790798128 ], [ 3281760.97863221494481, 2325511.26732091140002 ], [ 3281765.790810337290168, 2325516.614377342164516 ], [ 3281792.698475253768265, 2325546.483817095868289 ], [ 3281819.85153739945963, 2325534.927796335890889 ], [ 3281829.783130310010165, 2325530.092791819944978 ], [ 3281853.624163545668125, 2325518.508174187969416 ], [ 3281858.060906064230949, 2325524.164553467184305 ], [ 3281862.996997229754925, 2325530.453939995728433 ], [ 3281859.060662153176963, 2325532.807783747091889 ], [ 3281856.141313168685883, 2325534.55725488672033 ], [ 3281855.678900006692857, 2325534.831073103006929 ], [ 3281856.737793510779738, 2325548.852390819229186 ], [ 3281879.756303978152573, 2325544.81972514744848 ], [ 3281900.595259209163487, 2325541.168909774161875 ], [ 3281945.348409721627831, 2325535.175437259953469 ], [ 3281973.670796084217727, 2325534.536554564721882 ], [ 3281989.073434891179204, 2325538.018128063064069 ], [ 3281991.526522126048803, 2325544.509119357448071 ], [ 3281993.555485900491476, 2325549.897277041804045 ], [ 3281994.126370687969029, 2325551.400604181457311 ], [ 3281994.540632601361722, 2325552.505165659822524 ], [ 3281993.971349850762635, 2325552.80785283446312 ], [ 3281984.311485065147281, 2325558.001131452620029 ], [ 3281985.411003224551678, 2325594.878154618665576 ], [ 3281981.602314913645387, 2325598.011299406643957 ], [ 3281978.929560021031648, 2325611.05257916636765 ], [ 3281982.765439852140844, 2325634.471283025108278 ], [ 3281989.349128276109695, 2325644.439795306418091 ], [ 3282017.130586524028331, 2325661.371679999865592 ], [ 3282043.85549744637683, 2325661.371679999865592 ], [ 3282043.275373072363436, 2325659.702153019607067 ], [ 3282042.527191779576242, 2325657.549987712409347 ], [ 3282041.854007013142109, 2325655.607933836057782 ], [ 3282046.150780549272895, 2325654.215874768327922 ], [ 3282052.208721832837909, 2325652.241288594901562 ], [ 3282058.276525793131441, 2325650.264975404366851 ], [ 3282069.511735229287297, 2325643.354739749804139 ], [ 3282047.06460430379957, 2325581.814118466805667 ], [ 3282047.628697339445353, 2325575.038093777839094 ], [ 3282047.897231350652874, 2325571.784369239583611 ], [ 3282031.677569669671357, 2325562.509500870015472 ], [ 3282028.229584496468306, 2325560.536030079238117 ], [ 3282020.618409016169608, 2325556.18670380814001 ], [ 3282015.050669917371124, 2325544.802187694236636 ], [ 3282004.734798363409936, 2325545.990411138162017 ], [ 3281995.824035067576915, 2325514.195922685787082 ], [ 3282002.244372670538723, 2325513.071146193891764 ], [ 3282003.556054588407278, 2325512.84135323530063 ], [ 3282006.633082902990282, 2325512.302290183957666 ], [ 3282008.403795091900975, 2325516.609292765613645 ], [ 3282012.800433681346476, 2325527.285676850005984 ], [ 3282028.879550657235086, 2325538.675595229491591 ], [ 3282046.856959023047239, 2325516.377404423896223 ], [ 3282027.409315912052989, 2325484.297848310321569 ], [ 3282021.206068329978734, 2325484.146567 ], [ 3282014.34426159504801, 2325479.726844992022961 ], [ 3282013.370076790917665, 2325479.10598959075287 ], [ 3282012.915802731178701, 2325478.810107911005616 ], [ 3282011.6397780389525, 2325473.249455029144883 ], [ 3282004.736538133118302, 2325443.305340465623885 ], [ 3282005.56925236992538, 2325432.656574517954141 ] ] ] ] } },
{ "type": "Feature", "properties": { "CODE_18": "243", "Uso": "Terrenos principalmente agrícolas, pero con importantes espacios de vegetación natural", "color": "#E6CC4D" }, "geometry": { "type": "Polygon", "coordinates": [ [ [ 3278281.341735766269267, 2321993.187157054431736 ], [ 3278247.930492307525128, 2321969.501726448070258 ], [ 3278247.769385830499232, 2321968.951537822373211 ], [ 3278228.988423326052725, 2321903.014881492592394 ], [ 3278115.174517465755343, 2321880.002921489067376 ], [ 3278026.575892368797213, 2321902.18482031673193 ], [ 3277937.975729279220104, 2321924.35700760781765 ], [ 3277929.000778823625296, 2321926.609597149305046 ], [ 3277887.021858051419258, 2321867.142922589089721 ], [ 3277864.966246301308274, 2321835.916971014812589 ], [ 3277796.530199743807316, 2321884.826597588136792 ], [ 3277845.454130502883345, 2321954.116979779209942 ], [ 3277825.26463539339602, 2321961.67335366178304 ], [ 3277764.523505818098783, 2321984.403229895047843 ], [ 3277734.194043450988829, 2321946.762659491039813 ], [ 3277710.89907956449315, 2321886.40666216891259 ], [ 3277661.256143553182483, 2321890.234956880100071 ], [ 3277605.511797461658716, 2321894.533772549591959 ], [ 3277601.160933205857873, 2321953.960296434350312 ], [ 3277566.25232, 2321951.779865668620914 ], [ 3277566.25232, 2322076.077006752137095 ], [ 3277574.27583830524236, 2322068.084634720347822 ], [ 3277599.614316821098328, 2322042.84145443001762 ], [ 3277630.553551079705358, 2322058.679254789836705 ], [ 3277643.100508947856724, 2322065.106139061972499 ], [ 3277658.205099512357265, 2322072.840392183046788 ], [ 3277747.265576427802444, 2322092.14195517776534 ], [ 3277746.72465062700212, 2322097.574458821676672 ], [ 3277742.304164919070899, 2322142.014846038073301 ], [ 3277737.204047159757465, 2322193.33275457797572 ], [ 3277797.945222192909569, 2322198.732261870987713 ], [ 3277806.530316513963044, 2322272.473428799305111 ], [ 3277911.290593773126602, 2322272.909312618896365 ], [ 3277931.127776081673801, 2322328.50319661013782 ], [ 3277990.67149575939402, 2322331.4844089448452 ], [ 3278088.634243594948202, 2322274.051887282170355 ], [ 3278119.003995757550001, 2322295.581056884024292 ], [ 3278102.898674401454628, 2322340.222042150329798 ], [ 3278093.158000190742314, 2322367.227240025997162 ], [ 3278135.923469378612936, 2322382.301935630384833 ], [ 3278136.412257137708366, 2322421.406865218188614 ], [ 3278144.736010920256376, 2322419.948277140501887 ], [ 3278193.35571047803387, 2322419.536620644386858 ], [ 3278225.158212677575648, 2322419.271111715584993 ], [ 3278260.833559629507363, 2322407.651566135231405 ], [ 3278306.864656672812998, 2322426.436466510407627 ], [ 3278325.901748789474368, 2322422.065550594590604 ], [ 3278356.015889345202595, 2322415.144768013153225 ], [ 3278367.908040696755052, 2322356.670033137314022 ], [ 3278384.747719782404602, 2322336.153564061969519 ], [ 3278419.373394158203155, 2322293.960372 ], [ 3278408.609406554605812, 2322260.938376020640135 ], [ 3278322.767313627526164, 2322179.323222783394158 ], [ 3278296.546279960311949, 2322206.98359940527007 ], [ 3278268.174793326295912, 2322179.999912459403276 ], [ 3278256.411631513386965, 2322168.818377518560737 ], [ 3278222.714384651742876, 2322126.967936501372606 ], [ 3278257.155734115280211, 2322091.392888262402266 ], [ 3278243.718566983938217, 2322068.439064556732774 ], [ 3278263.489150156732649, 2322022.760291885584593 ], [ 3278284.422727433033288, 2322021.730586695950478 ], [ 3278284.919687256217003, 2322003.26602740585804 ], [ 3278285.182417808100581, 2321993.346282411366701 ], [ 3278281.341735766269267, 2321993.187157054431736 ] ] ] } },
{ "type": "Feature", "properties": { "CODE_18": "311", "Uso": "Bosques de frondosas", "color": "#80FF00" }, "geometry": { "type": "MultiPolygon", "coordinates": [ [ [ [ 3282322.53740969998762, 2319250.930616352707148 ], [ 3282323.546569874510169, 2319241.66204243991524 ], [ 3282325.049911327194422, 2319237.08623023936525 ], [ 3282328.384697427973151, 2319226.963904217351228 ], [ 3282334.693277900107205, 2319214.555186826735735 ], [ 3282342.119611478410661, 2319207.673712194897234 ], [ 3282352.151808890979737, 2319201.898544611409307 ], [ 3282361.65573344938457, 2319196.428984007798135 ], [ 3282365.530273870099336, 2319194.0051444247365 ], [ 3282369.403200001921505, 2319191.571440849918872 ], [ 3282343.056905671022832, 2319141.745965332258493 ], [ 3282305.890897228848189, 2319104.165391067974269 ], [ 3282303.928738303948194, 2319026.163013904821128 ], [ 3282288.192425636574626, 2319027.833100053947419 ], [ 3282284.483087013941258, 2319028.229022124782205 ], [ 3282290.574805043637753, 2319014.123146022669971 ], [ 3282295.504015123471618, 2318986.654150824993849 ], [ 3282298.107472763862461, 2318957.806567951571196 ], [ 3282299.008687117137015, 2318947.816181818023324 ], [ 3282302.718583574984223, 2318906.760658066254109 ], [ 3282302.347770165652037, 2318859.864745545666665 ], [ 3282281.499840589240193, 2318866.194557508453727 ], [ 3282247.034042857121676, 2318884.224261798430234 ], [ 3282234.900184293743223, 2318885.527289118152112 ], [ 3282222.965198185294867, 2318886.805638667196035 ], [ 3282180.117962184362113, 2318858.895837309770286 ], [ 3282201.932346939574927, 2318790.905200938228518 ], [ 3282214.638059430755675, 2318795.265591382980347 ], [ 3282231.64742387086153, 2318796.53847244894132 ], [ 3282254.603101125918329, 2318798.251493244897574 ], [ 3282283.536296429112554, 2318800.409342613071203 ], [ 3282306.487621375359595, 2318795.091198810841888 ], [ 3282331.313818340189755, 2318786.847074547316879 ], [ 3282381.819376752711833, 2318765.653413353487849 ], [ 3282386.202291657682508, 2318762.430272975470871 ], [ 3282393.917671911418438, 2318756.756481755524874 ], [ 3282393.657976303715259, 2318756.223575414158404 ], [ 3282391.962425945792347, 2318752.806664641015232 ], [ 3282388.191373719833791, 2318746.688795043155551 ], [ 3282384.342921738512814, 2318741.771690329536796 ], [ 3282381.445013668388128, 2318738.819015640765429 ], [ 3282378.950635940767825, 2318736.658177512232214 ], [ 3282377.269185327924788, 2318735.187040502205491 ], [ 3282360.844127740710974, 2318722.731156446505338 ], [ 3282356.135146203450859, 2318718.817106228321791 ], [ 3282351.504860205575824, 2318714.39206719910726 ], [ 3282347.232659087050706, 2318709.427406434435397 ], [ 3282343.318159556481987, 2318703.486865875776857 ], [ 3282343.081243230029941, 2318703.031147317029536 ], [ 3282337.793762725777924, 2318692.917058843653649 ], [ 3282334.836729378439486, 2318687.681496017612517 ], [ 3282332.708447625860572, 2318683.914189186878502 ], [ 3282329.209918397944421, 2318676.733888109680265 ], [ 3282337.161469253245741, 2318674.052718868944794 ], [ 3282340.573990344535559, 2318672.897022997960448 ], [ 3282344.440875857137144, 2318670.860138082876801 ], [ 3282347.948351304978132, 2318668.115014830604196 ], [ 3282349.865938709117472, 2318665.759933090768754 ], [ 3282351.078594960272312, 2318663.436976037919521 ], [ 3282351.897792082745582, 2318660.817626781761646 ], [ 3282353.525112815201283, 2318653.155712910927832 ], [ 3282354.902323444373906, 2318649.606582710519433 ], [ 3282357.033666244708002, 2318647.193774742074311 ], [ 3282358.817376499064267, 2318646.252290240954608 ], [ 3282362.276367528364062, 2318645.504489649552852 ], [ 3282363.998085539788008, 2318645.547982130199671 ], [ 3282365.341961384750903, 2318645.576465937308967 ], [ 3282370.111751887947321, 2318646.638682722114027 ], [ 3282391.524731101002544, 2318655.166809108108282 ], [ 3282400.43420707155019, 2318658.152474931441247 ], [ 3282406.666435843799263, 2318659.719623177777976 ], [ 3282412.104377478826791, 2318660.401011683046818 ], [ 3282418.391582149080932, 2318660.568382636643946 ], [ 3282421.516881871502846, 2318660.447258233558387 ], [ 3282430.431016692426056, 2318660.114014634862542 ], [ 3282444.224926655180752, 2318658.6015221523121 ], [ 3282459.073989961761981, 2318656.965138214174658 ], [ 3282471.507560173049569, 2318656.005433843005449 ], [ 3282479.772538361605257, 2318655.735142305027694 ], [ 3282482.804512104485184, 2318650.952559885103256 ], [ 3282495.574526497162879, 2318630.786404984537512 ], [ 3282502.819290534593165, 2318616.844015851616859 ], [ 3282500.496165979653597, 2318614.551714282948524 ], [ 3282493.467700954992324, 2318605.950007768813521 ], [ 3282485.886090951040387, 2318595.456340562086552 ], [ 3282475.231922303326428, 2318578.77322357846424 ], [ 3282462.612402477767318, 2318563.347513714339584 ], [ 3282460.486331616993994, 2318560.523498777300119 ], [ 3282458.825108590070158, 2318558.308081671595573 ], [ 3282457.384626312181354, 2318555.891655668616295 ], [ 3282456.349638400133699, 2318554.155103784520179 ], [ 3282455.390823245979846, 2318551.644182070158422 ], [ 3282455.327740323729813, 2318549.027136738877743 ], [ 3282456.125488637015224, 2318547.578463910147548 ], [ 3282457.492819160223007, 2318546.882401168346405 ], [ 3282458.205265859141946, 2318546.524256120901555 ], [ 3282459.585541777778417, 2318546.465192139614373 ], [ 3282460.732513437978923, 2318546.406395681202412 ], [ 3282464.593276749830693, 2318547.059572999365628 ], [ 3282411.020204497966915, 2318508.536864141467959 ], [ 3282402.242856460157782, 2318528.612649824935943 ], [ 3282320.757658002898097, 2318558.701626686844975 ], [ 3282306.789062569849193, 2318576.317715441808105 ], [ 3282297.675056459382176, 2318574.747879913076758 ], [ 3282276.588013909757137, 2318571.1246228790842 ], [ 3282253.149651953019202, 2318554.498685914557427 ], [ 3282243.187314074952155, 2318547.4356359988451 ], [ 3282220.69101267401129, 2318508.422604782506824 ], [ 3282188.613863636739552, 2318476.455211637541652 ], [ 3282148.236126156523824, 2318459.355903921183199 ], [ 3282123.550201845355332, 2318452.588211815804243 ], [ 3282100.456723374780267, 2318446.251949285157025 ], [ 3282085.116551115177572, 2318442.160121685825288 ], [ 3282063.974545686040074, 2318436.527271410450339 ], [ 3282045.383152581751347, 2318435.196592866443098 ], [ 3282020.507059178780764, 2318433.403875299263746 ], [ 3281990.758683764375746, 2318431.906338372267783 ], [ 3281960.969247254077345, 2318430.405859576538205 ], [ 3281945.332960695493966, 2318421.901195012032986 ], [ 3281916.475091770291328, 2318406.194002353586257 ], [ 3281913.731340598315001, 2318411.869823762681335 ], [ 3281910.473518768325448, 2318418.619942598044872 ], [ 3281760.073560661636293, 2318483.50816856417805 ], [ 3281756.84081559907645, 2318476.463978908956051 ], [ 3281708.125409328844398, 2318501.90066048828885 ], [ 3281668.06675225449726, 2318522.827924613840878 ], [ 3281542.687589105218649, 2318585.060051866807044 ], [ 3281529.071688187308609, 2318590.387350750621408 ], [ 3281421.595278616063297, 2318632.447398839518428 ], [ 3281293.962398670148104, 2318684.99890125496313 ], [ 3281249.689395039808005, 2318698.648436080664396 ], [ 3281249.211523172911257, 2318699.138018530793488 ], [ 3281177.275037958286703, 2318723.345525093842298 ], [ 3281150.824700374156237, 2318731.39773090928793 ], [ 3281137.072507414035499, 2318735.582101553678513 ], [ 3281087.351049654651433, 2318753.382429849822074 ], [ 3281001.694452185649425, 2318803.788438281510025 ], [ 3280981.045710186008364, 2318817.471042712219059 ], [ 3280976.235494896769524, 2318820.190774760209024 ], [ 3280965.221223783679307, 2318826.412171405274421 ], [ 3280956.366899669636041, 2318832.255260634701699 ], [ 3280942.478787831030786, 2318841.435638667084277 ], [ 3280922.219375712797046, 2318852.290046055801213 ], [ 3280891.940550769213587, 2318868.501624383032322 ], [ 3280887.519095893483609, 2318870.86915502557531 ], [ 3280850.902668970171362, 2318885.613401154056191 ], [ 3280868.45383962104097, 2318968.110889134928584 ], [ 3280858.54479518532753, 2319053.419117051176727 ], [ 3280859.869249964132905, 2319097.956772191915661 ], [ 3280880.01732606254518, 2319148.157457824796438 ], [ 3280949.548610089346766, 2319171.798699236474931 ], [ 3281011.370330153033137, 2319184.847032740712166 ], [ 3281095.288817498832941, 2319241.778090159408748 ], [ 3281196.507559909950942, 2319230.665788683108985 ], [ 3281194.980445203371346, 2319223.505486025474966 ], [ 3281182.87932054977864, 2319197.425814812537283 ], [ 3281166.235562389716506, 2319161.568366474471986 ], [ 3281166.434030027594417, 2319095.343262099660933 ], [ 3281166.563011205755174, 2319049.89157086238265 ], [ 3281166.133816081099212, 2319048.880990562960505 ], [ 3281165.61817112704739, 2319047.652165641542524 ], [ 3281178.389191564172506, 2318953.857076871674508 ], [ 3281185.662392073776573, 2318934.511036361102015 ], [ 3281197.553300865460187, 2318902.839160812553018 ], [ 3281216.296701306477189, 2318886.131617253646255 ], [ 3281245.232030950952321, 2318874.356481843627989 ], [ 3281277.090736095793545, 2318868.106938893906772 ], [ 3281288.837308179587126, 2318866.049614537041634 ], [ 3281299.272131365723908, 2318864.222035504877567 ], [ 3281306.159764711745083, 2318865.826492378488183 ], [ 3281322.297679858282208, 2318869.585592487826943 ], [ 3281337.593788951635361, 2318875.267889497801661 ], [ 3281361.596538273617625, 2318884.1843281975016 ], [ 3281377.751428234856576, 2318895.175411745440215 ], [ 3281381.986924574710429, 2318898.056148493196815 ], [ 3281399.968458223156631, 2318917.72787095233798 ], [ 3281418.066422803793103, 2318938.048919544555247 ], [ 3281423.74496000725776, 2318946.460820206440985 ], [ 3281427.800622401759028, 2318952.457800448872149 ], [ 3281437.88974379748106, 2318956.576155188027769 ], [ 3281450.816229504533112, 2318961.851565829478204 ], [ 3281460.940927189774811, 2318961.600402099080384 ], [ 3281464.184381186030805, 2318961.519408205524087 ], [ 3281479.089071065653116, 2318954.2108552493155 ], [ 3281496.74535593483597, 2318939.043393841478974 ], [ 3281498.335646293591708, 2318936.796318260021508 ], [ 3281500.282224553637207, 2318934.060661233961582 ], [ 3281502.179117079824209, 2318936.600093455985188 ], [ 3281510.418977998197079, 2318950.743042716756463 ], [ 3281517.876611298881471, 2318980.933775637298822 ], [ 3281523.04029169306159, 2318999.836717234924436 ], [ 3281523.927235237788409, 2319015.916876461356878 ], [ 3281529.066384077072144, 2319016.508445323444903 ], [ 3281573.029086203314364, 2319021.604461859446019 ], [ 3281600.586813430301845, 2319027.818180513568223 ], [ 3281612.505865970160812, 2319033.199026230722666 ], [ 3281616.711605872958899, 2319036.145868347026408 ], [ 3281617.687183150090277, 2319036.837518176063895 ], [ 3281634.418103095144033, 2319037.215282722376287 ], [ 3281648.92789420299232, 2319037.535578680690378 ], [ 3281677.088615189306438, 2319039.747204179875553 ], [ 3281705.098142762668431, 2319044.258289001882076 ], [ 3281737.812774975784123, 2319053.465415111742914 ], [ 3281754.215763628017157, 2319059.897622978314757 ], [ 3281771.593593175057322, 2319066.707052320707589 ], [ 3281776.194511473644525, 2319068.783065730705857 ], [ 3281807.289988838136196, 2319082.850166742689908 ], [ 3281837.011313065886497, 2319097.137646513991058 ], [ 3281873.010827293619514, 2319111.289593057706952 ], [ 3281904.915833698119968, 2319123.236256774514914 ], [ 3281933.220572436228395, 2319143.931192237418145 ], [ 3281965.777638901025057, 2319166.803798060398549 ], [ 3281985.127526776865125, 2319181.446515304036438 ], [ 3281989.122752419207245, 2319184.470831347629428 ], [ 3282012.725202783942223, 2319199.495127951726317 ], [ 3282030.901341411750764, 2319205.23126153415069 ], [ 3282051.467509252950549, 2319210.569124083034694 ], [ 3282066.249711617361754, 2319221.293373268097639 ], [ 3282071.245212364010513, 2319234.705710736103356 ], [ 3282073.171141786966473, 2319255.149813819210976 ], [ 3282093.154515489935875, 2319258.042811095248908 ], [ 3282087.222606943920255, 2319268.599715378135443 ], [ 3282088.283779585268348, 2319272.665533253457397 ], [ 3282089.497777010314167, 2319277.29312245734036 ], [ 3282092.782903864979744, 2319283.29315729951486 ], [ 3282095.34238638728857, 2319287.95908345002681 ], [ 3282096.544946356676519, 2319293.13662312598899 ], [ 3282098.66593350796029, 2319302.313656232319772 ], [ 3282104.777526895515621, 2319325.271818889304996 ], [ 3282092.002032914664596, 2319325.753753433004022 ], [ 3282091.149513678625226, 2319325.689966172445565 ], [ 3282084.123252318240702, 2319324.292371889576316 ], [ 3282077.127201440278441, 2319321.529766515363008 ], [ 3282073.697106617502868, 2319319.664723738096654 ], [ 3282066.323487509973347, 2319315.649111303966492 ], [ 3282060.990534441079944, 2319313.31569437449798 ], [ 3282055.814199964515865, 2319311.939124490134418 ], [ 3282051.549989832099527, 2319311.610325881745666 ], [ 3282048.229067891836166, 2319311.775893289595842 ], [ 3282045.360784266144037, 2319312.227487391326576 ], [ 3282043.984486779663712, 2319312.620729603338987 ], [ 3282042.79235316067934, 2319312.961424397304654 ], [ 3282023.074453047476709, 2319321.173702179919928 ], [ 3282017.803656908217818, 2319322.939009014051408 ], [ 3282008.183895201887935, 2319325.283316355198622 ], [ 3281975.997897307854146, 2319331.64062046026811 ], [ 3281970.708078148774803, 2319333.165731954853982 ], [ 3281966.543706686701626, 2319334.686536028049886 ], [ 3281964.706563588231802, 2319335.363434127997607 ], [ 3281950.865032836794853, 2319341.481137472670525 ], [ 3281945.908060371410102, 2319343.242227336391807 ], [ 3281943.540466941893101, 2319343.839524526149035 ], [ 3281940.599042423535138, 2319344.588055561762303 ], [ 3281939.639123016502708, 2319344.73587652342394 ], [ 3281938.054618909023702, 2319344.972789706662297 ], [ 3281935.736474731937051, 2319344.94244874920696 ], [ 3281933.561253470834345, 2319344.917518634349108 ], [ 3281929.056156084872782, 2319343.798848173115402 ], [ 3281926.271152232307941, 2319342.713786338455975 ], [ 3281925.447482444345951, 2319342.33038621256128 ], [ 3281924.084024041425437, 2319341.686370544601232 ], [ 3281920.415394246112555, 2319339.35575131746009 ], [ 3281911.400698137003928, 2319331.822369826957583 ], [ 3281907.313290187157691, 2319336.292677873745561 ], [ 3281903.568725914228708, 2319340.378232599236071 ], [ 3281898.252125459257513, 2319353.516424676869065 ], [ 3281890.953082365449518, 2319371.588346533942968 ], [ 3281887.488945230841637, 2319377.573052777908742 ], [ 3281879.026736753061414, 2319392.195705674123019 ], [ 3281871.927094173152, 2319412.353482151869684 ], [ 3281866.932841272093356, 2319426.531133590266109 ], [ 3281864.685719477944076, 2319441.252530656289309 ], [ 3281861.486121397931129, 2319462.117445135954767 ], [ 3281861.276973149273545, 2319490.343000780791044 ], [ 3281857.655925130471587, 2319522.392927816603333 ], [ 3281858.799468081444502, 2319526.961836876813322 ], [ 3281859.983727651182562, 2319531.65552871208638 ], [ 3281876.692447459325194, 2319537.476090689189732 ], [ 3281883.041091001592577, 2319539.69248728826642 ], [ 3281894.224344500340521, 2319549.007424428127706 ], [ 3281896.950498843565583, 2319559.154096877202392 ], [ 3281898.356627656146884, 2319564.397469478659332 ], [ 3281903.416066821664572, 2319575.596694709733129 ], [ 3281940.162598486058414, 2319583.651216205209494 ], [ 3281984.860390299931169, 2319595.96519386395812 ], [ 3282035.553743947297335, 2319610.445824781432748 ], [ 3282077.124151066411287, 2319618.467360333539546 ], [ 3282085.818944323807955, 2319609.232730727642775 ], [ 3282110.748040752019733, 2319582.776351297274232 ], [ 3282160.064202448818833, 2319529.836833201814443 ], [ 3282192.980815206188709, 2319465.279327091760933 ], [ 3282203.614565668161958, 2319441.67163320351392 ], [ 3282209.487487529870123, 2319424.184391983784735 ], [ 3282212.818295993376523, 2319414.285963782574981 ], [ 3282200.96299100574106, 2319410.720364043023437 ], [ 3282193.290538650937378, 2319403.205566907301545 ], [ 3282186.672818637918681, 2319392.279254394117743 ], [ 3282184.678133375011384, 2319386.601166711188853 ], [ 3282182.147334773093462, 2319379.383275002706796 ], [ 3282182.00088401325047, 2319372.600173187442124 ], [ 3282181.911803674418479, 2319368.151020101737231 ], [ 3282188.599007252603769, 2319354.894611197523773 ], [ 3282190.164235047064722, 2319353.362243719398975 ], [ 3282190.818369987886399, 2319352.709885075222701 ], [ 3282217.102119624614716, 2319359.755753793753684 ], [ 3282241.9991101520136, 2319371.407774388324469 ], [ 3282245.195533584803343, 2319370.543571344111115 ], [ 3282249.217378416564316, 2319369.453635639511049 ], [ 3282261.177712080534548, 2319369.631994927302003 ], [ 3282262.55373914539814, 2319370.476758700795472 ], [ 3282267.447754046879709, 2319373.475595361553133 ], [ 3282281.677160992752761, 2319382.186079095117748 ], [ 3282299.152224333025515, 2319332.316855632700026 ], [ 3282301.741066908929497, 2319305.054695751518011 ], [ 3282308.932158757932484, 2319293.698919742368162 ], [ 3282316.730301535688341, 2319277.498116946779191 ], [ 3282317.044221060816199, 2319276.316807497292757 ], [ 3282321.633087114430964, 2319259.166116550564766 ], [ 3282322.53740969998762, 2319250.930616352707148 ] ] ], [ [ [ 3279481.512292540632188, 2320409.037494660355151 ], [ 3279481.567775101866573, 2320408.013028170913458 ], [ 3279480.398109654895961, 2320405.082374426536262 ], [ 3279479.691578951664269, 2320401.634243449661881 ], [ 3279426.448740956839174, 2320329.376223548781127 ], [ 3279405.566877552308142, 2320317.275503962300718 ], [ 3279355.275533148553222, 2320288.144692738540471 ], [ 3279342.485629113391042, 2320269.512030994519591 ], [ 3279305.92718987679109, 2320216.249651851132512 ], [ 3279294.706351101398468, 2320209.742310565430671 ], [ 3279252.542406234890223, 2320185.326919114217162 ], [ 3279227.439525816589594, 2320146.760377939790487 ], [ 3279278.100910247303545, 2320113.328106742352247 ], [ 3279374.428529489785433, 2320008.636554555036128 ], [ 3279389.01037112576887, 2319992.788854918908328 ], [ 3279401.362404156941921, 2319979.371432065963745 ], [ 3279413.363632727880031, 2319978.375044470187277 ], [ 3279430.488777063786983, 2319976.947800531052053 ], [ 3279459.834148555528373, 2319935.702352618798614 ], [ 3279485.04907000483945, 2319900.274548642337322 ], [ 3279572.80466499645263, 2319877.392098070587963 ], [ 3279575.645782433915883, 2319876.650844964198768 ], [ 3279570.03080881619826, 2319864.909638701938093 ], [ 3279560.371657736599445, 2319848.295828303787857 ], [ 3279551.593648585490882, 2319834.95748282968998 ], [ 3279544.923472174443305, 2319826.252554738428444 ], [ 3279540.661275721155107, 2319821.783450766466558 ], [ 3279536.185905234888196, 2319817.747440423816442 ], [ 3279524.40161801641807, 2319808.913531282916665 ], [ 3279519.761049245484173, 2319806.347393818199635 ], [ 3279514.840004875790328, 2319803.617295639589429 ], [ 3279508.344317602925003, 2319798.829144803807139 ], [ 3279504.143467488698661, 2319796.470104202162474 ], [ 3279503.017466624267399, 2319796.099105996079743 ], [ 3279500.904982195235789, 2319795.403700365219265 ], [ 3279492.697041867300868, 2319793.604572907555848 ], [ 3279483.358153228182346, 2319790.288657777942717 ], [ 3279480.076293573714793, 2319789.45309635810554 ], [ 3279476.863350060302764, 2319789.224454172421247 ], [ 3279472.778176103252918, 2319788.935517298057675 ], [ 3279467.701726090628654, 2319788.850678682327271 ], [ 3279463.916579484939575, 2319788.783162507694215 ], [ 3279457.012722010724247, 2319789.434501559473574 ], [ 3279453.156279882416129, 2319790.170974167529494 ], [ 3279412.859785284847021, 2319799.411999824456871 ], [ 3279401.609469544142485, 2319801.52495331922546 ], [ 3279395.762004809454083, 2319802.18403696641326 ], [ 3279394.874546782113612, 2319802.278622240759432 ], [ 3279392.721970564685762, 2319802.391889572143555 ], [ 3279382.384621770586818, 2319802.954712220467627 ], [ 3279370.402481281198561, 2319803.014182381331921 ], [ 3279336.925318223424256, 2319799.188133671414107 ], [ 3279326.878900969401002, 2319798.553339866455644 ], [ 3279314.250227366574109, 2319797.76207979163155 ], [ 3279304.846788065508008, 2319796.344918141141534 ], [ 3279279.086208881810308, 2319790.324817058164626 ], [ 3279273.874067097902298, 2319788.853274260647595 ], [ 3279269.238225654698908, 2319786.935758591163903 ], [ 3279263.033610844984651, 2319784.359509781934321 ], [ 3279254.248718968592584, 2319779.779617264866829 ], [ 3279247.231033730786294, 2319778.867923898156732 ], [ 3279242.533517745323479, 2319778.990700026974082 ], [ 3279241.34158852044493, 2319779.270543846767396 ], [ 3279239.884984867181629, 2319779.606902944855392 ], [ 3279237.880974355153739, 2319780.627712167799473 ], [ 3279235.48994564730674, 2319783.126815166324377 ], [ 3279233.190077788196504, 2319788.22798493411392 ], [ 3279227.155537946149707, 2319805.531203362625092 ], [ 3279226.05649101221934, 2319809.539178303908557 ], [ 3279225.840940310619771, 2319811.383183286525309 ], [ 3279225.692586519755423, 2319812.708044534083456 ], [ 3279225.862875381018966, 2319815.793473651632667 ], [ 3279227.651484175119549, 2319825.789921489544213 ], [ 3279227.49175904225558, 2319828.222845300100744 ], [ 3279227.459341649431735, 2319828.644569244235754 ], [ 3279226.763982289470732, 2319831.090150794479996 ], [ 3279224.952418337576091, 2319834.340125136543065 ], [ 3279222.159737370442599, 2319837.11254477314651 ], [ 3279221.178726001642644, 2319837.751189183909446 ], [ 3279218.688275496475399, 2319839.395033610984683 ], [ 3279211.684282679576427, 2319842.905230225995183 ], [ 3279209.035164060071111, 2319844.881295387167484 ], [ 3279208.068739586509764, 2319846.166820655576885 ], [ 3279206.776942907832563, 2319850.360777541063726 ], [ 3279206.56466281041503, 2319854.517826340161264 ], [ 3279206.194674925878644, 2319861.553934152238071 ], [ 3279205.826396794989705, 2319863.952363437507302 ], [ 3279205.617080876138061, 2319865.338642722927034 ], [ 3279205.473293053451926, 2319865.637813687790185 ], [ 3279205.264964866451919, 2319866.100503035821021 ], [ 3279207.843949390109628, 2319871.442879439331591 ], [ 3279208.838666175026447, 2319873.490904583130032 ], [ 3279209.908640145324171, 2319876.804322814568877 ], [ 3279210.748772798106074, 2319880.634936578106135 ], [ 3279210.977440312039107, 2319882.83746056817472 ], [ 3279211.543717743363231, 2319888.217872202396393 ], [ 3279212.240777282044291, 2319905.366698911879212 ], [ 3279213.026544977910817, 2319914.442917715292424 ], [ 3279214.579122887458652, 2319921.943862828891724 ], [ 3279215.088213853538036, 2319923.752247067168355 ], [ 3279216.454402585979551, 2319928.627215942367911 ], [ 3279218.332577240653336, 2319933.716913476586342 ], [ 3279220.793856758158654, 2319938.27826441405341 ], [ 3279223.100977556314319, 2319941.588044566567987 ], [ 3279229.913516975939274, 2319949.923006513621658 ], [ 3279232.88782364083454, 2319954.333596056792885 ], [ 3279234.284306697081774, 2319957.22450671903789 ], [ 3279235.662853044457734, 2319960.067822526209056 ], [ 3279236.385745778214186, 2319962.376565783284605 ], [ 3279236.866117256693542, 2319963.885558409616351 ], [ 3279237.740266065113246, 2319970.774743298999965 ], [ 3279238.634800753556192, 2319993.591848353855312 ], [ 3279241.444950303062797, 2320011.811431989073753 ], [ 3279241.528741199523211, 2320014.120518423616886 ], [ 3279241.539351926185191, 2320014.433230447582901 ], [ 3279241.22027497086674, 2320017.442037300672382 ], [ 3279240.425378055311739, 2320019.651375193148851 ], [ 3279238.965137876570225, 2320021.266953386832029 ], [ 3279237.84692058339715, 2320021.625213472638279 ], [ 3279236.383340912871063, 2320022.1048624496907 ], [ 3279235.230289821512997, 2320022.002442438155413 ], [ 3279234.160983704030514, 2320021.915793484076858 ], [ 3279228.545864846091717, 2320020.027780417352915 ], [ 3279218.692177527584136, 2320015.17850573733449 ], [ 3279213.403389691375196, 2320012.92890004394576 ], [ 3279205.922352676279843, 2320010.302297804504633 ], [ 3279204.669754752889276, 2320009.963631690945476 ], [ 3279201.100790889933705, 2320008.985584337264299 ], [ 3279197.413950394373387, 2320005.55220988439396 ], [ 3279192.613856029696763, 2320001.887674673460424 ], [ 3279190.243633605539799, 2319998.81219304073602 ], [ 3279182.964948125649244, 2319991.472167428582907 ], [ 3279173.681822765618563, 2319980.688155790325254 ], [ 3279173.402451209258288, 2319978.981590182520449 ], [ 3279172.373417107854038, 2319976.290139239281416 ], [ 3279169.481649640016258, 2319970.586511479690671 ], [ 3279165.733109416440129, 2319965.164899776689708 ], [ 3279156.49457543855533, 2319953.723641249351203 ], [ 3279154.537715224549174, 2319950.880166719201952 ], [ 3279151.018377929925919, 2319945.743119765538722 ], [ 3279147.547031401656568, 2319939.907638838514686 ], [ 3279138.776571957394481, 2319923.330950152594596 ], [ 3279130.278637610375881, 2319906.249883783049881 ], [ 3279124.494984310586005, 2319897.196861394681036 ], [ 3279117.777847184799612, 2319888.824897606857121 ], [ 3279093.515894719399512, 2319864.25663486123085 ], [ 3279091.702065805904567, 2319862.534765590913594 ], [ 3279065.133447803556919, 2319837.386316236574203 ], [ 3279057.960839183069766, 2319830.880102351307869 ], [ 3279043.610538910143077, 2319819.076112885028124 ], [ 3279030.510822663083673, 2319807.164654878433794 ], [ 3279018.435305047314614, 2319796.179838604759425 ], [ 3279007.3974923864007, 2319784.840719185303897 ], [ 3278994.726557817775756, 2319771.210260470863432 ], [ 3278967.337784079834819, 2319744.460162896662951 ], [ 3278949.086995508056134, 2319728.103442999068648 ], [ 3278939.226729763671756, 2319719.805216350127012 ], [ 3278929.260165109764785, 2319711.911216513253748 ], [ 3278917.655357178300619, 2319700.64099896652624 ], [ 3278915.857159993611276, 2319699.200522965751588 ], [ 3278913.035219681449234, 2319697.827778107021004 ], [ 3278911.317816053517163, 2319697.438629548531026 ], [ 3278909.304935500957072, 2319697.537586848717183 ], [ 3278908.457850220613182, 2319697.878792132250965 ], [ 3278907.145489046815783, 2319698.910357547923923 ], [ 3278906.564918605145067, 2319699.702096100896597 ], [ 3278906.333982293959707, 2319700.026683162897825 ], [ 3278905.377750585786998, 2319702.923872039653361 ], [ 3278903.48829937633127, 2319715.056373656727374 ], [ 3278899.467475946526974, 2319737.161768234334886 ], [ 3278897.700578908901662, 2319744.341142403427511 ], [ 3278894.687705197371542, 2319752.895614709705114 ], [ 3278890.681188887450844, 2319755.566139217466116 ], [ 3278885.907529987860471, 2319758.198556608054787 ], [ 3278872.134201000910252, 2319764.173325675074011 ], [ 3278865.891545468941331, 2319766.88045189389959 ], [ 3278850.341561816632748, 2319775.388782461639494 ], [ 3278847.06961443182081, 2319776.844841004349291 ], [ 3278835.180451524443924, 2319781.190651372540742 ], [ 3278834.165704533457756, 2319781.561232282780111 ], [ 3278830.224026252515614, 2319783.388312578201294 ], [ 3278822.14231248293072, 2319788.6196398017928 ], [ 3278820.96139754075557, 2319789.648475595284253 ], [ 3278818.415062355808914, 2319791.88053636951372 ], [ 3278816.135936799924821, 2319794.319469865877181 ], [ 3278807.446970828808844, 2319782.020899462047964 ], [ 3278805.053803541697562, 2319778.92915131431073 ], [ 3278801.683390936348587, 2319774.577820762991905 ], [ 3278801.494454435072839, 2319773.423668732400984 ], [ 3278798.387181695085019, 2319773.592594844754785 ], [ 3278792.11478258529678, 2319774.630610751919448 ], [ 3278790.922510225325823, 2319775.032294242177159 ], [ 3278789.38487567845732, 2319775.555368732195348 ], [ 3278784.755009964108467, 2319777.888623953796923 ], [ 3278780.782651081681252, 2319779.528281399048865 ], [ 3278765.647920282091945, 2319783.570038869045675 ], [ 3278760.751713975798339, 2319785.391848277300596 ], [ 3278751.221427807118744, 2319790.450780162587762 ], [ 3278749.04335748590529, 2319792.019625612534583 ], [ 3278744.481372010428458, 2319795.325297519564629 ], [ 3278744.043832328170538, 2319797.238644958473742 ], [ 3278743.699649418704212, 2319802.139287125319242 ], [ 3278743.754019785206765, 2319813.626843608450145 ], [ 3278741.403984737582505, 2319830.010681947693229 ], [ 3278741.372241009026766, 2319833.659185461234301 ], [ 3278741.345862281508744, 2319837.154537078458816 ], [ 3278742.23420671839267, 2319842.519125663209707 ], [ 3278742.631461575627327, 2319844.945805571507663 ], [ 3278747.463005292229354, 2319864.11014553764835 ], [ 3278750.100768490228802, 2319879.9753003786318 ], [ 3278750.999409773852676, 2319891.538193811662495 ], [ 3278750.258014587685466, 2319910.74534045625478 ], [ 3278750.529927179217339, 2319916.806483279913664 ], [ 3278751.119465383701026, 2319921.523249174933881 ], [ 3278752.154432253912091, 2319926.172124312259257 ], [ 3278753.773880091495812, 2319931.540545236784965 ], [ 3278754.325252160429955, 2319932.925477638375014 ], [ 3278754.769002947956324, 2319934.024840756319463 ], [ 3278757.18524330528453, 2319938.249064684379846 ], [ 3278760.886667879298329, 2319942.329306345432997 ], [ 3278769.378837463445961, 2319949.893043860327452 ], [ 3278773.235581872984767, 2319954.240351136773825 ], [ 3278777.490285888314247, 2319959.035458215512335 ], [ 3278784.431047496385872, 2319965.612713561393321 ], [ 3278796.840638182125986, 2319978.142274724785239 ], [ 3278797.611238732933998, 2319978.697295635938644 ], [ 3278800.264132607262582, 2319980.586729158647358 ], [ 3278804.2147830366157, 2319982.532927888445556 ], [ 3278810.12616917071864, 2319984.805343702435493 ], [ 3278816.156023190822452, 2319986.43800843320787 ], [ 3278822.530663336627185, 2319987.573926361277699 ], [ 3278827.242175857536495, 2319987.72263853577897 ], [ 3278829.241439810022712, 2319987.788418977987021 ], [ 3278833.667576682753861, 2319987.185478035826236 ], [ 3278835.978060759603977, 2319986.425525467842817 ], [ 3278836.334775940980762, 2319988.666507272981107 ], [ 3278836.481730023398995, 2319989.564181755296886 ], [ 3278837.194832277484238, 2319988.962316636927426 ], [ 3278837.550575970672071, 2319988.656451817601919 ], [ 3278840.423922918271273, 2319985.819129281677306 ], [ 3278850.124809056986123, 2319976.224824937060475 ], [ 3278852.419269430451095, 2319973.0119917136617 ], [ 3278854.932673967909068, 2319967.913960108533502 ], [ 3278856.863497166894376, 2319963.161534787155688 ], [ 3278858.15966101642698, 2319958.00277896784246 ], [ 3278858.191011292859912, 2319950.44756671320647 ], [ 3278859.119892119430006, 2319946.763657015282661 ], [ 3278860.315282093826681, 2319945.265499819070101 ], [ 3278861.93625746993348, 2319944.321924834977835 ], [ 3278864.882269558031112, 2319943.663729188032448 ], [ 3278867.646888429764658, 2319943.818668436724693 ], [ 3278868.752413017675281, 2319943.878671266138554 ], [ 3278870.077276409137994, 2319944.224965811241418 ], [ 3278872.749958010856062, 2319944.933828324545175 ], [ 3278874.343472864478827, 2319945.557775265537202 ], [ 3278877.05456480383873, 2319946.62521752063185 ], [ 3278886.23055102257058, 2319951.177134022582322 ], [ 3278904.222794968634844, 2319961.987883061170578 ], [ 3278917.452613009139895, 2319969.178253189194947 ], [ 3278920.146399105899036, 2319971.131558582186699 ], [ 3278921.930240848567337, 2319972.422337361145765 ], [ 3278935.399740552064031, 2319984.299439708702266 ], [ 3278946.810566450469196, 2319997.359159287065268 ], [ 3278964.984587918967009, 2320014.733928774483502 ], [ 3278971.247032123152167, 2320021.815639079082757 ], [ 3278977.825938136316836, 2320030.272700545378029 ], [ 3278980.750765826553106, 2320034.752840276341885 ], [ 3278981.604648069478571, 2320036.064479992724955 ], [ 3278983.410227600485086, 2320039.53315773466602 ], [ 3278986.075283159967512, 2320044.657509320881218 ], [ 3278994.566742199007422, 2320062.87623630464077 ], [ 3278999.437246159650385, 2320071.246999699156731 ], [ 3279004.911962966900319, 2320078.598635792266577 ], [ 3279009.081779648549855, 2320082.62726891413331 ], [ 3279010.747792794369161, 2320083.756037758663297 ], [ 3279012.23178221937269, 2320084.764484199229628 ], [ 3279012.737013538833708, 2320087.354902948718518 ], [ 3279014.27780997287482, 2320089.763895825948566 ], [ 3279015.50456430669874, 2320091.679943832568824 ], [ 3279016.05709096044302, 2320093.815587949939072 ], [ 3279016.268412291072309, 2320094.610658284276724 ], [ 3279016.126644019968808, 2320095.355965983588248 ], [ 3279015.833071822300553, 2320096.909224440809339 ], [ 3279012.364561290480196, 2320105.097053723409772 ], [ 3278998.919569620862603, 2320112.333489953074604 ], [ 3278995.043539074249566, 2320114.189660679548979 ], [ 3278994.25222998065874, 2320114.561686548870057 ], [ 3278988.782566968351603, 2320116.412926042918116 ], [ 3278980.322659543715417, 2320117.722559675108641 ], [ 3278972.36043671425432, 2320117.920106961857527 ], [ 3278960.862937278114259, 2320116.849591464735568 ], [ 3278951.749630429316312, 2320115.097541443072259 ], [ 3278948.909804418683052, 2320114.235306604299694 ], [ 3278945.638105217833072, 2320112.71811599470675 ], [ 3278943.486407722812146, 2320110.791607973631471 ], [ 3278942.551259555388242, 2320109.169486214406788 ], [ 3278942.042853374499828, 2320107.117438961751759 ], [ 3278942.142230833880603, 2320105.679381192661822 ], [ 3278942.198638873174787, 2320104.908437725622207 ], [ 3278943.516356901731342, 2320101.988496077712625 ], [ 3278946.072254060767591, 2320098.699417863041162 ], [ 3278947.632150283548981, 2320096.70105832349509 ], [ 3278948.3667082330212, 2320095.486586269456893 ], [ 3278949.786338506266475, 2320093.127196821384132 ], [ 3278950.223752410616726, 2320091.832866182550788 ], [ 3278950.694330012891442, 2320090.431250634137541 ], [ 3278950.908655307721347, 2320089.013644677586854 ], [ 3278951.056133843958378, 2320087.993354199454188 ], [ 3278951.007747285999358, 2320086.520299632567912 ], [ 3278950.98254519328475, 2320085.560704590752721 ], [ 3278950.586606537457556, 2320083.823820585850626 ], [ 3278950.328626455739141, 2320082.681762884836644 ], [ 3278949.237180850934237, 2320079.980949019547552 ], [ 3278947.035253495909274, 2320076.074335555080324 ], [ 3278944.910897461231798, 2320073.199322070460767 ], [ 3278944.113881903700531, 2320072.111111480277032 ], [ 3278940.204240959603339, 2320067.874539600685239 ], [ 3278920.888640196062624, 2320048.670279084704816 ], [ 3278910.144466875120997, 2320038.629335522651672 ], [ 3278902.045401530340314, 2320031.483793881256133 ], [ 3278897.420643804129213, 2320027.402952231001109 ], [ 3278895.342138156294823, 2320025.737604215275496 ], [ 3278890.881869808770716, 2320022.165761139243841 ], [ 3278888.942188383080065, 2320020.790663474239409 ], [ 3278888.001041193492711, 2320020.123456341680139 ], [ 3278886.701093827374279, 2320019.681469463743269 ], [ 3278885.067955298814923, 2320019.125349537469447 ], [ 3278883.997036381158978, 2320019.028841766528785 ], [ 3278883.451714403927326, 2320018.982315767090768 ], [ 3278882.68584076454863, 2320019.075904498808086 ], [ 3278881.086670739110559, 2320019.285041722469032 ], [ 3278879.965053499676287, 2320019.684495097026229 ], [ 3278879.303918189369142, 2320019.922093680594116 ], [ 3278875.394778601359576, 2320022.443656413815916 ], [ 3278872.543639070354402, 2320024.982810641638935 ], [ 3278868.974665344227105, 2320029.21043938677758 ], [ 3278863.88992579234764, 2320032.049587669316679 ], [ 3278856.610053308773786, 2320036.105411714408547 ], [ 3278853.112984912935644, 2320047.403386790771037 ], [ 3278850.861363142728806, 2320059.244225471280515 ], [ 3278849.186851570382714, 2320068.041187082882971 ], [ 3278848.757462977897376, 2320065.356299572624266 ], [ 3278846.309987253509462, 2320073.273935266770422 ], [ 3278844.653660996817052, 2320073.939577253069729 ], [ 3278843.882250620052218, 2320074.247234069276601 ], [ 3278840.722610423341393, 2320076.079380040057003 ], [ 3278837.405053758062422, 2320078.558189577423036 ], [ 3278831.947099451906979, 2320082.649986826814711 ], [ 3278828.918556226883084, 2320084.601230755448341 ], [ 3278824.801907167304307, 2320086.722814509645104 ], [ 3278820.367640062235296, 2320088.453555495478213 ], [ 3278817.289844300597906, 2320089.236320815049112 ], [ 3278813.383424671366811, 2320090.225145122501999 ], [ 3278788.370776041876525, 2320093.917306676041335 ], [ 3278768.695996635127813, 2320097.618004174437374 ], [ 3278739.817022395320237, 2320104.960784443188459 ], [ 3278747.910492852330208, 2320169.024606726132333 ], [ 3278782.275205000303686, 2320190.605093384627253 ], [ 3278804.75318231806159, 2320204.709203448146582 ], [ 3278826.881822877563536, 2320218.600540284067392 ], [ 3278866.255152955185622, 2320243.321959972381592 ], [ 3278936.793863323051482, 2320240.64439357444644 ], [ 3279018.867245885543525, 2320237.529088988900185 ], [ 3279058.499845437705517, 2320246.17215228965506 ], [ 3279038.166403065435588, 2320335.460473272949457 ], [ 3279124.782300582155585, 2320323.157453814055771 ], [ 3279083.60926715284586, 2320432.393683018162847 ], [ 3279160.138557631056756, 2320424.354070156812668 ], [ 3279185.560124532319605, 2320350.095780081115663 ], [ 3279243.705437959171832, 2320350.604528681840748 ], [ 3279287.708720792550594, 2320350.993155564181507 ], [ 3279321.335620374884456, 2320367.446723987814039 ], [ 3279340.239265931770205, 2320376.697532020509243 ], [ 3279410.466745618265122, 2320444.934781783260405 ], [ 3279370.270398265682161, 2320469.349320184439421 ], [ 3279342.10632773861289, 2320486.450278608128428 ], [ 3279215.093233400024474, 2320514.070224375464022 ], [ 3279154.138964835554361, 2320527.326623081695288 ], [ 3279146.954051895532757, 2320577.881966635584831 ], [ 3279143.551185309421271, 2320601.776814861223102 ], [ 3279249.307837451342493, 2320559.087452806066722 ], [ 3279296.183330602943897, 2320583.093413640279323 ], [ 3279337.553954088129103, 2320557.052378902677447 ], [ 3279423.533006703481078, 2320590.311808635015041 ], [ 3279426.641820493154228, 2320609.30108009185642 ], [ 3279431.225112066604197, 2320637.296694027259946 ], [ 3279459.18354656547308, 2320671.862179215066135 ], [ 3279480.823379806708544, 2320639.140569186769426 ], [ 3279531.713122804183513, 2320639.205665682442486 ], [ 3279559.362169614061713, 2320630.485484131146222 ], [ 3279570.118244591634721, 2320627.089154506102204 ], [ 3279585.92923248372972, 2320622.09693661192432 ], [ 3279617.098982913419604, 2320612.262774844653904 ], [ 3279598.781146184075624, 2320584.714866174850613 ], [ 3279529.735592748504132, 2320480.876044968143106 ], [ 3279472.241850445047021, 2320437.745169151574373 ], [ 3279473.629752065520734, 2320435.563856462016702 ], [ 3279475.488973721396178, 2320430.560157152358443 ], [ 3279477.704105806536973, 2320421.719248763285577 ], [ 3279479.436675293371081, 2320417.924992203712463 ], [ 3279481.68071311712265, 2320414.528210418298841 ], [ 3279481.39434892963618, 2320411.229714730754495 ], [ 3279481.512292540632188, 2320409.037494660355151 ] ] ], [ [ [ 3280648.410356459207833, 2320239.560193185694516 ], [ 3280648.202561135403812, 2320238.104929846711457 ], [ 3280644.350113639142364, 2320220.70730014750734 ], [ 3280643.117546428460628, 2320210.451129329390824 ], [ 3280643.380614049732685, 2320202.885855748318136 ], [ 3280645.696596266701818, 2320189.826418503653258 ], [ 3280645.730328263249248, 2320184.330789636820555 ], [ 3280644.119464008137584, 2320174.800464725121856 ], [ 3280638.114288554992527, 2320150.078084939159453 ], [ 3280636.702819842845201, 2320146.104026795364916 ], [ 3280635.925286962185055, 2320146.250371416565031 ], [ 3280633.805116649251431, 2320145.941880344878882 ], [ 3280630.036515173036605, 2320144.674013858661056 ], [ 3280626.028970457147807, 2320142.504298320971429 ], [ 3280618.118862496688962, 2320137.070858990307897 ], [ 3280615.260505580343306, 2320135.785612067207694 ], [ 3280613.778176639229059, 2320135.345098547637463 ], [ 3280612.786669807508588, 2320135.051998754497617 ], [ 3280608.899422148242593, 2320134.484788837842643 ], [ 3280604.657571649178863, 2320134.974134492687881 ], [ 3280603.609823754522949, 2320135.391053919214755 ], [ 3280602.351557397749275, 2320135.885438567958772 ], [ 3280599.399385235738009, 2320138.117463396396488 ], [ 3280597.237595708109438, 2320141.459164740983397 ], [ 3280596.189883735962212, 2320144.169380775652826 ], [ 3280595.268355234060436, 2320148.146208188962191 ], [ 3280594.876094334758818, 2320154.92232275288552 ], [ 3280595.025495287496597, 2320158.995685412082821 ], [ 3280595.153503903187811, 2320162.504543336573988 ], [ 3280594.971395016647875, 2320165.296524392440915 ], [ 3280594.366408485919237, 2320167.73639059625566 ], [ 3280593.240091611631215, 2320169.780503451824188 ], [ 3280591.371542655397207, 2320171.690799592994153 ], [ 3280583.088817164301872, 2320175.942331862635911 ], [ 3280580.775530092883855, 2320177.676848178729415 ], [ 3280580.046495804563165, 2320178.677224169485271 ], [ 3280579.442793074995279, 2320179.513583139050752 ], [ 3280578.601851634681225, 2320182.309349956922233 ], [ 3280578.444713841658086, 2320185.563736446201801 ], [ 3280579.396484164521098, 2320192.30737107526511 ], [ 3280580.306442827917635, 2320198.733614445198327 ], [ 3280580.367913032881916, 2320200.224656613077968 ], [ 3280580.424018131103367, 2320201.868849033024162 ], [ 3280580.204717087093741, 2320203.875851950608194 ], [ 3280580.128751811571419, 2320204.589326681103557 ], [ 3280579.799241049215198, 2320205.489277435466647 ], [ 3280579.004331429023296, 2320207.698582 ], [ 3280578.014598879031837, 2320209.089634710922837 ], [ 3280576.538715363014489, 2320210.423782272264361 ], [ 3280574.121212026569992, 2320211.83154496923089 ], [ 3280572.301298451144248, 2320212.241661284584552 ], [ 3280571.35108377225697, 2320212.448697669897228 ], [ 3280568.334857484325767, 2320212.368201321922243 ], [ 3280564.26662787143141, 2320211.315182603895664 ], [ 3280563.282795246690512, 2320210.635139748454094 ], [ 3280561.43976732250303, 2320209.354695260990411 ], [ 3280559.838060153648257, 2320207.565200359560549 ], [ 3280558.532805312890559, 2320206.099229077808559 ], [ 3280555.392210984136909, 2320201.230667328462005 ], [ 3280554.411795971915126, 2320198.774237006902695 ], [ 3280553.38904795050621, 2320196.183158996049315 ], [ 3280553.200684423558414, 2320195.404365044087172 ], [ 3280552.733178886119276, 2320193.416194591671228 ], [ 3280551.234669150784612, 2320183.084836991503835 ], [ 3280550.241230367682874, 2320179.433299342636019 ], [ 3280548.247637516818941, 2320175.063988565467298 ], [ 3280545.679583099205047, 2320171.647683585528284 ], [ 3280543.010472767986357, 2320169.101458942051977 ], [ 3280538.874835358001292, 2320166.335196738597006 ], [ 3280534.291856073774397, 2320164.306873310357332 ], [ 3280523.149276219774038, 2320160.880594403482974 ], [ 3280514.039301915094256, 2320159.08715256024152 ], [ 3280510.990779040846974, 2320158.809367974754423 ], [ 3280508.344661646988243, 2320158.572715827263892 ], [ 3280492.24261190649122, 2320157.821415424346924 ], [ 3280459.953865573741496, 2320154.314328481908888 ], [ 3280453.76331926509738, 2320154.86091151367873 ], [ 3280449.494300725869834, 2320156.237849769648165 ], [ 3280447.226872698403895, 2320157.44682347541675 ], [ 3280445.84044721070677, 2320158.521767255850136 ], [ 3280445.130738946609199, 2320159.082423422951251 ], [ 3280444.604843606706709, 2320159.712354879360646 ], [ 3280444.136682666838169, 2320160.261141447350383 ], [ 3280443.077791498042643, 2320162.283300987444818 ], [ 3280442.949456965085119, 2320162.924770887475461 ], [ 3280442.614634173456579, 2320164.535969357937574 ], [ 3280442.659208758268505, 2320165.613929897546768 ], [ 3280442.686540653929114, 2320166.400637093465775 ], [ 3280443.16765892971307, 2320168.224065475165844 ], [ 3280444.958128627855331, 2320171.228619811590761 ], [ 3280447.650540732778609, 2320173.669286422431469 ], [ 3280454.581380446441472, 2320177.396983765996993 ], [ 3280457.143283977173269, 2320178.358700901735574 ], [ 3280460.937720445450395, 2320179.784389827866107 ], [ 3280466.717772258445621, 2320180.882554708514363 ], [ 3280476.956473590340465, 2320181.51427043043077 ], [ 3280478.959037819877267, 2320182.157925163861364 ], [ 3280479.677967601921409, 2320182.397296166978776 ], [ 3280481.342199865728617, 2320183.577142626047134 ], [ 3280482.326605772599578, 2320184.632536819670349 ], [ 3280482.770476602949202, 2320185.112889679148793 ], [ 3280488.051056220196187, 2320193.137875302694738 ], [ 3280489.411562689580023, 2320194.81740952283144 ], [ 3280491.638123933691531, 2320197.573069515638053 ], [ 3280494.918196750804782, 2320200.194923837669194 ], [ 3280498.68026998732239, 2320202.600430954713374 ], [ 3280501.038515684660524, 2320204.115339775569737 ], [ 3280502.960497477091849, 2320205.940058033447713 ], [ 3280504.04196834936738, 2320207.526407648809254 ], [ 3280505.330887683667243, 2320210.689850559458137 ], [ 3280506.125982452649623, 2320214.183333120308816 ], [ 3280507.076344444882125, 2320224.884693020023406 ], [ 3280508.350705295801163, 2320231.429761057719588 ], [ 3280509.391966142691672, 2320234.44378642225638 ], [ 3280511.133699760772288, 2320237.832331902813166 ], [ 3280511.714780206792057, 2320238.593071201816201 ], [ 3280513.225589405279607, 2320240.570993379689753 ], [ 3280513.668192716315389, 2320240.919652605894953 ], [ 3280514.364915239624679, 2320241.457187574822456 ], [ 3280515.150748218409717, 2320241.857344692572951 ], [ 3280515.615038553252816, 2320242.090583939570934 ], [ 3280517.42606289871037, 2320242.493812032043934 ], [ 3280518.701396247837692, 2320242.351592189166695 ], [ 3280520.167348975781351, 2320242.196276527829468 ], [ 3280521.124542880803347, 2320241.845953228883445 ], [ 3280524.027447219472378, 2320240.18065445125103 ], [ 3280529.821271284483373, 2320235.289461938664317 ], [ 3280533.008176658302546, 2320233.127931598573923 ], [ 3280535.756910039111972, 2320231.946271399967372 ], [ 3280539.313390544615686, 2320231.546530138235539 ], [ 3280541.254243969917297, 2320231.937164403032511 ], [ 3280542.948932468891144, 2320232.80725590698421 ], [ 3280543.237657573074102, 2320232.959627766162157 ], [ 3280550.769921809434891, 2320240.113266296219081 ], [ 3280554.235370781738311, 2320242.256166405044496 ], [ 3280556.316663263365626, 2320242.9469163287431 ], [ 3280558.221816511824727, 2320243.181446612812579 ], [ 3280561.309442818630487, 2320243.57415055623278 ], [ 3280571.758785216137767, 2320243.509401299059391 ], [ 3280576.433252169750631, 2320243.989447545725852 ], [ 3280587.789930266793817, 2320247.23616440128535 ], [ 3280598.222765558864921, 2320248.929805380292237 ], [ 3280601.037468876689672, 2320249.390613155905157 ], [ 3280604.494043345097452, 2320250.611659566871822 ], [ 3280606.057115118950605, 2320251.545396795496345 ], [ 3280606.427450517658144, 2320251.886420728173107 ], [ 3280607.81714581977576, 2320253.124506778083742 ], [ 3280609.790391123853624, 2320256.563825944438577 ], [ 3280610.47687875945121, 2320260.69532204978168 ], [ 3280609.937399515882134, 2320265.518494017422199 ], [ 3280609.006084128282964, 2320268.319945594295859 ], [ 3280607.904101890511811, 2320271.62821885291487 ], [ 3280606.303570388816297, 2320274.617927273269743 ], [ 3280606.028553223237395, 2320277.15220651216805 ], [ 3280605.057333628647029, 2320278.966206429060549 ], [ 3280603.728524027857929, 2320280.579013078007847 ], [ 3280602.332117616198957, 2320282.274692165665329 ], [ 3280599.52933469042182, 2320284.551586474757642 ], [ 3280598.346969301346689, 2320285.509604221209884 ], [ 3280592.805490078404546, 2320288.905515121761709 ], [ 3280589.779910609126091, 2320290.379205409903079 ], [ 3280589.037905968725681, 2320290.742570467293262 ], [ 3280586.418254704214633, 2320291.597197332885116 ], [ 3280583.260830945335329, 2320292.637351338751614 ], [ 3280579.889258661307395, 2320293.298975383862853 ], [ 3280575.258274301886559, 2320293.70428233826533 ], [ 3280562.987526882439852, 2320293.55027714651078 ], [ 3280559.9906802540645, 2320293.588156769517809 ], [ 3280532.677448274567723, 2320293.887446491513401 ], [ 3280527.228042161557823, 2320294.375235398299992 ], [ 3280515.354154618922621, 2320296.211639889515936 ], [ 3280509.456661704927683, 2320297.122932577505708 ], [ 3280502.276629004627466, 2320297.822550853714347 ], [ 3280497.575860952492803, 2320297.925519596785307 ], [ 3280493.571761596016586, 2320298.007927106227726 ], [ 3280492.845678609795868, 2320297.972756944131106 ], [ 3280492.507293635047972, 2320297.950852786190808 ], [ 3280489.834408185910434, 2320299.038052123039961 ], [ 3280484.973877173382789, 2320299.280628763139248 ], [ 3280475.555153255350888, 2320299.753412183839828 ], [ 3280471.326012994162738, 2320298.089302828535438 ], [ 3280470.305612422060221, 2320297.557730123400688 ], [ 3280467.702068253885955, 2320296.217707575764507 ], [ 3280462.990364359226078, 2320292.659390335902572 ], [ 3280457.264784415252507, 2320287.431851272471249 ], [ 3280452.661406837403774, 2320282.180241235066205 ], [ 3280448.953164071775973, 2320276.447114020120353 ], [ 3280445.653331281617284, 2320269.800213105045259 ], [ 3280445.395484069827944, 2320266.303944910410792 ], [ 3280445.606652618385851, 2320263.689520097803324 ], [ 3280445.924629830289632, 2320262.223334201611578 ], [ 3280446.314127315301448, 2320260.450346112251282 ], [ 3280447.06473729480058, 2320258.218354083131999 ], [ 3280447.656331673264503, 2320256.440406833775342 ], [ 3280452.765698772389442, 2320244.393429695628583 ], [ 3280454.777694846503437, 2320240.570585279259831 ], [ 3280459.403026489075273, 2320231.764233753550798 ], [ 3280461.401303816586733, 2320226.989940261468291 ], [ 3280462.262151715811342, 2320222.394595698919147 ], [ 3280462.154369618277997, 2320220.434737925417721 ], [ 3280461.879724224098027, 2320219.376783736050129 ], [ 3280461.587141958996654, 2320218.271234680898488 ], [ 3280460.19982272433117, 2320215.622249559499323 ], [ 3280457.917314729653299, 2320212.896684896200895 ], [ 3280454.576624665874988, 2320210.214418622199446 ], [ 3280451.979714649263769, 2320208.852939060423523 ], [ 3280448.053487447090447, 2320207.551810593344271 ], [ 3280445.110919137019664, 2320206.99163849465549 ], [ 3280441.451089512556791, 2320206.760056684724987 ], [ 3280437.518737030215561, 2320207.03284480702132 ], [ 3280433.604722016490996, 2320207.789495036005974 ], [ 3280428.845285492949188, 2320209.455291460268199 ], [ 3280425.195012699812651, 2320211.637112098746002 ], [ 3280422.586306744255126, 2320214.417829372920096 ], [ 3280418.315346742980182, 2320221.670444303192198 ], [ 3280416.108819614630193, 2320223.995112171396613 ], [ 3280413.76053200289607, 2320225.329874716233462 ], [ 3280411.457179527264088, 2320225.885565339121968 ], [ 3280408.150963318068534, 2320225.521011637989432 ], [ 3280405.36430151341483, 2320223.86805663164705 ], [ 3280404.524430967401713, 2320222.827934177592397 ], [ 3280403.455358036328107, 2320221.503245196305215 ], [ 3280401.827651689760387, 2320217.881631213240325 ], [ 3280401.543089804239571, 2320216.267308121547103 ], [ 3280401.103328205645084, 2320213.766907479148358 ], [ 3280401.202619526535273, 2320209.477468451485038 ], [ 3280402.233412548899651, 2320200.59045398235321 ], [ 3280402.17685206932947, 2320197.951896402519196 ], [ 3280402.1375881312415, 2320196.16268864646554 ], [ 3280401.499427448026836, 2320192.94613624131307 ], [ 3280400.554832076653838, 2320190.026799276471138 ], [ 3280398.759236417710781, 2320185.937373756896704 ], [ 3280398.228684082627296, 2320184.741594223305583 ], [ 3280391.46009242720902, 2320173.080675387755036 ], [ 3280386.14259965531528, 2320165.325991038233042 ], [ 3280383.306466536596417, 2320162.007385452277958 ], [ 3280379.916879964526743, 2320158.03482305817306 ], [ 3280367.277050711214542, 2320146.144100968725979 ], [ 3280364.54819251364097, 2320143.232894256245345 ], [ 3280363.453630734235048, 2320141.628544291015714 ], [ 3280361.493535791058093, 2320138.765325484797359 ], [ 3280359.884759396314621, 2320134.267722935881466 ], [ 3280359.477071608882397, 2320131.467431084252894 ], [ 3280359.348057666793466, 2320130.617356406524777 ], [ 3280359.392941083293408, 2320129.28018815908581 ], [ 3280359.473418925423175, 2320126.982931704260409 ], [ 3280360.005267968401313, 2320124.839997830800712 ], [ 3280360.218042326625437, 2320123.970641370397061 ], [ 3280360.528922148048878, 2320123.266752419993281 ], [ 3280361.322790860664099, 2320121.42293116915971 ], [ 3280362.462598132435232, 2320119.833080228418112 ], [ 3280364.155006215907633, 2320117.466555960010737 ], [ 3280374.082812508568168, 2320107.274736555758864 ], [ 3280376.081535931676626, 2320105.230008599348366 ], [ 3280376.485677004791796, 2320104.661993932910264 ], [ 3280378.176471395418048, 2320102.285606121178716 ], [ 3280379.297890634275973, 2320099.653798093087971 ], [ 3280379.538307541050017, 2320097.156020778231323 ], [ 3280378.688887404743582, 2320093.702497726771981 ], [ 3280376.619853909127414, 2320089.863919848576188 ], [ 3280370.596082385629416, 2320080.893504534382373 ], [ 3280369.8588334210217, 2320078.435069576837122 ], [ 3280370.009445987641811, 2320076.318328844383359 ], [ 3280371.250659161712974, 2320073.736568561289459 ], [ 3280372.962326541543007, 2320072.107430431060493 ], [ 3280374.489486688282341, 2320070.652675688266754 ], [ 3280386.116072442848235, 2320062.781312071252614 ], [ 3280387.792839326895773, 2320061.868603955022991 ], [ 3280392.368938809726387, 2320059.392694877460599 ], [ 3280393.916276286821812, 2320058.928848479874432 ], [ 3280396.422250092960894, 2320058.185457238461822 ], [ 3280400.497873825952411, 2320057.796248018741608 ], [ 3280410.062167413532734, 2320058.70845469692722 ], [ 3280414.184447851032019, 2320058.666231346316636 ], [ 3280416.660313217900693, 2320058.110767698846757 ], [ 3280418.81388984574005, 2320057.073948970995843 ], [ 3280420.306618948001415, 2320055.594785444438457 ], [ 3280421.746631701942533, 2320054.165445736609399 ], [ 3280424.19386584404856, 2320050.398284064605832 ], [ 3280425.101470857858658, 2320049.001321720890701 ], [ 3280426.590050565078855, 2320047.248906707391143 ], [ 3280427.969794165343046, 2320045.637324826791883 ], [ 3280431.34836913459003, 2320043.097210636362433 ], [ 3280434.814196583814919, 2320041.647875202819705 ], [ 3280437.248302667401731, 2320041.333117104601115 ], [ 3280439.951929314993322, 2320040.991442309692502 ], [ 3280447.715411451645195, 2320041.376870662905276 ], [ 3280463.41561346128583, 2320044.1975930146873 ], [ 3280476.384737420361489, 2320047.192295527551323 ], [ 3280477.922438779380172, 2320047.227360269986093 ], [ 3280479.897151702083647, 2320047.267053514719009 ], [ 3280489.646497381851077, 2320046.08694464713335 ], [ 3280505.083956065122038, 2320046.55892500653863 ], [ 3280505.389697559177876, 2320046.505369056947529 ], [ 3280507.802638308145106, 2320046.123289920855314 ], [ 3280509.644936200696975, 2320045.354095853865147 ], [ 3280511.797890795394778, 2320043.383833893574774 ], [ 3280512.924385739024729, 2320041.278806218411773 ], [ 3280514.029958956409246, 2320037.868434766307473 ], [ 3280514.910918432287872, 2320031.412612981162965 ], [ 3280515.39154648501426, 2320020.156187297776341 ], [ 3280515.371912559494376, 2320017.247336428146809 ], [ 3280515.348527953960001, 2320014.501500255428255 ], [ 3280514.31221516802907, 2320008.604764373507351 ], [ 3280512.853976378683001, 2320004.902732557617128 ], [ 3280511.171135425101966, 2320002.183747326955199 ], [ 3280507.883025676943362, 2320001.805864445399493 ], [ 3280504.95625626295805, 2320001.466160339303315 ], [ 3280501.869201215915382, 2320001.448806329630315 ], [ 3280500.111291771288961, 2320001.432018965482712 ], [ 3280489.778830694034696, 2320003.140453840605915 ], [ 3280482.256075491197407, 2320003.605817545205355 ], [ 3280465.067114845383912, 2320002.598414487205446 ], [ 3280455.18552636820823, 2320002.908721424639225 ], [ 3280452.664096704218537, 2320003.309805716853589 ], [ 3280448.295125902164727, 2320004.01422561891377 ], [ 3280439.197787083685398, 2320007.008125080727041 ], [ 3280433.624585321173072, 2320008.846898912452161 ], [ 3280428.917230054736137, 2320009.529415976256132 ], [ 3280426.414779987186193, 2320009.612608888652176 ], [ 3280422.216601689346135, 2320009.191198918968439 ], [ 3280414.331036871299148, 2320007.254316506441683 ], [ 3280407.425552130676806, 2320006.160491387359798 ], [ 3280382.287291707471013, 2320004.252278984058648 ], [ 3280370.33417782979086, 2320002.753932704217732 ], [ 3280367.787382140289992, 2320002.256349007599056 ], [ 3280362.964752427302301, 2320001.305043905042112 ], [ 3280356.323842478916049, 2319999.038521375041455 ], [ 3280352.510790570639074, 2320001.837398983538151 ], [ 3280340.145085887983441, 2320014.242189683485776 ], [ 3280334.316864917986095, 2320019.667077167890966 ], [ 3280330.760764461942017, 2320022.238294863607734 ], [ 3280328.501981004141271, 2320023.871945659630001 ], [ 3280324.547052817419171, 2320026.299932182766497 ], [ 3280318.839339563623071, 2320029.796008285135031 ], [ 3280313.444470033980906, 2320032.476231598295271 ], [ 3280311.455329384189099, 2320033.463955250103027 ], [ 3280301.812555348966271, 2320037.030352536588907 ], [ 3280294.316498700529337, 2320039.084203322418034 ], [ 3280287.797136621549726, 2320040.287092534825206 ], [ 3280281.131450523622334, 2320041.525761755183339 ], [ 3280279.472395649179816, 2320041.988886194303632 ], [ 3280278.025473814923316, 2320042.384408915881068 ], [ 3280272.16360885463655, 2320044.628925918601453 ], [ 3280262.857314202934504, 2320048.887295805849135 ], [ 3280254.777040680870414, 2320053.012082234490663 ], [ 3280248.222017171792686, 2320056.352172811515629 ], [ 3280235.430579318664968, 2320062.49961912445724 ], [ 3280214.762292695697397, 2320073.456694275140762 ], [ 3280204.976300122216344, 2320079.432836709544063 ], [ 3280186.149019270669669, 2320092.95943790441379 ], [ 3280165.991871293634176, 2320104.435846922919154 ], [ 3280157.617387578357011, 2320110.915650034788996 ], [ 3280145.35580069757998, 2320121.972974802367389 ], [ 3280140.970441572833806, 2320125.552005939185619 ], [ 3280134.918357636779547, 2320129.98111263429746 ], [ 3280120.994456878397614, 2320139.188543984200805 ], [ 3280113.523884516209364, 2320144.992499614600092 ], [ 3280079.021028956864029, 2320175.92813331540674 ], [ 3280059.036102967802435, 2320195.025580943096429 ], [ 3280054.276377443224192, 2320199.106544217094779 ], [ 3280053.734509882517159, 2320199.576920905616134 ], [ 3280046.108111929148436, 2320205.296570063568652 ], [ 3280044.018154816236347, 2320187.448093232233077 ], [ 3280040.558897054288536, 2320164.0859120413661 ], [ 3280038.815974826458842, 2320148.419223277829587 ], [ 3280037.27008819533512, 2320139.719725535716861 ], [ 3280035.687731125857681, 2320134.020099709741771 ], [ 3280033.869473860599101, 2320129.234474583994597 ], [ 3280027.298670401331037, 2320115.621062275022268 ], [ 3280025.165679004043341, 2320110.586149802897125 ], [ 3280022.530815847218037, 2320102.361544402781874 ], [ 3280021.102620640769601, 2320097.913486170582473 ], [ 3280016.794988853856921, 2320081.7016362384893 ], [ 3280015.362978094723076, 2320078.5937031339854 ], [ 3280013.915765955112875, 2320079.669160016346723 ], [ 3280011.849452586378902, 2320081.796776939183474 ], [ 3280010.817043324001133, 2320083.175023827701807 ], [ 3280009.482870840933174, 2320084.940996781922877 ], [ 3280008.381997462827712, 2320086.70669081248343 ], [ 3280007.569968608673662, 2320088.005742741748691 ], [ 3279994.608972382731736, 2320113.320955163333565 ], [ 3279986.379794500768185, 2320127.629426683764905 ], [ 3279978.901739451102912, 2320141.258362958673388 ], [ 3279966.586949941702187, 2320161.782447997480631 ], [ 3279966.051596258301288, 2320162.850381399970502 ], [ 3279965.124676656443626, 2320164.687079777475446 ], [ 3279964.744642578996718, 2320166.022079419344664 ], [ 3279957.15895034186542, 2320164.367591408547014 ], [ 3279938.434110312722623, 2320159.245729793794453 ], [ 3279929.57020680885762, 2320157.591917240992188 ], [ 3279920.256374882068485, 2320155.854565337300301 ], [ 3279914.350953673012555, 2320154.362366961315274 ], [ 3279910.423294300213456, 2320152.990487053524703 ], [ 3279906.467379922047257, 2320150.578373773954809 ], [ 3279901.917586097493768, 2320146.707594904117286 ], [ 3279901.629208501428366, 2320146.43339557852596 ], [ 3279897.496872996445745, 2320142.509781654924154 ], [ 3279888.333450456149876, 2320132.952873712871224 ], [ 3279884.900773787405342, 2320130.266447423025966 ], [ 3279882.64352177688852, 2320129.058580974116921 ], [ 3279878.902558489702642, 2320127.89753490453586 ], [ 3279876.786894266493618, 2320127.740490829572082 ], [ 3279874.382158945314586, 2320127.552906922064722 ], [ 3279873.101985322777182, 2320127.665545836556703 ], [ 3279871.833289152476937, 2320127.786321568768471 ], [ 3279856.133040050975978, 2320131.348482481203973 ], [ 3279847.58644538000226, 2320134.235871743410826 ], [ 3279845.715666556730866, 2320135.202882299665362 ], [ 3279844.769607156980783, 2320135.683183077257127 ], [ 3279843.213737337850034, 2320136.838565848302096 ], [ 3279842.430725006852299, 2320137.757085097022355 ], [ 3279840.846590143162757, 2320139.607443648390472 ], [ 3279839.708807530812919, 2320141.64344289759174 ], [ 3279838.520379721187055, 2320144.733498034998775 ], [ 3279837.71307067386806, 2320148.416370721999556 ], [ 3279837.569492064416409, 2320152.683142578229308 ], [ 3279837.948867634404451, 2320155.620318420697004 ], [ 3279838.75071917893365, 2320158.473337292205542 ], [ 3279840.332517045550048, 2320162.062402543146163 ], [ 3279847.150895342230797, 2320172.973822793923318 ], [ 3279848.567110310774297, 2320175.86128120822832 ], [ 3279849.186363650020212, 2320178.218622361309826 ], [ 3279849.079599971882999, 2320179.363688579760492 ], [ 3279848.964068630710244, 2320180.703091670293361 ], [ 3279847.782166164368391, 2320182.65549390995875 ], [ 3279845.866802093107253, 2320184.279750760179013 ], [ 3279845.37799812015146, 2320184.578475572634488 ], [ 3279843.743749175220728, 2320185.564936369657516 ], [ 3279842.077376103028655, 2320186.293191899079829 ], [ 3279841.37661352660507, 2320186.598605596460402 ], [ 3279838.586253969464451, 2320187.401993130799383 ], [ 3279836.669512001797557, 2320187.77835938334465 ], [ 3279831.274338857270777, 2320188.84526010369882 ], [ 3279818.31930095423013, 2320191.885942584369332 ], [ 3279816.256755587644875, 2320192.115345514379442 ], [ 3279815.011015351396054, 2320192.252396595664322 ], [ 3279811.754697383847088, 2320192.2545873131603 ], [ 3279809.555982490535825, 2320191.838115065358579 ], [ 3279807.324450158979744, 2320191.407097050920129 ], [ 3279802.476808412931859, 2320189.435331144370139 ], [ 3279799.651915080379695, 2320187.362902747001499 ], [ 3279797.897023911122233, 2320185.133471989072859 ], [ 3279797.333132416009903, 2320184.105891615152359 ], [ 3279796.842776929028332, 2320183.217640416696668 ], [ 3279795.638464810326695, 2320179.765394622460008 ], [ 3279794.88806773815304, 2320174.995645991526544 ], [ 3279795.109593382105231, 2320164.697796730324626 ], [ 3279794.478360365144908, 2320159.044642631430179 ], [ 3279793.129924689885229, 2320154.278185759205371 ], [ 3279791.582331127021462, 2320150.216347427107394 ], [ 3279789.979248244315386, 2320147.178971760906279 ], [ 3279788.360472877509892, 2320145.037318021990359 ], [ 3279786.603676243219525, 2320143.477951107546687 ], [ 3279785.384932531043887, 2320142.788332115393132 ], [ 3279784.199006284587085, 2320142.113258968573064 ], [ 3279782.730121846310794, 2320141.568934226874262 ], [ 3279782.124527142848819, 2320141.340158387552947 ], [ 3279780.986700280569494, 2320141.082850762177259 ], [ 3279778.689706561155617, 2320140.561826508492231 ], [ 3279777.434623659588397, 2320140.517860996071249 ], [ 3279775.118306216783822, 2320140.436561055947095 ], [ 3279769.900257975794375, 2320141.036097445525229 ], [ 3279766.353016938082874, 2320142.235912295989692 ], [ 3279764.176728060469031, 2320143.753669618628919 ], [ 3279762.100442708935589, 2320146.502041052561253 ], [ 3279760.431342300958931, 2320150.498246017843485 ], [ 3279756.838415308389813, 2320164.867271999362856 ], [ 3279755.807965343818069, 2320167.868772097863257 ], [ 3279754.424708115402609, 2320171.875788319855928 ], [ 3279753.326032117474824, 2320174.02670970838517 ], [ 3279750.935407275334001, 2320178.697275783866644 ], [ 3279742.579106673598289, 2320192.662781997118145 ], [ 3279740.394731635227799, 2320197.601641381625086 ], [ 3279739.807122277561575, 2320199.713770997710526 ], [ 3279739.466888036113232, 2320200.920033470727503 ], [ 3279739.260287064127624, 2320202.508782822173089 ], [ 3279738.994739502202719, 2320204.605082585010678 ], [ 3279738.920323542319238, 2320208.240750748664141 ], [ 3279739.250044115819037, 2320211.308397233020514 ], [ 3279739.920574101619422, 2320213.545135220047086 ], [ 3279742.233474269509315, 2320217.138041472993791 ], [ 3279745.958218346349895, 2320221.112757490947843 ], [ 3279750.406963818706572, 2320225.85361475776881 ], [ 3279752.026892786379904, 2320228.745976227335632 ], [ 3279752.248478742316365, 2320229.975586781743914 ], [ 3279752.754804576281458, 2320232.75860960688442 ], [ 3279752.529915095772594, 2320236.156805503647774 ], [ 3279752.356244193855673, 2320238.876298529561609 ], [ 3279750.406586503144354, 2320252.561716422904283 ], [ 3279748.776013551745564, 2320259.767913557123393 ], [ 3279747.060315854847431, 2320265.710447295568883 ], [ 3279745.444283693097532, 2320271.270214209333062 ], [ 3279744.902816725894809, 2320273.912075959146023 ], [ 3279744.456343091093004, 2320276.080662021413445 ], [ 3279744.289999953005463, 2320278.535039240960032 ], [ 3279744.123656935989857, 2320280.989416499622166 ], [ 3279744.423330794088542, 2320284.803091040812433 ], [ 3279746.039158913306892, 2320291.450722467154264 ], [ 3279749.278270445764065, 2320298.656218757852912 ], [ 3279750.986043648328632, 2320301.27950641606003 ], [ 3279752.025703954510391, 2320302.54845832940191 ], [ 3279752.949147975537926, 2320303.665263035334647 ], [ 3279755.739668182563037, 2320306.271377782803029 ], [ 3279758.885816514026374, 2320309.190647572744638 ], [ 3279763.869916502386332, 2320312.863567007705569 ], [ 3279766.297543657477945, 2320314.244530608411878 ], [ 3279771.567141986452043, 2320316.31487831659615 ], [ 3279774.639181764330715, 2320316.984253188129514 ], [ 3279777.164455703925341, 2320317.536316234152764 ], [ 3279777.576721888035536, 2320317.575715918559581 ], [ 3279777.901260582730174, 2320319.00038767978549 ], [ 3279799.390386407263577, 2320349.250058892183006 ], [ 3279830.94006759673357, 2320393.668774993158877 ], [ 3279830.020427104551345, 2320394.682265018112957 ], [ 3279829.621021724771708, 2320395.898894463665783 ], [ 3279829.90547701716423, 2320398.132236243691295 ], [ 3279831.946158094331622, 2320401.549590631388128 ], [ 3279839.81514384271577, 2320409.892324513755739 ], [ 3279855.433213714975864, 2320416.735489291138947 ], [ 3279857.804320956580341, 2320417.771196054294705 ], [ 3279863.367951944470406, 2320424.488302403129637 ], [ 3279874.27714417502284, 2320436.032704971730709 ], [ 3279882.050565619952977, 2320446.20857488270849 ], [ 3279885.16223013214767, 2320450.280550333671272 ], [ 3279887.894330634735525, 2320453.211473675910383 ], [ 3279887.88833249360323, 2320454.166383637581021 ], [ 3279887.885737233795226, 2320455.080107739195228 ], [ 3279887.23717388138175, 2320457.2536546504125 ], [ 3279887.031559995375574, 2320457.918815789278597 ], [ 3279885.850418981630355, 2320460.185661066323519 ], [ 3279882.999219782650471, 2320463.90187958907336 ], [ 3279878.594294699840248, 2320468.600605187471956 ], [ 3279868.90350691229105, 2320476.954985985532403 ], [ 3279862.122922122478485, 2320483.37890962138772 ], [ 3279858.929362346418202, 2320486.739061837550253 ], [ 3279854.186807703226805, 2320491.730330060236156 ], [ 3279850.967353671323508, 2320496.109764067921788 ], [ 3279846.709107566159219, 2320504.12130945827812 ], [ 3279840.463825285434723, 2320515.860052610747516 ], [ 3279837.842530982103199, 2320521.352395122870803 ], [ 3279836.940833826549351, 2320524.148694502189755 ], [ 3279836.670972571242601, 2320526.03265803353861 ], [ 3279836.826815673615783, 2320527.852192471735179 ], [ 3279837.264460689388216, 2320528.790268938057125 ], [ 3279837.604171942453831, 2320529.501963074784726 ], [ 3279839.385142296086997, 2320530.651198225561529 ], [ 3279840.63682067906484, 2320530.736347720958292 ], [ 3279841.027746693231165, 2320530.769338244106621 ], [ 3279843.411598054692149, 2320530.209661564789712 ], [ 3279843.836033237166703, 2320530.013537981547415 ], [ 3279845.867658447474241, 2320529.099520387593657 ], [ 3279847.699494641274214, 2320527.956669056322426 ], [ 3279851.289111688733101, 2320525.714382324833423 ], [ 3279865.214319641701877, 2320514.842387341428548 ], [ 3279871.833352441899478, 2320510.344334152061492 ], [ 3279876.205688375514001, 2320507.863456551451236 ], [ 3279877.263460623566061, 2320507.383876882959157 ], [ 3279879.867633658461273, 2320506.186906565912068 ], [ 3279882.945959247183055, 2320505.221443721558899 ], [ 3279886.065927251242101, 2320504.634288880042732 ], [ 3279888.581800160929561, 2320504.447237155400217 ], [ 3279891.238978658337146, 2320504.25572612369433 ], [ 3279893.762407432775944, 2320504.300742147024721 ], [ 3279895.949067613109946, 2320504.333722213748842 ], [ 3279901.976355967111886, 2320505.144975223578513 ], [ 3279907.837827324867249, 2320506.492649093270302 ], [ 3279910.328901276923716, 2320507.517488137353212 ], [ 3279913.453370534814894, 2320508.816970302723348 ], [ 3279916.741466818843037, 2320510.930025626439601 ], [ 3279923.276596537791193, 2320516.888395088724792 ], [ 3279967.58880718704313, 2320428.808762719854712 ], [ 3279978.911015772726387, 2320497.968978033401072 ], [ 3279981.260736068245023, 2320512.321870346553624 ], [ 3280037.060257370583713, 2320459.582658034749329 ], [ 3280050.028830566443503, 2320466.230416795238853 ], [ 3280072.210766580421478, 2320477.596181220375001 ], [ 3280082.498690738342702, 2320472.455448710359633 ], [ 3280097.024867643602192, 2320465.192217749077827 ], [ 3280103.509069483727217, 2320418.534994829446077 ], [ 3280108.116454228758812, 2320385.388064309023321 ], [ 3280145.978785784449428, 2320370.698395881336182 ], [ 3280154.784131840802729, 2320360.591489107348025 ], [ 3280176.532057270873338, 2320335.65486369561404 ], [ 3280264.252976936288178, 2320412.213650234509259 ], [ 3280289.567021636292338, 2320477.106347770430148 ], [ 3280381.658836303278804, 2320498.56020507728681 ], [ 3280547.766897782683372, 2320480.198642316274345 ], [ 3280587.346885197795928, 2320438.693267878144979 ], [ 3280640.053832415025681, 2320383.421999158337712 ], [ 3280624.941577721852809, 2320358.163904020097107 ], [ 3280628.827164766844362, 2320336.224528330378234 ], [ 3280636.825622736942023, 2320291.007118400651962 ], [ 3280640.229703299701214, 2320285.276267799548805 ], [ 3280643.093930326402187, 2320280.461919098626822 ], [ 3280644.380874016322196, 2320277.973626573570073 ], [ 3280645.467909824568778, 2320275.875509198755026 ], [ 3280646.270718120038509, 2320273.776442347094417 ], [ 3280647.002352911047637, 2320271.862348011229187 ], [ 3280647.167081074789166, 2320271.133324950933456 ], [ 3280647.425016866065562, 2320269.982080447487533 ], [ 3280646.704083879943937, 2320267.561375607270747 ], [ 3280646.154098779894412, 2320265.689126147888601 ], [ 3280647.717329711653292, 2320260.798249531537294 ], [ 3280648.337246517185122, 2320258.88343006093055 ], [ 3280648.945178671274334, 2320255.408016080036759 ], [ 3280649.114764949772507, 2320252.973385260440409 ], [ 3280649.212710524909198, 2320251.464566175360233 ], [ 3280649.114164517261088, 2320248.569535164162517 ], [ 3280648.935410165693611, 2320243.263334564398974 ], [ 3280648.410356459207833, 2320239.560193185694516 ] ] ], [ [ [ 3278802.131268475204706, 2322600.003145486582071 ], [ 3278801.358630941715091, 2322586.053508726879954 ], [ 3278797.995387454517186, 2322525.553633495233953 ], [ 3278778.025640758220106, 2322509.73152729915455 ], [ 3278770.239035595208406, 2322503.566310068592429 ], [ 3278716.726676976308227, 2322521.000121934805065 ], [ 3278715.952903110068291, 2322524.5148915220052 ], [ 3278701.31663204357028, 2322590.827431050594896 ], [ 3278680.398105596192181, 2322610.597278149798512 ], [ 3278651.750038593541831, 2322601.998869292903692 ], [ 3278601.345100482925773, 2322586.862140228971839 ], [ 3278572.572518761269748, 2322679.975972880143672 ], [ 3278561.290730299893767, 2322716.465292433742434 ], [ 3278594.822016453836113, 2322743.732223046943545 ], [ 3278584.914201922249049, 2322755.900212409906089 ], [ 3278574.315610458143055, 2322768.930034530814737 ], [ 3278535.188335136976093, 2322772.975288249086589 ], [ 3278421.02466590097174, 2322715.116388169582933 ], [ 3278371.495328365359455, 2322707.68078521406278 ], [ 3278317.683415079023689, 2322674.154851686675102 ], [ 3278371.810044239275157, 2322594.863880759570748 ], [ 3278458.295712255872786, 2322598.502731111366302 ], [ 3278447.610043198335916, 2322533.247903921641409 ], [ 3278459.725695004221052, 2322521.180136935319752 ], [ 3278486.851684368681163, 2322494.152680274099112 ], [ 3278672.028506973292679, 2322182.481195303611457 ], [ 3278744.193942751735449, 2322180.572648794390261 ], [ 3278777.146895499899983, 2322147.369522700086236 ], [ 3278792.578012275975198, 2322131.818767223507166 ], [ 3278870.38874833099544, 2322131.610381019301713 ], [ 3278870.663820535875857, 2322098.531545980833471 ], [ 3278870.67863453598693, 2322096.763257512357086 ], [ 3278830.311241837684065, 2322086.544660115614533 ], [ 3278814.011931465007365, 2322082.418977205641568 ], [ 3278827.911650440189987, 2322029.448172801639885 ], [ 3278777.414236066862941, 2322037.910539086908102 ], [ 3278685.93645374616608, 2322053.228742461651564 ], [ 3278661.175595102831721, 2322098.543623266275972 ], [ 3278499.683431946672499, 2322177.852927648928016 ], [ 3278461.733895701356232, 2322224.778806409798563 ], [ 3278468.571503420360386, 2322266.535919586196542 ], [ 3278439.668687670957297, 2322282.651267624460161 ], [ 3278419.373394158203155, 2322293.960372 ], [ 3278384.747719782404602, 2322336.153564061969519 ], [ 3278367.908040696755052, 2322356.670033137314022 ], [ 3278356.015889345202595, 2322415.144768013153225 ], [ 3278325.901748789474368, 2322422.065550594590604 ], [ 3278306.864656672812998, 2322426.436466510407627 ], [ 3278260.833559629507363, 2322407.651566135231405 ], [ 3278225.158212677575648, 2322419.271111715584993 ], [ 3278193.35571047803387, 2322419.536620644386858 ], [ 3278144.736010920256376, 2322419.948277140501887 ], [ 3278136.412257137708366, 2322421.406865218188614 ], [ 3278135.923469378612936, 2322382.301935630384833 ], [ 3278093.158000190742314, 2322367.227240025997162 ], [ 3278102.898674401454628, 2322340.222042150329798 ], [ 3278119.003995757550001, 2322295.581056884024292 ], [ 3278088.634243594948202, 2322274.051887282170355 ], [ 3277990.67149575939402, 2322331.4844089448452 ], [ 3277931.127776081673801, 2322328.50319661013782 ], [ 3277911.290593773126602, 2322272.909312618896365 ], [ 3277806.530316513963044, 2322272.473428799305111 ], [ 3277797.945222192909569, 2322198.732261870987713 ], [ 3277737.204047159757465, 2322193.33275457797572 ], [ 3277742.304164919070899, 2322142.014846038073301 ], [ 3277746.72465062700212, 2322097.574458821676672 ], [ 3277747.265576427802444, 2322092.14195517776534 ], [ 3277658.205099512357265, 2322072.840392183046788 ], [ 3277643.100508947856724, 2322065.106139061972499 ], [ 3277630.553551079705358, 2322058.679254789836705 ], [ 3277612.795130736194551, 2322121.043949372135103 ], [ 3277602.330533148255199, 2322157.816492784768343 ], [ 3277566.25232, 2322195.245717706158757 ], [ 3277566.25232, 2322762.483878411352634 ], [ 3277606.15643050475046, 2322745.149402795825154 ], [ 3277631.10121185798198, 2322789.183033974841237 ], [ 3277652.310310855042189, 2322826.635940998326987 ], [ 3277635.090477303601801, 2322882.371551278047264 ], [ 3277657.604019061662257, 2322889.132113113999367 ], [ 3277736.722339751198888, 2322912.895183506421745 ], [ 3277819.749368687160313, 2322911.770833172369748 ], [ 3277839.596683017909527, 2322956.271600147243589 ], [ 3277887.387383512221277, 2322963.808435658924282 ], [ 3277877.806603162549436, 2323020.904597399290651 ], [ 3277896.913479557726532, 2323029.784387055784464 ], [ 3277915.57593216188252, 2323036.012300454545766 ], [ 3277922.095825635828078, 2323038.654878728091717 ], [ 3277936.665114717558026, 2323044.544716825708747 ], [ 3277945.232269151136279, 2323047.112671062350273 ], [ 3277961.696082164067775, 2323056.455649282317609 ], [ 3277964.339285319671035, 2323060.082020393107086 ], [ 3277978.348971538245678, 2323079.343270457349718 ], [ 3277981.157991589512676, 2323078.282737836707383 ], [ 3278003.184233013074845, 2323070.049139412119985 ], [ 3278009.05384584562853, 2323067.853548581246287 ], [ 3278029.407747256569564, 2323100.950768101960421 ], [ 3278041.714789587538689, 2323101.513694957364351 ], [ 3278045.319039861671627, 2323111.070488629862666 ], [ 3278056.721445607021451, 2323122.650103862863034 ], [ 3278074.314629911445081, 2323122.286693162284791 ], [ 3278080.657870450988412, 2323125.832951795775443 ], [ 3278082.076765585690737, 2323126.629529850091785 ], [ 3278096.197691689711064, 2323120.055274386890233 ], [ 3278119.174255236517638, 2323109.199413997121155 ], [ 3278130.06949177198112, 2323104.052999757695943 ], [ 3278156.499548216816038, 2323093.160253951791674 ], [ 3278172.32232770929113, 2323087.251837915275246 ], [ 3278180.813693859614432, 2323085.763833566568792 ], [ 3278187.706040040589869, 2323086.220277173444629 ], [ 3278193.096073450520635, 2323092.24728081934154 ], [ 3278197.080891214311123, 2323096.693926884792745 ], [ 3278199.689794642850757, 2323104.385432733222842 ], [ 3278204.234338022302836, 2323112.559714775532484 ], [ 3278209.315025373827666, 2323121.715711673721671 ], [ 3278243.709606293588877, 2323102.648600477725267 ], [ 3278277.424652834422886, 2323083.954295545816422 ], [ 3278321.745186060667038, 2323072.159114061389118 ], [ 3278336.589947586413473, 2323068.208145585842431 ], [ 3278354.758539133239537, 2323097.253755199722946 ], [ 3278370.165950655471534, 2323100.703410450834781 ], [ 3278386.614342593587935, 2323104.376565601211041 ], [ 3278454.618852917570621, 2323076.690285108517855 ], [ 3278476.122558616101742, 2323067.929443270433694 ], [ 3278499.000403036363423, 2323125.669738580007106 ], [ 3278561.421067578718066, 2323142.749694719910622 ], [ 3278581.173142428509891, 2323119.327858293429017 ], [ 3278603.548882225528359, 2323126.051967332139611 ], [ 3278637.63864075858146, 2323136.284419117029756 ], [ 3278693.302508951164782, 2323136.079551018774509 ], [ 3278731.526767422445118, 2323135.937045260332525 ], [ 3278725.359544311650097, 2323127.580295422114432 ], [ 3278715.933569331187755, 2323114.812019222881645 ], [ 3278628.032881317194551, 2322995.665547434706241 ], [ 3278719.395703156013042, 2322963.541656006593257 ], [ 3278813.771730159409344, 2322949.693730387836695 ], [ 3278839.188691086135805, 2322932.179926766082644 ], [ 3278876.485347458627075, 2322906.48575996235013 ], [ 3278973.027215801179409, 2322889.569501347839832 ], [ 3279008.888963629491627, 2322813.479648686945438 ], [ 3278976.987621624954045, 2322782.5985201834701 ], [ 3278968.689397042617202, 2322731.923747883178294 ], [ 3278929.545942914206535, 2322738.782467263750732 ], [ 3278909.134298504330218, 2322720.571870605461299 ], [ 3278891.82171574793756, 2322705.116264247335494 ], [ 3278832.187849191948771, 2322734.358970131725073 ], [ 3278734.491647898685187, 2322695.096848455257714 ], [ 3278765.529213476926088, 2322619.283927660435438 ], [ 3278802.131268475204706, 2322600.003145486582071 ] ] ], [ [ [ 3279453.751235235948116, 2325014.458560082130134 ], [ 3279459.373116753064096, 2325010.317442576400936 ], [ 3279475.652928914409131, 2325000.635197828523815 ], [ 3279489.544875581748784, 2324992.416617841925472 ], [ 3279499.031375932507217, 2324979.723564856220037 ], [ 3279498.713739287108183, 2324977.536546376068145 ], [ 3279497.235429586842656, 2324967.272255981806666 ], [ 3279522.158857872709632, 2324946.130511830560863 ], [ 3279513.547314775642008, 2324930.408443250693381 ], [ 3279512.471575299277902, 2324928.486189916264266 ], [ 3279510.584866261575371, 2324925.143272174056619 ], [ 3279512.971592778339982, 2324920.513685938902199 ], [ 3279520.311969308182597, 2324913.980993904173374 ], [ 3279528.49849488446489, 2324906.23450907273218 ], [ 3279537.973547560162842, 2324893.533339689485729 ], [ 3279541.743830076418817, 2324887.626237612683326 ], [ 3279550.083217908162624, 2324877.468229381367564 ], [ 3279553.200451975222677, 2324875.44041521474719 ], [ 3279556.471410941332579, 2324873.669804218225181 ], [ 3279559.855030401144177, 2324872.153444183990359 ], [ 3279563.354541823267937, 2324870.911064560990781 ], [ 3279565.268303610384464, 2324870.393058440182358 ], [ 3279566.940358705818653, 2324869.947849737014621 ], [ 3279570.58289454691112, 2324869.268984061665833 ], [ 3279574.264040753711015, 2324868.887788519728929 ], [ 3279577.970703650731593, 2324868.786261762492359 ], [ 3279580.088110824115574, 2324868.892182043753564 ], [ 3279581.653572421520948, 2324868.973044388927519 ], [ 3279583.458454328589141, 2324869.214910670183599 ], [ 3279585.31426279945299, 2324869.458001100923866 ], [ 3279586.76572271855548, 2324869.771944643929601 ], [ 3279588.93143470864743, 2324870.234723407775164 ], [ 3279592.175124964676797, 2324871.208812200464308 ], [ 3279592.462408006191254, 2324871.29039431642741 ], [ 3279595.895704782102257, 2324872.616877188440412 ], [ 3279599.221462882123888, 2324874.215900140814483 ], [ 3279600.614024247974157, 2324875.037409134209156 ], [ 3279602.397002172656357, 2324876.074646171182394 ], [ 3279614.231305816210806, 2324875.299877118319273 ], [ 3279615.201104804873466, 2324879.30070693930611 ], [ 3279621.366987585090101, 2324908.521749787498266 ], [ 3279623.569073746912181, 2324917.258800434414297 ], [ 3279646.573818574659526, 2324912.771090189926326 ], [ 3279647.471128462813795, 2324924.009890442714095 ], [ 3279648.346155370119959, 2324934.98875215370208 ], [ 3279652.44271867768839, 2324937.081877418793738 ], [ 3279656.695642229635268, 2324937.280400141142309 ], [ 3279662.478629959281534, 2324932.512361025437713 ], [ 3279664.042415596544743, 2324933.202389346435666 ], [ 3279665.519225190393627, 2324933.856918998993933 ], [ 3279671.574596447404474, 2324939.361513310112059 ], [ 3279674.823825039900839, 2324944.891018177848309 ], [ 3279677.257438041269779, 2324951.882661177776754 ], [ 3279678.36749081639573, 2324955.067383813671768 ], [ 3279683.111299064941704, 2324969.721759342122823 ], [ 3279687.411313833668828, 2324984.453900602180511 ], [ 3279688.880775300785899, 2324984.196411484852433 ], [ 3279690.596790729090571, 2324983.895719546824694 ], [ 3279694.095523167867213, 2324982.338897889945656 ], [ 3279696.67699291696772, 2324976.792335020378232 ], [ 3279698.604041463695467, 2324972.63907363684848 ], [ 3279709.720122798345983, 2324965.992788724601269 ], [ 3279714.146570212673396, 2324964.029860822483897 ], [ 3279718.45951924752444, 2324962.117264835629612 ], [ 3279739.580509083345532, 2324962.17102286638692 ], [ 3279756.448575930669904, 2324962.026259032078087 ], [ 3279766.244848430156708, 2324964.541354454122484 ], [ 3279778.041630895808339, 2324982.181371992919594 ], [ 3279777.450304007157683, 2324988.109849722124636 ], [ 3279776.798296540509909, 2324994.596944209188223 ], [ 3279778.142611025832593, 2325002.804393269121647 ], [ 3279785.788943291176111, 2325012.261869475245476 ], [ 3279801.329494309145957, 2325024.0806351788342 ], [ 3279802.69585844501853, 2325026.662314851302654 ], [ 3279848.49778898479417, 2325037.603002172894776 ], [ 3279853.019519574940205, 2325035.044960137922317 ], [ 3279860.165819438640028, 2325030.981802988797426 ], [ 3279868.100938546471298, 2325025.045146512798965 ], [ 3279879.193628755863756, 2325017.946340405847877 ], [ 3279896.250581052154303, 2325004.089227860793471 ], [ 3279936.141792296431959, 2324968.908699725288898 ], [ 3279938.526061008684337, 2324966.370026477146894 ], [ 3279952.617438409011811, 2324951.378487213049084 ], [ 3279956.601013508625329, 2324946.773564960807562 ], [ 3279963.834736109245569, 2324938.412730465177447 ], [ 3279966.913491655141115, 2324934.849214709363878 ], [ 3279967.979842716827989, 2324933.617141291033477 ], [ 3279979.908743829932064, 2324942.648960351478308 ], [ 3279988.897786918561906, 2324932.245283986441791 ], [ 3279997.931438249535859, 2324918.769152981229126 ], [ 3280008.913376163691282, 2324902.384249089285731 ], [ 3280021.374136629980057, 2324876.383946555666625 ], [ 3280030.460344178602099, 2324848.610504092182964 ], [ 3280033.855621133930981, 2324832.732981407083571 ], [ 3280050.706316514872015, 2324816.253389533609152 ], [ 3280053.634022751823068, 2324822.793127376586199 ], [ 3280054.001420818269253, 2324823.611611691769212 ], [ 3280055.533543227240443, 2324830.426325702108443 ], [ 3280054.981784671545029, 2324833.313651735894382 ], [ 3280053.955109253060073, 2324838.628336342517287 ], [ 3280052.341067087370902, 2324842.462880652863532 ], [ 3280050.35492701176554, 2324847.184596543665975 ], [ 3280050.604107880499214, 2324856.324704619590193 ], [ 3280051.670905302744359, 2324860.298384201712906 ], [ 3280066.557844580616802, 2324858.897499323356897 ], [ 3280098.068754417821765, 2324855.923303696326911 ], [ 3280103.778945097699761, 2324842.41052829939872 ], [ 3280104.255815207026899, 2324835.101734074298292 ], [ 3280150.789403934963048, 2324841.094271933659911 ], [ 3280184.140072369016707, 2324845.388326173648238 ], [ 3280189.780344577971846, 2324823.272339242510498 ], [ 3280198.676626254338771, 2324786.348497727420181 ], [ 3280207.550828733947128, 2324764.589342838618904 ], [ 3280225.583356140181422, 2324737.795568072237074 ], [ 3280236.751846379600465, 2324724.097694761585444 ], [ 3280248.807232040446252, 2324709.310834683477879 ], [ 3280281.146797142922878, 2324681.725289899390191 ], [ 3280299.560357412323356, 2324671.070819003507495 ], [ 3280315.722813729196787, 2324661.724079030565917 ], [ 3280337.655586033128202, 2324650.442870053462684 ], [ 3280350.389238986186683, 2324647.663802771829069 ], [ 3280365.716996842995286, 2324644.308448600117117 ], [ 3280381.019247326534241, 2324643.646726933773607 ], [ 3280382.701785095501691, 2324643.575178413651884 ], [ 3280384.101717654149979, 2324643.512554456945509 ], [ 3280403.666172878816724, 2324642.672328321263194 ], [ 3280423.201043870300055, 2324641.83729236619547 ], [ 3280426.670868964400142, 2324641.838208897504956 ], [ 3280432.583399270195514, 2324641.948970131576061 ], [ 3280433.141979006119072, 2324641.952578888274729 ], [ 3280435.017811310477555, 2324573.684655526652932 ], [ 3280435.085164054296911, 2324571.308427139185369 ], [ 3280435.141813155263662, 2324569.238506908528507 ], [ 3280436.089410464745015, 2324534.884689476341009 ], [ 3280439.685901468619704, 2324531.260963886976242 ], [ 3280443.117629324551672, 2324527.808175357524306 ], [ 3280450.951381887309253, 2324528.871092531830072 ], [ 3280508.903051465284079, 2324536.750027164816856 ], [ 3280534.925045863725245, 2324542.135567044839263 ], [ 3280554.915420855861157, 2324545.320472503546625 ], [ 3280575.155417073983699, 2324548.542830470949411 ], [ 3280576.720954224932939, 2324550.977985633071512 ], [ 3280577.512693081982434, 2324552.219360938761383 ], [ 3280613.850812701508403, 2324559.887016521766782 ], [ 3280696.083861808758229, 2324579.99179720133543 ], [ 3280695.76675072312355, 2324583.568621926009655 ], [ 3280695.658298215828836, 2324584.764761043712497 ], [ 3280724.237836415879428, 2324591.518720097374171 ], [ 3280750.052512986119837, 2324597.620558935217559 ], [ 3280731.360789914149791, 2324527.598342468496412 ], [ 3280808.352520598564297, 2324558.566348006483167 ], [ 3280877.679454975761473, 2324585.600493434350938 ], [ 3280870.077751562464982, 2324576.66282672714442 ], [ 3280867.408313545398414, 2324574.177528847474605 ], [ 3280864.949719918426126, 2324571.492927138693631 ], [ 3280864.28178035421297, 2324570.635769726708531 ], [ 3280862.713448617607355, 2324568.617158366832882 ], [ 3280860.704346585553139, 2324565.579816495999694 ], [ 3280858.933891758788377, 2324562.389038305729628 ], [ 3280858.10600413987413, 2324560.555279398802668 ], [ 3280857.426655625458807, 2324559.070962001569569 ], [ 3280851.297635135240853, 2324548.718439830932766 ], [ 3280828.189695316366851, 2324538.144124876242131 ], [ 3280805.034399578347802, 2324527.466488117352128 ], [ 3280772.886922892648727, 2324511.626222606282681 ], [ 3280767.045305106788874, 2324509.037100307643414 ], [ 3280760.811486219987273, 2324506.283295505680144 ], [ 3280754.315122941043228, 2324503.413126135244966 ], [ 3280743.102819611784071, 2324498.44665974797681 ], [ 3280739.654304566793144, 2324494.301714405417442 ], [ 3280718.797226615250111, 2324484.895820677280426 ], [ 3280714.273348627146333, 2324482.857204313855618 ], [ 3280695.533261555247009, 2324473.121002626139671 ], [ 3280694.895009184256196, 2324472.81677005533129 ], [ 3280689.669195942115039, 2324470.332863979041576 ], [ 3280678.837758607231081, 2324464.284903771709651 ], [ 3280672.364215241745114, 2324462.669060984626412 ], [ 3280669.888419207185507, 2324462.047467100899667 ], [ 3280665.512407026719302, 2324460.601958169601858 ], [ 3280654.777531955391169, 2324457.063867811113596 ], [ 3280650.005859985947609, 2324453.140600668266416 ], [ 3280643.590281918644905, 2324450.763672392815351 ], [ 3280642.247705357149243, 2324449.689840767532587 ], [ 3280640.659246167168021, 2324448.41554339742288 ], [ 3280632.227454170584679, 2324447.355900740716606 ], [ 3280627.553959157317877, 2324445.952366609126329 ], [ 3280622.207481327001005, 2324442.545866694767028 ], [ 3280616.204979724250734, 2324438.726623694878072 ], [ 3280607.304111670237035, 2324436.785133756697178 ], [ 3280602.023142176680267, 2324431.672486281488091 ], [ 3280594.200819289311767, 2324432.413839483633637 ], [ 3280593.829541535582393, 2324435.96970968041569 ], [ 3280584.343321407213807, 2324437.763668502215296 ], [ 3280581.746146140620112, 2324438.259299240075052 ], [ 3280580.496869848109782, 2324438.498475027736276 ], [ 3280573.457106640562415, 2324437.265982500743121 ], [ 3280559.620569253806025, 2324434.859903806354851 ], [ 3280551.892569496296346, 2324433.575485180132091 ], [ 3280540.814602402038872, 2324431.721160908229649 ], [ 3280524.393282463774085, 2324428.895254316739738 ], [ 3280518.868503231555223, 2324428.178707994520664 ], [ 3280515.913968086708337, 2324427.793213775381446 ], [ 3280536.42334109544754, 2324412.03270060243085 ], [ 3280542.692165650893003, 2324403.91213096678257 ], [ 3280545.51160513330251, 2324400.871066768653691 ], [ 3280547.045748194679618, 2324399.212036148644984 ], [ 3280562.353542611002922, 2324394.185895428061485 ], [ 3280565.174894987605512, 2324392.829021433368325 ], [ 3280567.37603461323306, 2324391.773619246669114 ], [ 3280583.024276897776872, 2324384.242234547622502 ], [ 3280583.435429523698986, 2324384.089016639627516 ], [ 3280583.895893495064229, 2324383.927159136626869 ], [ 3280622.453088217414916, 2324365.065517770126462 ], [ 3280632.996815032791346, 2324360.498622710350901 ], [ 3280629.118670231662691, 2324351.314501815941185 ], [ 3280627.189460618421435, 2324346.720713533461094 ], [ 3280616.313477628398687, 2324351.427002689801157 ], [ 3280578.414323802571744, 2324369.97039602836594 ], [ 3280575.914224379230291, 2324369.819858034141362 ], [ 3280553.674906216096133, 2324352.903311514761299 ], [ 3280535.516615075059235, 2324356.754496107343584 ], [ 3280517.126015503890812, 2324359.063342994078994 ], [ 3280508.556886269245297, 2324360.13850300386548 ], [ 3280495.905088597442955, 2324360.630064482335001 ], [ 3280483.889155134558678, 2324361.101550666149706 ], [ 3280458.882164316717535, 2324364.143449482508004 ], [ 3280409.868230804800987, 2324368.032665209379047 ], [ 3280396.631307817064226, 2324367.429334159009159 ], [ 3280379.440364645794034, 2324366.656226394698024 ], [ 3280348.797625818289816, 2324363.967800057027489 ], [ 3280316.086028716526926, 2324365.000777391251177 ], [ 3280314.739915537647903, 2324365.206186457537115 ], [ 3280285.978429638314992, 2324369.606182867661119 ], [ 3280279.940214923582971, 2324368.604147914331406 ], [ 3280272.182638568803668, 2324367.324942116625607 ], [ 3280256.135093815159053, 2324364.79892755439505 ], [ 3280243.940150848589838, 2324362.876514882780612 ], [ 3280236.469423450529575, 2324361.242621386423707 ], [ 3280228.617805399466306, 2324359.513100973330438 ], [ 3280215.929938837420195, 2324351.669587967451662 ], [ 3280211.702989261597395, 2324347.417503006756306 ], [ 3280186.726470066234469, 2324350.149748334195465 ], [ 3280163.50253571011126, 2324332.238822964951396 ], [ 3280159.463480273261666, 2324307.577123988885432 ], [ 3280166.096107742283493, 2324286.129647024907172 ], [ 3280166.180393831338733, 2324255.671623819507658 ], [ 3280164.856117267627269, 2324237.302827185485512 ], [ 3280159.504321536980569, 2324194.280481300316751 ], [ 3280176.236045801080763, 2324182.895828654523939 ], [ 3280186.689241452142596, 2324164.148032140452415 ], [ 3280195.291699446272105, 2324123.754659337457269 ], [ 3280226.547049716114998, 2324108.130689455196261 ], [ 3280262.806733547709882, 2324094.877217400819063 ], [ 3280261.214329360984266, 2324087.32217336492613 ], [ 3280259.644952222704887, 2324083.314799984917045 ], [ 3280257.76557738147676, 2324078.529627175070345 ], [ 3280250.635431271977723, 2324063.674444545060396 ], [ 3280247.079721781425178, 2324050.202241937629879 ], [ 3280249.28415826940909, 2324039.069565054029226 ], [ 3280253.559433280956, 2324028.25395976100117 ], [ 3280254.579014448449016, 2324024.939674434252083 ], [ 3280257.067311424762011, 2324016.903060699347407 ], [ 3280263.188696460798383, 2324005.094257280230522 ], [ 3280266.99363483954221, 2324002.743081766646355 ], [ 3280269.279539796058089, 2324001.337949848268181 ], [ 3280275.157130183186382, 2323996.279507998842746 ], [ 3280282.784062117803842, 2323989.575071517843753 ], [ 3280289.090104524977505, 2323991.159353857859969 ], [ 3280296.142206639051437, 2323993.272523594088852 ], [ 3280305.371772265993059, 2323996.353834081441164 ], [ 3280319.060948653146625, 2323997.984043401665986 ], [ 3280325.744557074271142, 2323999.086120566353202 ], [ 3280332.856752706691623, 2324000.265322952531278 ], [ 3280337.422990342602134, 2323999.465289728716016 ], [ 3280344.067984879016876, 2323994.942152701318264 ], [ 3280351.782150814775378, 2323992.920835969503969 ], [ 3280363.305344842374325, 2323993.591050025075674 ], [ 3280377.955780358053744, 2324001.09074297407642 ], [ 3280384.777916530612856, 2324003.782041529659182 ], [ 3280394.452323418110609, 2324007.597241735551506 ], [ 3280412.911463213618845, 2324013.759887193795294 ], [ 3280434.838413469493389, 2324020.654458266682923 ], [ 3280443.854731526225805, 2324022.433650343678892 ], [ 3280449.500005232170224, 2324024.133716370910406 ], [ 3280756.768102320376784, 2324112.458884463645518 ], [ 3280778.002171104308218, 2324119.211107005830854 ], [ 3280793.230552584398538, 2324128.629008560907096 ], [ 3280814.049778509885073, 2324147.529673026874661 ], [ 3280860.710116720758379, 2324157.082868951372802 ], [ 3280873.076448768377304, 2324160.609165946021676 ], [ 3280885.198177242651582, 2324164.066694389097393 ], [ 3280906.057617112062871, 2324168.469435844570398 ], [ 3280917.77353727677837, 2324176.077435948885977 ], [ 3280942.884374061599374, 2324196.651546644512564 ], [ 3280958.535939408931881, 2324202.768371910788119 ], [ 3280978.606401115655899, 2324207.30935828294605 ], [ 3280989.672449960839003, 2324215.843037470243871 ], [ 3280996.434066398534924, 2324213.704545803833753 ], [ 3281001.161587044596672, 2324212.216703402809799 ], [ 3281009.642140014097095, 2324209.919130489695817 ], [ 3281023.579283162485808, 2324216.34647641889751 ], [ 3281034.240854492876679, 2324227.366171934176236 ], [ 3281039.242288956418633, 2324233.745535542722791 ], [ 3281040.345707982778549, 2324235.15555524546653 ], [ 3281047.13097907602787, 2324233.966806711629033 ], [ 3281053.649968091398478, 2324232.824710433371365 ], [ 3281061.898071517702192, 2324230.222847118042409 ], [ 3281065.139108555391431, 2324229.198387937154621 ], [ 3281078.817764479201287, 2324234.047400258947164 ], [ 3281090.792187009006739, 2324243.233763570897281 ], [ 3281095.387490161694586, 2324245.584619258996099 ], [ 3281101.490414428524673, 2324227.406436088494956 ], [ 3281137.567371420096606, 2324262.346418318804353 ], [ 3281150.368088685907423, 2324270.383407397661358 ], [ 3281155.965634364169091, 2324273.898172956425697 ], [ 3281155.999657076783478, 2324274.663435807451606 ], [ 3281163.133923413231969, 2324272.632186346221715 ], [ 3281170.175494144670665, 2324273.813695396762341 ], [ 3281178.445317467674613, 2324277.601077151019126 ], [ 3281184.890032441355288, 2324282.509872766211629 ], [ 3281186.82429108582437, 2324289.426591486670077 ], [ 3281186.45834439015016, 2324292.829288249835372 ], [ 3281186.025073122698814, 2324296.812049825210124 ], [ 3281187.168326139450073, 2324300.447581119835377 ], [ 3281187.702456749975681, 2324302.160291385371238 ], [ 3281194.871658571995795, 2324304.12110819388181 ], [ 3281202.692476224154234, 2324302.750953823328018 ], [ 3281213.264881227631122, 2324300.898741884157062 ], [ 3281220.329578050877899, 2324302.035613021347672 ], [ 3281236.012467987369746, 2324304.56487547326833 ], [ 3281246.949410466477275, 2324309.894243760500103 ], [ 3281255.146121020428836, 2324318.128974765073508 ], [ 3281270.383036567829549, 2324322.705023793969303 ], [ 3281293.560737613588572, 2324325.900063083972782 ], [ 3281308.124005803838372, 2324328.71681843791157 ], [ 3281318.461245328187943, 2324322.207452642265707 ], [ 3281329.478324782568961, 2324307.521740870550275 ], [ 3281331.886376996990293, 2324304.136753639671952 ], [ 3281342.02164159109816, 2324289.889669798314571 ], [ 3281350.415683873929083, 2324279.692124053370208 ], [ 3281365.017095671035349, 2324266.387728517409414 ], [ 3281381.397552236448973, 2324276.273648416157812 ], [ 3281497.193361373152584, 2324159.919798051007092 ], [ 3281413.280174518935382, 2324124.105344037525356 ], [ 3281407.465151800308377, 2324120.811316133476794 ], [ 3281430.186790210194886, 2324097.743054673075676 ], [ 3281466.410343292169273, 2324005.964242013171315 ], [ 3281483.615092933177948, 2323954.535896657500416 ], [ 3281487.384502460248768, 2323925.391178074292839 ], [ 3281491.103091457858682, 2323913.343961582984775 ], [ 3281569.961860370822251, 2323908.073487182613462 ], [ 3281598.604305291548371, 2323891.67021013610065 ], [ 3281645.203774513211101, 2323880.655355104245245 ], [ 3281677.05019066715613, 2323866.532188225071877 ], [ 3281733.325536794029176, 2323862.376820428296924 ], [ 3281763.770740299485624, 2323857.043453277088702 ], [ 3281789.135479383170605, 2323855.441417567897588 ], [ 3281803.827820531092584, 2323875.648980591446161 ], [ 3281786.675343040376902, 2323909.989500460214913 ], [ 3281780.545892632566392, 2323959.477447868324816 ], [ 3281753.98602190008387, 2324000.925418247934431 ], [ 3281751.083615224808455, 2324003.646041517145932 ], [ 3281742.269356810487807, 2324011.897697598207742 ], [ 3281701.709925683680922, 2324049.8821333758533 ], [ 3281646.989437046926469, 2324101.134333168156445 ], [ 3281646.409603924490511, 2324101.682405681349337 ], [ 3281645.898976599797606, 2324102.15746876783669 ], [ 3281652.309380041435361, 2324141.300251066219062 ], [ 3281613.641851868014783, 2324134.648865011520684 ], [ 3281579.60606474801898, 2324168.111495056189597 ], [ 3281724.722524093464017, 2324195.91375193092972 ], [ 3281829.331010345369577, 2324218.40198521129787 ], [ 3281917.583430657628924, 2324245.896765843033791 ], [ 3282000.834257977083325, 2324321.525258031208068 ], [ 3282008.700379320420325, 2324369.55603161174804 ], [ 3282065.404698590282351, 2324361.763798402622342 ], [ 3282110.543036866001785, 2324388.226537410635501 ], [ 3282061.771519123576581, 2324418.252739262301475 ], [ 3282087.944959796965122, 2324512.46496808854863 ], [ 3282169.769500233232975, 2324474.507442681584507 ], [ 3282191.224244840443134, 2324513.703928302973509 ], [ 3282229.825756588019431, 2324513.385578422807157 ], [ 3282276.323035513050854, 2324511.349236922338605 ], [ 3282274.92040350381285, 2324504.085711095947772 ], [ 3282275.097958249971271, 2324501.081357783637941 ], [ 3282276.789959236979485, 2324472.138258735649288 ], [ 3282297.120434098411351, 2324450.514130542986095 ], [ 3282306.04929883684963, 2324434.104077239520848 ], [ 3282308.861447425093502, 2324428.974006938748062 ], [ 3282310.440066651441157, 2324426.099687550216913 ], [ 3282312.395147252827883, 2324422.550565984100103 ], [ 3282317.225122418254614, 2324413.758908644318581 ], [ 3282318.148166539613158, 2324412.085223017260432 ], [ 3282319.328816276974976, 2324409.940212506335229 ], [ 3282320.963549263309687, 2324406.974883864168078 ], [ 3282324.964992017485201, 2324403.09773782081902 ], [ 3282334.040230951271951, 2324394.333644437603652 ], [ 3282343.797499482519925, 2324384.902110850438476 ], [ 3282365.178213106002659, 2324369.071005078032613 ], [ 3282372.738511502742767, 2324344.985601992812008 ], [ 3282366.950047218706459, 2324321.472857167944312 ], [ 3282365.517642713617533, 2324317.248688152991235 ], [ 3282359.494524913374335, 2324299.55102874385193 ], [ 3282355.303326042369008, 2324285.977112723514438 ], [ 3282341.681397386360914, 2324241.765583970583975 ], [ 3282338.978630784433335, 2324231.766727082431316 ], [ 3282338.180163715966046, 2324228.811583374626935 ], [ 3282336.802679100539535, 2324223.745694375596941 ], [ 3282331.138594061601907, 2324202.788663750980049 ], [ 3282323.830621533095837, 2324180.404657272621989 ], [ 3282316.126571424305439, 2324160.434125601314008 ], [ 3282309.83187307137996, 2324144.113387258723378 ], [ 3282308.142876718658954, 2324138.817936508450657 ], [ 3282300.740460841916502, 2324115.547347407788038 ], [ 3282286.484526343643665, 2324084.314042949583381 ], [ 3282285.805195001885295, 2324082.829725784249604 ], [ 3282284.918493284378201, 2324080.884502900764346 ], [ 3282281.259450047276914, 2324072.108514882624149 ], [ 3282276.833332410547882, 2324061.498267732560635 ], [ 3282274.982556452043355, 2324057.073406983166933 ], [ 3282273.796063581481576, 2324054.226827443577349 ], [ 3282262.310074105858803, 2324034.827468754723668 ], [ 3282260.373949045781046, 2324031.554087294265628 ], [ 3282251.898106249980628, 2324019.136641263496131 ], [ 3282252.591785832308233, 2324018.41642170958221 ], [ 3282255.242770689539611, 2324012.178077490068972 ], [ 3282258.783568152226508, 2324003.815236028283834 ], [ 3282258.340178559534252, 2324003.152132614515722 ], [ 3282254.999913688283414, 2323997.313840080052614 ], [ 3282254.054887953214347, 2323995.074407717213035 ], [ 3282252.362344046588987, 2323991.058176253456622 ], [ 3282251.397414824925363, 2323987.705998008605093 ], [ 3282250.495998020749539, 2323984.555793197825551 ], [ 3282250.162192755378783, 2323982.88917978014797 ], [ 3282249.852789227385074, 2323981.309620003215969 ], [ 3282249.410399022977799, 2323977.926793568767607 ], [ 3282249.2796168201603, 2323975.331630538217723 ], [ 3282249.107251903042197, 2323971.739142547361553 ], [ 3282249.069578344002366, 2323970.517886307090521 ], [ 3282249.139115083497018, 2323969.145931568462402 ], [ 3282249.381561241578311, 2323964.679123144596815 ], [ 3282250.501584664452821, 2323958.942356607411057 ], [ 3282252.424293453339487, 2323953.460738377645612 ], [ 3282254.150449831970036, 2323950.124244241043925 ], [ 3282255.128347306512296, 2323948.227859214413911 ], [ 3282256.456106325611472, 2323946.361516813747585 ], [ 3282258.51121265348047, 2323943.484926535747945 ], [ 3282262.543302163481712, 2323939.237123279832304 ], [ 3282267.124036849942058, 2323935.613691187463701 ], [ 3282272.171116680838168, 2323932.669637070968747 ], [ 3282277.582516768015921, 2323930.463422922417521 ], [ 3282280.691473604179919, 2323929.685432410798967 ], [ 3282283.244734332896769, 2323929.045373701024801 ], [ 3282286.469067814294249, 2323928.72410835698247 ], [ 3282289.003201437182724, 2323928.462860152125359 ], [ 3282290.713398711755872, 2323928.498154380824417 ], [ 3282293.514415425248444, 2323928.565616177860647 ], [ 3282304.65669019985944, 2323931.555686975829303 ], [ 3282317.394746649079025, 2323937.90920049091801 ], [ 3282328.529986585024744, 2323944.015807291027158 ], [ 3282333.843573827296495, 2323935.636722412891686 ], [ 3282335.76273341383785, 2323932.611442151479423 ], [ 3282365.374757387675345, 2323899.082221780903637 ], [ 3282391.691202167887241, 2323876.714210892561823 ], [ 3282393.891367713455111, 2323874.847271168604493 ], [ 3282394.475715466775, 2323874.450633506756276 ], [ 3282395.353044835384935, 2323873.860609310213476 ], [ 3282404.904874884989113, 2323867.448535338509828 ], [ 3282415.813062933273613, 2323864.238892401568592 ], [ 3282448.607870378997177, 2323856.525707915425301 ], [ 3282450.355477140285075, 2323856.107962912414223 ], [ 3282469.325451465323567, 2323851.760162467136979 ], [ 3282483.924072470515966, 2323848.41147403139621 ], [ 3282507.73012929270044, 2323841.379869011230767 ], [ 3282525.808997815940529, 2323834.31642990745604 ], [ 3282546.986015560105443, 2323819.16055021667853 ], [ 3282551.376576463226229, 2323813.632289241068065 ], [ 3282549.163473905064166, 2323813.066077816300094 ], [ 3282546.439818866085261, 2323812.355903829447925 ], [ 3282543.463310759980232, 2323811.588545482140034 ], [ 3282536.619277067482471, 2323811.427607372868806 ], [ 3282530.228565917350352, 2323807.777693606447428 ], [ 3282528.518105247057974, 2323806.068094566930085 ], [ 3282526.153915069997311, 2323803.711941001936793 ], [ 3282524.733878707978874, 2323799.191341670230031 ], [ 3282526.962093290407211, 2323791.981897391844541 ], [ 3282529.688790551852435, 2323785.710037908516824 ], [ 3282530.151026968844235, 2323776.080246325116605 ], [ 3282531.304304162040353, 2323760.200303867459297 ], [ 3282538.152889484539628, 2323737.528515386395156 ], [ 3282538.611317416653037, 2323733.389205916319042 ], [ 3282539.50921503873542, 2323725.428481522016227 ], [ 3282540.927693595178425, 2323712.840628739446402 ], [ 3282543.653970709536225, 2323699.06983239017427 ], [ 3282548.203273099381477, 2323676.110780650749803 ], [ 3282545.741991598624736, 2323667.338107659481466 ], [ 3282544.670128646772355, 2323664.6338159609586 ], [ 3282542.836390513461083, 2323660.003030681982636 ], [ 3282543.348813469521701, 2323655.945594157092273 ], [ 3282544.024222648702562, 2323650.591169178951532 ], [ 3282544.784823120571673, 2323647.677520918659866 ], [ 3282545.98217835277319, 2323643.094209715723991 ], [ 3282549.031044951640069, 2323631.479076256975532 ], [ 3282550.947428372688591, 2323624.161908384878188 ], [ 3282541.098994557745755, 2323621.452522017527372 ], [ 3282538.091453771106899, 2323620.61956405825913 ], [ 3282501.912462727166712, 2323607.605473041534424 ], [ 3282441.663042084313929, 2323589.786527252290398 ], [ 3282439.438371246680617, 2323598.070979698095471 ], [ 3282437.577338283881545, 2323604.982706586830318 ], [ 3282400.312216878868639, 2323593.204111269209534 ], [ 3282396.841902306303382, 2323605.715033055283129 ], [ 3282393.66372412070632, 2323615.982919591013342 ], [ 3282391.981410199310631, 2323620.082924387883395 ], [ 3282390.825207523535937, 2323622.873069940600544 ], [ 3282389.018423510249704, 2323628.009630669374019 ], [ 3282388.490187351126224, 2323629.492370465770364 ], [ 3282381.923919169232249, 2323632.82427274947986 ], [ 3282372.957760663237423, 2323638.352372316643596 ], [ 3282361.847710972186178, 2323644.418371773324907 ], [ 3282359.595672938041389, 2323647.207669575233012 ], [ 3282358.415240538306534, 2323648.672735138330609 ], [ 3282357.681593842338771, 2323649.582605069503188 ], [ 3282337.701820193324238, 2323670.191130941733718 ], [ 3282328.782942112535238, 2323675.264469863846898 ], [ 3282315.121592705138028, 2323683.035683368332684 ], [ 3282312.918433323036879, 2323678.317394190002233 ], [ 3282311.169288442004472, 2323674.574920345563442 ], [ 3282305.699213572777808, 2323682.494309104979038 ], [ 3282300.997649765573442, 2323692.318736437708139 ], [ 3282299.494058882351965, 2323695.961247267201543 ], [ 3282296.754863155074418, 2323702.590474725235254 ], [ 3282296.422778601758182, 2323706.200284120161086 ], [ 3282291.62036297749728, 2323706.239857573062181 ], [ 3282268.353568635880947, 2323700.766622795257717 ], [ 3282267.615846174769104, 2323703.138455101288855 ], [ 3282266.62773873610422, 2323706.335507763084024 ], [ 3282265.351662744767964, 2323708.517511633224785 ], [ 3282264.052461264654994, 2323710.744156647473574 ], [ 3282260.488123989664018, 2323711.033647448755801 ], [ 3282260.270844258833677, 2323724.141744090244174 ], [ 3282259.774244614411145, 2323754.935205447487533 ], [ 3282234.309336490929127, 2323754.129295784514397 ], [ 3282232.996512762270868, 2323773.619311666116118 ], [ 3282231.325957286171615, 2323779.401767326518893 ], [ 3282231.033760949969292, 2323784.618054938968271 ], [ 3282230.92162604816258, 2323786.535289758816361 ], [ 3282227.76054490590468, 2323786.561343052890152 ], [ 3282226.717252115253359, 2323786.571588111575693 ], [ 3282224.954341515898705, 2323786.586117929313332 ], [ 3282223.089575754478574, 2323786.598194658756256 ], [ 3282223.113094712607563, 2323778.750017098616809 ], [ 3282221.008215898647904, 2323775.31339655071497 ], [ 3282218.476444105152041, 2323771.19048850890249 ], [ 3282209.054009439889342, 2323775.976609758567065 ], [ 3282204.358299578540027, 2323776.04823896382004 ], [ 3282198.134592505637556, 2323776.143986956682056 ], [ 3282196.008557469584048, 2323776.171388348564506 ], [ 3282162.420586737338454, 2323775.509841439314187 ], [ 3282141.236419951077551, 2323775.567575275432318 ], [ 3282105.745001630391926, 2323772.885255613829941 ], [ 3282094.006166769191623, 2323774.677734854165465 ], [ 3282087.013720532413572, 2323778.256851688027382 ], [ 3282078.294047698844224, 2323776.121027689892799 ], [ 3282076.649394504260272, 2323774.379613147582859 ], [ 3282075.125981776509434, 2323772.759026519954205 ], [ 3282070.340489809866995, 2323772.03458863357082 ], [ 3282067.074068106710911, 2323771.541282115038484 ], [ 3282061.653915249742568, 2323775.118963823188096 ], [ 3282051.265890340786427, 2323775.619480499532074 ], [ 3282043.150050275959074, 2323776.117728396318853 ], [ 3282006.399686389602721, 2323778.323881154414266 ], [ 3282001.27454290445894, 2323778.622965704649687 ], [ 3281959.031246406491846, 2323781.050595581531525 ], [ 3281953.678338817786425, 2323782.313012075610459 ], [ 3281941.407462275587022, 2323785.193187120370567 ], [ 3281936.244154079817235, 2323786.808000312652439 ], [ 3281924.237019270192832, 2323790.555260619148612 ], [ 3281917.058082249946892, 2323799.748239218257368 ], [ 3281906.113443123642355, 2323801.310309072956443 ], [ 3281904.000158959999681, 2323800.30043480778113 ], [ 3281901.425805510953069, 2323799.077049056068063 ], [ 3281902.577717285603285, 2323793.101290156599134 ], [ 3281903.281158452387899, 2323789.467002545949072 ], [ 3281907.100099090952426, 2323769.73072163015604 ], [ 3281907.20549910934642, 2323764.92260278807953 ], [ 3281907.245621367357671, 2323763.4949139081873 ], [ 3281907.519965106155723, 2323759.966237612999976 ], [ 3281907.763873228337616, 2323756.747320225927979 ], [ 3281907.941214795224369, 2323754.42290267162025 ], [ 3281908.094582361169159, 2323752.447702324949205 ], [ 3281908.486672933213413, 2323747.34582138620317 ], [ 3281911.349601313006133, 2323734.038071024231613 ], [ 3281911.440362114459276, 2323725.051719015929848 ], [ 3281912.286949826404452, 2323713.680205256212503 ], [ 3281911.795846426859498, 2323708.327136952895671 ], [ 3281911.177133690565825, 2323704.549000873696059 ], [ 3281910.329043549951166, 2323702.901445225812495 ], [ 3281908.292947256471962, 2323698.955548904836178 ], [ 3281900.130633883643895, 2323685.478602989576757 ], [ 3281906.091515191830695, 2323655.899449774995446 ], [ 3281906.164802065119147, 2323655.541594565380365 ], [ 3281906.396310400683433, 2323654.415250743273646 ], [ 3281907.152644636575133, 2323650.670227208640426 ], [ 3281907.632495271041989, 2323648.272524933330715 ], [ 3281906.138582685496658, 2323644.911539733875543 ], [ 3281903.759766804054379, 2323639.554283449426293 ], [ 3281902.506303401663899, 2323639.520169072318822 ], [ 3281902.047955636400729, 2323639.509131804574281 ], [ 3281899.501579184085131, 2323639.44781372603029 ], [ 3281898.512615873944014, 2323639.418103585485369 ], [ 3281897.776165195740759, 2323639.567406103480607 ], [ 3281874.859899438917637, 2323643.916626803576946 ], [ 3281874.795282322447747, 2323643.522043445613235 ], [ 3281874.255729508120567, 2323640.22727241832763 ], [ 3281873.666098662652075, 2323636.626699339132756 ], [ 3281873.362398481462151, 2323634.772157597355545 ], [ 3281884.069075829349458, 2323633.119863823987544 ], [ 3281889.680453203618526, 2323632.258663507178426 ], [ 3281859.061773343011737, 2323626.125094711780548 ], [ 3281857.899530019145459, 2323623.426486899144948 ], [ 3281857.199208366218954, 2323621.813932023942471 ], [ 3281858.43966156989336, 2323621.211028029676527 ], [ 3281856.988610264845192, 2323621.333297707606107 ], [ 3281856.200206390582025, 2323619.492631085216999 ], [ 3281855.699005072936416, 2323618.352573610376567 ], [ 3281858.21740293269977, 2323616.074703754857183 ], [ 3281870.512842960190028, 2323604.980847485829145 ], [ 3281868.922266342677176, 2323602.702290292829275 ], [ 3281861.825292585417628, 2323592.50919702462852 ], [ 3281877.547083424404263, 2323581.708122693002224 ], [ 3281900.69953715056181, 2323569.260380883235484 ], [ 3281919.1443034959957, 2323555.881788032595068 ], [ 3281923.192572976928204, 2323552.909734425600618 ], [ 3281928.506889051292092, 2323548.995427623856813 ], [ 3281938.531619545537978, 2323541.505997702013701 ], [ 3281945.03146944148466, 2323536.65339662740007 ], [ 3281962.795747268944979, 2323523.394033072050661 ], [ 3281963.281812117900699, 2323522.892838464584202 ], [ 3281975.061044210102409, 2323510.752930209506303 ], [ 3281983.763795325532556, 2323501.881629752926528 ], [ 3281994.772406071890146, 2323489.186689340509474 ], [ 3282001.998348110355437, 2323480.837926637381315 ], [ 3282009.899275436997414, 2323471.406912095844746 ], [ 3282027.68867981992662, 2323449.751175169367343 ], [ 3282028.06124274013564, 2323449.30030672904104 ], [ 3282042.86497025936842, 2323431.343764569610357 ], [ 3282073.641229333356023, 2323399.903984560631216 ], [ 3282060.957389567047358, 2323387.685867703985423 ], [ 3282060.778003070037812, 2323384.855687323026359 ], [ 3282060.592495675198734, 2323381.864218724425882 ], [ 3282063.131238515488803, 2323377.6040382925421 ], [ 3282067.862764389719814, 2323372.361046458594501 ], [ 3282064.351749363355339, 2323367.090501331258565 ], [ 3282063.856080668978393, 2323365.736378189176321 ], [ 3282062.22556039551273, 2323361.29324697656557 ], [ 3282063.697536733001471, 2323359.564010914415121 ], [ 3282104.919366308953613, 2323332.931031941436231 ], [ 3282104.783283582888544, 2323305.211548313498497 ], [ 3282104.769349748734385, 2323303.143895161338151 ], [ 3282104.711511879228055, 2323290.337710607796907 ], [ 3282101.290676280856133, 2323292.18507500179112 ], [ 3282087.155646438710392, 2323293.656472784467041 ], [ 3282077.776198041625321, 2323293.625111457891762 ], [ 3282075.899066840298474, 2323300.996304445434362 ], [ 3282076.897424519527704, 2323311.182043324224651 ], [ 3282075.828697266988456, 2323313.82495081378147 ], [ 3282074.283506705891341, 2323317.647252161521465 ], [ 3282070.550047604367137, 2323320.249560770578682 ], [ 3282067.216843632981181, 2323328.951452248729765 ], [ 3282029.524160656146705, 2323357.310343065299094 ], [ 3282023.144584087189287, 2323363.207337933126837 ], [ 3282007.874005163088441, 2323344.795713977422565 ], [ 3282002.020242101978511, 2323337.733535427600145 ], [ 3281921.537887080106884, 2323325.904729762114584 ], [ 3281889.169401849620044, 2323338.018454929813743 ], [ 3281825.066609277389944, 2323379.314684840384871 ], [ 3281756.246237861458212, 2323365.595453298185021 ], [ 3281761.288036131765693, 2323304.567740924656391 ], [ 3281750.004718268290162, 2323235.663695274852216 ], [ 3281698.907225791364908, 2323225.283578992355615 ], [ 3281648.053946245461702, 2323255.674157877452672 ], [ 3281652.088218266610056, 2323306.517014734912664 ], [ 3281640.783819158561528, 2323368.64184933481738 ], [ 3281630.241374691016972, 2323409.150856367312372 ], [ 3281479.282635943032801, 2323418.405630199238658 ], [ 3281242.311566402204335, 2323348.234392866492271 ], [ 3281210.119911456946284, 2323295.880387137178332 ], [ 3281132.231946123298258, 2323292.335144332144409 ], [ 3281095.341144338715822, 2323303.100465350784361 ], [ 3281014.649686305318028, 2323308.641530696302652 ], [ 3280964.656698431354016, 2323278.737329599447548 ], [ 3280902.549651232548058, 2323227.331780924461782 ], [ 3280810.730677743908018, 2323230.530063329264522 ], [ 3280796.301163301803172, 2323168.620657248888165 ], [ 3280714.596173562575132, 2323171.193857041653246 ], [ 3280654.852110540494323, 2323197.348784451838583 ], [ 3280499.486089456826448, 2323231.356854868587106 ], [ 3280314.464913871139288, 2323252.041532564908266 ], [ 3280272.401341662742198, 2323260.831753394566476 ], [ 3280256.883119333535433, 2323264.078237295150757 ], [ 3280193.97451543668285, 2323239.745476823765785 ], [ 3280209.402151959016919, 2323200.632736490573734 ], [ 3280198.26695294957608, 2323196.322535651735961 ], [ 3280180.752594031859189, 2323189.547853368334472 ], [ 3280160.662582287564874, 2323193.808441075496376 ], [ 3280108.108995186164975, 2323204.954172319266945 ], [ 3280086.527479961048812, 2323183.193657688330859 ], [ 3280069.541412140242755, 2323166.077303897589445 ], [ 3280067.44586590025574, 2323147.519061953760684 ], [ 3280063.596324753947556, 2323113.417484986595809 ], [ 3280013.480677108746022, 2323078.674612837843597 ], [ 3280017.984511879272759, 2323061.385432563722134 ], [ 3280022.798931142315269, 2323042.89515591878444 ], [ 3280024.150646940805018, 2322997.125811877194792 ], [ 3280020.791247787885368, 2322972.274229224771261 ], [ 3280019.583965128753334, 2322963.352864480111748 ], [ 3280018.133612473960966, 2322952.637362550478429 ], [ 3280018.466895387973636, 2322948.601092766970396 ], [ 3280018.846005075611174, 2322944.039264196995646 ], [ 3280020.677453727927059, 2322921.829918296076357 ], [ 3280024.677504677325487, 2322910.819094458594918 ], [ 3280028.521970632951707, 2322900.22114179097116 ], [ 3280047.068990037310869, 2322859.029650789685547 ], [ 3280070.109021462500095, 2322822.104534821119159 ], [ 3280075.939256790094078, 2322788.194605976343155 ], [ 3280076.200710135512054, 2322784.586981721688062 ], [ 3280077.131655632052571, 2322771.871264532674104 ], [ 3280138.220483342185616, 2322774.806952563580126 ], [ 3280190.547129358630627, 2322777.329472814220935 ], [ 3280193.775036164559424, 2322728.146719309035689 ], [ 3280332.814020770601928, 2322683.583779152482748 ], [ 3280430.114955633878708, 2322652.401701564434916 ], [ 3280440.921954438090324, 2322648.945670707616955 ], [ 3280450.561448250897229, 2322645.856541286688298 ], [ 3280374.993205989710987, 2322589.006126882508397 ], [ 3280191.840053161606193, 2322486.840826738160104 ], [ 3280145.613953796681017, 2322426.717158393003047 ], [ 3280185.029261298943311, 2322396.299830532167107 ], [ 3280154.638291037641466, 2322326.623365218285471 ], [ 3280159.896556276828051, 2322326.889413855969906 ], [ 3280165.440660781227052, 2322327.166271041613072 ], [ 3280182.697196180000901, 2322328.029551833868027 ], [ 3280199.907111011911184, 2322325.014482358004898 ], [ 3280214.70061250962317, 2322307.241983361076564 ], [ 3280220.071932961698622, 2322285.955077970400453 ], [ 3280219.856857627630234, 2322284.145899224560708 ], [ 3280219.353089690208435, 2322279.830108880996704 ], [ 3280218.49457573145628, 2322272.542343350593001 ], [ 3280216.883643699344248, 2322258.800622200127691 ], [ 3280218.154994734562933, 2322245.4367865039967 ], [ 3280219.201433530077338, 2322234.35496833268553 ], [ 3280239.546650292351842, 2322211.824842980131507 ], [ 3280247.203203101176769, 2322205.795303083956242 ], [ 3280266.426892810501158, 2322190.666452255100012 ], [ 3280281.900028684176505, 2322153.809162301942706 ], [ 3280279.562438569962978, 2322108.676456217654049 ], [ 3280267.579161779023707, 2322074.092405315022916 ], [ 3280249.290730427019298, 2322024.173931456170976 ], [ 3280193.890250025317073, 2321987.079062017146498 ], [ 3280154.040518166963011, 2321978.473737053573132 ], [ 3280145.384254341945052, 2321976.600957279559225 ], [ 3280110.576932187657803, 2321972.58180137258023 ], [ 3280080.095137882046402, 2321963.999529984313995 ], [ 3280079.57940327282995, 2321963.947817037347704 ], [ 3280069.524365144316107, 2321962.888364607002586 ], [ 3280063.680564287118614, 2321962.268251832574606 ], [ 3280056.350349774118513, 2321961.492498845793307 ], [ 3280050.982834097463638, 2321960.93101123906672 ], [ 3280044.056637390516698, 2321960.206249247770756 ], [ 3280031.493459535762668, 2321960.682148104533553 ], [ 3280016.40975749772042, 2321961.254612412303686 ], [ 3279991.596175014507025, 2321971.923732362221926 ], [ 3279990.842738136649132, 2321971.101859151385725 ], [ 3279971.592352265957743, 2321950.130411992780864 ], [ 3279952.407680680975318, 2321925.656694504898041 ], [ 3279949.734641904011369, 2321920.980182027444243 ], [ 3279934.674118463415653, 2321894.616971634328365 ], [ 3279931.661971936933696, 2321876.158597419969738 ], [ 3279932.321888519451022, 2321857.077196163590997 ], [ 3279932.922507906332612, 2321843.891769589856267 ], [ 3279933.418507519178092, 2321832.855660113506019 ], [ 3279924.851138751488179, 2321829.171211105771363 ], [ 3279913.809181418269873, 2321824.438753444701433 ], [ 3279906.213250595610589, 2321821.172674289904535 ], [ 3279885.339399617630988, 2321817.239286448806524 ], [ 3279849.486411651130766, 2321822.26225629914552 ], [ 3279831.711832938715816, 2321806.400343337096274 ], [ 3279827.471413366962224, 2321799.4006571425125 ], [ 3279814.380502615123987, 2321777.816917858086526 ], [ 3279808.359441410750151, 2321758.454891894944012 ], [ 3279801.841818368062377, 2321737.485221348702908 ], [ 3279798.34611756587401, 2321726.235158166848123 ], [ 3279793.369497467763722, 2321719.881979343481362 ], [ 3279790.137959345709532, 2321715.759959299117327 ], [ 3279780.813345426693559, 2321703.856750394683331 ], [ 3279779.171391327865422, 2321701.759737877175212 ], [ 3279748.883293165825307, 2321694.422231776639819 ], [ 3279728.167372311465442, 2321699.756374969147146 ], [ 3279702.76900075096637, 2321706.29648609040305 ], [ 3279686.180675221607089, 2321711.435178848914802 ], [ 3279678.891209422145039, 2321713.696588717401028 ], [ 3279674.168620302341878, 2321715.153124113101512 ], [ 3279655.824101698119193, 2321720.843050693627447 ], [ 3279634.171829690225422, 2321727.893861001823097 ], [ 3279613.810439891181886, 2321734.525716893840581 ], [ 3279593.373888622038066, 2321749.18733396101743 ], [ 3279576.458698201458901, 2321761.314130283892155 ], [ 3279546.144364200998098, 2321761.561564622446895 ], [ 3279506.223752413410693, 2321757.170101224910468 ], [ 3279493.300510087050498, 2321763.006218544207513 ], [ 3279492.157228396274149, 2321763.521098198834807 ], [ 3279465.016132390126586, 2321775.775330405682325 ], [ 3279459.072818033862859, 2321773.741892667487264 ], [ 3279433.566347709391266, 2321764.998526585754007 ], [ 3279414.239548607263714, 2321758.36896335426718 ], [ 3279392.570539436303079, 2321750.942204223480076 ], [ 3279378.747163291089237, 2321746.199905796907842 ], [ 3279355.143021477852017, 2321738.107587330974638 ], [ 3279353.828458332456648, 2321737.018716764636338 ], [ 3279353.136744002345949, 2321736.449871458113194 ], [ 3279343.446283198427409, 2321728.446579187177122 ], [ 3279327.3600187106058, 2321715.150580141693354 ], [ 3279315.708697811700404, 2321716.79618337424472 ], [ 3279305.237465041689575, 2321718.27562291175127 ], [ 3279299.565480351448059, 2321719.076575786340982 ], [ 3279294.141671230085194, 2321719.844195363111794 ], [ 3279238.53450546041131, 2321727.70955392671749 ], [ 3279225.852657537441701, 2321729.505288755055517 ], [ 3279219.002205293159932, 2321730.482282190117985 ], [ 3279214.876834617462009, 2321731.063006103038788 ], [ 3279217.395786341279745, 2321736.781264415476471 ], [ 3279217.671664573252201, 2321737.412818171083927 ], [ 3279243.726511042565107, 2321796.534206660930067 ], [ 3279249.179138732608408, 2321808.892530540004373 ], [ 3279249.80766700906679, 2321810.314696926623583 ], [ 3279251.100600436329842, 2321813.254219947382808 ], [ 3279235.501078057102859, 2321826.104521655011922 ], [ 3279100.445504575967789, 2321782.539372670464218 ], [ 3278962.725422270130366, 2321778.65172794368118 ], [ 3278962.322048698086292, 2321780.711338036227971 ], [ 3278961.846825329121202, 2321783.199589717201889 ], [ 3278955.606946527026594, 2321815.97377994004637 ], [ 3279068.725408831611276, 2321836.40983893442899 ], [ 3279151.662334236782044, 2321851.397958074696362 ], [ 3279204.552358549553901, 2321860.955029596574605 ], [ 3279226.074228247627616, 2321899.70274137146771 ], [ 3279243.452271442860365, 2321930.987363791558892 ], [ 3279217.711507706902921, 2321974.09889486990869 ], [ 3279158.25450914632529, 2321938.872269119136035 ], [ 3279110.027689636684954, 2321961.883917682804167 ], [ 3279096.016170086339116, 2321968.570442843716592 ], [ 3279096.312630624976009, 2321968.893962205387652 ], [ 3279096.944830222055316, 2321969.595004722476006 ], [ 3279188.032003045082092, 2322068.993895882740617 ], [ 3279212.557277315296233, 2322106.56596841616556 ], [ 3279311.850888113956898, 2322040.835739634931087 ], [ 3279361.366525044664741, 2322053.267312079668045 ], [ 3279387.436121410224587, 2322059.811398489400744 ], [ 3279421.413808188401163, 2322100.64897363865748 ], [ 3279434.223175289109349, 2322116.051407963968813 ], [ 3279509.331892522983253, 2322148.535958426073194 ], [ 3279583.578461488708854, 2322161.56644163839519 ], [ 3279581.236111463047564, 2322176.629981209989637 ], [ 3279577.418170330114663, 2322222.831247269175947 ], [ 3279578.71526099788025, 2322269.414958600886166 ], [ 3279621.035943245515227, 2322296.146943466737866 ], [ 3279667.263403110671788, 2322315.882648663595319 ], [ 3279669.037685846909881, 2322316.495221933815628 ], [ 3279672.018317508511245, 2322317.535739069804549 ], [ 3279715.55265078926459, 2322332.720245184842497 ], [ 3279703.704515268094838, 2322391.714069006033242 ], [ 3279726.712762252427638, 2322439.537306113168597 ], [ 3279751.431110457982868, 2322452.822851517703384 ], [ 3279771.08865122217685, 2322463.392664229962975 ], [ 3279761.99648847989738, 2322492.810425252653658 ], [ 3279717.311614339705557, 2322582.865654431749135 ], [ 3279702.226530631538481, 2322629.772645977791399 ], [ 3279687.417959934100509, 2322724.710793036501855 ], [ 3279674.269097730051726, 2322814.294565869960934 ], [ 3279676.482149749062955, 2322827.809119413606822 ], [ 3279680.913109744898975, 2322854.867822322994471 ], [ 3279677.450569211505353, 2322867.550208570435643 ], [ 3279672.215190370567143, 2322886.753585579805076 ], [ 3279646.07636904809624, 2322935.607624729629606 ], [ 3279640.405116288922727, 2322947.936234021093696 ], [ 3279634.793381269089878, 2322960.132646005600691 ], [ 3279628.350241822656244, 2322974.12880274374038 ], [ 3279636.228787783533335, 2323014.495960927102715 ], [ 3279642.189505511894822, 2323033.858572809956968 ], [ 3279644.346737916581333, 2323040.898560446687043 ], [ 3279669.674443103838712, 2323064.285841342061758 ], [ 3279701.167985602281988, 2323089.454461817163974 ], [ 3279717.698307609651238, 2323102.672714442946017 ], [ 3279711.304858398623765, 2323117.715530628338456 ], [ 3279674.301073684822768, 2323169.731652106624097 ], [ 3279645.960754260420799, 2323197.458472278434783 ], [ 3279646.550763302482665, 2323206.8228978398256 ], [ 3279649.095671262126416, 2323247.515774979721755 ], [ 3279646.166349934414029, 2323253.41745687276125 ], [ 3279645.672306118998677, 2323254.427460210863501 ], [ 3279640.334065998438746, 2323265.195909011177719 ], [ 3279634.754546154756099, 2323276.473429795820266 ], [ 3279620.561730627436191, 2323296.424393916036934 ], [ 3279611.361061437986791, 2323318.981343449093401 ], [ 3279609.883871415164322, 2323322.599059063009918 ], [ 3279606.325609236955643, 2323331.350831230171025 ], [ 3279602.750135840848088, 2323335.660922119393945 ], [ 3279545.927949188742787, 2323404.311387771740556 ], [ 3279543.036081915721297, 2323412.114300334826112 ], [ 3279323.724832628387958, 2323482.111109662801027 ], [ 3279322.890371656045318, 2323482.653086033649743 ], [ 3279319.982728557661176, 2323484.907975854817778 ], [ 3279317.242067116778344, 2323487.377153350971639 ], [ 3279314.706220886670053, 2323490.043841575272381 ], [ 3279312.383436638861895, 2323492.896447752602398 ], [ 3279310.283576651476324, 2323495.933243810199201 ], [ 3279308.429765689186752, 2323499.109586794860661 ], [ 3279306.822003759909421, 2323502.425476675853133 ], [ 3279305.475168866105378, 2323505.84786326251924 ], [ 3279304.407370012253523, 2323509.363425699993968 ], [ 3279303.605513926595449, 2323512.954162680078298 ], [ 3279303.352604414336383, 2323514.693152072839439 ], [ 3279303.084478588309139, 2323516.587023985106498 ], [ 3279302.842648477759212, 2323520.252144914120436 ], [ 3279302.894901560619473, 2323523.916475262492895 ], [ 3279306.814966222271323, 2323534.534194704145193 ], [ 3279176.330467140302062, 2323569.372318661771715 ], [ 3279072.781807956285775, 2323597.02504346659407 ], [ 3279082.313367963768542, 2323638.685878634918481 ], [ 3279091.676096549257636, 2323679.625372170470655 ], [ 3279043.524948456790298, 2323691.198393263854086 ], [ 3279034.092656584456563, 2323754.153984772972763 ], [ 3279046.819558581337333, 2323864.696341477334499 ], [ 3279003.956394189968705, 2323877.088300509378314 ], [ 3279011.09696182468906, 2323916.661690552253276 ], [ 3279004.751253050286323, 2323918.73768871743232 ], [ 3279004.130032380577177, 2323919.404674554709345 ], [ 3278981.163492861203849, 2323943.887089984491467 ], [ 3278981.493525088764727, 2323950.486223943997175 ], [ 3278981.836145824287087, 2323957.286108654458076 ], [ 3278982.187182592693716, 2323964.013484275899827 ], [ 3278982.38188499584794, 2323967.865979627240449 ], [ 3278982.807101191021502, 2323976.285190370865166 ], [ 3278965.696573610883206, 2323977.36554435826838 ], [ 3278938.370062635280192, 2323989.287919888738543 ], [ 3278983.884866811800748, 2324013.095275194384158 ], [ 3278932.761379566043615, 2324086.056059867143631 ], [ 3278886.19871664699167, 2324152.484249600209296 ], [ 3278857.311082095839083, 2324193.713264972902834 ], [ 3278849.755857933778316, 2324199.492108401376754 ], [ 3278876.65926434006542, 2324218.188771804329008 ], [ 3278917.001744383014739, 2324231.475955605972558 ], [ 3278957.160072596743703, 2324235.895773460622877 ], [ 3278982.222892609424889, 2324245.274553031660616 ], [ 3279037.689269698690623, 2324181.487391093280166 ], [ 3279046.125028469599783, 2324204.871364870574325 ], [ 3279061.977558873593807, 2324229.188212485518306 ], [ 3279076.743843832053244, 2324251.828206719830632 ], [ 3279112.974988392554224, 2324324.317900405265391 ], [ 3279115.15268657496199, 2324344.242121551185846 ], [ 3279120.106988627463579, 2324389.729303332511336 ], [ 3279117.310690619982779, 2324394.521988947410136 ], [ 3279119.28699678555131, 2324414.20751908281818 ], [ 3279119.430895510595292, 2324415.643592928536236 ], [ 3279119.571562910918146, 2324417.059937343932688 ], [ 3279125.223989057354629, 2324422.706141022033989 ], [ 3279132.411655535921454, 2324429.859194541350007 ], [ 3279134.804255163762718, 2324437.405992447398603 ], [ 3279142.41051471978426, 2324461.36156293656677 ], [ 3279144.260724805761129, 2324467.207237369846553 ], [ 3279029.953088494949043, 2324533.227831789292395 ], [ 3279026.423424023669213, 2324535.277200363576412 ], [ 3279023.15051147248596, 2324537.159803032875061 ], [ 3279025.102061301935464, 2324540.217357087414712 ], [ 3279034.944836884271353, 2324555.652594393119216 ], [ 3279070.483184205833822, 2324611.398042355664074 ], [ 3279073.298410883173347, 2324615.826431322842836 ], [ 3279048.545331784989685, 2324624.010078393854201 ], [ 3279004.25844769179821, 2324638.671274314634502 ], [ 3278972.01845467556268, 2324649.333948814775795 ], [ 3278967.208959653507918, 2324668.097900446970016 ], [ 3278943.918952115811408, 2324683.727467750199139 ], [ 3278967.31693516112864, 2324718.990892269648612 ], [ 3278969.404612971935421, 2324722.136219864711165 ], [ 3278972.70838087098673, 2324720.380121383816004 ], [ 3279016.918293429538608, 2324824.421980984508991 ], [ 3279011.901859195437282, 2324827.056633946020156 ], [ 3279008.244842452928424, 2324828.823897091206163 ], [ 3279001.63492204528302, 2324832.011783502995968 ], [ 3278989.953935800120234, 2324842.76562761515379 ], [ 3278989.950142207089812, 2324843.547680023126304 ], [ 3278993.130576851777732, 2324854.975005995482206 ], [ 3278994.083950048312545, 2324858.379996473900974 ], [ 3278993.023964031599462, 2324859.093437088653445 ], [ 3278991.578852826729417, 2324860.057028545066714 ], [ 3278991.036436203867197, 2324860.152080771513283 ], [ 3278990.344472013879567, 2324860.263191606849432 ], [ 3278981.891186951193959, 2324861.673497558571398 ], [ 3278979.384296803269535, 2324865.197761279530823 ], [ 3278979.125694268383086, 2324867.830791437998414 ], [ 3278978.865476103965193, 2324870.453956889454275 ], [ 3278978.32824187213555, 2324870.456770093180239 ], [ 3278977.700632803142071, 2324870.465272582136095 ], [ 3278974.15678256098181, 2324872.30404003104195 ], [ 3278970.612932526506484, 2324874.142807780764997 ], [ 3278977.389331415761262, 2324903.622261397540569 ], [ 3278978.480325167998672, 2324908.362954896874726 ], [ 3279000.523627212736756, 2324911.13683553552255 ], [ 3279014.156563425902277, 2324912.857716752681881 ], [ 3279009.596051129512489, 2324946.272236147429794 ], [ 3279054.035682238638401, 2325033.814066946972162 ], [ 3279084.995245370548218, 2325072.379914083983749 ], [ 3279085.271886270493269, 2325072.148773645050824 ], [ 3279085.953428718727082, 2325072.841173405759037 ], [ 3279161.153035553172231, 2325149.046067040413618 ], [ 3279170.105426811613142, 2325154.337252737022936 ], [ 3279170.340388982091099, 2325155.523974951356649 ], [ 3279174.342661623843014, 2325175.80849391175434 ], [ 3279224.621309837792069, 2325163.415583435446024 ], [ 3279278.615998934954405, 2325147.509836051147431 ], [ 3279314.959524284582585, 2325137.558957126922905 ], [ 3279361.050358593463898, 2325122.825235120952129 ], [ 3279364.67611119709909, 2325121.672337668016553 ], [ 3279397.880888150073588, 2325114.422891695983708 ], [ 3279404.900050569325686, 2325112.370922562666237 ], [ 3279416.345416243653744, 2325109.035943649243563 ], [ 3279429.252358386293054, 2325113.695079041644931 ], [ 3279429.460703338030726, 2325109.020988437347114 ], [ 3279429.766896873246878, 2325102.218992603942752 ], [ 3279420.725013673305511, 2325082.259476301260293 ], [ 3279419.118999263737351, 2325080.196742261759937 ], [ 3279418.321731043513864, 2325079.169443531893194 ], [ 3279416.057632043026388, 2325076.247831031214446 ], [ 3279415.575760988052934, 2325066.864299572538584 ], [ 3279417.645825758576393, 2325061.478357226122171 ], [ 3279419.262451379559934, 2325057.288139101117849 ], [ 3279421.303199946880341, 2325054.200754936784506 ], [ 3279425.157031728420407, 2325048.370317923370749 ], [ 3279433.177097177132964, 2325039.607735266443342 ], [ 3279441.46132480353117, 2325030.971379638183862 ], [ 3279445.290412959177047, 2325026.971899598836899 ], [ 3279453.751235235948116, 2325014.458560082130134 ] ] ], [ [ [ 3278499.734368132892996, 2325280.01561021246016 ], [ 3278499.463561289943755, 2325276.318469819612801 ], [ 3278501.280901304446161, 2325274.406748319976032 ], [ 3278505.268218214157969, 2325270.196770919952542 ], [ 3278515.060138337314129, 2325271.88029667455703 ], [ 3278520.825048124417663, 2325273.07210026262328 ], [ 3278528.437174162827432, 2325274.640388108789921 ], [ 3278530.117703550495207, 2325267.495999065227807 ], [ 3278531.04522122675553, 2325263.558408957440406 ], [ 3278532.444828023668379, 2325257.609972435515374 ], [ 3278535.381543308496475, 2325256.090663937851787 ], [ 3278538.402169662062079, 2325254.526206355541945 ], [ 3278544.291091942228377, 2325251.829906278289855 ], [ 3278551.691693745553493, 2325248.45261899754405 ], [ 3278553.034915117081255, 2325242.098000023514032 ], [ 3278557.724727421998978, 2325237.531514702830464 ], [ 3278562.9123908681795, 2325235.942465298809111 ], [ 3278568.364113431423903, 2325237.513894854579121 ], [ 3278575.401624686084688, 2325239.538069191388786 ], [ 3278595.429369735531509, 2325224.804584657307714 ], [ 3278592.26244933437556, 2325216.804858522489667 ], [ 3278591.725658710114658, 2325215.447773060761392 ], [ 3278592.675702225416899, 2325214.682549726217985 ], [ 3278596.941677233204246, 2325211.306622726842761 ], [ 3278599.368062653113157, 2325205.371063431259245 ], [ 3278598.179982943926007, 2325203.072728557512164 ], [ 3278588.865124233532697, 2325184.977526505012065 ], [ 3278587.467879172414541, 2325182.269337967969477 ], [ 3278583.067060059867799, 2325183.893003794830292 ], [ 3278569.747752394061536, 2325184.644117041025311 ], [ 3278563.017364680767059, 2325162.879090596456081 ], [ 3278562.704046310391277, 2325155.515846953727305 ], [ 3278562.174199382308871, 2325143.238350475206971 ], [ 3278563.139410046860576, 2325115.375446824822575 ], [ 3278563.270065665245056, 2325113.262072483077645 ], [ 3278598.449457130860537, 2325097.0098937288858 ], [ 3278607.511642473749816, 2325092.813746257219464 ], [ 3278611.972809611354023, 2325090.753297440242022 ], [ 3278615.688805439509451, 2325089.036545155569911 ], [ 3278627.628164890222251, 2325098.441822456195951 ], [ 3278640.477344788145274, 2325108.570528768002987 ], [ 3278651.926556022372097, 2325117.584752906579524 ], [ 3278707.448431626427919, 2325084.494200316257775 ], [ 3278706.055147781036794, 2325082.739224248565733 ], [ 3278704.064232948236167, 2325080.246701935306191 ], [ 3278634.921566794160753, 2324993.451770936604589 ], [ 3278672.640400046948344, 2324970.219401699956506 ], [ 3278683.692696750629693, 2324961.635649902746081 ], [ 3278676.299041850492358, 2324955.888690950814635 ], [ 3278673.230099657084793, 2324953.50390546862036 ], [ 3278672.53296394366771, 2324950.114893084857613 ], [ 3278669.113870670553297, 2324933.452453267760575 ], [ 3278666.653339907992631, 2324921.898951688781381 ], [ 3278665.527628712356091, 2324916.636644541751593 ], [ 3278637.101374899968505, 2324893.660677887033671 ], [ 3278636.807964665349573, 2324893.417806865647435 ], [ 3278634.11997041432187, 2324890.509606771171093 ], [ 3278618.363979770801961, 2324873.411285805981606 ], [ 3278624.684167189523578, 2324863.251757278572768 ], [ 3278626.502445336431265, 2324855.027883131057024 ], [ 3278635.121082394383848, 2324840.071518742945045 ], [ 3278642.600636382587254, 2324822.930017210543156 ], [ 3278647.242221085820347, 2324812.618157139513642 ], [ 3278648.357987040653825, 2324810.139344850555062 ], [ 3278650.179597213864326, 2324806.08568592229858 ], [ 3278650.715165049768984, 2324804.895856122951955 ], [ 3278653.409823013003916, 2324800.597869949415326 ], [ 3278655.734844869934022, 2324796.892352166585624 ], [ 3278520.681201372761279, 2324716.736495934892446 ], [ 3278514.493240946903825, 2324678.213599215261638 ], [ 3278491.485818694345653, 2324686.710633605252951 ], [ 3278483.516284326091409, 2324689.649746222887188 ], [ 3278485.053910994902253, 2324693.277082940097898 ], [ 3278486.093704937025905, 2324695.723173420410603 ], [ 3278483.666492596734315, 2324699.548085243441164 ], [ 3278482.176466722041368, 2324701.909825543407351 ], [ 3278481.942170203663409, 2324702.275618493556976 ], [ 3278478.368058707565069, 2324706.159449991770089 ], [ 3278474.423197695519775, 2324710.443135907873511 ], [ 3278472.691359358839691, 2324712.319561956916004 ], [ 3278427.862688424065709, 2324760.402025164104998 ], [ 3278420.484054129105061, 2324775.496296904981136 ], [ 3278420.074300403706729, 2324776.339348018169403 ], [ 3278414.593809796497226, 2324779.857071866281331 ], [ 3278411.269332421012223, 2324781.982165961991996 ], [ 3278402.879075876902789, 2324787.369645917322487 ], [ 3278379.918651329353452, 2324802.09950039582327 ], [ 3278378.305337836034596, 2324817.644725808873773 ], [ 3278363.753966352902353, 2324823.137745787855238 ], [ 3278350.883386645931751, 2324827.991182453930378 ], [ 3278347.637054075952619, 2324822.603261841461062 ], [ 3278344.096365753561258, 2324816.718938547186553 ], [ 3278339.953872011974454, 2324809.823808608110994 ], [ 3278337.535988837014884, 2324810.856418549548835 ], [ 3278336.407643382903188, 2324811.33830323535949 ], [ 3278335.385051320306957, 2324811.598695909138769 ], [ 3278329.052257586736232, 2324813.19561900338158 ], [ 3278306.551289980299771, 2324798.832036211155355 ], [ 3278288.006010862067342, 2324787.00226694624871 ], [ 3278278.559853001497686, 2324792.81836799159646 ], [ 3278262.622091952711344, 2324788.670283521525562 ], [ 3278253.431607885286212, 2324783.349881843663752 ], [ 3278253.015005939640105, 2324783.098157682456076 ], [ 3278250.264329764526337, 2324781.47959298780188 ], [ 3278243.459014076273888, 2324777.466338841244578 ], [ 3278237.602441048249602, 2324779.740908135194331 ], [ 3278233.671760409139097, 2324781.261896986048669 ], [ 3278233.382038965355605, 2324777.882666371762753 ], [ 3278232.917426791973412, 2324772.382721889764071 ], [ 3278171.137458136305213, 2324778.663507524412125 ], [ 3278140.740130947902799, 2324847.090700696222484 ], [ 3278091.561418509110808, 2324866.446022922638804 ], [ 3278085.121525747235864, 2324917.248930050060153 ], [ 3278136.320804047398269, 2324951.232333766296506 ], [ 3278125.214266439899802, 2324988.595217067748308 ], [ 3278100.875507407821715, 2325070.472433769609779 ], [ 3278075.875926226377487, 2325113.568332478404045 ], [ 3278086.055031139869243, 2325147.221133148297668 ], [ 3278153.988374201580882, 2325089.62915502069518 ], [ 3278199.308713648468256, 2325189.85381020558998 ], [ 3278162.214450020343065, 2325233.496438948437572 ], [ 3278155.53599921008572, 2325241.344260477926582 ], [ 3278182.207094673067331, 2325252.551570285111666 ], [ 3278216.603982589673251, 2325267.012081569526345 ], [ 3278229.967934284359217, 2325246.342707622330636 ], [ 3278253.862238679081202, 2325258.868826461490244 ], [ 3278267.424488357268274, 2325265.980334104970098 ], [ 3278283.370464570820332, 2325274.328204911667854 ], [ 3278287.709771344438195, 2325265.763921829871833 ], [ 3278295.727222749497741, 2325265.099627654999495 ], [ 3278299.301294374279678, 2325264.808138214983046 ], [ 3278300.372576677706093, 2325264.163731903303415 ], [ 3278314.685003160499036, 2325259.50404345896095 ], [ 3278368.331132501829416, 2325284.331476831808686 ], [ 3278369.83412427874282, 2325285.02198200346902 ], [ 3278408.006087677553296, 2325308.5934848790057 ], [ 3278413.174101082608104, 2325311.777409162838012 ], [ 3278416.954568797256798, 2325314.108523820992559 ], [ 3278415.891543280798942, 2325316.537524892017245 ], [ 3278415.359222640283406, 2325317.747093064244837 ], [ 3278417.430940634571016, 2325320.732850433792919 ], [ 3278419.698795195203274, 2325325.287614626344293 ], [ 3278421.955465237610042, 2325332.127633862197399 ], [ 3278423.180175429210067, 2325337.250835679937154 ], [ 3278421.556280665565282, 2325345.917657939717174 ], [ 3278419.073520031291991, 2325349.650862685870379 ], [ 3278416.963619465008378, 2325352.811323868110776 ], [ 3278408.500256787985563, 2325361.530066749081016 ], [ 3278392.580761190503836, 2325372.915358193684369 ], [ 3278409.881283567287028, 2325400.185252608731389 ], [ 3278429.206962240394205, 2325430.652029905468225 ], [ 3278464.794123036321253, 2325399.79625684209168 ], [ 3278470.718835083767772, 2325378.614197666291147 ], [ 3278461.982265109196305, 2325359.900089920498431 ], [ 3278456.242858998477459, 2325347.591790807433426 ], [ 3278460.652507312595844, 2325325.335727080702782 ], [ 3278469.321943210903555, 2325319.361429683864117 ], [ 3278476.332221603486687, 2325314.53033464634791 ], [ 3278534.854186550248414, 2325380.272426787763834 ], [ 3278552.291526179760695, 2325362.359882896766067 ], [ 3278554.89626316446811, 2325359.680995089001954 ], [ 3278542.879426313564181, 2325350.360343254171312 ], [ 3278538.805659440346062, 2325348.344471232034266 ], [ 3278534.841187587939203, 2325342.412625033408403 ], [ 3278532.501462961547077, 2325338.905548125505447 ], [ 3278526.089004272595048, 2325328.80568472482264 ], [ 3278522.254117488395423, 2325319.948810320347548 ], [ 3278514.173660448752344, 2325314.220749842468649 ], [ 3278509.612987786065787, 2325304.02976356819272 ], [ 3278506.12673660274595, 2325296.248363885097206 ], [ 3278504.287967733573169, 2325291.587958294898272 ], [ 3278501.212525678798556, 2325283.775156221352518 ], [ 3278499.734368132892996, 2325280.01561021246016 ] ] ], [ [ [ 3280855.0077781425789, 2325659.107402699068189 ], [ 3280855.200229782611132, 2325658.42422238830477 ], [ 3280855.444109598640352, 2325657.559518316760659 ], [ 3280855.926854620687664, 2325655.861432281788439 ], [ 3280866.06523199705407, 2325646.281398282386363 ], [ 3280870.789161635562778, 2325644.276565234176815 ], [ 3280902.573757648468018, 2325630.771963481325656 ], [ 3280904.992166642099619, 2325629.55670312140137 ], [ 3280905.994098073802888, 2325629.046276310924441 ], [ 3280906.660380807705224, 2325628.716432465240359 ], [ 3280919.548701846506447, 2325622.236774698831141 ], [ 3280928.426066550426185, 2325617.779096354730427 ], [ 3280942.878468943759799, 2325610.690526085905731 ], [ 3280954.124430672731251, 2325608.801308380439878 ], [ 3280927.630470872856677, 2325570.061422740109265 ], [ 3280922.669079004786909, 2325562.812460388056934 ], [ 3280923.876338118221611, 2325560.520636548753828 ], [ 3280933.589076370932162, 2325542.024254914373159 ], [ 3280944.000351299066097, 2325510.264087636955082 ], [ 3280935.067508871667087, 2325487.068566880188882 ], [ 3280920.891775477677584, 2325450.260002251248807 ], [ 3280907.553975406568497, 2325410.45310132112354 ], [ 3280906.178692752961069, 2325406.330510740634054 ], [ 3280902.482931774575263, 2325395.28778025181964 ], [ 3280897.742795881815255, 2325392.42449531937018 ], [ 3280893.306102836504579, 2325389.741444100625813 ], [ 3280890.750687590334564, 2325388.20020717009902 ], [ 3280887.901691909879446, 2325386.477008862886578 ], [ 3280880.122978441882879, 2325398.261693547014147 ], [ 3280843.408373435027897, 2325449.862296893727034 ], [ 3280813.118743414059281, 2325485.501149917021394 ], [ 3280805.809223768766969, 2325493.956359602045268 ], [ 3280798.175033489242196, 2325502.783039852976799 ], [ 3280791.106173268519342, 2325508.557656945195049 ], [ 3280790.353692754171789, 2325509.166447395458817 ], [ 3280781.256173718720675, 2325516.615727068390697 ], [ 3280750.714901342056692, 2325541.613101726397872 ], [ 3280706.299848658964038, 2325577.788807030301541 ], [ 3280644.883357752114534, 2325612.427702175918967 ], [ 3280606.364916443359107, 2325632.389213597867638 ], [ 3280597.771797954104841, 2325636.847887105308473 ], [ 3280575.309310391545296, 2325648.485894863028079 ], [ 3280551.235936718061566, 2325661.371679999865592 ], [ 3280854.358871485106647, 2325661.371679999865592 ], [ 3280855.0077781425789, 2325659.107402699068189 ] ] ], [ [ [ 3280144.239154055714607, 2325660.12738521816209 ], [ 3280144.65847777063027, 2325656.989251183345914 ], [ 3280140.642346051521599, 2325653.715009518899024 ], [ 3280139.01553483819589, 2325652.640251758042723 ], [ 3280134.248265448957682, 2325649.48748034471646 ], [ 3280133.132736245635897, 2325651.286312907002866 ], [ 3280131.164109565317631, 2325654.442226579412818 ], [ 3280123.236366236582398, 2325660.113768541719764 ], [ 3280121.478848272468895, 2325661.371679999865592 ], [ 3280144.071786786895245, 2325661.371679999865592 ], [ 3280144.239154055714607, 2325660.12738521816209 ] ] ], [ [ [ 3279744.119383175857365, 2325645.240936787799001 ], [ 3279728.174493049737066, 2325620.858903049491346 ], [ 3279608.787385007366538, 2325648.304577589966357 ], [ 3279601.336344917304814, 2325661.371679999865592 ], [ 3279747.336625574156642, 2325661.371679999865592 ], [ 3279744.119383175857365, 2325645.240936787799001 ] ] ] ] } },
{ "type": "Feature", "properties": { "CODE_18": "312", "Uso": "Bosques de coníferas", "color": "#00A600" }, "geometry": { "type": "MultiPolygon", "coordinates": [ [ [ [ 3278253.015005939640105, 2324783.098157682456076 ], [ 3278253.431607885286212, 2324783.349881843663752 ], [ 3278262.622091952711344, 2324788.670283521525562 ], [ 3278278.559853001497686, 2324792.81836799159646 ], [ 3278288.006010862067342, 2324787.00226694624871 ], [ 3278306.551289980299771, 2324798.832036211155355 ], [ 3278329.052257586736232, 2324813.19561900338158 ], [ 3278335.385051320306957, 2324811.598695909138769 ], [ 3278336.407643382903188, 2324811.33830323535949 ], [ 3278337.535988837014884, 2324810.856418549548835 ], [ 3278339.953872011974454, 2324809.823808608110994 ], [ 3278344.096365753561258, 2324816.718938547186553 ], [ 3278347.637054075952619, 2324822.603261841461062 ], [ 3278350.883386645931751, 2324827.991182453930378 ], [ 3278363.753966352902353, 2324823.137745787855238 ], [ 3278378.305337836034596, 2324817.644725808873773 ], [ 3278379.918651329353452, 2324802.09950039582327 ], [ 3278402.879075876902789, 2324787.369645917322487 ], [ 3278411.269332421012223, 2324781.982165961991996 ], [ 3278414.593809796497226, 2324779.857071866281331 ], [ 3278420.074300403706729, 2324776.339348018169403 ], [ 3278420.484054129105061, 2324775.496296904981136 ], [ 3278427.862688424065709, 2324760.402025164104998 ], [ 3278472.691359358839691, 2324712.319561956916004 ], [ 3278474.423197695519775, 2324710.443135907873511 ], [ 3278478.368058707565069, 2324706.159449991770089 ], [ 3278481.942170203663409, 2324702.275618493556976 ], [ 3278482.176466722041368, 2324701.909825543407351 ], [ 3278483.666492596734315, 2324699.548085243441164 ], [ 3278486.093704937025905, 2324695.723173420410603 ], [ 3278485.053910994902253, 2324693.277082940097898 ], [ 3278483.516284326091409, 2324689.649746222887188 ], [ 3278491.485818694345653, 2324686.710633605252951 ], [ 3278514.493240946903825, 2324678.213599215261638 ], [ 3278520.681201372761279, 2324716.736495934892446 ], [ 3278655.734844869934022, 2324796.892352166585624 ], [ 3278658.175818216521293, 2324792.841781753115356 ], [ 3278659.468098409008235, 2324790.697362246923149 ], [ 3278665.249508052598685, 2324791.86600707564503 ], [ 3278667.935783633962274, 2324792.410045271739364 ], [ 3278678.294983424246311, 2324794.52190315304324 ], [ 3278690.061164358165115, 2324798.782105223275721 ], [ 3278699.237631858326495, 2324802.034839726053178 ], [ 3278703.503342386335135, 2324803.550286862067878 ], [ 3278712.847239760681987, 2324807.453591919969767 ], [ 3278716.756683378480375, 2324810.076707663945854 ], [ 3278730.616836227476597, 2324819.378797180950642 ], [ 3278746.846129776909947, 2324816.697099428623915 ], [ 3278749.472484562080353, 2324811.548517578281462 ], [ 3278750.311551929917186, 2324809.919883062131703 ], [ 3278756.964920725207776, 2324796.90117800841108 ], [ 3278759.386400322429836, 2324792.174121370539069 ], [ 3278760.663735501468182, 2324792.477969590108842 ], [ 3278761.445236179511994, 2324792.665750771760941 ], [ 3278770.902141429949552, 2324794.905299581121653 ], [ 3278779.328777778893709, 2324794.818863635882735 ], [ 3278785.26470443001017, 2324794.762988681904972 ], [ 3278790.511348011903465, 2324793.843558808788657 ], [ 3278795.782303994521499, 2324799.018757926300168 ], [ 3278798.041770834941417, 2324801.23081658128649 ], [ 3278805.84556629974395, 2324805.39387543592602 ], [ 3278808.627557803876698, 2324807.575253842864186 ], [ 3278811.293154822196811, 2324809.665402518119663 ], [ 3278814.924342080019414, 2324812.509799133054912 ], [ 3278823.372969092801213, 2324815.778470039367676 ], [ 3278834.753994165919721, 2324817.315517571289092 ], [ 3278833.968612584285438, 2324813.759312715381384 ], [ 3278843.625394744798541, 2324813.812489471863955 ], [ 3278843.981268428266048, 2324813.445688930805773 ], [ 3278848.370098378974944, 2324809.023343870416284 ], [ 3278851.12497893627733, 2324807.322829274460673 ], [ 3278854.065791605040431, 2324805.518696798477322 ], [ 3278859.142733544576913, 2324802.386326177511364 ], [ 3278860.694291509687901, 2324797.365214806050062 ], [ 3278868.386742801405489, 2324796.017188409343362 ], [ 3278872.449935221578926, 2324795.305154386442155 ], [ 3278874.244840656872839, 2324794.990615187212825 ], [ 3278874.72808443242684, 2324794.905931564513594 ], [ 3278879.915558554232121, 2324793.996879080310464 ], [ 3278882.844607729464769, 2324793.483593001961708 ], [ 3278885.300275277346373, 2324793.053262379951775 ], [ 3278889.359519938006997, 2324799.749884670600295 ], [ 3278889.637550420127809, 2324800.208557435311377 ], [ 3278897.113036448601633, 2324798.898555794730783 ], [ 3278900.406984266359359, 2324798.321325840428472 ], [ 3278902.118265281431377, 2324796.752955070696771 ], [ 3278904.933050526306033, 2324794.179375488311052 ], [ 3278910.032293382100761, 2324789.510771373752505 ], [ 3278926.143430951982737, 2324763.499541128985584 ], [ 3278926.253422717098147, 2324762.932280295994133 ], [ 3278928.120736295357347, 2324751.229271818883717 ], [ 3278928.562380180694163, 2324748.351061766035855 ], [ 3278928.044320420827717, 2324747.356021843850613 ], [ 3278932.158866031561047, 2324742.311995109543204 ], [ 3278945.474213698413223, 2324736.457319866400212 ], [ 3278946.531868955120444, 2324734.800534988753498 ], [ 3278948.757781799416989, 2324731.295069676823914 ], [ 3278956.588387313298881, 2324727.507653993554413 ], [ 3278957.76298660505563, 2324726.936495927162468 ], [ 3278959.01325146201998, 2324726.331782670691609 ], [ 3278965.44576807320118, 2324723.733119979035109 ], [ 3278969.404612971935421, 2324722.136219864711165 ], [ 3278967.31693516112864, 2324718.990892269648612 ], [ 3278943.918952115811408, 2324683.727467750199139 ], [ 3278967.208959653507918, 2324668.097900446970016 ], [ 3278972.01845467556268, 2324649.333948814775795 ], [ 3279004.25844769179821, 2324638.671274314634502 ], [ 3279048.545331784989685, 2324624.010078393854201 ], [ 3279073.298410883173347, 2324615.826431322842836 ], [ 3279070.483184205833822, 2324611.398042355664074 ], [ 3279034.944836884271353, 2324555.652594393119216 ], [ 3279025.102061301935464, 2324540.217357087414712 ], [ 3279023.15051147248596, 2324537.159803032875061 ], [ 3279026.423424023669213, 2324535.277200363576412 ], [ 3279029.953088494949043, 2324533.227831789292395 ], [ 3279144.260724805761129, 2324467.207237369846553 ], [ 3279142.41051471978426, 2324461.36156293656677 ], [ 3279134.804255163762718, 2324437.405992447398603 ], [ 3279132.411655535921454, 2324429.859194541350007 ], [ 3279125.223989057354629, 2324422.706141022033989 ], [ 3279119.571562910918146, 2324417.059937343932688 ], [ 3279119.430895510595292, 2324415.643592928536236 ], [ 3279119.28699678555131, 2324414.20751908281818 ], [ 3279117.310690619982779, 2324394.521988947410136 ], [ 3279120.106988627463579, 2324389.729303332511336 ], [ 3279115.15268657496199, 2324344.242121551185846 ], [ 3279112.974988392554224, 2324324.317900405265391 ], [ 3279076.743843832053244, 2324251.828206719830632 ], [ 3279061.977558873593807, 2324229.188212485518306 ], [ 3279046.125028469599783, 2324204.871364870574325 ], [ 3279037.689269698690623, 2324181.487391093280166 ], [ 3278982.222892609424889, 2324245.274553031660616 ], [ 3278957.160072596743703, 2324235.895773460622877 ], [ 3278917.001744383014739, 2324231.475955605972558 ], [ 3278876.65926434006542, 2324218.188771804329008 ], [ 3278849.755857933778316, 2324199.492108401376754 ], [ 3278857.311082095839083, 2324193.713264972902834 ], [ 3278886.19871664699167, 2324152.484249600209296 ], [ 3278932.761379566043615, 2324086.056059867143631 ], [ 3278983.884866811800748, 2324013.095275194384158 ], [ 3278938.370062635280192, 2323989.287919888738543 ], [ 3278965.696573610883206, 2323977.36554435826838 ], [ 3278982.807101191021502, 2323976.285190370865166 ], [ 3278982.38188499584794, 2323967.865979627240449 ], [ 3278982.187182592693716, 2323964.013484275899827 ], [ 3278981.836145824287087, 2323957.286108654458076 ], [ 3278981.493525088764727, 2323950.486223943997175 ], [ 3278981.163492861203849, 2323943.887089984491467 ], [ 3279004.130032380577177, 2323919.404674554709345 ], [ 3279004.751253050286323, 2323918.73768871743232 ], [ 3279011.09696182468906, 2323916.661690552253276 ], [ 3279003.956394189968705, 2323877.088300509378314 ], [ 3279046.819558581337333, 2323864.696341477334499 ], [ 3279034.092656584456563, 2323754.153984772972763 ], [ 3279043.524948456790298, 2323691.198393263854086 ], [ 3279091.676096549257636, 2323679.625372170470655 ], [ 3279082.313367963768542, 2323638.685878634918481 ], [ 3279072.781807956285775, 2323597.02504346659407 ], [ 3279176.330467140302062, 2323569.372318661771715 ], [ 3279306.814966222271323, 2323534.534194704145193 ], [ 3279302.894901560619473, 2323523.916475262492895 ], [ 3279302.842648477759212, 2323520.252144914120436 ], [ 3279303.084478588309139, 2323516.587023985106498 ], [ 3279303.352604414336383, 2323514.693152072839439 ], [ 3279303.605513926595449, 2323512.954162680078298 ], [ 3279304.407370012253523, 2323509.363425699993968 ], [ 3279305.475168866105378, 2323505.84786326251924 ], [ 3279306.822003759909421, 2323502.425476675853133 ], [ 3279308.429765689186752, 2323499.109586794860661 ], [ 3279310.283576651476324, 2323495.933243810199201 ], [ 3279312.383436638861895, 2323492.896447752602398 ], [ 3279314.706220886670053, 2323490.043841575272381 ], [ 3279317.242067116778344, 2323487.377153350971639 ], [ 3279319.982728557661176, 2323484.907975854817778 ], [ 3279322.890371656045318, 2323482.653086033649743 ], [ 3279323.724832628387958, 2323482.111109662801027 ], [ 3279543.036081915721297, 2323412.114300334826112 ], [ 3279545.927949188742787, 2323404.311387771740556 ], [ 3279602.750135840848088, 2323335.660922119393945 ], [ 3279606.325609236955643, 2323331.350831230171025 ], [ 3279609.883871415164322, 2323322.599059063009918 ], [ 3279611.361061437986791, 2323318.981343449093401 ], [ 3279620.561730627436191, 2323296.424393916036934 ], [ 3279634.754546154756099, 2323276.473429795820266 ], [ 3279640.334065998438746, 2323265.195909011177719 ], [ 3279645.672306118998677, 2323254.427460210863501 ], [ 3279646.166349934414029, 2323253.41745687276125 ], [ 3279649.095671262126416, 2323247.515774979721755 ], [ 3279646.550763302482665, 2323206.8228978398256 ], [ 3279645.960754260420799, 2323197.458472278434783 ], [ 3279674.301073684822768, 2323169.731652106624097 ], [ 3279711.304858398623765, 2323117.715530628338456 ], [ 3279717.698307609651238, 2323102.672714442946017 ], [ 3279701.167985602281988, 2323089.454461817163974 ], [ 3279669.674443103838712, 2323064.285841342061758 ], [ 3279644.346737916581333, 2323040.898560446687043 ], [ 3279642.189505511894822, 2323033.858572809956968 ], [ 3279636.228787783533335, 2323014.495960927102715 ], [ 3279628.350241822656244, 2322974.12880274374038 ], [ 3279634.793381269089878, 2322960.132646005600691 ], [ 3279640.405116288922727, 2322947.936234021093696 ], [ 3279646.07636904809624, 2322935.607624729629606 ], [ 3279672.215190370567143, 2322886.753585579805076 ], [ 3279677.450569211505353, 2322867.550208570435643 ], [ 3279680.913109744898975, 2322854.867822322994471 ], [ 3279676.482149749062955, 2322827.809119413606822 ], [ 3279674.269097730051726, 2322814.294565869960934 ], [ 3279687.417959934100509, 2322724.710793036501855 ], [ 3279702.226530631538481, 2322629.772645977791399 ], [ 3279717.311614339705557, 2322582.865654431749135 ], [ 3279761.99648847989738, 2322492.810425252653658 ], [ 3279771.08865122217685, 2322463.392664229962975 ], [ 3279751.431110457982868, 2322452.822851517703384 ], [ 3279726.712762252427638, 2322439.537306113168597 ], [ 3279703.704515268094838, 2322391.714069006033242 ], [ 3279715.55265078926459, 2322332.720245184842497 ], [ 3279672.018317508511245, 2322317.535739069804549 ], [ 3279669.037685846909881, 2322316.495221933815628 ], [ 3279667.263403110671788, 2322315.882648663595319 ], [ 3279621.035943245515227, 2322296.146943466737866 ], [ 3279578.71526099788025, 2322269.414958600886166 ], [ 3279577.418170330114663, 2322222.831247269175947 ], [ 3279581.236111463047564, 2322176.629981209989637 ], [ 3279583.578461488708854, 2322161.56644163839519 ], [ 3279509.331892522983253, 2322148.535958426073194 ], [ 3279434.223175289109349, 2322116.051407963968813 ], [ 3279421.413808188401163, 2322100.64897363865748 ], [ 3279387.436121410224587, 2322059.811398489400744 ], [ 3279361.366525044664741, 2322053.267312079668045 ], [ 3279311.850888113956898, 2322040.835739634931087 ], [ 3279212.557277315296233, 2322106.56596841616556 ], [ 3279188.032003045082092, 2322068.993895882740617 ], [ 3279096.944830222055316, 2321969.595004722476006 ], [ 3279096.312630624976009, 2321968.893962205387652 ], [ 3279096.016170086339116, 2321968.570442843716592 ], [ 3279110.027689636684954, 2321961.883917682804167 ], [ 3279158.25450914632529, 2321938.872269119136035 ], [ 3279217.711507706902921, 2321974.09889486990869 ], [ 3279243.452271442860365, 2321930.987363791558892 ], [ 3279226.074228247627616, 2321899.70274137146771 ], [ 3279204.552358549553901, 2321860.955029596574605 ], [ 3279151.662334236782044, 2321851.397958074696362 ], [ 3279068.725408831611276, 2321836.40983893442899 ], [ 3278955.606946527026594, 2321815.97377994004637 ], [ 3278961.846825329121202, 2321783.199589717201889 ], [ 3278962.322048698086292, 2321780.711338036227971 ], [ 3278962.725422270130366, 2321778.65172794368118 ], [ 3279100.445504575967789, 2321782.539372670464218 ], [ 3279235.501078057102859, 2321826.104521655011922 ], [ 3279251.100600436329842, 2321813.254219947382808 ], [ 3279249.80766700906679, 2321810.314696926623583 ], [ 3279249.179138732608408, 2321808.892530540004373 ], [ 3279243.726511042565107, 2321796.534206660930067 ], [ 3279217.671664573252201, 2321737.412818171083927 ], [ 3279217.395786341279745, 2321736.781264415476471 ], [ 3279214.876834617462009, 2321731.063006103038788 ], [ 3279219.002205293159932, 2321730.482282190117985 ], [ 3279225.852657537441701, 2321729.505288755055517 ], [ 3279238.53450546041131, 2321727.70955392671749 ], [ 3279294.141671230085194, 2321719.844195363111794 ], [ 3279299.565480351448059, 2321719.076575786340982 ], [ 3279305.237465041689575, 2321718.27562291175127 ], [ 3279315.708697811700404, 2321716.79618337424472 ], [ 3279327.3600187106058, 2321715.150580141693354 ], [ 3279343.446283198427409, 2321728.446579187177122 ], [ 3279353.136744002345949, 2321736.449871458113194 ], [ 3279353.828458332456648, 2321737.018716764636338 ], [ 3279355.143021477852017, 2321738.107587330974638 ], [ 3279378.747163291089237, 2321746.199905796907842 ], [ 3279392.570539436303079, 2321750.942204223480076 ], [ 3279414.239548607263714, 2321758.36896335426718 ], [ 3279433.566347709391266, 2321764.998526585754007 ], [ 3279459.072818033862859, 2321773.741892667487264 ], [ 3279465.016132390126586, 2321775.775330405682325 ], [ 3279492.157228396274149, 2321763.521098198834807 ], [ 3279493.300510087050498, 2321763.006218544207513 ], [ 3279506.223752413410693, 2321757.170101224910468 ], [ 3279546.144364200998098, 2321761.561564622446895 ], [ 3279576.458698201458901, 2321761.314130283892155 ], [ 3279593.373888622038066, 2321749.18733396101743 ], [ 3279613.810439891181886, 2321734.525716893840581 ], [ 3279634.171829690225422, 2321727.893861001823097 ], [ 3279655.824101698119193, 2321720.843050693627447 ], [ 3279674.168620302341878, 2321715.153124113101512 ], [ 3279678.891209422145039, 2321713.696588717401028 ], [ 3279686.180675221607089, 2321711.435178848914802 ], [ 3279702.76900075096637, 2321706.29648609040305 ], [ 3279728.167372311465442, 2321699.756374969147146 ], [ 3279748.883293165825307, 2321694.422231776639819 ], [ 3279779.171391327865422, 2321701.759737877175212 ], [ 3279780.813345426693559, 2321703.856750394683331 ], [ 3279790.137959345709532, 2321715.759959299117327 ], [ 3279793.369497467763722, 2321719.881979343481362 ], [ 3279798.34611756587401, 2321726.235158166848123 ], [ 3279801.841818368062377, 2321737.485221348702908 ], [ 3279808.359441410750151, 2321758.454891894944012 ], [ 3279814.380502615123987, 2321777.816917858086526 ], [ 3279827.471413366962224, 2321799.4006571425125 ], [ 3279831.711832938715816, 2321806.400343337096274 ], [ 3279849.486411651130766, 2321822.26225629914552 ], [ 3279885.339399617630988, 2321817.239286448806524 ], [ 3279906.213250595610589, 2321821.172674289904535 ], [ 3279913.809181418269873, 2321824.438753444701433 ], [ 3279924.851138751488179, 2321829.171211105771363 ], [ 3279933.418507519178092, 2321832.855660113506019 ], [ 3279932.922507906332612, 2321843.891769589856267 ], [ 3279932.321888519451022, 2321857.077196163590997 ], [ 3279931.661971936933696, 2321876.158597419969738 ], [ 3279934.674118463415653, 2321894.616971634328365 ], [ 3279949.734641904011369, 2321920.980182027444243 ], [ 3279952.407680680975318, 2321925.656694504898041 ], [ 3279971.592352265957743, 2321950.130411992780864 ], [ 3279990.842738136649132, 2321971.101859151385725 ], [ 3279991.596175014507025, 2321971.923732362221926 ], [ 3280016.40975749772042, 2321961.254612412303686 ], [ 3280031.493459535762668, 2321960.682148104533553 ], [ 3280044.056637390516698, 2321960.206249247770756 ], [ 3280050.982834097463638, 2321960.93101123906672 ], [ 3280056.350349774118513, 2321961.492498845793307 ], [ 3280063.680564287118614, 2321962.268251832574606 ], [ 3280069.524365144316107, 2321962.888364607002586 ], [ 3280079.57940327282995, 2321963.947817037347704 ], [ 3280080.095137882046402, 2321963.999529984313995 ], [ 3280110.576932187657803, 2321972.58180137258023 ], [ 3280145.384254341945052, 2321976.600957279559225 ], [ 3280154.040518166963011, 2321978.473737053573132 ], [ 3280193.890250025317073, 2321987.079062017146498 ], [ 3280249.290730427019298, 2322024.173931456170976 ], [ 3280267.579161779023707, 2322074.092405315022916 ], [ 3280279.562438569962978, 2322108.676456217654049 ], [ 3280281.900028684176505, 2322153.809162301942706 ], [ 3280266.426892810501158, 2322190.666452255100012 ], [ 3280247.203203101176769, 2322205.795303083956242 ], [ 3280239.546650292351842, 2322211.824842980131507 ], [ 3280219.201433530077338, 2322234.35496833268553 ], [ 3280218.154994734562933, 2322245.4367865039967 ], [ 3280216.883643699344248, 2322258.800622200127691 ], [ 3280218.49457573145628, 2322272.542343350593001 ], [ 3280219.353089690208435, 2322279.830108880996704 ], [ 3280219.856857627630234, 2322284.145899224560708 ], [ 3280220.071932961698622, 2322285.955077970400453 ], [ 3280214.70061250962317, 2322307.241983361076564 ], [ 3280199.907111011911184, 2322325.014482358004898 ], [ 3280182.697196180000901, 2322328.029551833868027 ], [ 3280165.440660781227052, 2322327.166271041613072 ], [ 3280159.896556276828051, 2322326.889413855969906 ], [ 3280154.638291037641466, 2322326.623365218285471 ], [ 3280185.029261298943311, 2322396.299830532167107 ], [ 3280145.613953796681017, 2322426.717158393003047 ], [ 3280191.840053161606193, 2322486.840826738160104 ], [ 3280374.993205989710987, 2322589.006126882508397 ], [ 3280450.561448250897229, 2322645.856541286688298 ], [ 3280440.921954438090324, 2322648.945670707616955 ], [ 3280430.114955633878708, 2322652.401701564434916 ], [ 3280332.814020770601928, 2322683.583779152482748 ], [ 3280193.775036164559424, 2322728.146719309035689 ], [ 3280190.547129358630627, 2322777.329472814220935 ], [ 3280138.220483342185616, 2322774.806952563580126 ], [ 3280170.32772300299257, 2322926.023533608298749 ], [ 3280237.291182715445757, 2322980.88036175025627 ], [ 3280302.311184510588646, 2322984.52776133781299 ], [ 3280376.207945803180337, 2322983.464141683652997 ], [ 3280377.677935712505132, 2323124.837063800543547 ], [ 3280500.60016730427742, 2323136.494422257877886 ], [ 3280540.153541585896164, 2323128.854534191079438 ], [ 3280586.510693044867367, 2323119.890779192559421 ], [ 3280608.439176933374256, 2323115.643147002905607 ], [ 3280609.219580772798508, 2323114.461220982484519 ], [ 3280653.365537522826344, 2323114.855405137874186 ], [ 3280656.897117071319371, 2323023.354712300002575 ], [ 3280658.165383962448686, 2322990.457239238545299 ], [ 3280658.294466507621109, 2322984.244587989989668 ], [ 3280658.362494162749499, 2322981.066618503071368 ], [ 3280658.496934715658426, 2322974.700815089978278 ], [ 3280659.314050681423396, 2322936.879628638736904 ], [ 3280660.656414417084306, 2322874.571623483207077 ], [ 3280789.425422237254679, 2322841.266440868377686 ], [ 3280868.985980564262718, 2322835.385661303531379 ], [ 3280889.675551476888359, 2322842.964061075355858 ], [ 3280932.0476542878896, 2322858.484746016561985 ], [ 3280920.387393408454955, 2322952.57610138412565 ], [ 3281013.38224835973233, 2322963.125106762163341 ], [ 3281046.54300095140934, 2322919.72927581705153 ], [ 3281084.355992199853063, 2322921.162242499180138 ], [ 3281097.315355785191059, 2322949.375267377123237 ], [ 3281103.793427032418549, 2322963.471915974281728 ], [ 3281155.064130233600736, 2322975.901549129746854 ], [ 3281167.122616143897176, 2322927.983035323675722 ], [ 3281171.319368428550661, 2322911.295883417595178 ], [ 3281182.392844608519226, 2322920.061691226903349 ], [ 3281199.085828483104706, 2322933.282159915659577 ], [ 3281199.415468354243785, 2322968.132010564208031 ], [ 3281240.646526989527047, 2322990.43851157091558 ], [ 3281283.93603328242898, 2323058.028150047641248 ], [ 3281305.232998320367187, 2323056.98644587257877 ], [ 3281345.142994336783886, 2323087.581576460972428 ], [ 3281435.098028969019651, 2323095.984689471311867 ], [ 3281446.25014158571139, 2323147.731938295066357 ], [ 3281404.842093581333756, 2323189.893356572836637 ], [ 3281404.1075031417422, 2323221.712884353473783 ], [ 3281403.849180732388049, 2323233.02193545550108 ], [ 3281421.324936171527952, 2323242.472486696671695 ], [ 3281445.090187929105014, 2323255.326770678162575 ], [ 3281477.726073393132538, 2323241.56263349018991 ], [ 3281506.812713249120861, 2323249.74029380781576 ], [ 3281542.439669374376535, 2323259.755630660802126 ], [ 3281559.987816802226007, 2323230.368980820290744 ], [ 3281578.252379382029176, 2323199.781212056986988 ], [ 3281613.083664285950363, 2323182.94350213278085 ], [ 3281625.174130943603814, 2323137.079490915872157 ], [ 3281634.606059329584241, 2323101.311228859238327 ], [ 3281680.707174717448652, 2323088.861926070414484 ], [ 3281679.463003335520625, 2323084.919383557513356 ], [ 3281678.062567098531872, 2323080.45624783448875 ], [ 3281676.889732335228473, 2323063.938565403223038 ], [ 3281684.460378095507622, 2323048.091276041697711 ], [ 3281684.792560609988868, 2323047.393792303279042 ], [ 3281694.693187312223017, 2323024.400401524268091 ], [ 3281692.281212663743645, 2323005.085976809728891 ], [ 3281695.501200195401907, 2322996.931575749069452 ], [ 3281710.236489431001246, 2323003.462837337050587 ], [ 3281717.99285890115425, 2323005.787688422948122 ], [ 3281724.598470963537693, 2323007.776302031241357 ], [ 3281734.10632613953203, 2323004.192911811172962 ], [ 3281739.60942013328895, 2323002.11269823089242 ], [ 3281745.46883737295866, 2323000.101985454559326 ], [ 3281753.270398118067533, 2322997.436492444947362 ], [ 3281761.195214187726378, 2322997.692190402187407 ], [ 3281771.579265838954598, 2322998.034625962376595 ], [ 3281789.035549125634134, 2322998.010901533532888 ], [ 3281796.878897563088685, 2323000.371263192500919 ], [ 3281798.617320078425109, 2323000.888691546395421 ], [ 3281798.91072583431378, 2323001.131573466118425 ], [ 3281803.880514201708138, 2323005.273885952308774 ], [ 3281813.717627560254186, 2323005.559922946151346 ], [ 3281818.723246050067246, 2323005.707986425142735 ], [ 3281823.923768461681902, 2323001.965853545814753 ], [ 3281827.010481576900929, 2322999.75081403972581 ], [ 3281837.757640901021659, 2323002.434615891892463 ], [ 3281839.808261547703296, 2323002.937947628088295 ], [ 3281841.353177420794964, 2323003.326913366094232 ], [ 3281854.410932732746005, 2323008.721257423050702 ], [ 3281857.078320329077542, 2323016.02700683940202 ], [ 3281857.774541538674384, 2323017.924405095167458 ], [ 3281858.12375901825726, 2323023.46466006943956 ], [ 3281858.386522809043527, 2323027.609554921742529 ], [ 3281855.515921846032143, 2323051.218289017677307 ], [ 3281861.608982366975397, 2323059.060487117618322 ], [ 3281863.297803721390665, 2323063.797824530862272 ], [ 3281863.718308528419584, 2323065.002751816995442 ], [ 3281876.298926674760878, 2323070.643036969937384 ], [ 3281881.433250227943063, 2323072.940126478672028 ], [ 3281909.459403144661337, 2323058.532729597762227 ], [ 3282002.018417582847178, 2323066.480549541767687 ], [ 3282029.485723516903818, 2323037.507975812070072 ], [ 3282166.755538542289287, 2323072.531613651197404 ], [ 3282220.569796962663531, 2323106.069772261194885 ], [ 3282241.09475575061515, 2323158.985937796533108 ], [ 3282293.11088437680155, 2323138.235443782992661 ], [ 3282321.223459768574685, 2323175.717533153947443 ], [ 3282340.768886695615947, 2323201.772369783837348 ], [ 3282362.03429256239906, 2323186.225647334940732 ], [ 3282380.408794762101024, 2323172.788617375306785 ], [ 3282384.552677312865853, 2323169.718699548859149 ], [ 3282389.322492624167353, 2323166.072358767967671 ], [ 3282400.553100352175534, 2323179.762761597987264 ], [ 3282388.404837913811207, 2323188.100929378531873 ], [ 3282394.234795461874455, 2323193.097205402795225 ], [ 3282401.752925486303866, 2323199.543146976269782 ], [ 3282425.049506893381476, 2323183.823326591402292 ], [ 3282442.367859958671033, 2323173.229958847630769 ], [ 3282459.143099036067724, 2323162.975271250121295 ], [ 3282451.978332825470716, 2323245.673957841936499 ], [ 3282449.939262878149748, 2323269.218134757131338 ], [ 3282452.740631705150008, 2323269.163785993121564 ], [ 3282457.201447517611086, 2323269.0826016953215 ], [ 3282469.733432773500681, 2323268.044302040711045 ], [ 3282489.857474296819419, 2323268.761013285256922 ], [ 3282511.648576989304274, 2323274.949500294867903 ], [ 3282539.673514863476157, 2323283.891973709687591 ], [ 3282550.887459884397686, 2323288.86862330371514 ], [ 3282558.33757053129375, 2323241.554987757001072 ], [ 3282583.91027120873332, 2323145.251228909008205 ], [ 3282595.51525679603219, 2323130.869062085170299 ], [ 3282593.033230320550501, 2323106.66576061444357 ], [ 3282590.803699557203799, 2323084.99569255951792 ], [ 3282590.093508912716061, 2323078.118338217027485 ], [ 3282598.669038087129593, 2323056.077816365286708 ], [ 3282603.31756479293108, 2323044.13183483434841 ], [ 3282604.909660839941353, 2323031.797789696138352 ], [ 3282606.872745075263083, 2323016.648804927244782 ], [ 3282587.243980367667973, 2322978.746170322410762 ], [ 3282577.93296587606892, 2322951.375629625748843 ], [ 3282575.095998735632747, 2322943.034110664390028 ], [ 3282573.888487548101693, 2322939.501203785184771 ], [ 3282590.489587745629251, 2322936.299150301143527 ], [ 3282602.853640802204609, 2322933.057889878284186 ], [ 3282608.273950200527906, 2322908.972315225750208 ], [ 3282612.797488007694483, 2322888.889702931977808 ], [ 3282611.547441371250898, 2322865.394080383703113 ], [ 3282609.234708831645548, 2322821.901339802891016 ], [ 3282604.576114133000374, 2322822.19979289919138 ], [ 3282596.123255742713809, 2322822.746783251408488 ], [ 3282595.887163307517767, 2322821.986488175578415 ], [ 3282595.778086480684578, 2322821.630138215143234 ], [ 3282567.605577552225441, 2322816.681077162735164 ], [ 3282571.678797674365342, 2322796.078651112504303 ], [ 3282575.498422254342586, 2322784.460540766827762 ], [ 3282576.749512259848416, 2322774.81443783082068 ], [ 3282592.408628201577812, 2322755.450180743820965 ], [ 3282603.33485509082675, 2322713.129341101273894 ], [ 3282603.759524409193546, 2322709.340999882202595 ], [ 3282578.396434401161969, 2322688.029256382025778 ], [ 3282495.561821297276765, 2322633.82982564298436 ], [ 3282333.72037161514163, 2322527.926724067423493 ], [ 3282228.052781771868467, 2322538.378131969831884 ], [ 3282192.327795435208827, 2322566.117825758643448 ], [ 3282153.712597361300141, 2322559.476874615065753 ], [ 3282137.759767222218215, 2322495.135656191036105 ], [ 3282178.85901731159538, 2322458.580191252753139 ], [ 3282168.292799056041986, 2322446.468080539721996 ], [ 3282188.557839135639369, 2322412.851632150821388 ], [ 3282165.716620437335223, 2322371.747115124017 ], [ 3282107.902000754140317, 2322339.985234329011291 ], [ 3282120.315603320486844, 2322317.404396188445389 ], [ 3282072.756055679637939, 2322289.224409423302859 ], [ 3282035.925303306430578, 2322339.705397633835673 ], [ 3282008.071794023737311, 2322318.921353737823665 ], [ 3282001.690869080368429, 2322314.153525054920465 ], [ 3282010.780914060305804, 2322262.351788841187954 ], [ 3282013.704621389508247, 2322245.695104921236634 ], [ 3282017.529435784555972, 2322237.516051265411079 ], [ 3282023.878254113718867, 2322223.932802030351013 ], [ 3282035.577525771223009, 2322198.909787768498063 ], [ 3282028.038621874991804, 2322190.539501478895545 ], [ 3282012.600506276357919, 2322173.395260298624635 ], [ 3281970.852333162445575, 2322180.70785240130499 ], [ 3281952.94941768143326, 2322177.694386058486998 ], [ 3281923.925731508992612, 2322172.813411163166165 ], [ 3281955.781933467369527, 2322131.605840331409127 ], [ 3282027.402176883537322, 2322131.877096126321703 ], [ 3282028.062998540699482, 2322087.457710925955325 ], [ 3281937.530958977527916, 2322087.119920246768743 ], [ 3281937.026831536088139, 2322085.280212307814509 ], [ 3281926.208415212575346, 2322046.098391113337129 ], [ 3281945.762564576230943, 2322039.182585668750107 ], [ 3281985.638885399326682, 2322025.084559675771743 ], [ 3282004.509335736278445, 2321960.022100113332272 ], [ 3282007.062365958932787, 2321960.061993722338229 ], [ 3282059.581951430998743, 2321960.84787670429796 ], [ 3282117.53129449672997, 2321961.707641925197095 ], [ 3282139.400859051849693, 2321955.796859274152666 ], [ 3282174.086975246667862, 2321946.433672895655036 ], [ 3282166.3866459550336, 2321916.690802790224552 ], [ 3282239.265073090791702, 2321926.442956963088363 ], [ 3282252.158137263264507, 2321955.245857583358884 ], [ 3282260.43238707119599, 2321973.746368119027466 ], [ 3282282.617639466188848, 2321984.635161759797484 ], [ 3282309.216310156974941, 2321997.693684015888721 ], [ 3282336.057803458534181, 2322010.872041865251958 ], [ 3282345.081544074229896, 2322015.298771696165204 ], [ 3282384.942431759089231, 2322062.017055202275515 ], [ 3282436.120855803601444, 2322069.420842034742236 ], [ 3282486.237701715901494, 2322057.700136066414416 ], [ 3282591.023828973993659, 2322033.187555485870689 ], [ 3282614.583101108204573, 2322021.795701595488936 ], [ 3282601.568065635859966, 2321994.29272167943418 ], [ 3282589.946200217586011, 2321969.721861696336418 ], [ 3282713.072931355331093, 2321988.198224460240453 ], [ 3282746.803303030785173, 2321993.259829672984779 ], [ 3282757.810633137822151, 2321969.586184010840952 ], [ 3282772.611691397614777, 2321937.728918022476137 ], [ 3282805.863399976864457, 2321899.403177751228213 ], [ 3282874.563145680353045, 2321855.437337270472199 ], [ 3282917.854586960747838, 2321827.743263896554708 ], [ 3282920.863651349209249, 2321777.524808111600578 ], [ 3282922.671039770822972, 2321747.293961075134575 ], [ 3282924.415993793867528, 2321718.230851639527828 ], [ 3282953.966026804875582, 2321740.950485283043236 ], [ 3283002.227964733727276, 2321678.301222105510533 ], [ 3283016.957873416133225, 2321689.633435514755547 ], [ 3283041.032295728567988, 2321708.157245579641312 ], [ 3282981.265178906731308, 2321785.739013070240617 ], [ 3283082.848846592009068, 2321832.383388819172978 ], [ 3283086.367415064014494, 2321850.032326934393495 ], [ 3283097.854740975890309, 2321907.615674410015345 ], [ 3283043.578194473404437, 2321958.06599913071841 ], [ 3283046.61863818205893, 2321973.414071439299732 ], [ 3283081.782219236716628, 2321966.098791590426117 ], [ 3283086.003601780626923, 2321965.298584182281047 ], [ 3283102.868309831246734, 2321961.908605713397264 ], [ 3283188.134093385189772, 2321945.260556063614786 ], [ 3283274.373112657573074, 2321928.421911904588342 ], [ 3283314.075094199739397, 2321920.941103170625865 ], [ 3283413.868067065253854, 2321886.315215384121984 ], [ 3283419.971789584495127, 2321885.114349803421646 ], [ 3283426.184001804329455, 2321883.894485091790557 ], [ 3283426.168650347739458, 2321882.933180749882013 ], [ 3283426.157281883992255, 2321882.30603954475373 ], [ 3283425.636818107683212, 2321853.162840907461941 ], [ 3283425.509636941365898, 2321846.437166165560484 ], [ 3283439.178080940619111, 2321849.117051855660975 ], [ 3283445.194563616067171, 2321850.295787808485329 ], [ 3283448.757827464025468, 2321850.990900624543428 ], [ 3283465.452342556789517, 2321848.544114449992776 ], [ 3283468.464457720518112, 2321843.704006787389517 ], [ 3283473.708048471715301, 2321835.266560263931751 ], [ 3283475.427824492100626, 2321832.509733863174915 ], [ 3283475.998872340191156, 2321831.597943812143058 ], [ 3283476.730028122663498, 2321830.424726621247828 ], [ 3283484.288294244557619, 2321821.500737424939871 ], [ 3283484.556384228169918, 2321808.63776900107041 ], [ 3283480.632776751182973, 2321810.451255059335381 ], [ 3283476.444319636560977, 2321812.382155402563512 ], [ 3283471.313200516626239, 2321814.752120601478964 ], [ 3283455.707168680615723, 2321812.259345031809062 ], [ 3283455.749442073982209, 2321811.835903033148497 ], [ 3283456.536031671799719, 2321804.432692418806255 ], [ 3283458.872679294086993, 2321782.267702334560454 ], [ 3283450.311416446231306, 2321784.50778224831447 ], [ 3283437.023107875138521, 2321787.991748243570328 ], [ 3283431.863047911319882, 2321762.299398782197386 ], [ 3283433.515244069043547, 2321761.360624376684427 ], [ 3283437.945190331432968, 2321758.859772349707782 ], [ 3283440.752552324905992, 2321752.645054360851645 ], [ 3283442.128174357581884, 2321749.583198707550764 ], [ 3283468.817103602457792, 2321742.991357863880694 ], [ 3283508.324933688156307, 2321733.332653935998678 ], [ 3283508.476337998174131, 2321733.823649778962135 ], [ 3283610.91336673963815, 2321713.05308455042541 ], [ 3283616.401699009817094, 2321741.742243826389313 ], [ 3283712.289443484507501, 2321722.30146245425567 ], [ 3283707.78869750816375, 2321698.776825328823179 ], [ 3283726.553963869344443, 2321694.973071193788201 ], [ 3283745.074280597735196, 2321691.222367826849222 ], [ 3283758.013126704841852, 2321715.968461544252932 ], [ 3283775.135258814319968, 2321748.728901446331292 ], [ 3283883.498017045203596, 2321705.591599811799824 ], [ 3283918.212997112423182, 2321714.621536294929683 ], [ 3283970.800985714886338, 2321657.943582224659622 ], [ 3284006.330501239746809, 2321619.646324797533453 ], [ 3283998.302614709828049, 2321540.493350697215647 ], [ 3284015.841793560422957, 2321533.971887553110719 ], [ 3284039.1966487406753, 2321525.295523311942816 ], [ 3284118.068233762867749, 2321493.25949870981276 ], [ 3284128.635575375519693, 2321563.322266449220479 ], [ 3284174.669221489690244, 2321582.120762550272048 ], [ 3284146.286902260966599, 2321650.379100447054952 ], [ 3284129.560856954660267, 2321655.79416210250929 ], [ 3284084.431303575169295, 2321670.404398548416793 ], [ 3284080.583603910170496, 2321705.091696392279118 ], [ 3284076.848626183345914, 2321738.856163816060871 ], [ 3283996.669842616654932, 2321730.80640855524689 ], [ 3283967.327253822702914, 2321793.073829220607877 ], [ 3283975.82719619711861, 2321793.929332439322025 ], [ 3284010.314578416757286, 2321799.214236309286207 ], [ 3284042.137780839577317, 2321808.304147405084223 ], [ 3284067.51670205174014, 2321817.010645843110979 ], [ 3284088.542694058734924, 2321824.226742658298463 ], [ 3284094.130548025947064, 2321826.505471262149513 ], [ 3284120.925359354354441, 2321808.104309638496488 ], [ 3284134.92445345968008, 2321798.488880795426667 ], [ 3284148.246376170311123, 2321803.451844980474561 ], [ 3284169.229581343941391, 2321811.274146603886038 ], [ 3284231.003580222837627, 2321795.088652098551393 ], [ 3284237.64209258928895, 2321753.651826501823962 ], [ 3284249.364630039315671, 2321755.414392216596752 ], [ 3284280.577687953598797, 2321760.095755858812481 ], [ 3284322.005675585474819, 2321766.316648500971496 ], [ 3284382.267340326681733, 2321800.817675218917429 ], [ 3284418.370970122516155, 2321791.806477431207895 ], [ 3284518.772542309015989, 2321798.385556456632912 ], [ 3284550.178247613832355, 2321760.678905843757093 ], [ 3284592.312843679916114, 2321772.083223355002701 ], [ 3284606.11749301943928, 2321807.26126799127087 ], [ 3284628.705595409497619, 2321814.041634034365416 ], [ 3284633.328659578226507, 2321799.08690979750827 ], [ 3284638.694604273885489, 2321781.729133930057287 ], [ 3284702.84413451468572, 2321800.998537240549922 ], [ 3284732.094316539354622, 2321824.055377633310854 ], [ 3284744.710430915933102, 2321834.002546359784901 ], [ 3284764.629803968127817, 2321827.08479397604242 ], [ 3284783.417674679774791, 2321820.568126692902297 ], [ 3284796.897576619405299, 2321838.765916654840112 ], [ 3284824.262200691271573, 2321834.999096269719303 ], [ 3284827.306217259727418, 2321832.83237812994048 ], [ 3284841.377262562979013, 2321822.788529798388481 ], [ 3284841.552979999221861, 2321822.728620463516563 ], [ 3284841.552979999221861, 2321676.482020054478198 ], [ 3284804.883649079594761, 2321675.79402898484841 ], [ 3284701.764919729437679, 2321634.33742509689182 ], [ 3284659.683841899037361, 2321585.023943264968693 ], [ 3284659.785499011632055, 2321551.002973773516715 ], [ 3284712.219121672678739, 2321507.818455090280622 ], [ 3284752.920255958568305, 2321501.604787643067539 ], [ 3284771.663257143925875, 2321484.898146712686867 ], [ 3284807.747450046241283, 2321483.947565910406411 ], [ 3284840.474687508773059, 2321490.626936788670719 ], [ 3284841.552979999221861, 2321489.837795527651906 ], [ 3284841.552979999221861, 2320874.956613436341286 ], [ 3284748.357316514942795, 2320911.566715105436742 ], [ 3284728.282158384099603, 2320919.455239259637892 ], [ 3284671.935243602376431, 2320941.589378629811108 ], [ 3284678.487759477924556, 2320958.747431915719062 ], [ 3284684.564056941308081, 2320974.669747251085937 ], [ 3284714.773674222640693, 2321014.93046798184514 ], [ 3284732.630685162264854, 2321038.734168820083141 ], [ 3284789.981158530339599, 2321075.409493688493967 ], [ 3284795.618300837930292, 2321126.639513083733618 ], [ 3284753.229466518387198, 2321131.778667054604739 ], [ 3284760.392780244350433, 2321196.917027176823467 ], [ 3284743.896263168659061, 2321205.903999783098698 ], [ 3284694.95325914490968, 2321114.362363981083035 ], [ 3284670.390245904680341, 2321068.435085535980761 ], [ 3284634.571435902267694, 2321128.395469105802476 ], [ 3284573.833253124728799, 2321085.342372794169933 ], [ 3284586.896143745165318, 2321052.0961280814372 ], [ 3284599.017450573854148, 2321021.216701770201325 ], [ 3284573.208923185709864, 2320999.535935851745307 ], [ 3284528.278425256721675, 2321053.045174130238593 ], [ 3284510.983179409522563, 2321058.082761893980205 ], [ 3284505.221385762095451, 2321059.761383486911654 ], [ 3284474.138528984971344, 2321129.810976344160736 ], [ 3284450.318408607970923, 2321183.489948241505772 ], [ 3284422.388356140814722, 2321144.078195923473686 ], [ 3284442.075954577419907, 2321100.356754876673222 ], [ 3284442.407780652865767, 2321052.556337337940931 ], [ 3284451.796867558732629, 2321037.771718023810536 ], [ 3284459.771632628981024, 2321025.193155412562191 ], [ 3284484.999657860491425, 2320985.443308527115732 ], [ 3284511.950919757131487, 2320986.091892879921943 ], [ 3284520.08584506995976, 2320971.516765391454101 ], [ 3284536.857747950591147, 2320941.466844344977289 ], [ 3284526.575571121647954, 2320909.954265055246651 ], [ 3284526.085337184369564, 2320908.447007621638477 ], [ 3284528.991580453701317, 2320848.110699613112956 ], [ 3284530.913174755871296, 2320808.099004697520286 ], [ 3284536.214758082758635, 2320807.637460441328585 ], [ 3284560.859123562462628, 2320805.473407175391912 ], [ 3284560.409399271942675, 2320799.56535857077688 ], [ 3284559.043734237086028, 2320781.864396353717893 ], [ 3284566.758802654221654, 2320746.936710538808256 ], [ 3284571.37792411306873, 2320726.006196533795446 ], [ 3284583.612318499945104, 2320719.429679756984115 ], [ 3284600.993888440076262, 2320710.084836773574352 ], [ 3284545.462906161788851, 2320604.882217151112854 ], [ 3284468.834756575524807, 2320558.716001015156507 ], [ 3284414.932143110316247, 2320557.418728900607675 ], [ 3284415.8564811530523, 2320541.001222858671099 ], [ 3284417.685841928701848, 2320508.60592576302588 ], [ 3284338.203051486983895, 2320482.249593435786664 ], [ 3284289.336695007048547, 2320544.504673229996115 ], [ 3284252.870347701944411, 2320515.912956529762596 ], [ 3284241.964054034557194, 2320507.361014927737415 ], [ 3284244.153164407704026, 2320505.983277643099427 ], [ 3284250.901210975833237, 2320501.280626062769443 ], [ 3284259.178779539186507, 2320494.889557074289769 ], [ 3284265.479331045411527, 2320489.250555791892111 ], [ 3284268.699234616011381, 2320485.926729063969105 ], [ 3284272.091037071309984, 2320481.669710490852594 ], [ 3284297.112767832353711, 2320444.685710658784956 ], [ 3284300.876089482568204, 2320439.785258932039142 ], [ 3284309.460507187992334, 2320431.240027669351548 ], [ 3284312.934932429343462, 2320428.541348858270794 ], [ 3284326.539022946730256, 2320419.299819255247712 ], [ 3284329.793586254119873, 2320416.497581095434725 ], [ 3284332.508877709507942, 2320413.251974296290427 ], [ 3284335.948734967038035, 2320406.561396224424243 ], [ 3284338.23511818330735, 2320399.33205537032336 ], [ 3284340.349247384816408, 2320388.571247917134315 ], [ 3284343.801576876081526, 2320367.205796812195331 ], [ 3284347.674398423172534, 2320349.896587365772575 ], [ 3284349.442336531821638, 2320344.706272501964122 ], [ 3284351.963780481368303, 2320339.16078340774402 ], [ 3284352.927722361404449, 2320337.611993641126901 ], [ 3284354.027038631029427, 2320335.836558193899691 ], [ 3284356.473028572741896, 2320333.115024658851326 ], [ 3284359.594930401537567, 2320330.741905379574746 ], [ 3284363.905394900590181, 2320328.130228396039456 ], [ 3284367.577348223421723, 2320326.452268685214221 ], [ 3284372.664142933208495, 2320324.120688198599964 ], [ 3284382.708730175159872, 2320320.900708876550198 ], [ 3284386.425765239167958, 2320320.117947405204177 ], [ 3284393.300750539638102, 2320319.289586552418768 ], [ 3284399.279873335268348, 2320319.18632754823193 ], [ 3284405.502032795455307, 2320319.70007399097085 ], [ 3284417.935659811832011, 2320321.591942581348121 ], [ 3284448.084089735522866, 2320325.161258700303733 ], [ 3284452.312510771676898, 2320325.953079640399665 ], [ 3284454.917136879172176, 2320326.92775304755196 ], [ 3284454.351897121872753, 2320329.238788179121912 ], [ 3284454.312619020231068, 2320331.478022756054997 ], [ 3284454.581708880141377, 2320332.750025782734156 ], [ 3284454.990799464751035, 2320333.327807851135731 ], [ 3284456.327653758693486, 2320335.234760880470276 ], [ 3284464.550622177310288, 2320341.029803205747157 ], [ 3284475.776006021071225, 2320346.015012110117823 ], [ 3284478.180712858214974, 2320347.379839239642024 ], [ 3284483.50989088928327, 2320351.053486081771553 ], [ 3284484.872886767145246, 2320352.438361192122102 ], [ 3284487.353179738391191, 2320354.946720400825143 ], [ 3284522.971886516083032, 2320375.447528686840087 ], [ 3284550.943863611668348, 2320374.831790848635137 ], [ 3284567.663964678067714, 2320374.461224119178951 ], [ 3284572.440652155783027, 2320369.119544391520321 ], [ 3284576.843161826953292, 2320364.776913236826658 ], [ 3284584.788278800901026, 2320358.028102828189731 ], [ 3284587.805141647811979, 2320356.190891021862626 ], [ 3284590.395980244502425, 2320355.097981040365994 ], [ 3284593.366495613008738, 2320354.527121500112116 ], [ 3284596.94946892792359, 2320354.660788995213807 ], [ 3284600.48282189713791, 2320355.482998582534492 ], [ 3284601.216296698898077, 2320355.811188563704491 ], [ 3284602.614380779676139, 2320356.418744173832238 ], [ 3284605.745231586042792, 2320358.376872470602393 ], [ 3284613.689905292354524, 2320364.393156973645091 ], [ 3284623.803365128580481, 2320370.394992569461465 ], [ 3284628.739558937959373, 2320373.03142749145627 ], [ 3284636.413660630583763, 2320377.146852730307728 ], [ 3284652.912417851388454, 2320385.216837469954044 ], [ 3284654.888967226725072, 2320380.619133098050952 ], [ 3284659.792005836497992, 2320367.310187895782292 ], [ 3284663.690993689000607, 2320358.651904269121587 ], [ 3284670.814802839420736, 2320344.964267280884087 ], [ 3284675.974280829541385, 2320336.196900965645909 ], [ 3284676.918152119033039, 2320334.77339931903407 ], [ 3284679.15572257572785, 2320331.3983787111938 ], [ 3284680.747839086223394, 2320329.658432348165661 ], [ 3284682.537780087441206, 2320328.259289481677115 ], [ 3284683.565833569969982, 2320327.845901419408619 ], [ 3284685.27154612261802, 2320327.171800740994513 ], [ 3284688.826155788265169, 2320326.884264229796827 ], [ 3284697.153090405277908, 2320327.364360260311514 ], [ 3284700.850624850019813, 2320327.082240475807339 ], [ 3284735.427694147452712, 2320367.065234893467277 ], [ 3284773.968143598176539, 2320363.330758356489241 ], [ 3284804.128682056441903, 2320360.404003718867898 ], [ 3284841.552979999221861, 2320380.764881904702634 ], [ 3284841.552979999221861, 2320136.674291430041194 ], [ 3284839.601849964354187, 2320140.212164811789989 ], [ 3284836.522009572014213, 2320146.809189406223595 ], [ 3284833.3991394713521, 2320153.515219213441014 ], [ 3284827.244427995290607, 2320153.537552663125098 ], [ 3284821.585916621610522, 2320153.554183553438634 ], [ 3284817.55709979403764, 2320153.052090534474701 ], [ 3284814.281968063674867, 2320152.133918283507228 ], [ 3284811.715135873761028, 2320150.584378485567868 ], [ 3284809.912632073741406, 2320149.489540668204427 ], [ 3284806.094448562245816, 2320145.439694657921791 ], [ 3284803.797723217401654, 2320141.945366735570133 ], [ 3284803.500880707520992, 2320141.185578113887459 ], [ 3284802.753843018785119, 2320139.286970005836338 ], [ 3284801.461009364575148, 2320133.496140995062888 ], [ 3284800.919386551249772, 2320125.290700488258153 ], [ 3284802.34097441053018, 2320108.563015250489116 ], [ 3284804.481804995797575, 2320093.688071879558265 ], [ 3284813.684890256263316, 2320088.302015831228346 ], [ 3284817.873336794786155, 2320084.138969058170915 ], [ 3284819.25223642680794, 2320082.274014471098781 ], [ 3284821.790014422964305, 2320076.208224561065435 ], [ 3284825.449794459622353, 2320071.914508437737823 ], [ 3284831.304450497031212, 2320063.674889244139194 ], [ 3284832.031930604018271, 2320060.371497016400099 ], [ 3284833.35497975256294, 2320057.35956159979105 ], [ 3284837.269640854559839, 2320051.275933022610843 ], [ 3284839.469576120376587, 2320047.856790088117123 ], [ 3284841.552979999221861, 2320045.039426581468433 ], [ 3284841.552979999221861, 2319612.909702550154179 ], [ 3284832.92696921993047, 2319615.775965995620936 ], [ 3284822.612211947329342, 2319619.205438731238246 ], [ 3284804.175861479248852, 2319619.876323837321252 ], [ 3284794.494303817395121, 2319620.232018104754388 ], [ 3284746.246577037498355, 2319623.484244378749281 ], [ 3284725.187532170675695, 2319629.454469191841781 ], [ 3284720.494594448246062, 2319630.783489523455501 ], [ 3284715.607627172023058, 2319632.166776336263865 ], [ 3284704.283069855999202, 2319635.377344344276935 ], [ 3284672.770963724702597, 2319640.894714313559234 ], [ 3284669.368248528800905, 2319641.49048775434494 ], [ 3284651.449562797788531, 2319638.133751192130148 ], [ 3284634.817764340899885, 2319635.201108530629426 ], [ 3284631.794299091678113, 2319635.324601809028536 ], [ 3284617.925811437889934, 2319635.885765235871077 ], [ 3284616.00211666803807, 2319635.228175877127796 ], [ 3284616.809899645391852, 2319645.122129494324327 ], [ 3284617.723346921615303, 2319669.670154093299061 ], [ 3284618.771813438273966, 2319679.85682057403028 ], [ 3284622.602420522365719, 2319701.834246093407273 ], [ 3284622.741455441340804, 2319705.47297298302874 ], [ 3284622.926999080460519, 2319710.07766976300627 ], [ 3284599.42938747163862, 2319714.475968792568892 ], [ 3284592.968465921934694, 2319715.850737907923758 ], [ 3284586.80020347237587, 2319717.153972200583667 ], [ 3284583.327049030922353, 2319718.249143211636692 ], [ 3284581.639786509331316, 2319718.788094301708043 ], [ 3284578.11177238682285, 2319720.105958399362862 ], [ 3284572.555786615703255, 2319722.174634275026619 ], [ 3284547.649138709530234, 2319733.770373763050884 ], [ 3284532.104612764436752, 2319738.96795168844983 ], [ 3284525.806908971630037, 2319740.720033165067434 ], [ 3284505.732878908514977, 2319745.26981978258118 ], [ 3284503.075646955519915, 2319746.019195540808141 ], [ 3284492.777215391397476, 2319748.928391828667372 ], [ 3284483.891636718530208, 2319750.737861027941108 ], [ 3284463.911012228578329, 2319754.804547431878746 ], [ 3284460.202942280098796, 2319755.890124853700399 ], [ 3284457.338414937257767, 2319756.73668125551194 ], [ 3284446.958105011377484, 2319760.695220798254013 ], [ 3284443.81566371768713, 2319762.199260522145778 ], [ 3284440.517067727167159, 2319764.298875702545047 ], [ 3284436.650602844078094, 2319767.329977531451732 ], [ 3284433.167740531265736, 2319770.659206749871373 ], [ 3284420.597552693914622, 2319783.676898122765124 ], [ 3284415.779556763824075, 2319789.076515931636095 ], [ 3284414.24498518044129, 2319790.796235449146479 ], [ 3284412.708098188508302, 2319792.749742253683507 ], [ 3284410.147158338222653, 2319796.008875256404281 ], [ 3284409.249183005653322, 2319797.464925569016486 ], [ 3284408.463454637676477, 2319798.738969621248543 ], [ 3284407.850064451806247, 2319800.074161658994853 ], [ 3284406.894388943910599, 2319802.169431210495532 ], [ 3284405.260137705598027, 2319804.271897989325225 ], [ 3284404.438887991942465, 2319805.328927052672952 ], [ 3284402.58232126571238, 2319808.180612651631236 ], [ 3284400.344543550629169, 2319811.616545102093369 ], [ 3284393.380899745970964, 2319824.981842456851155 ], [ 3284380.826556929387152, 2319849.067204188555479 ], [ 3284378.70489949407056, 2319853.832364369183779 ], [ 3284376.174797059036791, 2319859.511246174573898 ], [ 3284375.262057736050338, 2319862.674586832523346 ], [ 3284375.096079961396754, 2319863.829970445483923 ], [ 3284374.816279513761401, 2319865.715576856397092 ], [ 3284379.29269295046106, 2319868.828243267722428 ], [ 3284384.913630772382021, 2319872.734919572249055 ], [ 3284386.839229886420071, 2319875.015693832188845 ], [ 3284389.552285360638052, 2319877.706528789363801 ], [ 3284391.539552263915539, 2319879.682241185102612 ], [ 3284392.990078964736313, 2319881.477963946294039 ], [ 3284395.00051481090486, 2319883.967118827626109 ], [ 3284397.044721613638103, 2319887.282418152317405 ], [ 3284384.866951988078654, 2319905.548486239276826 ], [ 3284379.817614356987178, 2319913.12965227290988 ], [ 3284378.125884486362338, 2319916.368510099127889 ], [ 3284377.343992517329752, 2319918.59570759255439 ], [ 3284376.891816887073219, 2319919.862086064182222 ], [ 3284376.582839728333056, 2319925.040445655118674 ], [ 3284377.593623448163271, 2319928.922281039878726 ], [ 3284379.229874553624541, 2319932.410482538864017 ], [ 3284380.996269009076059, 2319935.206191376782954 ], [ 3284384.13848967384547, 2319938.349527936428785 ], [ 3284377.895261498168111, 2319946.880477305501699 ], [ 3284374.584968873299658, 2319950.768034077715129 ], [ 3284371.574668008834124, 2319954.318946585059166 ], [ 3284347.479724119417369, 2319980.232281593140215 ], [ 3284345.727828086353838, 2319982.111826310865581 ], [ 3284327.785940213128924, 2320002.290304751135409 ], [ 3284313.138283412903547, 2320019.598749577533454 ], [ 3284305.046532605774701, 2320027.621334130875766 ], [ 3284290.944911633618176, 2320039.588151786942035 ], [ 3284282.222292023710907, 2320047.599442704580724 ], [ 3284279.999336976092309, 2320049.8861801372841 ], [ 3284277.282013921998441, 2320052.685657720081508 ], [ 3284271.773566276300699, 2320059.383272604085505 ], [ 3284271.034732382278889, 2320066.646030410192907 ], [ 3284270.282211299054325, 2320070.664123290218413 ], [ 3284269.838371092453599, 2320073.035076809581369 ], [ 3284261.879499213770032, 2320107.467531429603696 ], [ 3284258.925337562803179, 2320122.951737061142921 ], [ 3284245.47195244487375, 2320122.019768370781094 ], [ 3284236.901947603560984, 2320122.65787383262068 ], [ 3284233.656712832860649, 2320123.347879363689572 ], [ 3284227.822211970109493, 2320124.582589617464691 ], [ 3284212.81309452559799, 2320129.889519304968417 ], [ 3284207.536325814202428, 2320131.432456113398075 ], [ 3284203.605535117909312, 2320132.272946211509407 ], [ 3284200.746001824736595, 2320132.530122558586299 ], [ 3284200.315614426042885, 2320132.5040129031986 ], [ 3284195.114918369334191, 2320132.156420901417732 ], [ 3284189.677995909005404, 2320131.109455915167928 ], [ 3284187.845424485392869, 2320130.760633552446961 ], [ 3284182.559632680378854, 2320129.149410719051957 ], [ 3284176.655800546519458, 2320126.489640552550554 ], [ 3284168.045936273410916, 2320133.578133146744221 ], [ 3284163.592799792997539, 2320137.239654961973429 ], [ 3284161.640777338296175, 2320139.012195674702525 ], [ 3284158.919493546709418, 2320141.477524980902672 ], [ 3284140.645005151629448, 2320160.801139557734132 ], [ 3284131.955067049711943, 2320168.88793234154582 ], [ 3284121.169663366861641, 2320178.924595426302403 ], [ 3284118.709312337450683, 2320181.49644536850974 ], [ 3284115.81556241447106, 2320184.519627251662314 ], [ 3284113.064387619961053, 2320187.670050546061248 ], [ 3284110.954430843237787, 2320190.089222474489361 ], [ 3284108.801618768367916, 2320192.556487050838768 ], [ 3284107.641116533894092, 2320193.896168750710785 ], [ 3284113.020241240505129, 2320205.932399347424507 ], [ 3284113.788754231762141, 2320209.511666456237435 ], [ 3284113.157047926448286, 2320212.656261038966477 ], [ 3284108.571726867929101, 2320222.885815538465977 ], [ 3284106.655490511097014, 2320230.517116201110184 ], [ 3284106.300076965708286, 2320232.994359062053263 ], [ 3284104.26361458748579, 2320234.994780062697828 ], [ 3284101.306197017431259, 2320237.876907536759973 ], [ 3284098.963335152715445, 2320233.852869673166424 ], [ 3284094.77459463942796, 2320226.671597729902714 ], [ 3284094.313398503232747, 2320224.783818156458437 ], [ 3284093.896148749627173, 2320223.040549876634032 ], [ 3284092.726661547552794, 2320219.490905739832669 ], [ 3284091.270977126434445, 2320216.052258373238146 ], [ 3284089.552050580270588, 2320212.740882441401482 ], [ 3284087.573111293371767, 2320209.576506651937962 ], [ 3284085.348866208456457, 2320206.586997063364834 ], [ 3284082.890792859718204, 2320203.78049101959914 ], [ 3284080.215212896466255, 2320201.194718929007649 ], [ 3284078.444963172543794, 2320199.739101415500045 ], [ 3284077.34185200650245, 2320198.826226763427258 ], [ 3284074.283802434802055, 2320196.693016233853996 ], [ 3284071.064019287005067, 2320194.811362043954432 ], [ 3284067.705457669682801, 2320193.197538878303021 ], [ 3284064.219595132861286, 2320191.859684090595692 ], [ 3284060.649112503044307, 2320190.810618333984166 ], [ 3284051.851411120034754, 2320184.913308689370751 ], [ 3284047.334569769911468, 2320187.875704085454345 ], [ 3284045.702222922816873, 2320188.750066204927862 ], [ 3284041.581817270256579, 2320190.973336489871144 ], [ 3284038.508969987742603, 2320192.282584315165877 ], [ 3284035.797993642743677, 2320193.447290434502065 ], [ 3284032.569828784558922, 2320194.489469645544887 ], [ 3284030.410605473443866, 2320195.182119140401483 ], [ 3284028.747012691106647, 2320195.493715776130557 ], [ 3284026.562303428538144, 2320195.906709393486381 ], [ 3284022.248614988755435, 2320196.205436267890036 ], [ 3284019.851025592535734, 2320196.371587671339512 ], [ 3284011.456735868472606, 2320196.471608639229089 ], [ 3284010.004714934621006, 2320196.340274633839726 ], [ 3284007.399613444227725, 2320196.106437613256276 ], [ 3284004.465241465717554, 2320195.534520655404776 ], [ 3284001.581798490602523, 2320194.96383300749585 ], [ 3283998.198711002711207, 2320193.881956768687814 ], [ 3283995.608448077458888, 2320193.056990049313754 ], [ 3283993.690124528482556, 2320192.246275757439435 ], [ 3283989.986364047043025, 2320190.692902086302638 ], [ 3283982.829691683407873, 2320187.197228904813528 ], [ 3283979.500719733536243, 2320185.578228273894638 ], [ 3283974.798718327656388, 2320182.636998873669654 ], [ 3283965.463801387697458, 2320175.007289105094969 ], [ 3283961.049088619183749, 2320172.147666913457215 ], [ 3283957.883159137796611, 2320170.966884118039161 ], [ 3283956.869948028121144, 2320170.789154404308647 ], [ 3283955.846874072682112, 2320170.613151745870709 ], [ 3283955.13369407132268, 2320170.656856702640653 ], [ 3283953.989952698349953, 2320170.735366948414594 ], [ 3283951.639233381487429, 2320171.745670087635517 ], [ 3283950.080639974214137, 2320173.256535077933222 ], [ 3283948.558878710959107, 2320175.674189911223948 ], [ 3283946.567059707827866, 2320179.86872096080333 ], [ 3283944.967267336323857, 2320184.288872206583619 ], [ 3283943.747194313909858, 2320189.789155468344688 ], [ 3283942.502418640069664, 2320200.468788400758058 ], [ 3283942.200815202668309, 2320203.088818721938878 ], [ 3283941.505918233655393, 2320212.231276849284768 ], [ 3283941.845312673598528, 2320218.209375377278775 ], [ 3283942.210194173268974, 2320219.88063767971471 ], [ 3283942.594626848120242, 2320221.609359123278409 ], [ 3283946.638961783144623, 2320235.036091909743845 ], [ 3283947.708558230660856, 2320240.764563051518053 ], [ 3283947.795098583213985, 2320242.098974753636867 ], [ 3283948.024389282334596, 2320245.792960574384779 ], [ 3283947.666099587921053, 2320250.421898571774364 ], [ 3283947.558438234962523, 2320251.871493224520236 ], [ 3283946.303591062314808, 2320257.469193348195404 ], [ 3283944.817271916661412, 2320261.280946196056902 ], [ 3283943.397112605161965, 2320264.939054717775434 ], [ 3283942.195243956055492, 2320266.955695700831711 ], [ 3283940.93061991315335, 2320269.084796797484159 ], [ 3283939.748956528957933, 2320270.357160723302513 ], [ 3283938.31679472187534, 2320271.896625161170959 ], [ 3283933.99137501232326, 2320275.718463675118983 ], [ 3283932.644007368013263, 2320276.908225667662919 ], [ 3283928.398887042421848, 2320280.228942649438977 ], [ 3283924.346484407782555, 2320282.80561600625515 ], [ 3283920.286138583440334, 2320284.713971203193069 ], [ 3283919.193720565643162, 2320285.229969170410186 ], [ 3283914.328898680396378, 2320286.934192658402026 ], [ 3283909.169413285329938, 2320288.263835603371263 ], [ 3283905.060537529643625, 2320288.760094 ], [ 3283899.27292703371495, 2320288.545747431926429 ], [ 3283896.628899984061718, 2320288.136084794998169 ], [ 3283892.40118811884895, 2320287.100644326768816 ], [ 3283885.558251081500202, 2320284.77784635592252 ], [ 3283879.941535361111164, 2320282.260622120462358 ], [ 3283875.806776724755764, 2320279.747720772400498 ], [ 3283868.811091538518667, 2320273.392824523616582 ], [ 3283867.756945069879293, 2320272.593143660575151 ], [ 3283866.112598798703402, 2320271.348867219872773 ], [ 3283864.711289409082383, 2320270.721595724113286 ], [ 3283863.06218775594607, 2320270.563893638085574 ], [ 3283860.975238363258541, 2320271.264190399087965 ], [ 3283858.894138846546412, 2320273.363765220157802 ], [ 3283858.105375376995653, 2320274.557184530887753 ], [ 3283857.486592768225819, 2320275.487455091439188 ], [ 3283855.169182477053255, 2320280.357985278591514 ], [ 3283853.960901691578329, 2320282.893255733884871 ], [ 3283850.670220121741295, 2320291.42482414888218 ], [ 3283843.742840966675431, 2320311.704310324043036 ], [ 3283841.812746728770435, 2320316.151871897280216 ], [ 3283839.520738338585943, 2320320.185893435031176 ], [ 3283837.379243975039572, 2320322.722225925885141 ], [ 3283835.085092522203922, 2320324.635874300263822 ], [ 3283824.416275307070464, 2320331.851618207525462 ], [ 3283810.645695604383945, 2320341.873323874082416 ], [ 3283804.863341955468059, 2320346.711338228546083 ], [ 3283800.640884857159108, 2320350.728255243040621 ], [ 3283797.345708196982741, 2320354.52191399782896 ], [ 3283796.43824499566108, 2320355.857887101825327 ], [ 3283795.938341603148729, 2320356.584694472141564 ], [ 3283794.461329038254917, 2320360.019386326894164 ], [ 3283793.873016969300807, 2320362.933161094784737 ], [ 3283793.851858973503113, 2320365.159087837673724 ], [ 3283794.144256716128439, 2320366.325541780795902 ], [ 3283794.447957703843713, 2320367.561046319082379 ], [ 3283795.146399945020676, 2320371.517888868227601 ], [ 3283795.538709153886884, 2320377.385263783857226 ], [ 3283795.198546416591853, 2320382.0008923439309 ], [ 3283794.435677377041429, 2320386.203479010146111 ], [ 3283792.946061040274799, 2320391.172596392221749 ], [ 3283791.549917074851692, 2320394.481510391458869 ], [ 3283790.363901827484369, 2320397.276713490486145 ], [ 3283788.700196084100753, 2320400.50056801782921 ], [ 3283785.442732700612396, 2320404.896454797126353 ], [ 3283783.484096631873399, 2320406.690473541617393 ], [ 3283779.424203576520085, 2320409.593186396639794 ], [ 3283775.641295066103339, 2320411.584890091326088 ], [ 3283771.114354059100151, 2320413.493792647030205 ], [ 3283766.588633292820305, 2320414.976302237249911 ], [ 3283763.815961752086878, 2320415.888007996603847 ], [ 3283756.793334062676877, 2320417.797608050517738 ], [ 3283751.480505724437535, 2320418.748239500913769 ], [ 3283747.342746816575527, 2320419.006040506996214 ], [ 3283740.575101729482412, 2320418.50670882454142 ], [ 3283734.998371374793351, 2320418.093101693317294 ], [ 3283725.492826084140688, 2320416.114812155254185 ], [ 3283716.301230129785836, 2320413.513307618908584 ], [ 3283707.917339670006186, 2320411.13566219387576 ], [ 3283701.031377274077386, 2320408.921891964040697 ], [ 3283693.726286330260336, 2320406.19298269925639 ], [ 3283687.244258507154882, 2320402.914059693925083 ], [ 3283683.570344216190279, 2320400.117526799906045 ], [ 3283680.341476554516703, 2320396.816880754195154 ], [ 3283677.606621101498604, 2320393.125312753021717 ], [ 3283675.688067466020584, 2320389.524184347130358 ], [ 3283674.266058501787484, 2320385.795516199432313 ], [ 3283673.250911334063858, 2320381.7013343651779 ], [ 3283672.121389897540212, 2320369.347113515250385 ], [ 3283672.301012230105698, 2320368.585065234918147 ], [ 3283673.61518788151443, 2320362.91606922307983 ], [ 3283674.559678410645574, 2320356.104300414212048 ], [ 3283674.901812763884664, 2320353.669957783538848 ], [ 3283675.518785434775054, 2320348.204228721093386 ], [ 3283676.626570738852024, 2320338.299430368468165 ], [ 3283676.930641414131969, 2320333.091437879949808 ], [ 3283654.058029936626554, 2320325.873978180810809 ], [ 3283640.016313930042088, 2320331.326265843119472 ], [ 3283622.510660731233656, 2320338.115733285900205 ], [ 3283624.017560648731887, 2320344.904119298327714 ], [ 3283627.65727159474045, 2320361.37484141997993 ], [ 3283618.901187793817371, 2320381.700662065297365 ], [ 3283605.398710591252893, 2320387.038245613221079 ], [ 3283582.349573235027492, 2320396.158197448588908 ], [ 3283565.335106965620071, 2320400.68004552507773 ], [ 3283538.414590400177985, 2320406.54086083965376 ], [ 3283492.962972165085375, 2320415.839580020867288 ], [ 3283462.221371254418045, 2320368.112709105480462 ], [ 3283467.502976333256811, 2320364.864115170203149 ], [ 3283467.534945863764733, 2320361.15480472240597 ], [ 3283466.604705977719277, 2320353.798662237823009 ], [ 3283466.492312296293676, 2320350.013160896487534 ], [ 3283460.612491154111922, 2320347.004244624637067 ], [ 3283436.912274357397109, 2320335.04085633251816 ], [ 3283416.861923289485276, 2320325.665117594413459 ], [ 3283386.535601457580924, 2320302.786968262866139 ], [ 3283380.418855596799403, 2320299.322336131706834 ], [ 3283383.585830284282565, 2320280.614481776952744 ], [ 3283450.526217569597065, 2320205.807317450176924 ], [ 3283500.21707920357585, 2320156.831734281033278 ], [ 3283570.176278811413795, 2320092.221791829913855 ], [ 3283602.808414454106241, 2320055.802342487499118 ], [ 3283572.049332624766976, 2320126.596968774218112 ], [ 3283574.803767524193972, 2320126.31757640466094 ], [ 3283577.359331191517413, 2320126.062861803453416 ], [ 3283580.905454632826149, 2320125.289686126168817 ], [ 3283582.39330170257017, 2320124.958116438705474 ], [ 3283594.405574036762118, 2320121.362998179160058 ], [ 3283602.670669676270336, 2320120.473775897175074 ], [ 3283609.518354845233262, 2320119.416727508418262 ], [ 3283612.141693484969437, 2320119.018233840353787 ], [ 3283619.059423108585179, 2320117.025532943196595 ], [ 3283638.315516120754182, 2320110.020909827202559 ], [ 3283654.77977575128898, 2320104.306796894408762 ], [ 3283660.822945598978549, 2320102.48754131840542 ], [ 3283667.910311107989401, 2320100.353524746838957 ], [ 3283672.989760818891227, 2320098.286996197886765 ], [ 3283676.072291144635528, 2320097.036916092969477 ], [ 3283680.146779695991427, 2320094.78107098210603 ], [ 3283681.124597778078169, 2320094.122783806174994 ], [ 3283685.671369248069823, 2320091.033351371996105 ], [ 3283688.128352862317115, 2320089.060748133808374 ], [ 3283689.437536789104342, 2320088.009581043384969 ], [ 3283692.687564785126597, 2320084.497806655243039 ], [ 3283694.972257412038743, 2320080.728893285617232 ], [ 3283696.803042343817651, 2320076.542255218606442 ], [ 3283698.211689561139792, 2320072.317919483873993 ], [ 3283699.521231519524008, 2320066.558430064469576 ], [ 3283700.326853272039443, 2320060.633504344616085 ], [ 3283700.427799610421062, 2320058.08919689245522 ], [ 3283700.4916931707412, 2320056.434176479931921 ], [ 3283699.111988923046738, 2320035.671256275847554 ], [ 3283699.431762219406664, 2320029.009492871817201 ], [ 3283700.398814976215363, 2320023.512921186164021 ], [ 3283701.761249577160925, 2320019.93594821030274 ], [ 3283703.298112597316504, 2320017.982410076539963 ], [ 3283704.951233073137701, 2320016.739106116816401 ], [ 3283709.438569526188076, 2320014.898035453166813 ], [ 3283724.889681512489915, 2320011.857560510281473 ], [ 3283729.7515415889211, 2320011.188856560736895 ], [ 3283745.125144237652421, 2320009.968144914135337 ], [ 3283752.385250493418425, 2320008.33154761325568 ], [ 3283758.685256558004767, 2320006.903660706244409 ], [ 3283763.390926962252706, 2320006.272457008250058 ], [ 3283767.516345740295947, 2320006.311097832396626 ], [ 3283770.257735993247479, 2320006.571798392105848 ], [ 3283773.782611330971122, 2320006.908394190017134 ], [ 3283778.037204790860415, 2320007.736184381879866 ], [ 3283784.240931219421327, 2320008.943111758679152 ], [ 3283786.517975335009396, 2319998.681403616443276 ], [ 3283790.487839042209089, 2319980.786920425016433 ], [ 3283798.438580728136003, 2319955.477986427024007 ], [ 3283804.470878447405994, 2319939.708406490273774 ], [ 3283811.844974520150572, 2319922.405046248808503 ], [ 3283821.772132906131446, 2319902.290364333428442 ], [ 3283825.972541535273194, 2319892.808060012292117 ], [ 3283826.413060415536165, 2319891.594449007883668 ], [ 3283827.615388251841068, 2319888.278906350489706 ], [ 3283845.206316040363163, 2319881.018045576754957 ], [ 3283863.614776339381933, 2319873.421244225930423 ], [ 3283863.506289435084909, 2319866.002429313026369 ], [ 3283863.415604642126709, 2319859.250205017160624 ], [ 3283892.946698303334415, 2319842.065048857592046 ], [ 3283904.794691846240312, 2319837.342035847716033 ], [ 3283913.250986915081739, 2319833.963807113468647 ], [ 3283941.71971570327878, 2319815.990595719777048 ], [ 3283945.817609363701195, 2319794.167137703858316 ], [ 3283942.164997125044465, 2319793.112157957628369 ], [ 3283934.615165590308607, 2319790.933412531856447 ], [ 3283936.147239106707275, 2319779.219248381443322 ], [ 3283937.262777818832546, 2319770.662730557844043 ], [ 3283959.557384512387216, 2319777.200231473892927 ], [ 3283979.125266120303422, 2319782.94680954515934 ], [ 3283982.140896180644631, 2319783.829210179392248 ], [ 3283985.092505080159754, 2319784.692379936110228 ], [ 3284012.904391434043646, 2319748.326005447655916 ], [ 3284046.451020269654691, 2319719.722574225161225 ], [ 3284130.265250178053975, 2319676.158150525763631 ], [ 3284150.078117040451616, 2319665.860004242509604 ], [ 3284274.136037652380764, 2319595.43219979153946 ], [ 3284289.691445893142372, 2319595.011910714674741 ], [ 3284307.064160775858909, 2319594.537249158136547 ], [ 3284308.055010979063809, 2319589.92950795777142 ], [ 3284308.965730201452971, 2319585.761972432490438 ], [ 3284340.620410054922104, 2319567.231260132975876 ], [ 3284347.162968616001308, 2319560.900577886030078 ], [ 3284372.346678042784333, 2319566.059733206406236 ], [ 3284368.967026219237596, 2319559.792101551312953 ], [ 3284360.91027529258281, 2319549.929442944936454 ], [ 3284352.694841098040342, 2319548.95291447173804 ], [ 3284345.528668443672359, 2319548.188402585685253 ], [ 3284333.219206766691059, 2319539.121100053656846 ], [ 3284327.574487837031484, 2319538.912102468777448 ], [ 3284314.312712012790143, 2319548.448678928893059 ], [ 3284305.193399171344936, 2319540.710152240470052 ], [ 3284297.085370730608702, 2319533.819406050257385 ], [ 3284292.613744840025902, 2319538.174109983257949 ], [ 3284286.023311037104577, 2319544.584210316650569 ], [ 3284267.747834092006087, 2319533.344923623837531 ], [ 3284259.415170868858695, 2319527.437185865361243 ], [ 3284255.960444276221097, 2319524.987834717612714 ], [ 3284242.948649362195283, 2319511.629564364440739 ], [ 3284225.567650076467544, 2319505.855118207167834 ], [ 3284216.382215505465865, 2319498.828322045970708 ], [ 3284208.08483087271452, 2319492.082355852238834 ], [ 3284205.049476005602628, 2319482.649454508908093 ], [ 3284203.196302365045995, 2319476.906016307417303 ], [ 3284205.031373722013086, 2319468.406205959618092 ], [ 3284204.910318396985531, 2319465.373148849233985 ], [ 3284201.167747046798468, 2319459.615535847377032 ], [ 3284184.946571572683752, 2319458.447704838123173 ], [ 3284161.304473704658449, 2319463.388935283757746 ], [ 3284155.386121866293252, 2319466.342999099753797 ], [ 3284140.227475183084607, 2319473.898225517943501 ], [ 3284124.659082208760083, 2319481.677408488467336 ], [ 3284110.931302880868316, 2319486.445349987596273 ], [ 3284087.857588259968907, 2319495.416938941460103 ], [ 3284073.479810780845582, 2319501.110467938706279 ], [ 3284055.312816319521517, 2319506.402046167291701 ], [ 3284045.835223570931703, 2319507.259935601148754 ], [ 3284042.017816801089793, 2319503.524541552644223 ], [ 3284041.828554870095104, 2319493.938290700316429 ], [ 3284042.785046575590968, 2319493.273606367874891 ], [ 3284046.16794946976006, 2319474.45719385985285 ], [ 3284059.256461356766522, 2319456.051942872349173 ], [ 3284061.49576638545841, 2319450.951624817680568 ], [ 3284066.594584844075143, 2319439.333426875062287 ], [ 3284079.032162363175303, 2319421.042168664745986 ], [ 3284091.088740424253047, 2319406.683647096157074 ], [ 3284101.498318991623819, 2319394.287773726508021 ], [ 3284112.519092469941825, 2319379.613425666466355 ], [ 3284125.083219626452774, 2319353.913011838681996 ], [ 3284138.960748608224094, 2319327.992788852192461 ], [ 3284148.593048533424735, 2319304.835149999707937 ], [ 3284164.656439322046936, 2319275.84326602704823 ], [ 3284166.559888686053455, 2319273.835728191304952 ], [ 3284180.680026499554515, 2319258.943451589904726 ], [ 3284195.614831823855639, 2319243.573690069839358 ], [ 3284206.827014125883579, 2319225.791346793062985 ], [ 3284208.928189323283732, 2319222.450376417953521 ], [ 3284216.56623618490994, 2319211.716894016601145 ], [ 3284222.170965334866196, 2319208.706151504535228 ], [ 3284227.672046113293618, 2319205.743998816702515 ], [ 3284235.055526662617922, 2319205.790615947451442 ], [ 3284245.267290182411671, 2319210.719932978972793 ], [ 3284256.997531409841031, 2319220.649669198784977 ], [ 3284264.195980391465127, 2319230.723476565442979 ], [ 3284264.075738441199064, 2319235.381706872954965 ], [ 3284263.954266084358096, 2319240.466326649300754 ], [ 3284261.128476407378912, 2319247.810321157798171 ], [ 3284259.411797934211791, 2319254.554240540135652 ], [ 3284259.179442039690912, 2319267.887492067646235 ], [ 3284259.671544214710593, 2319280.68801845330745 ], [ 3284260.402827556245029, 2319283.482312724925578 ], [ 3284261.79561837669462, 2319288.768561590928584 ], [ 3284271.89029409782961, 2319293.850291478447616 ], [ 3284275.221398205962032, 2319295.296442658174783 ], [ 3284283.89051756542176, 2319299.044845076277852 ], [ 3284294.425413855351508, 2319303.59288371168077 ], [ 3284302.000671130605042, 2319304.935182135552168 ], [ 3284308.104526707902551, 2319306.027760988101363 ], [ 3284316.256997934542596, 2319306.619588014204055 ], [ 3284325.251609011087567, 2319307.459697947371751 ], [ 3284336.273528364021331, 2319308.350726068019867 ], [ 3284346.963896998204291, 2319309.695540338754654 ], [ 3284354.736864312086254, 2319312.555717871524394 ], [ 3284358.09485674649477, 2319313.794224784709513 ], [ 3284374.579660733230412, 2319320.97371515026316 ], [ 3284384.835691960528493, 2319334.479653880931437 ], [ 3284408.631850115023553, 2319359.30315072927624 ], [ 3284436.04870076244697, 2319393.974554723594338 ], [ 3284447.407506796531379, 2319405.663896790705621 ], [ 3284455.363891491200775, 2319413.859728791750968 ], [ 3284456.743026902899146, 2319400.528631723485887 ], [ 3284467.903280264232308, 2319372.263437528163195 ], [ 3284475.711324183735996, 2319364.6762306089513 ], [ 3284482.346271293703467, 2319358.227944950107485 ], [ 3284486.267599035985768, 2319354.41609291639179 ], [ 3284492.113368875347078, 2319348.72495199367404 ], [ 3284506.33462645066902, 2319339.223411037586629 ], [ 3284516.809087324887514, 2319337.389460625592619 ], [ 3284523.387680445797741, 2319336.237630281131715 ], [ 3284527.783937304280698, 2319333.529826539568603 ], [ 3284531.35065108910203, 2319331.332557295449078 ], [ 3284535.07457846775651, 2319321.913551485165954 ], [ 3284543.982558272313327, 2319319.186975873541087 ], [ 3284548.435741234570742, 2319317.818756522610784 ], [ 3284552.923580505885184, 2319314.120811204425991 ], [ 3284559.254291883669794, 2319308.913007595110685 ], [ 3284567.80792982596904, 2319296.892963867634535 ], [ 3284571.29296422470361, 2319289.981509008910507 ], [ 3284582.370993589051068, 2319268.032064561266452 ], [ 3284592.814114922191948, 2319289.003873561508954 ], [ 3284612.657068066298962, 2319303.063627884723246 ], [ 3284627.548433576710522, 2319311.293333997484297 ], [ 3284631.943015811964869, 2319313.720203675795346 ], [ 3284657.474176172167063, 2319319.762340484187007 ], [ 3284684.166102284565568, 2319322.110696055926383 ], [ 3284703.484095870982856, 2319322.239269726909697 ], [ 3284718.82101771235466, 2319319.554020002484322 ], [ 3284741.453972874674946, 2319311.360075288452208 ], [ 3284807.104519665241241, 2319463.465345311444253 ], [ 3284823.683207824826241, 2319501.901465717237443 ], [ 3284841.552979999221861, 2319543.329919414594769 ], [ 3284841.552979999221861, 2318102.387394340243191 ], [ 3284830.797130701132119, 2318097.195723874960095 ], [ 3284798.423349638469517, 2318049.217024803627282 ], [ 3284795.812365808989853, 2318045.35157379321754 ], [ 3284787.573752391152084, 2318033.136255137622356 ], [ 3284768.330366702750325, 2317990.996596198063344 ], [ 3284767.174508887343109, 2317988.459304448682815 ], [ 3284715.603822914883494, 2317979.406164920888841 ], [ 3284664.986019900534302, 2317985.041234705597162 ], [ 3284630.309052536264062, 2317979.839077153243124 ], [ 3284603.688602759037167, 2317984.49961285572499 ], [ 3284594.636781143490225, 2318047.290227155666798 ], [ 3284571.379670143593103, 2318062.645277485251427 ], [ 3284560.05250765196979, 2318013.082295777276158 ], [ 3284504.965190316550434, 2318030.773197535425425 ], [ 3284471.200732884462923, 2318070.514238653704524 ], [ 3284474.246169140562415, 2318098.980830676853657 ], [ 3284481.964891963638365, 2318136.289073331281543 ], [ 3284493.045368128921837, 2318184.281946389004588 ], [ 3284500.221016633324325, 2318228.128563303966075 ], [ 3284497.801688996143639, 2318252.711879464797676 ], [ 3284470.207519742194563, 2318231.769916313234717 ], [ 3284375.072781425900757, 2318211.379724360071123 ], [ 3284266.211945652030408, 2318240.900661999359727 ], [ 3284314.578986382577568, 2318288.281043522525579 ], [ 3284326.46910199848935, 2318340.414240255951881 ], [ 3284306.874183496460319, 2318345.103180764243007 ], [ 3284287.026058645918965, 2318349.856755286455154 ], [ 3284294.237428935244679, 2318381.460031560156494 ], [ 3284243.93812351487577, 2318393.503481287043542 ], [ 3284240.53740731626749, 2318438.68448300473392 ], [ 3284205.25025452580303, 2318458.084182406309992 ], [ 3284196.875909093767405, 2318439.95668340055272 ], [ 3284185.830404067412019, 2318416.046358324587345 ], [ 3284133.053429955616593, 2318425.286861180793494 ], [ 3284115.378918625880033, 2318428.381430895067751 ], [ 3284036.987592238001525, 2318326.675204873085022 ], [ 3283977.416734707541764, 2318330.85482428688556 ], [ 3283960.045036758296192, 2318332.080107657238841 ], [ 3283980.091568978969008, 2318373.297900356352329 ], [ 3283989.873178091365844, 2318393.391029656864703 ], [ 3283979.780398627743125, 2318414.853381896391511 ], [ 3283961.218086511828005, 2318406.26195736695081 ], [ 3283949.834261771291494, 2318400.989931463263929 ], [ 3283936.241678960621357, 2318429.89397663064301 ], [ 3283944.423160154372454, 2318466.370490241795778 ], [ 3283881.550350343808532, 2318481.18405341822654 ], [ 3283852.329685537610203, 2318444.910903721582144 ], [ 3283758.06092272233218, 2318521.496875831857324 ], [ 3283779.85496913921088, 2318543.139621012378484 ], [ 3283832.876924640499055, 2318561.557049989700317 ], [ 3283887.922818617429584, 2318576.657224365044385 ], [ 3283891.952838456723839, 2318572.207368719391525 ], [ 3283953.944113518111408, 2318503.840264877304435 ], [ 3284032.58097406802699, 2318496.575961378403008 ], [ 3284036.794917507562786, 2318498.39517783280462 ], [ 3284043.806476125493646, 2318477.695541743189096 ], [ 3284105.20493129780516, 2318504.458659517113119 ], [ 3284106.767093088943511, 2318505.138957017567009 ], [ 3284107.853642689995468, 2318521.386765225790441 ], [ 3284108.351250016130507, 2318528.828673622105271 ], [ 3284138.151087867096066, 2318518.365125165786594 ], [ 3284155.778980670496821, 2318556.272358225658536 ], [ 3284164.449279086664319, 2318574.906132381875068 ], [ 3284129.168735368177295, 2318563.721888483036309 ], [ 3284075.241414289921522, 2318544.174091741908342 ], [ 3284009.417544717900455, 2318530.727485391311347 ], [ 3283974.314479628577828, 2318537.675289654172957 ], [ 3283967.616125495638698, 2318555.763086086139083 ], [ 3283990.87097286619246, 2318584.719734345562756 ], [ 3283982.475267200730741, 2318602.292970045469701 ], [ 3283956.296785498969257, 2318634.263246707618237 ], [ 3283907.633531785570085, 2318641.982183439657092 ], [ 3283869.592488584574312, 2318646.786002756562084 ], [ 3283864.743386013433337, 2318626.580077362246811 ], [ 3283860.118315612897277, 2318607.309037217404693 ], [ 3283814.046600858680904, 2318604.640395435504615 ], [ 3283738.603101190645248, 2318537.313579441979527 ], [ 3283718.861696849577129, 2318597.146812865976244 ], [ 3283660.441531947813928, 2318636.376049348618835 ], [ 3283600.111305519472808, 2318625.996329101733863 ], [ 3283593.04249120131135, 2318664.818536074832082 ], [ 3283653.822438064031303, 2318721.339054746087641 ], [ 3283691.029008583631366, 2318720.425418523140252 ], [ 3283691.39153088722378, 2318747.312362454365939 ], [ 3283724.524851989001036, 2318746.49298877408728 ], [ 3283724.996127417311072, 2318781.793044215999544 ], [ 3283725.237365464679897, 2318800.066135732922703 ], [ 3283702.090413961093873, 2318837.725981497205794 ], [ 3283677.653999770060182, 2318845.749000941868871 ], [ 3283658.57061546575278, 2318852.012816037517041 ], [ 3283671.63810105342418, 2318893.235090624075383 ], [ 3283719.257606899365783, 2318911.187878397293389 ], [ 3283709.963990286923945, 2318935.361835064832121 ], [ 3283702.688433891162276, 2318954.261139035224915 ], [ 3283700.432093526236713, 2318960.125463141594082 ], [ 3283687.763540326151997, 2318964.484738434199244 ], [ 3283647.202161372639239, 2318978.436268730089068 ], [ 3283610.175340297631919, 2318972.8853206676431 ], [ 3283594.760919764637947, 2318970.571772682946175 ], [ 3283594.502662219107151, 2318970.109642695635557 ], [ 3283575.743510875385255, 2318936.946285708807409 ], [ 3283512.839967611245811, 2318926.15485221426934 ], [ 3283504.034546540118754, 2318901.923256296198815 ], [ 3283496.344759210012853, 2318854.939482958521694 ], [ 3283494.837384485639632, 2318835.873352890834212 ], [ 3283517.49188584741205, 2318795.762842446099967 ], [ 3283515.763523592613637, 2318795.740776016376913 ], [ 3283514.045024292077869, 2318795.716982619371265 ], [ 3283511.210897759068757, 2318795.137657752260566 ], [ 3283507.650260388385504, 2318793.528786187060177 ], [ 3283505.758631506003439, 2318792.01325592584908 ], [ 3283504.609247312415391, 2318790.631580137182027 ], [ 3283503.136470556724817, 2318788.017859891522676 ], [ 3283502.258317538071424, 2318784.883992742747068 ], [ 3283502.195559535641223, 2318781.587054985575378 ], [ 3283502.693256904836744, 2318779.358887572772801 ], [ 3283503.044477791059762, 2318777.785483283922076 ], [ 3283505.124238641001284, 2318772.763835588470101 ], [ 3283511.892187498975545, 2318761.238955519162118 ], [ 3283515.8703628978692, 2318753.682994319591671 ], [ 3283519.800077289808542, 2318745.273024041205645 ], [ 3283529.656646029092371, 2318724.166349087841809 ], [ 3283530.826055497396737, 2318720.897189194336534 ], [ 3283531.732070599682629, 2318718.374293301254511 ], [ 3283532.50261967536062, 2318714.403801703825593 ], [ 3283532.46777827013284, 2318713.385054815560579 ], [ 3283532.426831541582942, 2318712.205024875700474 ], [ 3283531.475384537596256, 2318709.987076844554394 ], [ 3283530.384855607524514, 2318709.274944930803031 ], [ 3283529.649068569298834, 2318709.180547113995999 ], [ 3283527.822104353457689, 2318709.73382975673303 ], [ 3283525.012512174900621, 2318712.031956736464053 ], [ 3283518.492418526206166, 2318720.794029033742845 ], [ 3283496.271448195911944, 2318746.754681759513915 ], [ 3283492.911559075117111, 2318750.153724114410579 ], [ 3283490.894557744264603, 2318751.653515655081719 ], [ 3283488.691217700950801, 2318752.82064299704507 ], [ 3283485.958126706071198, 2318753.664502957835793 ], [ 3283483.527705164160579, 2318753.816103426273912 ], [ 3283480.936247730161995, 2318753.975607581902295 ], [ 3283478.759914562571794, 2318753.75801261048764 ], [ 3283477.449200820643455, 2318753.622227880172431 ], [ 3283473.565816866699606, 2318752.830896846018732 ], [ 3283468.858731685671955, 2318751.098066818434745 ], [ 3283467.185907983221114, 2318750.05157489515841 ], [ 3283480.780179350636899, 2318700.578920757398009 ], [ 3283576.717675018589944, 2318597.865659004077315 ], [ 3283536.920879839919508, 2318534.971971975173801 ], [ 3283562.719887712504715, 2318542.093211651779711 ], [ 3283642.047966785728931, 2318529.816464808303863 ], [ 3283731.943313010036945, 2318468.972912827506661 ], [ 3283818.567790037486702, 2318368.429049617610872 ], [ 3283878.204932929947972, 2318268.937537332531065 ], [ 3283924.246489018201828, 2318228.274058055598289 ], [ 3283954.667312251403928, 2318233.693333034403622 ], [ 3283971.713766462635249, 2318224.529227692633867 ], [ 3283991.677844243589789, 2318213.788864810951054 ], [ 3284000.547111060936004, 2318153.170731130987406 ], [ 3284041.535384854767472, 2318108.41008664527908 ], [ 3284112.187078173272312, 2318022.221346011850983 ], [ 3284197.6968894880265, 2317944.430699728429317 ], [ 3284293.899824392516166, 2317878.973818114958704 ], [ 3284276.15347588295117, 2317852.553420876152813 ], [ 3284309.357086214702576, 2317829.967416697181761 ], [ 3284354.985145905986428, 2317798.925306184217334 ], [ 3284343.046308611519635, 2317781.147962496615946 ], [ 3284316.770374773070216, 2317742.035591337829828 ], [ 3284355.131849091965705, 2317715.938906937371939 ], [ 3284420.844598515890539, 2317671.233748545870185 ], [ 3284427.94274559430778, 2317681.812121383380145 ], [ 3284453.235511031933129, 2317719.442691755015403 ], [ 3284542.373237483203411, 2317658.795251584611833 ], [ 3284609.837837857194245, 2317612.890798482112586 ], [ 3284683.759220494888723, 2317562.609127284958959 ], [ 3284733.635834198445082, 2317498.627955487929285 ], [ 3284782.776539414655417, 2317400.717720001004636 ], [ 3284624.451484145596623, 2317400.717720001004636 ], [ 3284599.121211578603834, 2317414.722440530080348 ], [ 3284594.713111033663154, 2317400.717720001004636 ], [ 3284285.802254789043218, 2317400.717720001004636 ], [ 3284282.563655554782599, 2317402.432910134084523 ], [ 3284281.270008851308376, 2317400.717720001004636 ], [ 3284192.477756062522531, 2317400.717720001004636 ], [ 3284204.953891852870584, 2317437.491163646802306 ], [ 3284220.253363475203514, 2317482.563635386526585 ], [ 3284189.891330358106643, 2317501.993579984642565 ], [ 3284177.172030807007104, 2317510.136051329318434 ], [ 3284195.680280232802033, 2317539.47721700463444 ], [ 3284191.17903253249824, 2317543.776093795895576 ], [ 3284187.546065224800259, 2317546.685039053205401 ], [ 3284170.926453916355968, 2317558.706635637674481 ], [ 3284161.715348253026605, 2317565.037584817036986 ], [ 3284158.742115263827145, 2317567.080161216668785 ], [ 3284137.241442386060953, 2317582.939519308041781 ], [ 3284127.075623659417033, 2317590.442167772911489 ], [ 3284110.787825911305845, 2317603.623326973523945 ], [ 3284092.862587180919945, 2317617.152059413958341 ], [ 3284089.241831964813173, 2317620.383578431792557 ], [ 3284087.808665218763053, 2317621.669477540999651 ], [ 3284085.76866785204038, 2317623.711020103655756 ], [ 3284079.92053307313472, 2317629.574967788532376 ], [ 3284078.712232813239098, 2317630.375035531353205 ], [ 3284078.455437540076673, 2317630.541757707018405 ], [ 3284077.082323145121336, 2317630.954659577459097 ], [ 3284076.191951228305697, 2317630.907608692534268 ], [ 3284075.446119251195341, 2317630.875839203596115 ], [ 3284073.366047073621303, 2317629.758575858548284 ], [ 3284071.466545985080302, 2317628.13279527798295 ], [ 3284066.218115579336882, 2317621.60389019548893 ], [ 3284047.276822996791452, 2317595.382604607846588 ], [ 3284037.7621303582564, 2317581.320796179585159 ], [ 3284031.644941420760006, 2317571.280976858455688 ], [ 3284027.769660378806293, 2317565.455321243032813 ], [ 3284023.554918076377362, 2317559.973211153876036 ], [ 3284021.395380369387567, 2317557.936349901836365 ], [ 3284020.425378441344947, 2317557.58868816588074 ], [ 3284018.915410415735096, 2317557.041304884012789 ], [ 3284016.829089063685387, 2317556.939823389984667 ], [ 3284012.143047686200589, 2317557.567468124441803 ], [ 3284003.57510146079585, 2317559.706803598906845 ], [ 3283978.106217988301069, 2317567.250573256518692 ], [ 3283972.890089858323336, 2317568.234848720487207 ], [ 3283969.95070238923654, 2317568.252284520305693 ], [ 3283968.123146692290902, 2317567.872121741063893 ], [ 3283967.135210765525699, 2317567.476866339333355 ], [ 3283965.122019431553781, 2317565.962314779404551 ], [ 3283963.708668868988752, 2317563.835398559458554 ], [ 3283962.598719223868102, 2317560.772584619000554 ], [ 3283961.921841604169458, 2317557.380275991745293 ], [ 3283961.823004068806767, 2317556.342306039296091 ], [ 3283961.575643696822226, 2317553.838749674148858 ], [ 3283961.245400595944375, 2317543.140886519569904 ], [ 3283960.550859394483268, 2317536.230707143433392 ], [ 3283959.937307587824762, 2317533.659355180338025 ], [ 3283959.020873519591987, 2317531.28308849548921 ], [ 3283957.527538649272174, 2317528.977385849691927 ], [ 3283955.58392293099314, 2317527.268009378109127 ], [ 3283953.654493878595531, 2317526.32731116656214 ], [ 3283951.352963172830641, 2317525.654698505997658 ], [ 3283949.03995520202443, 2317524.973948501050472 ], [ 3283940.646764677017927, 2317523.531290435697883 ], [ 3283937.509212511125952, 2317523.329750116448849 ], [ 3283916.39727227576077, 2317493.825509815011173 ], [ 3283893.228617126587778, 2317478.846397941932082 ], [ 3283873.874362985603511, 2317466.344986948184669 ], [ 3283873.93693385925144, 2317465.735366564709693 ], [ 3283874.099530500359833, 2317463.505028023850173 ], [ 3283868.921922216191888, 2317455.796843828167766 ], [ 3283868.138375509995967, 2317453.488633559085429 ], [ 3283868.050086676608771, 2317451.089136534836143 ], [ 3283868.429137998726219, 2317449.003544424660504 ], [ 3283869.657809364143759, 2317445.165993711911142 ], [ 3283873.027918747160584, 2317436.620803094934672 ], [ 3283876.596630319487303, 2317431.521217276807874 ], [ 3283877.138361214660108, 2317430.553739408031106 ], [ 3283878.64466352481395, 2317427.854765085503459 ], [ 3283885.85315455775708, 2317419.763848571106791 ], [ 3283891.573060790542513, 2317412.806188440416008 ], [ 3283894.496393227949739, 2317408.722670924849808 ], [ 3283898.129650831688195, 2317402.901508044917136 ], [ 3283899.798026876058429, 2317400.717720001004636 ], [ 3283630.872484987601638, 2317400.717720001004636 ], [ 3283630.574063939973712, 2317402.502324424684048 ], [ 3283630.057286485098302, 2317404.49027221603319 ], [ 3283629.768234773539007, 2317405.575863304547966 ], [ 3283629.007398072630167, 2317407.870361592620611 ], [ 3283626.476492282003164, 2317413.731924813240767 ], [ 3283623.469419794157147, 2317410.483781538903713 ], [ 3283617.604636472649872, 2317417.548022736329585 ], [ 3283611.510679027996957, 2317424.88576933927834 ], [ 3283600.835407681763172, 2317432.437126948498189 ], [ 3283593.69520176295191, 2317437.969272397458553 ], [ 3283582.567426572088152, 2317436.183549943845719 ], [ 3283570.76212316006422, 2317433.481473329942673 ], [ 3283564.152531513012946, 2317431.158348072785884 ], [ 3283559.687013352755457, 2317429.413629948161542 ], [ 3283552.805729323998094, 2317426.732200030703098 ], [ 3283548.342017683200538, 2317425.494510793592781 ], [ 3283546.353961402084678, 2317424.939522260800004 ], [ 3283531.210682542063296, 2317445.11461655376479 ], [ 3283487.528333887457848, 2317412.408703409601003 ], [ 3283474.550741268321872, 2317429.698345750104636 ], [ 3283450.094898958224803, 2317462.280016549862921 ], [ 3283378.571393948514014, 2317502.41286861198023 ], [ 3283376.620691049844027, 2317503.698083485942334 ], [ 3283375.740023215766996, 2317504.268304622732103 ], [ 3283370.450061060953885, 2317506.351282212883234 ], [ 3283366.499115971382707, 2317507.317027805373073 ], [ 3283348.434878846630454, 2317510.510376271791756 ], [ 3283343.785644410178065, 2317512.044853139203042 ], [ 3283336.564321473706514, 2317514.415267057716846 ], [ 3283320.766648880206048, 2317518.439543954562396 ], [ 3283299.238719815388322, 2317522.848194104619324 ], [ 3283294.449258407112211, 2317524.579726492986083 ], [ 3283286.293679610826075, 2317528.43283028062433 ], [ 3283281.125485216267407, 2317530.453910247422755 ], [ 3283275.2546755108051, 2317532.273313064593822 ], [ 3283272.134197746403515, 2317532.982040714938194 ], [ 3283271.302297426387668, 2317533.168289184104651 ], [ 3283269.18838116619736, 2317533.518129509408027 ], [ 3283261.492169508710504, 2317534.784515805542469 ], [ 3283258.260502983815968, 2317535.309774383436888 ], [ 3283252.316843237262219, 2317535.630044053308666 ], [ 3283252.02776454621926, 2317535.599484722130001 ], [ 3283248.834629920311272, 2317535.306243224069476 ], [ 3283247.522653656080365, 2317535.038763738237321 ], [ 3283245.121967150829732, 2317534.566181433387101 ], [ 3283242.366017871536314, 2317533.658604491502047 ], [ 3283241.271205740049481, 2317533.292219310998917 ], [ 3283238.907259191386402, 2317532.052184891421348 ], [ 3283236.593321653082967, 2317530.001787186134607 ], [ 3283235.554038851521909, 2317527.494825035333633 ], [ 3283236.104139925446361, 2317524.780598827637732 ], [ 3283236.33008547546342, 2317524.48736387770623 ], [ 3283236.597274929285049, 2317524.136172732803971 ], [ 3283238.920428847894073, 2317522.461035625543445 ], [ 3283244.394198304507881, 2317520.44732880871743 ], [ 3283257.478819043841213, 2317517.141594328917563 ], [ 3283273.143035335466266, 2317512.115827160421759 ], [ 3283277.810540687292814, 2317509.949035755358636 ], [ 3283286.319188905414194, 2317505.029567196965218 ], [ 3283288.757650267798454, 2317503.253068376332521 ], [ 3283290.405810247175395, 2317501.483036366291344 ], [ 3283290.67676134314388, 2317500.968836396001279 ], [ 3283291.152673217467964, 2317500.033166285604239 ], [ 3283291.297180929686874, 2317498.93229066580534 ], [ 3283291.446708984673023, 2317497.800095283426344 ], [ 3283291.258375934325159, 2317496.463237285614014 ], [ 3283291.033657456748188, 2317495.772005943581462 ], [ 3283290.673714020755142, 2317494.688427983317524 ], [ 3283289.913680420257151, 2317493.329907957930118 ], [ 3283288.996726382989436, 2317491.694456145633012 ], [ 3283288.075123034883291, 2317490.526576607488096 ], [ 3283287.371232592035085, 2317489.635131428483874 ], [ 3283284.173353099264205, 2317486.460993404500186 ], [ 3283273.73727255128324, 2317478.486360645852983 ], [ 3283257.815561514813453, 2317484.480577535927296 ], [ 3283255.001756242476404, 2317485.947361826896667 ], [ 3283252.530122085940093, 2317487.831139469519258 ], [ 3283250.584279514383525, 2317489.704029710032046 ], [ 3283244.873922328464687, 2317496.223804302979261 ], [ 3283241.522897139191628, 2317499.367573625873774 ], [ 3283233.59886584803462, 2317504.387624974362552 ], [ 3283232.1066915220581, 2317505.06492029922083 ], [ 3283230.454916985239834, 2317505.820895409211516 ], [ 3283227.902733744587749, 2317506.592470356728882 ], [ 3283223.434056479949504, 2317507.060357133857906 ], [ 3283218.539445181377232, 2317506.537396086379886 ], [ 3283211.497519414871931, 2317504.858233573380858 ], [ 3283205.071040192618966, 2317502.848077808041126 ], [ 3283203.384430648759007, 2317502.027232967782766 ], [ 3283202.029225211590528, 2317501.371593300253153 ], [ 3283201.189770432189107, 2317500.767705222126096 ], [ 3283199.591201763600111, 2317499.616890267003328 ], [ 3283198.19042633427307, 2317498.248798075132072 ], [ 3283197.29752402426675, 2317497.380301461089402 ], [ 3283196.870169376954436, 2317496.876754445489496 ], [ 3283196.393677180632949, 2317496.320929620414972 ], [ 3283195.142639014869928, 2317494.875884596724063 ], [ 3283193.062897086143494, 2317492.520661388523877 ], [ 3283192.506257681641728, 2317492.40504081081599 ], [ 3283189.863451540935785, 2317491.010896061547101 ], [ 3283187.342391778249294, 2317488.996765634045005 ], [ 3283185.913996897637844, 2317487.521893477998674 ], [ 3283183.839081962127239, 2317484.638185201678425 ], [ 3283182.941546664107591, 2317484.795339331030846 ], [ 3283183.233273075893521, 2317483.354130753781646 ], [ 3283184.690967604983598, 2317480.978188280947506 ], [ 3283185.435505382250994, 2317479.762102456297725 ], [ 3283187.672024027444422, 2317477.371555014047772 ], [ 3283193.204861651640385, 2317471.44093744456768 ], [ 3283200.09197044512257, 2317464.796290135011077 ], [ 3283210.198691373225302, 2317456.126751823816448 ], [ 3283214.546788575127721, 2317453.062073558568954 ], [ 3283217.893892944324762, 2317450.700303778983653 ], [ 3283228.237231004983187, 2317444.840625436510891 ], [ 3283235.610036971978843, 2317440.667967338114977 ], [ 3283244.261408639606088, 2317434.698670091107488 ], [ 3283247.772587676066905, 2317431.851563781499863 ], [ 3283249.927510973997414, 2317429.272370158229023 ], [ 3283251.848209098447114, 2317425.881847245618701 ], [ 3283253.143582038581371, 2317422.265966726467013 ], [ 3283253.598627677652985, 2317418.90883815754205 ], [ 3283253.18072108225897, 2317416.29307876015082 ], [ 3283251.857740295585245, 2317413.602412836160511 ], [ 3283251.002854600083083, 2317412.656230978667736 ], [ 3283250.170923438854516, 2317411.726323774084449 ], [ 3283248.429786078631878, 2317410.448266863822937 ], [ 3283246.13722219131887, 2317409.520433938596398 ], [ 3283243.061879690736532, 2317408.273049358744174 ], [ 3283231.970687614753842, 2317405.780843806453049 ], [ 3283226.696228904649615, 2317404.238667832221836 ], [ 3283221.970501455012709, 2317402.143801673315465 ], [ 3283219.486406867392361, 2317400.717720001004636 ], [ 3280250.792947122361511, 2317400.717720001004636 ], [ 3280264.667874599806964, 2317432.799569931346923 ], [ 3280258.063851752318442, 2317449.542267992161214 ], [ 3280247.591850697994232, 2317476.064434821717441 ], [ 3280204.288673971779644, 2317479.833627207670361 ], [ 3280186.722556717693806, 2317481.357816102448851 ], [ 3280181.893420087639242, 2317417.505400380585343 ], [ 3280180.662551233544946, 2317401.181134846061468 ], [ 3280180.627555012237281, 2317400.717720001004636 ], [ 3280010.100675379857421, 2317400.717720001004636 ], [ 3280009.07697160821408, 2317400.782912247348577 ], [ 3280009.067214822396636, 2317400.717720001004636 ], [ 3277566.25232, 2317400.717720001004636 ], [ 3277566.25232, 2319037.607823366299272 ], [ 3277632.569987486116588, 2319144.466488041914999 ], [ 3277607.428997058421373, 2319158.592796188779175 ], [ 3277566.25232, 2319177.64795539714396 ], [ 3277566.25232, 2321951.779865668620914 ], [ 3277601.160933205857873, 2321953.960296434350312 ], [ 3277605.511797461658716, 2321894.533772549591959 ], [ 3277661.256143553182483, 2321890.234956880100071 ], [ 3277710.89907956449315, 2321886.40666216891259 ], [ 3277734.194043450988829, 2321946.762659491039813 ], [ 3277764.523505818098783, 2321984.403229895047843 ], [ 3277825.26463539339602, 2321961.67335366178304 ], [ 3277845.454130502883345, 2321954.116979779209942 ], [ 3277796.530199743807316, 2321884.826597588136792 ], [ 3277757.637280393391848, 2321847.428318821359426 ], [ 3277832.127239140216261, 2321765.786821955814958 ], [ 3277867.911106709390879, 2321757.121506093535572 ], [ 3277912.163401544094086, 2321746.393873946741223 ], [ 3277995.617465323768556, 2321747.874669483862817 ], [ 3278100.418419565074146, 2321732.199790009763092 ], [ 3278074.976946538314223, 2321658.794629007577896 ], [ 3278153.370480560697615, 2321650.497230317443609 ], [ 3278191.076693129725754, 2321646.50827827071771 ], [ 3278300.155918157659471, 2321634.965240457095206 ], [ 3278434.165699365083128, 2321620.779200754594058 ], [ 3278427.988354430533946, 2321679.835141551680863 ], [ 3278510.90225893445313, 2321698.83486536424607 ], [ 3278591.517602685838938, 2321717.303849570453167 ], [ 3278650.972649017814547, 2321736.781281162053347 ], [ 3278695.728120667859912, 2321720.141397793311626 ], [ 3278701.987001100555062, 2321727.386104856617749 ], [ 3278710.910272946581244, 2321737.705496297217906 ], [ 3278710.148378347046673, 2321768.555904077831656 ], [ 3278710.103796320036054, 2321770.390291346237063 ], [ 3278658.242713137995452, 2321766.559241933282465 ], [ 3278471.985732874833047, 2321747.665088464971632 ], [ 3278461.108286509290338, 2321752.239869517274201 ], [ 3278458.469928475096822, 2321753.351613369770348 ], [ 3278458.157962867524475, 2321755.040049494244158 ], [ 3278457.292831934057176, 2321758.306969999335706 ], [ 3278457.211462854873389, 2321758.615509697236121 ], [ 3278455.987544286996126, 2321762.10765983350575 ], [ 3278454.759046243038028, 2321764.890276225283742 ], [ 3278454.492839071899652, 2321765.49504257645458 ], [ 3278453.972586359828711, 2321766.469048096332699 ], [ 3278339.016446135938168, 2321886.424395416397601 ], [ 3278425.801401585806161, 2321941.023568734992296 ], [ 3278522.069093029946089, 2321961.711933240294456 ], [ 3278556.559374778997153, 2321969.124339167494327 ], [ 3278603.533681199420244, 2321960.893506411928684 ], [ 3278636.141684550791979, 2321998.013264297507703 ], [ 3278657.872816756367683, 2322002.597679119557142 ], [ 3278678.165586818940938, 2322006.886154251173139 ], [ 3278687.416043721139431, 2321964.989225870463997 ], [ 3278772.448024310171604, 2321942.895483255852014 ], [ 3278782.685922557488084, 2321940.239088405389339 ], [ 3278785.699204552453011, 2321940.177905392367393 ], [ 3278851.963621902279556, 2321938.786049122456461 ], [ 3278851.178805588278919, 2321956.174562466330826 ], [ 3278850.858435212168843, 2321963.202131206169724 ], [ 3278884.646023687906563, 2322005.605155513621867 ], [ 3278861.229372329544276, 2322037.877990285865963 ], [ 3278827.911650440189987, 2322029.448172801639885 ], [ 3278814.011931465007365, 2322082.418977205641568 ], [ 3278830.311241837684065, 2322086.544660115614533 ], [ 3278870.67863453598693, 2322096.763257512357086 ], [ 3278870.663820535875857, 2322098.531545980833471 ], [ 3278870.38874833099544, 2322131.610381019301713 ], [ 3278792.578012275975198, 2322131.818767223507166 ], [ 3278777.146895499899983, 2322147.369522700086236 ], [ 3278744.193942751735449, 2322180.572648794390261 ], [ 3278672.028506973292679, 2322182.481195303611457 ], [ 3278486.851684368681163, 2322494.152680274099112 ], [ 3278459.725695004221052, 2322521.180136935319752 ], [ 3278447.610043198335916, 2322533.247903921641409 ], [ 3278458.295712255872786, 2322598.502731111366302 ], [ 3278371.810044239275157, 2322594.863880759570748 ], [ 3278317.683415079023689, 2322674.154851686675102 ], [ 3278371.495328365359455, 2322707.68078521406278 ], [ 3278421.02466590097174, 2322715.116388169582933 ], [ 3278535.188335136976093, 2322772.975288249086589 ], [ 3278574.315610458143055, 2322768.930034530814737 ], [ 3278584.914201922249049, 2322755.900212409906089 ], [ 3278594.822016453836113, 2322743.732223046943545 ], [ 3278561.290730299893767, 2322716.465292433742434 ], [ 3278572.572518761269748, 2322679.975972880143672 ], [ 3278601.345100482925773, 2322586.862140228971839 ], [ 3278651.750038593541831, 2322601.998869292903692 ], [ 3278680.398105596192181, 2322610.597278149798512 ], [ 3278701.31663204357028, 2322590.827431050594896 ], [ 3278715.952903110068291, 2322524.5148915220052 ], [ 3278716.726676976308227, 2322521.000121934805065 ], [ 3278770.239035595208406, 2322503.566310068592429 ], [ 3278778.025640758220106, 2322509.73152729915455 ], [ 3278797.995387454517186, 2322525.553633495233953 ], [ 3278801.358630941715091, 2322586.053508726879954 ], [ 3278802.131268475204706, 2322600.003145486582071 ], [ 3278765.529213476926088, 2322619.283927660435438 ], [ 3278734.491647898685187, 2322695.096848455257714 ], [ 3278832.187849191948771, 2322734.358970131725073 ], [ 3278891.82171574793756, 2322705.116264247335494 ], [ 3278909.134298504330218, 2322720.571870605461299 ], [ 3278929.545942914206535, 2322738.782467263750732 ], [ 3278968.689397042617202, 2322731.923747883178294 ], [ 3278976.987621624954045, 2322782.5985201834701 ], [ 3279008.888963629491627, 2322813.479648686945438 ], [ 3278973.027215801179409, 2322889.569501347839832 ], [ 3278876.485347458627075, 2322906.48575996235013 ], [ 3278839.188691086135805, 2322932.179926766082644 ], [ 3278813.771730159409344, 2322949.693730387836695 ], [ 3278719.395703156013042, 2322963.541656006593257 ], [ 3278628.032881317194551, 2322995.665547434706241 ], [ 3278715.933569331187755, 2323114.812019222881645 ], [ 3278725.359544311650097, 2323127.580295422114432 ], [ 3278731.526767422445118, 2323135.937045260332525 ], [ 3278693.302508951164782, 2323136.079551018774509 ], [ 3278637.63864075858146, 2323136.284419117029756 ], [ 3278603.548882225528359, 2323126.051967332139611 ], [ 3278581.173142428509891, 2323119.327858293429017 ], [ 3278561.421067578718066, 2323142.749694719910622 ], [ 3278499.000403036363423, 2323125.669738580007106 ], [ 3278436.547441988252103, 2323465.655881210695952 ], [ 3278133.372513913549483, 2323621.297480450477451 ], [ 3278190.806110411882401, 2323756.164280999451876 ], [ 3278020.077082908712327, 2324029.988017807714641 ], [ 3277969.377571029122919, 2324151.991741225123405 ], [ 3277851.002733021508902, 2324119.714285925030708 ], [ 3277872.417561656329781, 2324034.656242364551872 ], [ 3277857.629480799660087, 2323793.343198713380843 ], [ 3277732.887674177996814, 2323786.922106763347983 ], [ 3277663.348799529485404, 2323685.990370319224894 ], [ 3277679.016446180641651, 2323609.012800159864128 ], [ 3277710.045767304021865, 2323569.833191805519164 ], [ 3277718.003696541767567, 2323558.64586388785392 ], [ 3277722.211182919796556, 2323554.478520702570677 ], [ 3277728.788105328567326, 2323556.106434175278991 ], [ 3277734.962801594752818, 2323557.632324361242354 ], [ 3277745.025837085675448, 2323559.298763397615403 ], [ 3277757.932552921120077, 2323563.399586229585111 ], [ 3277757.803529051598161, 2323553.629500863142312 ], [ 3277752.938780630473047, 2323535.880995844956487 ], [ 3277751.64010431850329, 2323531.420271519571543 ], [ 3277748.463390800636262, 2323520.509894489310682 ], [ 3277750.704669620841742, 2323513.257153069134802 ], [ 3277752.785670709330589, 2323505.149636403191835 ], [ 3277755.18546808604151, 2323495.829395154956728 ], [ 3277751.399680458940566, 2323496.624771897681057 ], [ 3277740.992484552785754, 2323498.803796607069671 ], [ 3277731.709768668282777, 2323501.902024949435145 ], [ 3277720.682682369835675, 2323479.357853434048593 ], [ 3277720.929379912093282, 2323478.076579989399761 ], [ 3277721.366158336400986, 2323475.787799753248692 ], [ 3277722.526368166785687, 2323469.739302386995405 ], [ 3277709.946191171649843, 2323464.596911640372127 ], [ 3277712.885254385415465, 2323458.693325699772686 ], [ 3277717.58896778523922, 2323448.573558927047998 ], [ 3277719.29068341711536, 2323435.05266707809642 ], [ 3277720.118432329501957, 2323422.699725003913045 ], [ 3277720.286379314493388, 2323420.194213931448758 ], [ 3277721.359039746690542, 2323419.062480411957949 ], [ 3277725.29541575955227, 2323414.912215064745396 ], [ 3277729.644337975885719, 2323412.475675946101546 ], [ 3277730.388074912130833, 2323412.061197109054774 ], [ 3277732.913872573990375, 2323410.634212660603225 ], [ 3277734.284712282940745, 2323410.393975303508341 ], [ 3277735.241341442801058, 2323410.226327674463391 ], [ 3277741.957470091059804, 2323409.049338084645569 ], [ 3277751.537263085134327, 2323410.800474517513067 ], [ 3277743.009496825747192, 2323400.543727240059525 ], [ 3277748.908983862958848, 2323388.742976049892604 ], [ 3277757.229178683366627, 2323383.794017675332725 ], [ 3277760.224190653767437, 2323382.010814733337611 ], [ 3277767.425380887463689, 2323377.724763066042215 ], [ 3277765.662013678811491, 2323373.771689254790545 ], [ 3277765.294631468132138, 2323372.953208609018475 ], [ 3277764.016148214694113, 2323370.102459307294339 ], [ 3277756.928234590217471, 2323362.566703204065561 ], [ 3277754.100959112402052, 2323359.551018222235143 ], [ 3277742.42571673868224, 2323353.925297458190471 ], [ 3277735.04868068639189, 2323352.305671547539532 ], [ 3277730.700965797062963, 2323351.342463509179652 ], [ 3277727.0232243090868, 2323351.68254420440644 ], [ 3277720.627433351241052, 2323352.275705052539706 ], [ 3277713.44778094207868, 2323353.53392551606521 ], [ 3277710.952654589898884, 2323353.971191924996674 ], [ 3277710.347493995446712, 2323354.178723823279142 ], [ 3277708.675097993109375, 2323354.745800472795963 ], [ 3277701.276716678403318, 2323357.27024548407644 ], [ 3277697.596442807465792, 2323358.524079395458102 ], [ 3277679.294975226745009, 2323364.907668134197593 ], [ 3277667.000818974338472, 2323369.193258101586252 ], [ 3277656.673532072920352, 2323366.842483591288328 ], [ 3277653.015494285151362, 2323366.001964335795492 ], [ 3277646.080305233597755, 2323364.41654203645885 ], [ 3277635.228682298213243, 2323365.120836680289358 ], [ 3277630.560388075187802, 2323365.421412971802056 ], [ 3277603.455821648705751, 2323367.238756252918392 ], [ 3277583.653037866577506, 2323365.817931264638901 ], [ 3277566.25232, 2323363.967901497613639 ], [ 3277566.25232, 2324050.414061805233359 ], [ 3277568.39248278317973, 2324050.238409789279103 ], [ 3277572.731880765408278, 2324051.832219404168427 ], [ 3277576.803154163062572, 2324054.142783279530704 ], [ 3277579.400891114026308, 2324054.022393551655114 ], [ 3277581.969041834119707, 2324053.907189131248742 ], [ 3277583.787570143118501, 2324053.365225180052221 ], [ 3277587.40490268683061, 2324052.284754280932248 ], [ 3277590.294418038334697, 2324049.424028038047254 ], [ 3277592.903555531054735, 2324046.957469725981355 ], [ 3277596.44396959990263, 2324043.982669883407652 ], [ 3277598.468322672415525, 2324043.272711446508765 ], [ 3277600.252586154267192, 2324042.645422065164894 ], [ 3277605.410771217662841, 2324043.415825088508427 ], [ 3277611.168153029866517, 2324043.756481913849711 ], [ 3277617.07709865225479, 2324043.350074090529233 ], [ 3277617.478045149240643, 2324043.320397466421127 ], [ 3277623.618123656604439, 2324041.909430040046573 ], [ 3277625.79949531937018, 2324040.857368624769151 ], [ 3277629.591142432298511, 2324037.929873057175428 ], [ 3277630.86052249930799, 2324036.94631251739338 ], [ 3277634.841463571414351, 2324032.696856513619423 ], [ 3277637.676656262483448, 2324029.876098624430597 ], [ 3277641.027470502071083, 2324026.548910725396127 ], [ 3277642.205365003552288, 2324025.378425638657063 ], [ 3277644.534799198620021, 2324023.062370287254453 ], [ 3277645.643491077236831, 2324021.964901021216065 ], [ 3277649.613227596040815, 2324018.204511324875057 ], [ 3277691.501074053812772, 2324000.664805606007576 ], [ 3277691.674257989041507, 2324003.394687521271408 ], [ 3277684.988900688476861, 2324016.65249575022608 ], [ 3277682.336577665060759, 2324030.005184382665902 ], [ 3277678.145954832434654, 2324038.797059779986739 ], [ 3277668.608075064141303, 2324044.487198309507221 ], [ 3277664.047802568413317, 2324050.898210886865854 ], [ 3277662.258328886236995, 2324053.413924939930439 ], [ 3277660.586115272715688, 2324053.920095795765519 ], [ 3277636.445219161920249, 2324143.393526768311858 ], [ 3277635.500700403936207, 2324146.91802574088797 ], [ 3277654.086192063055933, 2324219.821046087890863 ], [ 3277645.568020302802324, 2324226.905430619604886 ], [ 3277626.972237320616841, 2324242.392749147955328 ], [ 3277566.25232, 2324219.617308526299894 ], [ 3277566.25232, 2324336.451844352763146 ], [ 3277575.238666013814509, 2324341.106478904373944 ], [ 3277611.511135573964566, 2324359.896020953543484 ], [ 3277632.507072782609612, 2324385.01618698053062 ], [ 3277665.366627842187881, 2324424.344623209908605 ], [ 3277741.352965702302754, 2324515.267185918521136 ], [ 3277779.611452356912196, 2324561.047319442033768 ], [ 3277780.040476769208908, 2324561.560711149126291 ], [ 3277807.990924345329404, 2324595.011316010728478 ], [ 3277821.953044200316072, 2324655.664369250182062 ], [ 3277806.695056077558547, 2324709.677018962334841 ], [ 3277795.616214180830866, 2324748.882035489194095 ], [ 3277773.471163474489003, 2324765.864201130345464 ], [ 3277756.099386181216687, 2324838.868960197083652 ], [ 3277741.074099648743868, 2324842.273551870137453 ], [ 3277740.859480719547719, 2324855.828284027054906 ], [ 3277740.643473372794688, 2324870.48939186707139 ], [ 3277740.609320374205709, 2324872.758378965780139 ], [ 3277739.57403073599562, 2324874.056103936396539 ], [ 3277739.153641091659665, 2324874.586441479623318 ], [ 3277728.321019154042006, 2324888.165319293737411 ], [ 3277729.115728789474815, 2324894.317791535519063 ], [ 3277729.858899687882513, 2324900.093673131428659 ], [ 3277730.420317831449211, 2324904.45024640718475 ], [ 3277731.161706913728267, 2324910.277180653065443 ], [ 3277722.929655861109495, 2324919.107684795744717 ], [ 3277714.707469508983195, 2324927.936462927609682 ], [ 3277705.982769262976944, 2324937.289679656270891 ], [ 3277706.929324097931385, 2324946.784677267540246 ], [ 3277708.435746903065592, 2324961.80354271363467 ], [ 3277700.047696826979518, 2324987.395452758762985 ], [ 3277695.96057067066431, 2324999.853014008607715 ], [ 3277694.229383499827236, 2325018.889642739202827 ], [ 3277692.654372374527156, 2325036.092558017931879 ], [ 3277691.102990523446351, 2325053.068078754935414 ], [ 3277690.106978324241936, 2325064.019828705117106 ], [ 3277687.488574897870421, 2325073.490172999445349 ], [ 3277680.808270423673093, 2325097.615793072618544 ], [ 3277680.096318468917161, 2325099.029370538890362 ], [ 3277663.799666910432279, 2325131.771502477582544 ], [ 3277663.91982795111835, 2325137.088299450464547 ], [ 3277663.934485841076821, 2325137.735203544609249 ], [ 3277664.14214677317068, 2325146.497139235492796 ], [ 3277664.257680003996938, 2325151.104386647697538 ], [ 3277664.445221925154328, 2325158.814455473795533 ], [ 3277664.592137344647199, 2325165.161662529688329 ], [ 3277664.183845122810453, 2325166.075507638975978 ], [ 3277657.221989633049816, 2325182.04075469262898 ], [ 3277657.496689699590206, 2325183.717772928066552 ], [ 3277658.185055972076952, 2325187.920183391310275 ], [ 3277659.033395122271031, 2325193.099210447166115 ], [ 3277659.332333795260638, 2325194.924200956244022 ], [ 3277652.781724161468446, 2325201.694303442258388 ], [ 3277645.399092302192003, 2325209.330742732156068 ], [ 3277616.684116004966199, 2325239.033369373530149 ], [ 3277607.810399991460145, 2325248.838987546507269 ], [ 3277649.246514677535743, 2325310.918110297992826 ], [ 3277700.98530110809952, 2325263.591977524105459 ], [ 3277704.358104459010065, 2325263.000841475091875 ], [ 3277713.510039182845503, 2325261.396824230905622 ], [ 3277720.681193292606622, 2325243.984317625872791 ], [ 3277721.023515490815043, 2325243.163218854460865 ], [ 3277721.751173038966954, 2325241.412002433091402 ], [ 3277722.745155398733914, 2325238.995079329237342 ], [ 3277727.337979813106358, 2325227.828989200759679 ], [ 3277741.416615863330662, 2325185.510238287504762 ], [ 3277748.198427699971944, 2325165.101291636936367 ], [ 3277743.698171357158571, 2325165.250698943156749 ], [ 3277743.174035749398172, 2325165.27152488194406 ], [ 3277740.72101188916713, 2325165.346270930487663 ], [ 3277738.42356548178941, 2325159.000501202885062 ], [ 3277734.857463039457798, 2325149.18320450745523 ], [ 3277747.357067636214197, 2325094.375046993605793 ], [ 3277761.446462993044406, 2325086.557697826530784 ], [ 3277769.992581812664866, 2325081.812519993633032 ], [ 3277777.194261128548533, 2325082.671267970930785 ], [ 3277786.755975314415991, 2325083.816603654995561 ], [ 3277786.845172777306288, 2325082.441138251684606 ], [ 3277787.099004180170596, 2325078.540409997105598 ], [ 3277794.893960135988891, 2325078.128160873427987 ], [ 3277800.777967874892056, 2325077.817425450310111 ], [ 3277803.362598738633096, 2325077.67902586935088 ], [ 3277805.878195500932634, 2325077.552725455723703 ], [ 3277810.76647328492254, 2325077.294728640001267 ], [ 3277811.524196465034038, 2325081.363201132975519 ], [ 3277811.801008796319366, 2325082.86733069550246 ], [ 3277813.343021743930876, 2325088.503211500588804 ], [ 3277813.928454882465303, 2325090.095323678571731 ], [ 3277815.366825220640749, 2325093.983616944868118 ], [ 3277816.39744568336755, 2325096.187768931034952 ], [ 3277817.82489177165553, 2325099.266136731486768 ], [ 3277820.732097784522921, 2325104.317719582933933 ], [ 3277824.052393679507077, 2325109.104091602377594 ], [ 3277827.759591902140528, 2325113.589250473305583 ], [ 3277831.837366914376616, 2325117.73546543577686 ], [ 3277836.252900874242187, 2325121.528192260302603 ], [ 3277840.983237968292087, 2325124.951158253476024 ], [ 3277849.579057929571718, 2325130.852682407014072 ], [ 3277854.309896041173488, 2325134.092897210270166 ], [ 3277857.109051012434065, 2325136.007389571983367 ], [ 3277858.539105925243348, 2325136.933924257289618 ], [ 3277860.208580586127937, 2325138.021457947790623 ], [ 3277861.443344652187079, 2325138.870591621380299 ], [ 3277863.2503871624358, 2325140.116679063998163 ], [ 3277864.391545484773815, 2325140.951774249318987 ], [ 3277866.236086612567306, 2325142.302917714230716 ], [ 3277868.595183164812624, 2325144.132167647127062 ], [ 3277869.154201056808233, 2325144.572037522681057 ], [ 3277870.865521596744657, 2325145.976973515935242 ], [ 3277871.953356375452131, 2325146.486530266702175 ], [ 3277872.731235929764807, 2325147.395442285574973 ], [ 3277894.000481881201267, 2325161.609436039812863 ], [ 3277899.803178617730737, 2325186.195860091131181 ], [ 3277896.042379044461995, 2325200.087980679236352 ], [ 3277893.197726704180241, 2325210.59247243963182 ], [ 3277964.606804620940238, 2325246.747074599377811 ], [ 3278142.914360104128718, 2325329.347435911186039 ], [ 3278167.159923589788377, 2325281.959089251235127 ], [ 3278182.207094673067331, 2325252.551570285111666 ], [ 3278155.53599921008572, 2325241.344260477926582 ], [ 3278162.214450020343065, 2325233.496438948437572 ], [ 3278199.308713648468256, 2325189.85381020558998 ], [ 3278153.988374201580882, 2325089.62915502069518 ], [ 3278086.055031139869243, 2325147.221133148297668 ], [ 3278075.875926226377487, 2325113.568332478404045 ], [ 3278100.875507407821715, 2325070.472433769609779 ], [ 3278125.214266439899802, 2324988.595217067748308 ], [ 3278136.320804047398269, 2324951.232333766296506 ], [ 3278085.121525747235864, 2324917.248930050060153 ], [ 3278091.561418509110808, 2324866.446022922638804 ], [ 3278140.740130947902799, 2324847.090700696222484 ], [ 3278171.137458136305213, 2324778.663507524412125 ], [ 3278232.917426791973412, 2324772.382721889764071 ], [ 3278233.382038965355605, 2324777.882666371762753 ], [ 3278233.671760409139097, 2324781.261896986048669 ], [ 3278237.602441048249602, 2324779.740908135194331 ], [ 3278243.459014076273888, 2324777.466338841244578 ], [ 3278250.264329764526337, 2324781.47959298780188 ], [ 3278253.015005939640105, 2324783.098157682456076 ] ], [ [ 3281858.799468081444502, 2319526.961836876813322 ], [ 3281857.655925130471587, 2319522.392927816603333 ], [ 3281861.276973149273545, 2319490.343000780791044 ], [ 3281861.486121397931129, 2319462.117445135954767 ], [ 3281864.685719477944076, 2319441.252530656289309 ], [ 3281866.932841272093356, 2319426.531133590266109 ], [ 3281871.927094173152, 2319412.353482151869684 ], [ 3281879.026736753061414, 2319392.195705674123019 ], [ 3281887.488945230841637, 2319377.573052777908742 ], [ 3281890.953082365449518, 2319371.588346533942968 ], [ 3281898.252125459257513, 2319353.516424676869065 ], [ 3281903.568725914228708, 2319340.378232599236071 ], [ 3281907.313290187157691, 2319336.292677873745561 ], [ 3281911.400698137003928, 2319331.822369826957583 ], [ 3281920.415394246112555, 2319339.35575131746009 ], [ 3281924.084024041425437, 2319341.686370544601232 ], [ 3281925.447482444345951, 2319342.33038621256128 ], [ 3281926.271152232307941, 2319342.713786338455975 ], [ 3281929.056156084872782, 2319343.798848173115402 ], [ 3281933.561253470834345, 2319344.917518634349108 ], [ 3281935.736474731937051, 2319344.94244874920696 ], [ 3281938.054618909023702, 2319344.972789706662297 ], [ 3281939.639123016502708, 2319344.73587652342394 ], [ 3281940.599042423535138, 2319344.588055561762303 ], [ 3281943.540466941893101, 2319343.839524526149035 ], [ 3281945.908060371410102, 2319343.242227336391807 ], [ 3281950.865032836794853, 2319341.481137472670525 ], [ 3281964.706563588231802, 2319335.363434127997607 ], [ 3281966.543706686701626, 2319334.686536028049886 ], [ 3281970.708078148774803, 2319333.165731954853982 ], [ 3281975.997897307854146, 2319331.64062046026811 ], [ 3282008.183895201887935, 2319325.283316355198622 ], [ 3282017.803656908217818, 2319322.939009014051408 ], [ 3282023.074453047476709, 2319321.173702179919928 ], [ 3282042.79235316067934, 2319312.961424397304654 ], [ 3282043.984486779663712, 2319312.620729603338987 ], [ 3282045.360784266144037, 2319312.227487391326576 ], [ 3282048.229067891836166, 2319311.775893289595842 ], [ 3282051.549989832099527, 2319311.610325881745666 ], [ 3282055.814199964515865, 2319311.939124490134418 ], [ 3282060.990534441079944, 2319313.31569437449798 ], [ 3282066.323487509973347, 2319315.649111303966492 ], [ 3282073.697106617502868, 2319319.664723738096654 ], [ 3282077.127201440278441, 2319321.529766515363008 ], [ 3282084.123252318240702, 2319324.292371889576316 ], [ 3282091.149513678625226, 2319325.689966172445565 ], [ 3282092.002032914664596, 2319325.753753433004022 ], [ 3282104.777526895515621, 2319325.271818889304996 ], [ 3282098.66593350796029, 2319302.313656232319772 ], [ 3282096.544946356676519, 2319293.13662312598899 ], [ 3282095.34238638728857, 2319287.95908345002681 ], [ 3282092.782903864979744, 2319283.29315729951486 ], [ 3282089.497777010314167, 2319277.29312245734036 ], [ 3282088.283779585268348, 2319272.665533253457397 ], [ 3282087.222606943920255, 2319268.599715378135443 ], [ 3282093.154515489935875, 2319258.042811095248908 ], [ 3282073.171141786966473, 2319255.149813819210976 ], [ 3282071.245212364010513, 2319234.705710736103356 ], [ 3282066.249711617361754, 2319221.293373268097639 ], [ 3282051.467509252950549, 2319210.569124083034694 ], [ 3282030.901341411750764, 2319205.23126153415069 ], [ 3282012.725202783942223, 2319199.495127951726317 ], [ 3281989.122752419207245, 2319184.470831347629428 ], [ 3281985.127526776865125, 2319181.446515304036438 ], [ 3281965.777638901025057, 2319166.803798060398549 ], [ 3281933.220572436228395, 2319143.931192237418145 ], [ 3281904.915833698119968, 2319123.236256774514914 ], [ 3281873.010827293619514, 2319111.289593057706952 ], [ 3281837.011313065886497, 2319097.137646513991058 ], [ 3281807.289988838136196, 2319082.850166742689908 ], [ 3281776.194511473644525, 2319068.783065730705857 ], [ 3281771.593593175057322, 2319066.707052320707589 ], [ 3281754.215763628017157, 2319059.897622978314757 ], [ 3281737.812774975784123, 2319053.465415111742914 ], [ 3281705.098142762668431, 2319044.258289001882076 ], [ 3281677.088615189306438, 2319039.747204179875553 ], [ 3281648.92789420299232, 2319037.535578680690378 ], [ 3281634.418103095144033, 2319037.215282722376287 ], [ 3281617.687183150090277, 2319036.837518176063895 ], [ 3281616.711605872958899, 2319036.145868347026408 ], [ 3281612.505865970160812, 2319033.199026230722666 ], [ 3281600.586813430301845, 2319027.818180513568223 ], [ 3281573.029086203314364, 2319021.604461859446019 ], [ 3281529.066384077072144, 2319016.508445323444903 ], [ 3281523.927235237788409, 2319015.916876461356878 ], [ 3281523.04029169306159, 2318999.836717234924436 ], [ 3281517.876611298881471, 2318980.933775637298822 ], [ 3281510.418977998197079, 2318950.743042716756463 ], [ 3281502.179117079824209, 2318936.600093455985188 ], [ 3281500.282224553637207, 2318934.060661233961582 ], [ 3281498.335646293591708, 2318936.796318260021508 ], [ 3281496.74535593483597, 2318939.043393841478974 ], [ 3281479.089071065653116, 2318954.2108552493155 ], [ 3281464.184381186030805, 2318961.519408205524087 ], [ 3281460.940927189774811, 2318961.600402099080384 ], [ 3281450.816229504533112, 2318961.851565829478204 ], [ 3281437.88974379748106, 2318956.576155188027769 ], [ 3281427.800622401759028, 2318952.457800448872149 ], [ 3281423.74496000725776, 2318946.460820206440985 ], [ 3281418.066422803793103, 2318938.048919544555247 ], [ 3281399.968458223156631, 2318917.72787095233798 ], [ 3281381.986924574710429, 2318898.056148493196815 ], [ 3281377.751428234856576, 2318895.175411745440215 ], [ 3281361.596538273617625, 2318884.1843281975016 ], [ 3281337.593788951635361, 2318875.267889497801661 ], [ 3281322.297679858282208, 2318869.585592487826943 ], [ 3281306.159764711745083, 2318865.826492378488183 ], [ 3281299.272131365723908, 2318864.222035504877567 ], [ 3281288.837308179587126, 2318866.049614537041634 ], [ 3281277.090736095793545, 2318868.106938893906772 ], [ 3281245.232030950952321, 2318874.356481843627989 ], [ 3281216.296701306477189, 2318886.131617253646255 ], [ 3281197.553300865460187, 2318902.839160812553018 ], [ 3281185.662392073776573, 2318934.511036361102015 ], [ 3281178.389191564172506, 2318953.857076871674508 ], [ 3281165.61817112704739, 2319047.652165641542524 ], [ 3281166.133816081099212, 2319048.880990562960505 ], [ 3281166.563011205755174, 2319049.89157086238265 ], [ 3281166.434030027594417, 2319095.343262099660933 ], [ 3281166.235562389716506, 2319161.568366474471986 ], [ 3281182.87932054977864, 2319197.425814812537283 ], [ 3281194.980445203371346, 2319223.505486025474966 ], [ 3281196.507559909950942, 2319230.665788683108985 ], [ 3281201.304531836416572, 2319253.154096837155521 ], [ 3281205.043940055184066, 2319254.863454008940607 ], [ 3281210.230455795302987, 2319258.409684049896896 ], [ 3281214.698297447524965, 2319262.771800030954182 ], [ 3281228.118793326430023, 2319277.387408944778144 ], [ 3281232.656724432948977, 2319281.371949430555105 ], [ 3281233.848933597095311, 2319282.147418898530304 ], [ 3281234.814824191387743, 2319282.779877253808081 ], [ 3281237.019882555119693, 2319283.854869012720883 ], [ 3281238.12241174839437, 2319284.392364920116961 ], [ 3281252.718449071981013, 2319290.136348286643624 ], [ 3281255.972969430498779, 2319291.920486916787922 ], [ 3281258.8715157546103, 2319293.513292607851326 ], [ 3281262.378971042577177, 2319296.470798509661108 ], [ 3281270.241235453169793, 2319305.393188511952758 ], [ 3281273.635398463346064, 2319308.89819365227595 ], [ 3281274.772751069627702, 2319309.896363459527493 ], [ 3281275.639664914924651, 2319310.667924471665174 ], [ 3281279.053645776584744, 2319312.992379884235561 ], [ 3281283.063669485040009, 2319314.867434663698077 ], [ 3281293.681588623207062, 2319318.497395427431911 ], [ 3281304.142486397176981, 2319323.027521187905222 ], [ 3281306.722504753153771, 2319323.975958475843072 ], [ 3281308.665722926147282, 2319324.690923137590289 ], [ 3281315.304647006094456, 2319326.511426854878664 ], [ 3281327.355987091548741, 2319328.733549971133471 ], [ 3281334.509738765656948, 2319330.352265988010913 ], [ 3281337.272305670659989, 2319331.238290016073734 ], [ 3281340.325386586599052, 2319332.225640292279422 ], [ 3281341.916600721888244, 2319333.083435628563166 ], [ 3281343.673517277929932, 2319334.023828441277146 ], [ 3281344.882964066229761, 2319335.090549920685589 ], [ 3281345.650726392865181, 2319336.062127632088959 ], [ 3281346.290797451045364, 2319336.873419797047973 ], [ 3281348.017941994126886, 2319340.173184209503233 ], [ 3281349.487123661674559, 2319344.624177739024162 ], [ 3281351.726281844079494, 2319353.283327598124743 ], [ 3281353.517356175463647, 2319357.779415634460747 ], [ 3281355.665195729583502, 2319361.046086420305073 ], [ 3281357.480806426145136, 2319362.71694718580693 ], [ 3281358.855040536727756, 2319363.612745834514499 ], [ 3281359.583135848399252, 2319364.094056926202029 ], [ 3281361.394560047890991, 2319364.933578141033649 ], [ 3281363.292959527578205, 2319365.808602207805961 ], [ 3281367.781940089538693, 2319367.3866818244569 ], [ 3281373.513102252036333, 2319368.929849391337484 ], [ 3281376.986136915162206, 2319369.569672584999353 ], [ 3281384.259424761403352, 2319370.183174995705485 ], [ 3281393.014438532758504, 2319370.303774976171553 ], [ 3281401.698798860888928, 2319370.426603596191853 ], [ 3281406.31215895479545, 2319371.029061796143651 ], [ 3281406.883499138057232, 2319371.172527963295579 ], [ 3281408.881575131323189, 2319371.664795158430934 ], [ 3281411.171080755069852, 2319372.511909106280655 ], [ 3281412.564474679995328, 2319373.028905488085002 ], [ 3281413.304222331847996, 2319373.457440053112805 ], [ 3281414.545921401120722, 2319374.163360647857189 ], [ 3281415.734203522093594, 2319375.162759312894195 ], [ 3281415.993165147490799, 2319375.381231446750462 ], [ 3281417.280549289193004, 2319377.915798643603921 ], [ 3281417.670598355121911, 2319380.546646004542708 ], [ 3281417.416730968281627, 2319383.706308313645422 ], [ 3281416.707912332843989, 2319386.813739102333784 ], [ 3281415.006311364937574, 2319391.789637837093323 ], [ 3281409.880269418936223, 2319403.240556478500366 ], [ 3281400.950893386732787, 2319426.103532304055989 ], [ 3281396.942617522086948, 2319440.230353449936956 ], [ 3281396.162709893658757, 2319444.638936478644609 ], [ 3281395.800965835340321, 2319448.751041007228196 ], [ 3281396.1272021853365, 2319458.739664961118251 ], [ 3281397.568671191111207, 2319468.847525638993829 ], [ 3281400.237303197849542, 2319484.15907913679257 ], [ 3281402.997194417286664, 2319496.867104642093182 ], [ 3281407.273106832057238, 2319516.605471198447049 ], [ 3281407.983787385281175, 2319521.442998628132045 ], [ 3281408.278576990589499, 2319523.491846109274775 ], [ 3281408.384358688257635, 2319527.856926788110286 ], [ 3281409.114113038405776, 2319528.906193004455417 ], [ 3281410.60189997497946, 2319532.603036704007536 ], [ 3281413.20495945867151, 2319541.563760575372726 ], [ 3281414.663377047516406, 2319545.762963314540684 ], [ 3281416.066371640190482, 2319549.809517403133214 ], [ 3281417.254961356986314, 2319552.422273659612983 ], [ 3281418.863066336605698, 2319555.986424905713648 ], [ 3281421.032474420499057, 2319559.756683337967843 ], [ 3281422.25527861667797, 2319561.896674034185708 ], [ 3281429.261921375524253, 2319571.851748433895409 ], [ 3281441.174097629263997, 2319585.371836155187339 ], [ 3281445.017946599982679, 2319590.198406800627708 ], [ 3281454.607366315089166, 2319604.155759952031076 ], [ 3281468.184784205630422, 2319622.518696371931583 ], [ 3281472.715450993739069, 2319629.619724662974477 ], [ 3281473.518566717393696, 2319630.869234723038971 ], [ 3281476.862214388791472, 2319637.102556976955384 ], [ 3281475.288631420116872, 2319639.265551348216832 ], [ 3281474.138927067629993, 2319640.857090146280825 ], [ 3281472.615793653763831, 2319643.762144912034273 ], [ 3281471.452562793157995, 2319646.634606043808162 ], [ 3281469.822643481194973, 2319650.68470869679004 ], [ 3281468.464255795814097, 2319655.154027261771262 ], [ 3281467.916920868679881, 2319656.954628522042185 ], [ 3281467.096488556824625, 2319661.177517848554999 ], [ 3281466.471083784941584, 2319664.422554918099195 ], [ 3281465.780267518945038, 2319670.4289531391114 ], [ 3281465.611961910035461, 2319678.139898988883942 ], [ 3281465.786615188233554, 2319680.260526009835303 ], [ 3281465.928231676574796, 2319681.869429595768452 ], [ 3281466.395756690297276, 2319684.415681950747967 ], [ 3281467.840219946112484, 2319688.901455010287464 ], [ 3281469.585145097225904, 2319692.309730986598879 ], [ 3281470.602580792270601, 2319693.876857696566731 ], [ 3281471.279794797301292, 2319694.915032546035945 ], [ 3281474.144969262182713, 2319698.411223827395588 ], [ 3281475.058539880439639, 2319699.529768667183816 ], [ 3281489.373539025429636, 2319713.349473387002945 ], [ 3281491.800608059857041, 2319716.648422046564519 ], [ 3281493.63521628966555, 2319720.294672180432826 ], [ 3281494.726283947005868, 2319725.410588052123785 ], [ 3281495.159520925022662, 2319731.899980061687529 ], [ 3281495.351634618360549, 2319734.809035159647465 ], [ 3281495.940084575209767, 2319762.265910695306957 ], [ 3281496.577994062565267, 2319767.27854663785547 ], [ 3281497.655579511076212, 2319771.940199017524719 ], [ 3281489.82100269664079, 2319773.413873278070241 ], [ 3281486.067848361097276, 2319774.781534948386252 ], [ 3281482.790288168936968, 2319776.451493776403368 ], [ 3281475.76040923409164, 2319780.919732509180903 ], [ 3281463.105655544437468, 2319789.762340207118541 ], [ 3281458.361130566336215, 2319792.511164748109877 ], [ 3281453.658717350568622, 2319794.897460016887635 ], [ 3281407.073173485696316, 2319733.243675096426159 ], [ 3281290.826986545696855, 2319583.505553464405239 ], [ 3281183.464489728678018, 2319488.843432278372347 ], [ 3281067.785590957384557, 2319435.973405100870878 ], [ 3281068.587742489762604, 2319438.704581216908991 ], [ 3281068.58132707234472, 2319439.223215096164495 ], [ 3281068.57368950266391, 2319440.168247919064015 ], [ 3281068.108351317699999, 2319442.593769547063857 ], [ 3281066.701647017151117, 2319446.148162809200585 ], [ 3281065.2857351815328, 2319448.902535449247807 ], [ 3281060.967609228566289, 2319455.929870240390301 ], [ 3281057.90903211850673, 2319460.301250846590847 ], [ 3281052.212528676725924, 2319468.452825306914747 ], [ 3281045.333199754357338, 2319476.568041964434087 ], [ 3281041.203648827970028, 2319482.578067759051919 ], [ 3281038.309817044530064, 2319486.220434770453721 ], [ 3281022.968423200771213, 2319502.078675433062017 ], [ 3281016.589088199660182, 2319508.289964673109353 ], [ 3281010.467711082194, 2319513.350020912475884 ], [ 3281000.236729935277253, 2319520.327268276363611 ], [ 3280988.306136359460652, 2319527.581918094772846 ], [ 3280972.166747348383069, 2319536.395689660683274 ], [ 3280967.203105892054737, 2319539.355431669391692 ], [ 3280958.442154876887798, 2319545.334458613302559 ], [ 3280941.412475850433111, 2319556.952622395474464 ], [ 3280937.711741185281426, 2319558.950412966310978 ], [ 3280934.30060326680541, 2319560.796006739605218 ], [ 3280931.355105244554579, 2319561.829437380190939 ], [ 3280929.647986381780356, 2319562.432866657152772 ], [ 3280928.531712348107249, 2319562.679124366957694 ], [ 3280926.105139786377549, 2319563.225918867159635 ], [ 3280921.851959558669478, 2319563.646173365879804 ], [ 3280916.522085599601269, 2319563.686769291292876 ], [ 3280909.995300269220024, 2319531.313504202291369 ], [ 3280897.820205939467996, 2319492.572800824418664 ], [ 3280870.934185821563005, 2319471.00058507733047 ], [ 3280848.283731201663613, 2319457.453740455210209 ], [ 3280825.221740146633238, 2319423.542368513997644 ], [ 3280810.206250607036054, 2319385.299196003936231 ], [ 3280779.507713850121945, 2319376.074303804896772 ], [ 3280718.672848502639681, 2319325.420097036287189 ], [ 3280696.539362945593894, 2319297.180807169061154 ], [ 3280686.731590802315623, 2319255.113222572952509 ], [ 3280674.091636876109987, 2319213.531577284447849 ], [ 3280678.422804213594645, 2319186.501667838543653 ], [ 3280675.731582740321755, 2319134.420369764789939 ], [ 3280670.156216158997267, 2319100.358436400536448 ], [ 3280616.39590471656993, 2319057.222226880956441 ], [ 3280554.579246938228607, 2319018.419585232622921 ], [ 3280464.142542287707329, 2319072.221250384580344 ], [ 3280413.371359100099653, 2319086.705474280752242 ], [ 3280411.151551586575806, 2319087.337831433396786 ], [ 3280411.247998161707073, 2319086.935341230593622 ], [ 3280431.734917759429663, 2318999.063600252382457 ], [ 3280467.3352823657915, 2318949.042434887960553 ], [ 3280486.312549915164709, 2318922.359424197580665 ], [ 3280568.607133985497057, 2318907.944969390053302 ], [ 3280630.109828257933259, 2318891.337777430191636 ], [ 3280707.186966320499778, 2318880.749671224504709 ], [ 3280718.87807344365865, 2318925.399529443122447 ], [ 3280728.691632731352001, 2318928.206321319565177 ], [ 3280735.929500656202435, 2318930.277027754113078 ], [ 3280739.334226557053626, 2318931.243354419711977 ], [ 3280747.502598350867629, 2318927.965842367615551 ], [ 3280748.959930123295635, 2318927.385874906554818 ], [ 3280755.615023796446621, 2318924.718425577972084 ], [ 3280791.166966664139181, 2318910.475104514509439 ], [ 3280818.709926253184676, 2318898.933442990295589 ], [ 3280840.423211405985057, 2318889.833484116010368 ], [ 3280844.811708518303931, 2318888.070407080929726 ], [ 3280849.379525162279606, 2318886.225186448544264 ], [ 3280850.902668970171362, 2318885.613401154056191 ], [ 3280887.519095893483609, 2318870.86915502557531 ], [ 3280891.940550769213587, 2318868.501624383032322 ], [ 3280922.219375712797046, 2318852.290046055801213 ], [ 3280942.478787831030786, 2318841.435638667084277 ], [ 3280956.366899669636041, 2318832.255260634701699 ], [ 3280965.221223783679307, 2318826.412171405274421 ], [ 3280976.235494896769524, 2318820.190774760209024 ], [ 3280981.045710186008364, 2318817.471042712219059 ], [ 3281001.694452185649425, 2318803.788438281510025 ], [ 3281087.351049654651433, 2318753.382429849822074 ], [ 3281137.072507414035499, 2318735.582101553678513 ], [ 3281150.824700374156237, 2318731.39773090928793 ], [ 3281177.275037958286703, 2318723.345525093842298 ], [ 3281249.211523172911257, 2318699.138018530793488 ], [ 3281249.689395039808005, 2318698.648436080664396 ], [ 3281293.962398670148104, 2318684.99890125496313 ], [ 3281421.595278616063297, 2318632.447398839518428 ], [ 3281529.071688187308609, 2318590.387350750621408 ], [ 3281542.687589105218649, 2318585.060051866807044 ], [ 3281668.06675225449726, 2318522.827924613840878 ], [ 3281708.125409328844398, 2318501.90066048828885 ], [ 3281756.84081559907645, 2318476.463978908956051 ], [ 3281760.073560661636293, 2318483.50816856417805 ], [ 3281910.473518768325448, 2318418.619942598044872 ], [ 3281913.731340598315001, 2318411.869823762681335 ], [ 3281916.475091770291328, 2318406.194002353586257 ], [ 3281945.332960695493966, 2318421.901195012032986 ], [ 3281960.969247254077345, 2318430.405859576538205 ], [ 3281990.758683764375746, 2318431.906338372267783 ], [ 3282020.507059178780764, 2318433.403875299263746 ], [ 3282045.383152581751347, 2318435.196592866443098 ], [ 3282063.974545686040074, 2318436.527271410450339 ], [ 3282085.116551115177572, 2318442.160121685825288 ], [ 3282100.456723374780267, 2318446.251949285157025 ], [ 3282123.550201845355332, 2318452.588211815804243 ], [ 3282148.236126156523824, 2318459.355903921183199 ], [ 3282188.613863636739552, 2318476.455211637541652 ], [ 3282220.69101267401129, 2318508.422604782506824 ], [ 3282243.187314074952155, 2318547.4356359988451 ], [ 3282253.149651953019202, 2318554.498685914557427 ], [ 3282276.588013909757137, 2318571.1246228790842 ], [ 3282297.675056459382176, 2318574.747879913076758 ], [ 3282306.789062569849193, 2318576.317715441808105 ], [ 3282320.757658002898097, 2318558.701626686844975 ], [ 3282402.242856460157782, 2318528.612649824935943 ], [ 3282411.020204497966915, 2318508.536864141467959 ], [ 3282464.593276749830693, 2318547.059572999365628 ], [ 3282460.732513437978923, 2318546.406395681202412 ], [ 3282459.585541777778417, 2318546.465192139614373 ], [ 3282458.205265859141946, 2318546.524256120901555 ], [ 3282457.492819160223007, 2318546.882401168346405 ], [ 3282456.125488637015224, 2318547.578463910147548 ], [ 3282455.327740323729813, 2318549.027136738877743 ], [ 3282455.390823245979846, 2318551.644182070158422 ], [ 3282456.349638400133699, 2318554.155103784520179 ], [ 3282457.384626312181354, 2318555.891655668616295 ], [ 3282458.825108590070158, 2318558.308081671595573 ], [ 3282460.486331616993994, 2318560.523498777300119 ], [ 3282462.612402477767318, 2318563.347513714339584 ], [ 3282475.231922303326428, 2318578.77322357846424 ], [ 3282485.886090951040387, 2318595.456340562086552 ], [ 3282493.467700954992324, 2318605.950007768813521 ], [ 3282500.496165979653597, 2318614.551714282948524 ], [ 3282502.819290534593165, 2318616.844015851616859 ], [ 3282495.574526497162879, 2318630.786404984537512 ], [ 3282482.804512104485184, 2318650.952559885103256 ], [ 3282479.772538361605257, 2318655.735142305027694 ], [ 3282471.507560173049569, 2318656.005433843005449 ], [ 3282459.073989961761981, 2318656.965138214174658 ], [ 3282444.224926655180752, 2318658.6015221523121 ], [ 3282430.431016692426056, 2318660.114014634862542 ], [ 3282421.516881871502846, 2318660.447258233558387 ], [ 3282418.391582149080932, 2318660.568382636643946 ], [ 3282412.104377478826791, 2318660.401011683046818 ], [ 3282406.666435843799263, 2318659.719623177777976 ], [ 3282400.43420707155019, 2318658.152474931441247 ], [ 3282391.524731101002544, 2318655.166809108108282 ], [ 3282370.111751887947321, 2318646.638682722114027 ], [ 3282365.341961384750903, 2318645.576465937308967 ], [ 3282363.998085539788008, 2318645.547982130199671 ], [ 3282362.276367528364062, 2318645.504489649552852 ], [ 3282358.817376499064267, 2318646.252290240954608 ], [ 3282357.033666244708002, 2318647.193774742074311 ], [ 3282354.902323444373906, 2318649.606582710519433 ], [ 3282353.525112815201283, 2318653.155712910927832 ], [ 3282351.897792082745582, 2318660.817626781761646 ], [ 3282351.078594960272312, 2318663.436976037919521 ], [ 3282349.865938709117472, 2318665.759933090768754 ], [ 3282347.948351304978132, 2318668.115014830604196 ], [ 3282344.440875857137144, 2318670.860138082876801 ], [ 3282340.573990344535559, 2318672.897022997960448 ], [ 3282337.161469253245741, 2318674.052718868944794 ], [ 3282329.209918397944421, 2318676.733888109680265 ], [ 3282332.708447625860572, 2318683.914189186878502 ], [ 3282334.836729378439486, 2318687.681496017612517 ], [ 3282337.793762725777924, 2318692.917058843653649 ], [ 3282343.081243230029941, 2318703.031147317029536 ], [ 3282343.318159556481987, 2318703.486865875776857 ], [ 3282347.232659087050706, 2318709.427406434435397 ], [ 3282351.504860205575824, 2318714.39206719910726 ], [ 3282356.135146203450859, 2318718.817106228321791 ], [ 3282360.844127740710974, 2318722.731156446505338 ], [ 3282377.269185327924788, 2318735.187040502205491 ], [ 3282378.950635940767825, 2318736.658177512232214 ], [ 3282381.445013668388128, 2318738.819015640765429 ], [ 3282384.342921738512814, 2318741.771690329536796 ], [ 3282388.191373719833791, 2318746.688795043155551 ], [ 3282391.962425945792347, 2318752.806664641015232 ], [ 3282393.657976303715259, 2318756.223575414158404 ], [ 3282393.917671911418438, 2318756.756481755524874 ], [ 3282386.202291657682508, 2318762.430272975470871 ], [ 3282381.819376752711833, 2318765.653413353487849 ], [ 3282331.313818340189755, 2318786.847074547316879 ], [ 3282306.487621375359595, 2318795.091198810841888 ], [ 3282283.536296429112554, 2318800.409342613071203 ], [ 3282254.603101125918329, 2318798.251493244897574 ], [ 3282231.64742387086153, 2318796.53847244894132 ], [ 3282214.638059430755675, 2318795.265591382980347 ], [ 3282201.932346939574927, 2318790.905200938228518 ], [ 3282180.117962184362113, 2318858.895837309770286 ], [ 3282222.965198185294867, 2318886.805638667196035 ], [ 3282234.900184293743223, 2318885.527289118152112 ], [ 3282247.034042857121676, 2318884.224261798430234 ], [ 3282281.499840589240193, 2318866.194557508453727 ], [ 3282302.347770165652037, 2318859.864745545666665 ], [ 3282302.718583574984223, 2318906.760658066254109 ], [ 3282299.008687117137015, 2318947.816181818023324 ], [ 3282298.107472763862461, 2318957.806567951571196 ], [ 3282295.504015123471618, 2318986.654150824993849 ], [ 3282290.574805043637753, 2319014.123146022669971 ], [ 3282284.483087013941258, 2319028.229022124782205 ], [ 3282288.192425636574626, 2319027.833100053947419 ], [ 3282303.928738303948194, 2319026.163013904821128 ], [ 3282305.890897228848189, 2319104.165391067974269 ], [ 3282343.056905671022832, 2319141.745965332258493 ], [ 3282369.403200001921505, 2319191.571440849918872 ], [ 3282365.530273870099336, 2319194.0051444247365 ], [ 3282361.65573344938457, 2319196.428984007798135 ], [ 3282352.151808890979737, 2319201.898544611409307 ], [ 3282342.119611478410661, 2319207.673712194897234 ], [ 3282334.693277900107205, 2319214.555186826735735 ], [ 3282328.384697427973151, 2319226.963904217351228 ], [ 3282325.049911327194422, 2319237.08623023936525 ], [ 3282323.546569874510169, 2319241.66204243991524 ], [ 3282322.53740969998762, 2319250.930616352707148 ], [ 3282321.633087114430964, 2319259.166116550564766 ], [ 3282317.044221060816199, 2319276.316807497292757 ], [ 3282316.730301535688341, 2319277.498116946779191 ], [ 3282308.932158757932484, 2319293.698919742368162 ], [ 3282301.741066908929497, 2319305.054695751518011 ], [ 3282299.152224333025515, 2319332.316855632700026 ], [ 3282281.677160992752761, 2319382.186079095117748 ], [ 3282267.447754046879709, 2319373.475595361553133 ], [ 3282262.55373914539814, 2319370.476758700795472 ], [ 3282261.177712080534548, 2319369.631994927302003 ], [ 3282249.217378416564316, 2319369.453635639511049 ], [ 3282245.195533584803343, 2319370.543571344111115 ], [ 3282241.9991101520136, 2319371.407774388324469 ], [ 3282217.102119624614716, 2319359.755753793753684 ], [ 3282190.818369987886399, 2319352.709885075222701 ], [ 3282190.164235047064722, 2319353.362243719398975 ], [ 3282188.599007252603769, 2319354.894611197523773 ], [ 3282181.911803674418479, 2319368.151020101737231 ], [ 3282182.00088401325047, 2319372.600173187442124 ], [ 3282182.147334773093462, 2319379.383275002706796 ], [ 3282184.678133375011384, 2319386.601166711188853 ], [ 3282186.672818637918681, 2319392.279254394117743 ], [ 3282193.290538650937378, 2319403.205566907301545 ], [ 3282200.96299100574106, 2319410.720364043023437 ], [ 3282212.818295993376523, 2319414.285963782574981 ], [ 3282209.487487529870123, 2319424.184391983784735 ], [ 3282203.614565668161958, 2319441.67163320351392 ], [ 3282192.980815206188709, 2319465.279327091760933 ], [ 3282160.064202448818833, 2319529.836833201814443 ], [ 3282110.748040752019733, 2319582.776351297274232 ], [ 3282085.818944323807955, 2319609.232730727642775 ], [ 3282077.124151066411287, 2319618.467360333539546 ], [ 3282035.553743947297335, 2319610.445824781432748 ], [ 3281984.860390299931169, 2319595.96519386395812 ], [ 3281940.162598486058414, 2319583.651216205209494 ], [ 3281903.416066821664572, 2319575.596694709733129 ], [ 3281898.356627656146884, 2319564.397469478659332 ], [ 3281896.950498843565583, 2319559.154096877202392 ], [ 3281894.224344500340521, 2319549.007424428127706 ], [ 3281883.041091001592577, 2319539.69248728826642 ], [ 3281876.692447459325194, 2319537.476090689189732 ], [ 3281859.983727651182562, 2319531.65552871208638 ], [ 3281858.799468081444502, 2319526.961836876813322 ] ], [ [ 3279585.99390512984246, 2321021.074906670488417 ], [ 3279599.893313230480999, 2320990.216657823882997 ], [ 3279593.779091300908476, 2320981.810051966458559 ], [ 3279447.213256599381566, 2320998.00971967400983 ], [ 3279395.086419924162328, 2320983.447658753022552 ], [ 3279354.067374129779637, 2320978.791892699897289 ], [ 3279357.236898126080632, 2320940.335603403393179 ], [ 3279368.00204990291968, 2320933.710696026682854 ], [ 3279434.771036212798208, 2320922.013066743500531 ], [ 3279459.343676823191345, 2320912.969183876179159 ], [ 3279473.196332131978124, 2320896.325618136674166 ], [ 3279483.65584921091795, 2320858.956608317792416 ], [ 3279492.618460677098483, 2320812.38224777020514 ], [ 3279496.918640642892569, 2320780.831230361014605 ], [ 3279488.21076237782836, 2320742.0813750019297 ], [ 3279477.159717380069196, 2320717.958669702056795 ], [ 3279495.277325347065926, 2320683.986976609565318 ], [ 3279535.634348016232252, 2320655.596916540991515 ], [ 3279559.362169614061713, 2320630.485484131146222 ], [ 3279531.713122804183513, 2320639.205665682442486 ], [ 3279480.823379806708544, 2320639.140569186769426 ], [ 3279459.18354656547308, 2320671.862179215066135 ], [ 3279431.225112066604197, 2320637.296694027259946 ], [ 3279426.641820493154228, 2320609.30108009185642 ], [ 3279423.533006703481078, 2320590.311808635015041 ], [ 3279337.553954088129103, 2320557.052378902677447 ], [ 3279296.183330602943897, 2320583.093413640279323 ], [ 3279249.307837451342493, 2320559.087452806066722 ], [ 3279143.551185309421271, 2320601.776814861223102 ], [ 3279146.954051895532757, 2320577.881966635584831 ], [ 3279154.138964835554361, 2320527.326623081695288 ], [ 3279215.093233400024474, 2320514.070224375464022 ], [ 3279342.10632773861289, 2320486.450278608128428 ], [ 3279370.270398265682161, 2320469.349320184439421 ], [ 3279410.466745618265122, 2320444.934781783260405 ], [ 3279340.239265931770205, 2320376.697532020509243 ], [ 3279321.335620374884456, 2320367.446723987814039 ], [ 3279287.708720792550594, 2320350.993155564181507 ], [ 3279243.705437959171832, 2320350.604528681840748 ], [ 3279185.560124532319605, 2320350.095780081115663 ], [ 3279160.138557631056756, 2320424.354070156812668 ], [ 3279083.60926715284586, 2320432.393683018162847 ], [ 3279014.852571381255984, 2320515.238845977000892 ], [ 3278981.753919233102351, 2320534.422274756245315 ], [ 3278982.473891653120518, 2320536.031360797584057 ], [ 3278923.643444856163114, 2320586.613983403891325 ], [ 3278837.420837260782719, 2320522.244924400467426 ], [ 3278784.338579073548317, 2320506.308178590144962 ], [ 3278761.521163932047784, 2320580.110736993607134 ], [ 3278704.219050279818475, 2320616.107746464200318 ], [ 3278672.160193221643567, 2320604.646326168440282 ], [ 3278620.228914475999773, 2320586.07266031531617 ], [ 3278629.411631246097386, 2320560.982369225006551 ], [ 3278580.454342579934746, 2320543.470678045414388 ], [ 3278538.954960428643972, 2320528.630172869190574 ], [ 3278532.38660393981263, 2320499.602195838466287 ], [ 3278527.085430234670639, 2320476.207336777821183 ], [ 3278480.016738397069275, 2320487.396933608688414 ], [ 3278380.774598808493465, 2320464.032506255898625 ], [ 3278315.900934076867998, 2320448.761722937226295 ], [ 3278269.066336450632662, 2320408.645005854777992 ], [ 3278230.124550420790911, 2320399.201533040031791 ], [ 3278234.010991683695465, 2320391.336109544150531 ], [ 3278237.266188906040043, 2320384.758405484259129 ], [ 3278235.881106064189225, 2320374.934711503796279 ], [ 3278235.534589008893818, 2320374.305391524452716 ], [ 3278234.052374339196831, 2320371.510678482241929 ], [ 3278243.53364005824551, 2320360.513697875197977 ], [ 3278244.998115617781878, 2320358.55231554992497 ], [ 3278246.855067637283355, 2320356.075674544554204 ], [ 3278261.455565447453409, 2320331.79159208573401 ], [ 3278271.930942132137716, 2320312.055914328433573 ], [ 3278283.559200399089605, 2320292.483559862244874 ], [ 3278285.384263994172215, 2320290.245903852861375 ], [ 3278287.605035034939647, 2320287.512719127349555 ], [ 3278291.62514340877533, 2320281.765025741886348 ], [ 3278297.764041536021978, 2320270.430263075977564 ], [ 3278299.422248209826648, 2320267.359302289318293 ], [ 3278306.91064824629575, 2320258.690294416155666 ], [ 3278308.71610185271129, 2320255.837076484691352 ], [ 3278310.349507177248597, 2320252.242790140677243 ], [ 3278313.524468861985952, 2320251.37193334614858 ], [ 3278315.213023115415126, 2320250.345460012089461 ], [ 3278317.076044623274356, 2320249.207238161936402 ], [ 3278319.295309827663004, 2320244.109944103751332 ], [ 3278321.677925101015717, 2320242.241390044800937 ], [ 3278324.042895957361907, 2320241.3805339676328 ], [ 3278326.58198856189847, 2320240.529760482721031 ], [ 3278330.200236688368022, 2320238.028663982637227 ], [ 3278332.745609734673053, 2320235.543036947026849 ], [ 3278333.256783129647374, 2320234.885212758090347 ], [ 3278334.422567682806402, 2320233.392219794914126 ], [ 3278335.910869575105608, 2320231.142538997344673 ], [ 3278338.107016312889755, 2320227.825116875581443 ], [ 3278350.039444625377655, 2320208.189366115257144 ], [ 3278364.104533422272652, 2320185.034231168683618 ], [ 3278366.224204836413264, 2320180.877819412853569 ], [ 3278366.708271137438715, 2320179.930467199068516 ], [ 3278368.177770505659282, 2320176.202544409316033 ], [ 3278372.470907276496291, 2320159.356373981572688 ], [ 3278374.626334294676781, 2320152.443719618953764 ], [ 3278375.686747388914227, 2320149.873258685227484 ], [ 3278377.802556375041604, 2320144.763658796902746 ], [ 3278378.97313082171604, 2320142.742158602923155 ], [ 3278379.907583381049335, 2320141.137487177271396 ], [ 3278381.472542826086283, 2320139.665887144394219 ], [ 3278383.598625999409705, 2320138.461285289376974 ], [ 3278391.246254438534379, 2320136.218237854540348 ], [ 3278395.643477420322597, 2320135.376781654544175 ], [ 3278404.260399279650301, 2320133.724973827600479 ], [ 3278419.947394510731101, 2320131.879640290047973 ], [ 3278419.9964170451276, 2320130.815708973444998 ], [ 3278419.425542981363833, 2320128.196193926502019 ], [ 3278418.443328825291246, 2320125.790813594125211 ], [ 3278416.854137675836682, 2320121.908766175620258 ], [ 3278408.043290894012898, 2320107.378809070214629 ], [ 3278400.705823480151594, 2320095.279800564516336 ], [ 3278394.058676229789853, 2320085.972182545810938 ], [ 3278377.06768420804292, 2320065.660556663293391 ], [ 3278373.200435752049088, 2320060.38153007440269 ], [ 3278366.163062041625381, 2320050.797268914058805 ], [ 3278360.498708835802972, 2320042.53516395855695 ], [ 3278357.190567000769079, 2320037.076998863369226 ], [ 3278353.582802546210587, 2320030.098464532755315 ], [ 3278350.920106865931302, 2320023.563199216499925 ], [ 3278352.708273267373443, 2320023.331080828793347 ], [ 3278355.032243662979454, 2320023.025381170213223 ], [ 3278357.816405477933586, 2320023.237756599672139 ], [ 3278360.17019391618669, 2320023.424061167053878 ], [ 3278365.876361342146993, 2320025.062658505514264 ], [ 3278371.556286866776645, 2320026.107150566764176 ], [ 3278374.495595468208194, 2320026.647507068235427 ], [ 3278379.800804224330932, 2320028.315765876322985 ], [ 3278383.985729634296149, 2320024.132386350538582 ], [ 3278386.137424868065864, 2320022.588432272896171 ], [ 3278391.414086747914553, 2320020.425933255814016 ], [ 3278395.257746181450784, 2320019.549551563803107 ], [ 3278397.115469780284911, 2320019.122592596337199 ], [ 3278400.092384676449001, 2320017.413761117961258 ], [ 3278402.274129953235388, 2320015.123774640262127 ], [ 3278403.281200813595206, 2320013.404908278025687 ], [ 3278404.504673141986132, 2320007.802220125682652 ], [ 3278414.05611862288788, 2320006.83908121008426 ], [ 3278419.799258762970567, 2320007.030259218998253 ], [ 3278426.113788289949298, 2320007.922980772331357 ], [ 3278443.963621114846319, 2320011.604580994229764 ], [ 3278450.305028329603374, 2320012.289645519573241 ], [ 3278457.28997811069712, 2320012.567681315355003 ], [ 3278481.074501451570541, 2320011.47522444371134 ], [ 3278481.508278087712824, 2320011.460110035724938 ], [ 3278493.510988598689437, 2320011.650523537769914 ], [ 3278505.248221205547452, 2320011.024914254900068 ], [ 3278520.63613656302914, 2320009.211730176582932 ], [ 3278524.131036553531885, 2320008.497937011532485 ], [ 3278541.566088151652366, 2320004.935886381193995 ], [ 3278547.782172896433622, 2320004.049760402180254 ], [ 3278553.499249474145472, 2320003.58593026176095 ], [ 3278562.230212522670627, 2320003.43630249844864 ], [ 3278575.559635490179062, 2320004.48007229808718 ], [ 3278589.949827769771218, 2320004.566786101087928 ], [ 3278591.332595837302506, 2320004.771012194920331 ], [ 3278593.244189814198762, 2320005.044946913141757 ], [ 3278594.822769615333527, 2320003.408611960709095 ], [ 3278598.487245980184525, 2319998.524935045279562 ], [ 3278603.688723023049533, 2319990.449494953267276 ], [ 3278606.479473514016718, 2319986.611877513118088 ], [ 3278617.811059954110533, 2319973.220784300472587 ], [ 3278623.699576707091182, 2319963.888460672926158 ], [ 3278633.915222937706858, 2319946.593304907903075 ], [ 3278636.256745347287506, 2319942.428497643209994 ], [ 3278641.113165131770074, 2319933.794526738114655 ], [ 3278645.553462146781385, 2319924.167976275086403 ], [ 3278648.201722706668079, 2319915.555569182150066 ], [ 3278649.838817342184484, 2319907.21164689026773 ], [ 3278652.849654036108404, 2319880.300692006479949 ], [ 3278655.397370497696102, 2319864.876650612801313 ], [ 3278655.819076109211892, 2319856.979060856625438 ], [ 3278655.059862533584237, 2319851.845532844774425 ], [ 3278654.309343987610191, 2319849.430006025359035 ], [ 3278651.549025026615709, 2319843.723650300409645 ], [ 3278649.700556298717856, 2319838.009751246776432 ], [ 3278648.371562310960144, 2319833.919764497317374 ], [ 3278641.39182496862486, 2319817.374377025291324 ], [ 3278639.142517482396215, 2319811.071119506843388 ], [ 3278635.994083882309496, 2319799.151474514044821 ], [ 3278632.891584517899901, 2319783.793936109170318 ], [ 3278631.630876099690795, 2319771.878431729972363 ], [ 3278631.471214702352881, 2319765.635265470482409 ], [ 3278631.598356753587723, 2319761.9497524141334 ], [ 3278631.778400387149304, 2319756.418278598226607 ], [ 3278632.685347474180162, 2319748.324059023987502 ], [ 3278634.305107157677412, 2319740.307905600871891 ], [ 3278636.304848814383149, 2319730.398635970428586 ], [ 3278636.969547862652689, 2319724.295174388680607 ], [ 3278636.846032630186528, 2319720.937706808093935 ], [ 3278636.248422202188522, 2319717.906839398667216 ], [ 3278635.954628313425928, 2319717.227693915832788 ], [ 3278635.078197860624641, 2319716.336054040119052 ], [ 3278622.524906901177019, 2319721.396961688995361 ], [ 3278621.625455020461231, 2319721.66616686899215 ], [ 3278618.4124596551992, 2319722.61468421202153 ], [ 3278615.800504659302533, 2319723.082443660125136 ], [ 3278614.291537949815392, 2319723.34681322099641 ], [ 3278595.621560778468847, 2319724.385335556231439 ], [ 3278585.220706030726433, 2319724.188213266432285 ], [ 3278583.370074339676648, 2319723.852857490070164 ], [ 3278579.773895624093711, 2319723.20432518189773 ], [ 3278573.458502057939768, 2319720.880934453569353 ], [ 3278569.906630951911211, 2319718.519864297471941 ], [ 3278563.916780386585742, 2319713.227114123757929 ], [ 3278560.478989297058433, 2319711.191071634180844 ], [ 3278557.449992835987359, 2319710.412727585528046 ], [ 3278547.151061127427965, 2319709.040941825136542 ], [ 3278540.15707756858319, 2319711.930475514847785 ], [ 3278534.448518588207662, 2319713.437991106882691 ], [ 3278528.075487081427127, 2319714.047175674699247 ], [ 3278524.871154550928622, 2319713.685156267601997 ], [ 3278521.200400793924928, 2319713.262789655476809 ], [ 3278514.897460836917162, 2319711.759167723357677 ], [ 3278509.493798820767552, 2319710.047254657372832 ], [ 3278502.834259833209217, 2319707.418855286668986 ], [ 3278492.195066222455353, 2319703.224808630533516 ], [ 3278481.485968170687556, 2319699.347435107454658 ], [ 3278475.989273816812783, 2319697.996838054154068 ], [ 3278472.433988368138671, 2319697.412179029546678 ], [ 3278465.605854098685086, 2319696.294853006489575 ], [ 3278462.151849691290408, 2319695.337288115173578 ], [ 3278460.259059728588909, 2319694.806372179184109 ], [ 3278456.776682151481509, 2319693.427584383636713 ], [ 3278448.934349205810577, 2319689.027658369392157 ], [ 3278447.102869740687311, 2319688.313493860885501 ], [ 3278446.398827222175896, 2319688.041091652587056 ], [ 3278445.122758608311415, 2319687.868909473996609 ], [ 3278441.56712670950219, 2319687.406082432251424 ], [ 3278432.498813990037888, 2319687.168322309385985 ], [ 3278427.727090029977262, 2319687.395489578600973 ], [ 3278424.868574763182551, 2319687.90645522531122 ], [ 3278423.34974707942456, 2319688.172557246871293 ], [ 3278413.795090960804373, 2319691.4092679428868 ], [ 3278405.470541038084775, 2319694.227513182442635 ], [ 3278397.943707342725247, 2319696.155083994846791 ], [ 3278392.274202775210142, 2319697.219429770484567 ], [ 3278372.459090954624116, 2319700.001069748774171 ], [ 3278348.835730916820467, 2319702.759907271247357 ], [ 3278331.24477365706116, 2319703.944331268314272 ], [ 3278327.990839161444455, 2319704.270894208922982 ], [ 3278324.976834660861641, 2319704.575715571641922 ], [ 3278311.532165329903364, 2319705.926678222138435 ], [ 3278311.563617286272347, 2319702.95809989515692 ], [ 3278260.915136783849448, 2319704.180751460138708 ], [ 3278260.355976035352796, 2319703.801787100266665 ], [ 3278259.497829574160278, 2319702.835914392024279 ], [ 3278258.154924679081887, 2319701.325829213950783 ], [ 3278255.959530754946172, 2319698.016785485669971 ], [ 3278253.55437994748354, 2319693.364432914182544 ], [ 3278251.130490821786225, 2319687.791941411793232 ], [ 3278250.078443476930261, 2319686.261339042335749 ], [ 3278226.423540298826993, 2319690.872596563771367 ], [ 3278263.913567554205656, 2319733.59052749350667 ], [ 3278268.023383061867207, 2319758.695851014461368 ], [ 3278276.987503230571747, 2319813.454071207903326 ], [ 3278256.341807913966477, 2319859.31540395366028 ], [ 3278234.565570703241974, 2319898.332480053417385 ], [ 3278237.769267098978162, 2319975.227176459506154 ], [ 3278239.254861167166382, 2319986.656833759509027 ], [ 3278132.62779597286135, 2319934.975926298648119 ], [ 3278104.001859082374722, 2320082.929659676738083 ], [ 3278039.636627415660769, 2320072.623408413492143 ], [ 3277976.56298492802307, 2320058.184107806533575 ], [ 3277937.043979676440358, 2320092.374873900786042 ], [ 3277907.979831157252192, 2320148.844446668401361 ], [ 3277907.249612355604768, 2320150.271280528977513 ], [ 3277903.4269655989483, 2320151.275938586797565 ], [ 3277840.525319871027023, 2320141.667343998327851 ], [ 3277817.447294149547815, 2320138.151073336601257 ], [ 3277813.291945974342525, 2320131.917931042145938 ], [ 3277799.196514731273055, 2320110.764159546233714 ], [ 3277813.227681225631386, 2320101.283540574833751 ], [ 3277830.830837685614824, 2320089.391084139700979 ], [ 3277824.592868242412806, 2320073.101306330412626 ], [ 3277811.867265063803643, 2320039.926204090937972 ], [ 3277798.492715366650373, 2320005.017958433367312 ], [ 3277789.232749122194946, 2319980.865662440657616 ], [ 3277773.137919001746923, 2319938.884285453241318 ], [ 3277708.654012626037002, 2319914.28090438991785 ], [ 3277702.291288050357252, 2319911.85426723677665 ], [ 3277690.259198991581798, 2319889.050248531624675 ], [ 3277705.809801533352584, 2319867.532244271598756 ], [ 3277706.058842910453677, 2319867.194328962359577 ], [ 3277709.632972930092365, 2319866.344834620133042 ], [ 3277713.300306198187172, 2319865.073107679374516 ], [ 3277719.076474824454635, 2319862.305499594658613 ], [ 3277724.123803059570491, 2319858.742170199286193 ], [ 3277726.035851168911904, 2319856.53999842191115 ], [ 3277726.990375984460115, 2319854.810027188621461 ], [ 3277727.697475018445402, 2319851.692604564595968 ], [ 3277727.326395057607442, 2319847.566685908008367 ], [ 3277726.340151447802782, 2319844.269030124880373 ], [ 3277722.957796702627093, 2319835.444748777896166 ], [ 3277722.602635162882507, 2319832.655517764389515 ], [ 3277722.472347746603191, 2319831.673738961108029 ], [ 3277723.117389801889658, 2319828.425124652218074 ], [ 3277724.19487961102277, 2319826.206821277271956 ], [ 3277725.643393906299025, 2319824.085869246628135 ], [ 3277731.086438065394759, 2319818.2917799660936 ], [ 3277732.759192978497595, 2319817.044817050453275 ], [ 3277736.863709225319326, 2319813.981556988786906 ], [ 3277743.021059425082058, 2319810.629641296342015 ], [ 3277748.487056203652173, 2319808.322289141826332 ], [ 3277760.435339136980474, 2319807.994436478242278 ], [ 3277762.864731958135962, 2319809.324294325895607 ], [ 3277767.425336504355073, 2319812.269649626221508 ], [ 3277771.877857237122953, 2319815.670287453103811 ], [ 3277780.31526824273169, 2319822.837630920577794 ], [ 3277799.58505039755255, 2319841.94822920113802 ], [ 3277803.677679411135614, 2319845.381484324112535 ], [ 3277806.690400126390159, 2319846.680168296210468 ], [ 3277808.015949268825352, 2319846.78278118558228 ], [ 3277810.081299038603902, 2319846.136769879609346 ], [ 3277811.672617210075259, 2319844.640242113731802 ], [ 3277812.891931361053139, 2319842.234730984084308 ], [ 3277813.765772312879562, 2319838.834407606162131 ], [ 3277814.341899098362774, 2319831.508412001654506 ], [ 3277813.763023114297539, 2319824.191987027879804 ], [ 3277810.941290671937168, 2319807.141298807691783 ], [ 3277810.924738834612072, 2319806.606379339471459 ], [ 3277810.775136624928564, 2319802.59387118415907 ], [ 3277811.181006011553109, 2319797.946216951590031 ], [ 3277812.101625213399529, 2319794.273862879257649 ], [ 3277813.481165661476552, 2319790.987886137329042 ], [ 3277818.443677226547152, 2319782.01050105271861 ], [ 3277819.018531466368586, 2319779.758500692434609 ], [ 3277818.907164992764592, 2319777.900719441007823 ], [ 3277817.189259468577802, 2319774.223886549472809 ], [ 3277814.353492250666022, 2319770.783509044442326 ], [ 3277805.541433463804424, 2319761.32757773809135 ], [ 3277799.857154704164714, 2319754.306991050485522 ], [ 3277794.809785359539092, 2319746.900825649965554 ], [ 3277790.953004370909184, 2319740.260215864516795 ], [ 3277785.235234108287841, 2319728.263058838434517 ], [ 3277779.120213357266039, 2319712.103984967805445 ], [ 3277776.977086876984686, 2319704.280284344218671 ], [ 3277776.271908118389547, 2319699.786714229732752 ], [ 3277776.214125729165971, 2319697.57452888134867 ], [ 3277803.083225342910737, 2319685.205303729511797 ], [ 3277812.742290476802737, 2319681.057203382719308 ], [ 3277825.590568633750081, 2319676.806952111423016 ], [ 3277858.985284796450287, 2319667.36354823037982 ], [ 3277861.869973717723042, 2319666.888557618483901 ], [ 3277866.737076393328607, 2319666.624337731860578 ], [ 3277880.695992401335388, 2319666.989430121146142 ], [ 3277891.826173691544682, 2319666.064189663156867 ], [ 3277903.517714357934892, 2319664.167908107396215 ], [ 3277918.362085365690291, 2319660.521810568403453 ], [ 3277923.876309509389102, 2319659.748459607828408 ], [ 3277928.136091369669884, 2319659.86463753785938 ], [ 3277931.848993464373052, 2319660.482535818591714 ], [ 3277937.706370571162552, 2319662.673022150527686 ], [ 3277938.320390175562352, 2319661.094049239996821 ], [ 3277938.869012783747166, 2319658.247947523836046 ], [ 3277939.143402231857181, 2319653.044933145400137 ], [ 3277938.078653048723936, 2319633.464128581807017 ], [ 3277938.339940048288554, 2319620.744103299453855 ], [ 3277937.778492589015514, 2319607.894248282536864 ], [ 3277937.909317137673497, 2319605.222825755365193 ], [ 3277938.481298599392176, 2319602.829270960763097 ], [ 3277939.746591524686664, 2319601.014419197570533 ], [ 3277941.474782037548721, 2319599.92011652328074 ], [ 3277944.383469433523715, 2319599.095911822281778 ], [ 3277953.669027408584952, 2319598.615656675305218 ], [ 3277957.642224642913789, 2319598.406593237072229 ], [ 3277963.041278750170022, 2319597.115610083565116 ], [ 3277964.956433233805001, 2319599.022655758075416 ], [ 3277971.756105170585215, 2319576.663585089147091 ], [ 3278000.887453710660338, 2319532.623536137863994 ], [ 3277985.248577207326889, 2319501.420213470701128 ], [ 3277987.88929074909538, 2319496.04614832950756 ], [ 3278016.162914610467851, 2319483.20777284912765 ], [ 3278045.400588818825781, 2319435.912138437852263 ], [ 3278074.635096413083375, 2319388.596818447113037 ], [ 3278115.242802697699517, 2319374.997884450946003 ], [ 3278135.023380948696285, 2319402.187761628068984 ], [ 3278140.364967762026936, 2319409.532232449855655 ], [ 3278215.731438185088336, 2319354.164970501791686 ], [ 3278280.575958591885865, 2319306.537027201149613 ], [ 3278289.272208488546312, 2319298.985841950401664 ], [ 3278292.30107658682391, 2319296.354656849522144 ], [ 3278297.767414141446352, 2319315.24537741066888 ], [ 3278298.645290185231715, 2319332.321959590073675 ], [ 3278299.506521180272102, 2319343.718881627079099 ], [ 3278303.174327976536006, 2319353.233886074274778 ], [ 3278304.083036906085908, 2319364.1151183526963 ], [ 3278306.029347790405154, 2319387.346680656541139 ], [ 3278311.553647383116186, 2319453.321657267399132 ], [ 3278314.940884515177459, 2319534.750236024148762 ], [ 3278323.501904696691781, 2319616.733641086611897 ], [ 3278368.20421113492921, 2319587.987709046341479 ], [ 3278441.271308284252882, 2319515.042187322862446 ], [ 3278467.560661644674838, 2319506.133765233680606 ], [ 3278530.455457557458431, 2319484.835274290759116 ], [ 3278560.706686452962458, 2319490.646776863373816 ], [ 3278580.872246793471277, 2319491.741054365411401 ], [ 3278627.108832200989127, 2319494.244621269404888 ], [ 3278630.00852311309427, 2319494.852824306115508 ], [ 3278645.534870339091867, 2319498.099361177533865 ], [ 3278663.824622949585319, 2319501.927245386876166 ], [ 3278693.839696105569601, 2319497.805242003872991 ], [ 3278692.978496711701155, 2319496.75872180564329 ], [ 3278683.068245698697865, 2319484.684281800407916 ], [ 3278676.159004461951554, 2319461.3176409159787 ], [ 3278671.662927254103124, 2319446.123111112043262 ], [ 3278648.838987549301237, 2319447.940068070776761 ], [ 3278640.958198870532215, 2319438.59490220528096 ], [ 3278633.124935649801046, 2319429.292147992178798 ], [ 3278667.817269858904183, 2319397.033804686274379 ], [ 3278668.841683874838054, 2319394.429094590246677 ], [ 3278673.543516799807549, 2319382.433028305415064 ], [ 3278677.810058592353016, 2319371.558411051053554 ], [ 3278687.146557782776654, 2319358.4358109398745 ], [ 3278692.967023984529078, 2319342.489224865101278 ], [ 3278694.371273941360414, 2319329.995259183458984 ], [ 3278697.629689794965088, 2319317.176456559449434 ], [ 3278702.761976870708168, 2319301.73604712029919 ], [ 3278707.823066051118076, 2319288.215830819215626 ], [ 3278709.101680068299174, 2319284.622880759183317 ], [ 3278713.076470238156617, 2319273.515266348607838 ], [ 3278715.625408830586821, 2319255.432488317135721 ], [ 3278716.900003669783473, 2319250.947270977310836 ], [ 3278717.30496948864311, 2319249.516569313593209 ], [ 3278719.044228664599359, 2319243.407538480125368 ], [ 3278718.652533276472241, 2319228.123113704845309 ], [ 3278718.031517727300525, 2319213.17314118752256 ], [ 3278718.411835137289017, 2319200.249734019394964 ], [ 3278720.811164997518063, 2319196.003813408780843 ], [ 3278724.351641412358731, 2319193.15111745800823 ], [ 3278726.543967933859676, 2319192.350994748063385 ], [ 3278726.728523152414709, 2319192.734706159681082 ], [ 3278726.975135026033968, 2319193.24960954580456 ], [ 3278732.438987040892243, 2319202.642749615479261 ], [ 3278738.419525469653308, 2319210.605911751277745 ], [ 3278741.573445819783956, 2319214.812508002854884 ], [ 3278755.841120193712413, 2319232.496136310975999 ], [ 3278763.498413251247257, 2319243.575078390073031 ], [ 3278773.79334354121238, 2319260.726865652948618 ], [ 3278782.997769541107118, 2319273.138056596275419 ], [ 3278785.23507427982986, 2319276.145484151318669 ], [ 3278788.879042617976665, 2319281.920259131118655 ], [ 3278790.288065393920988, 2319285.011910640634596 ], [ 3278791.209674060810357, 2319287.91497288364917 ], [ 3278791.598085092380643, 2319289.977884503547102 ], [ 3278791.627391961403191, 2319292.945944143459201 ], [ 3278791.120494002010673, 2319295.551308755297214 ], [ 3278787.951755190268159, 2319304.579542852006853 ], [ 3278787.211976004764438, 2319309.914773539174348 ], [ 3278787.957694456912577, 2319315.152115634642541 ], [ 3278789.520865728147328, 2319319.49533726926893 ], [ 3278790.49069635104388, 2319322.197151012253016 ], [ 3278791.376162942033261, 2319323.949739567935467 ], [ 3278792.426634481642395, 2319326.028580346144736 ], [ 3278793.229748412501067, 2319327.27807792276144 ], [ 3278794.71168846078217, 2319329.575604069512337 ], [ 3278798.622076491359621, 2319334.684712980873883 ], [ 3278801.997428975068033, 2319338.446622043848038 ], [ 3278804.646953277755529, 2319340.935346246697009 ], [ 3278806.84881282877177, 2319342.548640096560121 ], [ 3278813.13829502183944, 2319345.891343840397894 ], [ 3278816.416142749134451, 2319348.127927185501903 ], [ 3278820.407471825368702, 2319351.934134053066373 ], [ 3278822.519747422076762, 2319354.42565360525623 ], [ 3278824.294684022665024, 2319356.529785668011755 ], [ 3278827.390754015184939, 2319361.436545360833406 ], [ 3278830.401214722543955, 2319367.555699208751321 ], [ 3278833.89923760574311, 2319375.537741671781987 ], [ 3278836.614268706180155, 2319382.703100443352014 ], [ 3278839.511444662697613, 2319393.398295304737985 ], [ 3278839.667555551044643, 2319394.537899807095528 ], [ 3278839.995925107970834, 2319396.915754132438451 ], [ 3278839.982061828952283, 2319398.318527559749782 ], [ 3278839.973564728163183, 2319399.568149517290294 ], [ 3278839.761357169598341, 2319400.812870239373296 ], [ 3278839.617616493720561, 2319401.670141369104385 ], [ 3278838.646660964470357, 2319404.539460375439376 ], [ 3278834.535530949942768, 2319412.768793869763613 ], [ 3278833.429903713986278, 2319415.621117162518203 ], [ 3278833.032940720673651, 2319418.278256051708013 ], [ 3278833.633190272375941, 2319420.953492143657058 ], [ 3278834.777794207911938, 2319422.863631307147443 ], [ 3278835.896164377219975, 2319424.17966819088906 ], [ 3278836.611734483391047, 2319425.018311455380172 ], [ 3278847.833770152181387, 2319435.685845454223454 ], [ 3278853.09821998514235, 2319440.699800388887525 ], [ 3278856.913145773112774, 2319442.994504374451935 ], [ 3278861.975202023983002, 2319444.664824050851166 ], [ 3278865.717587114777416, 2319445.89660963928327 ], [ 3278866.766124721150845, 2319446.352202205453068 ], [ 3278868.686021513305604, 2319447.172658476047218 ], [ 3278871.279206430539489, 2319449.255210291594267 ], [ 3278872.25945141306147, 2319450.037337489426136 ], [ 3278876.070129999890924, 2319454.971117537468672 ], [ 3278878.385350182652473, 2319458.888313984498382 ], [ 3278880.119722390081733, 2319462.541962961200625 ], [ 3278882.174269278533757, 2319469.143158772028983 ], [ 3278882.923578538466245, 2319474.278401308692992 ], [ 3278883.396465131547302, 2319482.435267849825323 ], [ 3278883.926094523631036, 2319491.43457816587761 ], [ 3278884.90105512784794, 2319499.24980061640963 ], [ 3278886.185928244609386, 2319505.549499145243317 ], [ 3278888.99155407352373, 2319514.941573882009834 ], [ 3278890.77650965936482, 2319518.718278727028519 ], [ 3278893.668034996837378, 2319522.189499534666538 ], [ 3278897.409254770725965, 2319524.4057905562222 ], [ 3278899.990291652735323, 2319524.988651386462152 ], [ 3278902.140902475919574, 2319524.987336441408843 ], [ 3278902.658773985225707, 2319524.86616719327867 ], [ 3278903.801390424370766, 2319524.59495790489018 ], [ 3278905.441928992047906, 2319523.708850246388465 ], [ 3278905.687399751041085, 2319523.473044552840292 ], [ 3278906.616566581651568, 2319522.579646962229162 ], [ 3278907.313130563590676, 2319521.442871460691094 ], [ 3278907.770335326902568, 2319520.703189875930548 ], [ 3278908.622934425249696, 2319517.854604844003916 ], [ 3278909.093647393863648, 2319511.805450717918575 ], [ 3278908.649800282903016, 2319505.561360271181911 ], [ 3278908.226250759325922, 2319499.689169034361839 ], [ 3278908.214124673046172, 2319496.454263577237725 ], [ 3278908.212830864824355, 2319494.029254781082273 ], [ 3278908.285743685439229, 2319493.235129065811634 ], [ 3278908.405956753529608, 2319491.986229896079749 ], [ 3278909.153522846288979, 2319489.673565511591733 ], [ 3278909.543081042356789, 2319488.458658826071769 ], [ 3278910.621578078716993, 2319487.052023904863745 ], [ 3278913.127091812901199, 2319485.314208454452455 ], [ 3278921.034137599170208, 2319481.432695144787431 ], [ 3278925.675978352315724, 2319478.366756713949144 ], [ 3278928.211378440726548, 2319475.94382905960083 ], [ 3278929.387184974271804, 2319473.830122265964746 ], [ 3278929.960207489319146, 2319472.806318149901927 ], [ 3278930.321569663472474, 2319471.109275310300291 ], [ 3278930.262269337661564, 2319467.710129467304796 ], [ 3278930.009668073616922, 2319466.414922889787704 ], [ 3278929.565827261190861, 2319464.199361876118928 ], [ 3278926.806468466762453, 2319454.718006163369864 ], [ 3278926.240898839663714, 2319450.82915136218071 ], [ 3278925.606938641052693, 2319442.122104737907648 ], [ 3278924.787302960641682, 2319438.602477842476219 ], [ 3278922.377856238745153, 2319433.737783774733543 ], [ 3278918.215927496552467, 2319429.261288030538708 ], [ 3278914.079586293548346, 2319426.180654027033597 ], [ 3278905.800071481149644, 2319421.836972150951624 ], [ 3278902.222021361812949, 2319419.439882615581155 ], [ 3278899.405352097935975, 2319416.797784416005015 ], [ 3278893.165677306242287, 2319410.97037798864767 ], [ 3278881.856745940167457, 2319399.090224446728826 ], [ 3278869.614650439936668, 2319385.47598665393889 ], [ 3278856.864847217220813, 2319371.301261587999761 ], [ 3278854.291291798464954, 2319368.099054758436978 ], [ 3278850.758435517549515, 2319363.68486003857106 ], [ 3278848.72322256071493, 2319360.67246815469116 ], [ 3278846.739236547611654, 2319356.981372002512217 ], [ 3278846.315918209496886, 2319355.634894814807922 ], [ 3278845.153581701219082, 2319351.881032100412995 ], [ 3278845.174601345323026, 2319350.274057139642537 ], [ 3278845.195224304683506, 2319348.23081261664629 ], [ 3278845.766411486081779, 2319346.699959201738238 ], [ 3278841.057465733028948, 2319322.643453197553754 ], [ 3278845.816247001290321, 2319301.078582640737295 ], [ 3278870.448745832312852, 2319297.66631542891264 ], [ 3278902.589208337944001, 2319293.202572405338287 ], [ 3278983.652016788255423, 2319243.749173847492784 ], [ 3278996.509151041507721, 2319208.314767533913255 ], [ 3279044.372179474215955, 2319146.00655784830451 ], [ 3279093.513949042186141, 2319104.215693146456033 ], [ 3279131.738103482872248, 2319071.714643176645041 ], [ 3279177.609688241500407, 2319048.001022285781801 ], [ 3279199.231360543519258, 2319009.397673575207591 ], [ 3279199.973238356411457, 2319007.360005597118288 ], [ 3279201.718571776989847, 2319002.589414937421679 ], [ 3279204.22075306950137, 2318996.864302355796099 ], [ 3279209.203603635542095, 2318985.468584330286831 ], [ 3279210.59755073627457, 2318981.774287885986269 ], [ 3279212.476643624249846, 2318976.767172583844513 ], [ 3279213.622367452830076, 2318972.548108639195561 ], [ 3279215.194759941659868, 2318966.782933522947133 ], [ 3279216.436624248046428, 2318960.547998556401581 ], [ 3279217.525225485675037, 2318955.050227907951921 ], [ 3279219.781460793223232, 2318945.715156516991556 ], [ 3279222.066193199250847, 2318938.475596798583865 ], [ 3279225.514370924327523, 2318928.860690673347563 ], [ 3279226.753226227127016, 2318925.396513652987778 ], [ 3279229.233688938431442, 2318916.935427694581449 ], [ 3279230.041251668706536, 2318913.19164801388979 ], [ 3279230.487429632339627, 2318911.144899856764823 ], [ 3279235.47509147413075, 2318882.60947973234579 ], [ 3279236.532112585380673, 2318874.377462468110025 ], [ 3279236.871724838856608, 2318871.679658435750753 ], [ 3279237.176778215449303, 2318867.28315393673256 ], [ 3279237.68729601893574, 2318859.989104272797704 ], [ 3279238.229789263568819, 2318858.158873911015689 ], [ 3279238.888278558384627, 2318855.98360831476748 ], [ 3279239.74641878483817, 2318854.656187184154987 ], [ 3279242.333883540704846, 2318852.427129972260445 ], [ 3279246.481477817520499, 2318850.432137378491461 ], [ 3279250.779192985035479, 2318848.796446266584098 ], [ 3279254.590060014277697, 2318847.347514838911593 ], [ 3279258.536515960004181, 2318846.169104390777647 ], [ 3279259.802338620647788, 2318845.906768989749253 ], [ 3279263.744517075829208, 2318845.074118028394878 ], [ 3279266.819349047262222, 2318844.768860199023038 ], [ 3279268.78489547688514, 2318844.566600166261196 ], [ 3279270.647712484002113, 2318844.666461883578449 ], [ 3279272.582797341048717, 2318844.773958538658917 ], [ 3279277.917566823307425, 2318845.87903465796262 ], [ 3279283.416639417409897, 2318847.554021997377276 ], [ 3279300.200699871405959, 2318853.959512960165739 ], [ 3279310.413762750569731, 2318857.223779236432165 ], [ 3279314.389668599236757, 2318858.952500726096332 ], [ 3279319.71600989671424, 2318862.423386904876679 ], [ 3279335.102920648176223, 2318875.354839934036136 ], [ 3279338.626759939361364, 2318877.172902043908834 ], [ 3279341.6286681573838, 2318877.661767405457795 ], [ 3279343.769953384529799, 2318877.479460556991398 ], [ 3279345.846652462612838, 2318876.90257422439754 ], [ 3279348.571713866665959, 2318875.390174563042819 ], [ 3279348.940734816715121, 2318875.041404674760997 ], [ 3279350.635935781057924, 2318873.435435885563493 ], [ 3279353.505889074876904, 2318869.523177222814411 ], [ 3279355.869443614967167, 2318865.74021815508604 ], [ 3279360.203403936699033, 2318857.197996109258384 ], [ 3279361.713844041340053, 2318852.417835453525186 ], [ 3279361.944495359435678, 2318848.186580135952681 ], [ 3279361.46817410364747, 2318845.276556425727904 ], [ 3279360.623181250877678, 2318842.593473119661212 ], [ 3279356.484610803890973, 2318833.424804192967713 ], [ 3279353.522177585400641, 2318826.049128168262541 ], [ 3279345.642056363634765, 2318802.761375457979739 ], [ 3279344.828751134686172, 2318799.342133752070367 ], [ 3279343.216847859323025, 2318792.531516192480922 ], [ 3279342.631217244081199, 2318788.209867913275957 ], [ 3279341.844631450250745, 2318782.350585915148258 ], [ 3279341.567685749381781, 2318774.088435013778508 ], [ 3279341.478366949595511, 2318771.435333247762173 ], [ 3279341.876670918427408, 2318762.030014330521226 ], [ 3279342.312031556852162, 2318751.735387020278722 ], [ 3279342.942215996328741, 2318747.403703887015581 ], [ 3279344.266565257217735, 2318738.201469266787171 ], [ 3279346.886448660399765, 2318722.968016711063683 ], [ 3279347.597730043809861, 2318716.714431240689009 ], [ 3279348.464029696304351, 2318709.114538225345314 ], [ 3279349.619482605718076, 2318702.661377382464707 ], [ 3279350.672756698448211, 2318699.178987914696336 ], [ 3279351.000148898921907, 2318698.451913085766137 ], [ 3279351.706211160868406, 2318696.877160223200917 ], [ 3279352.42021181806922, 2318695.970740204676986 ], [ 3279353.294154578819871, 2318694.863797641824931 ], [ 3279355.309462090022862, 2318693.353968637995422 ], [ 3279357.362645858898759, 2318692.385460239835083 ], [ 3279358.520856603514403, 2318691.837560304440558 ], [ 3279360.999049921520054, 2318691.048283652402461 ], [ 3279369.605013195890933, 2318689.266747527290136 ], [ 3279373.344928299076855, 2318688.499983999878168 ], [ 3279378.35259362263605, 2318686.800829105544835 ], [ 3279381.836349662393332, 2318684.840965883340687 ], [ 3279382.345064364373684, 2318684.477873765863478 ], [ 3279384.824443149846047, 2318682.704100638162345 ], [ 3279388.147827668115497, 2318679.950398270972073 ], [ 3279389.995646073017269, 2318678.409027338493615 ], [ 3279401.177201703656465, 2318683.685333240777254 ], [ 3279410.24110569152981, 2318678.627178851515055 ], [ 3279411.271977361757308, 2318677.79716742830351 ], [ 3279413.890309451613575, 2318675.694635431282222 ], [ 3279417.669653153978288, 2318672.069572267122567 ], [ 3279417.836308367084712, 2318672.963784363120794 ], [ 3279419.010809183120728, 2318677.040209392085671 ], [ 3279419.511785177513957, 2318678.799262832384557 ], [ 3279420.448548130691051, 2318680.989343252964318 ], [ 3279420.90715445484966, 2318682.055653880350292 ], [ 3279424.759132770821452, 2318688.605774542316794 ], [ 3279446.60048389621079, 2318720.082241894677281 ], [ 3279449.532452977728099, 2318725.474374885670841 ], [ 3279450.295443535316736, 2318727.532539266161621 ], [ 3279450.655114336870611, 2318729.296051607467234 ], [ 3279450.873788181692362, 2318730.3840979966335 ], [ 3279450.872294378001243, 2318732.048520197160542 ], [ 3279450.876868974417448, 2318733.316133887507021 ], [ 3279450.639021081384271, 2318734.900191579479724 ], [ 3279450.402962788473815, 2318736.433199201244861 ], [ 3279446.627352335955948, 2318751.919828527607024 ], [ 3279445.147658313624561, 2318758.003597364295274 ], [ 3279441.95309549337253, 2318778.837559372186661 ], [ 3279441.259981392882764, 2318783.342620497103781 ], [ 3279436.102852826938033, 2318803.343292382080108 ], [ 3279430.424175879918039, 2318827.037634695414454 ], [ 3279430.029043880291283, 2318830.759891319554299 ], [ 3279430.394344189204276, 2318833.425531390123069 ], [ 3279430.894759220071137, 2318834.809233597945422 ], [ 3279431.246843348257244, 2318835.782584615517408 ], [ 3279433.006049445364624, 2318838.782443619333208 ], [ 3279443.889786039479077, 2318851.660534888505936 ], [ 3279454.617063353769481, 2318868.107454214710742 ], [ 3279458.517375448718667, 2318873.279223836958408 ], [ 3279461.651113184168935, 2318876.494928577449173 ], [ 3279463.698742936365306, 2318878.033784262370318 ], [ 3279469.371678135823458, 2318880.956893048714846 ], [ 3279473.550075134262443, 2318883.116928582079709 ], [ 3279476.091620677150786, 2318885.441932991612703 ], [ 3279477.538278544321656, 2318888.577722484711558 ], [ 3279477.598803468514234, 2318889.815241833217442 ], [ 3279477.733686295337975, 2318892.622719333972782 ], [ 3279476.82369392644614, 2318895.988685085903853 ], [ 3279476.468372827395797, 2318897.288903364446014 ], [ 3279474.499148426577449, 2318901.063662610482424 ], [ 3279434.328691731207073, 2318907.481588040012866 ], [ 3279418.172752608545125, 2318910.0580515852198 ], [ 3279389.498069294728339, 2318910.159745519515127 ], [ 3279366.846498703118414, 2318910.241365369409323 ], [ 3279357.186174780130386, 2318931.365806345827878 ], [ 3279337.673719275742769, 2318974.054208538495004 ], [ 3279334.48336130194366, 2319008.363185411319137 ], [ 3279316.857830544933677, 2319026.134043182246387 ], [ 3279288.839086330495775, 2319016.359145441092551 ], [ 3279269.082712834235281, 2319030.099353643599898 ], [ 3279261.359231409151107, 2319072.539032640866935 ], [ 3279236.359072421677411, 2319090.130473646335304 ], [ 3279235.727508249692619, 2319123.646253296174109 ], [ 3279239.981966239400208, 2319123.915684796869755 ], [ 3279243.402073682285845, 2319124.66614315379411 ], [ 3279245.840240005869418, 2319125.801714996807277 ], [ 3279246.860804841853678, 2319126.272361981682479 ], [ 3279248.157568235415965, 2319127.252729320898652 ], [ 3279250.999191273469478, 2319130.357244377024472 ], [ 3279254.507377850823104, 2319135.922421700321138 ], [ 3279257.313226306345314, 2319142.341246976517141 ], [ 3279257.961240136995912, 2319143.820863839704543 ], [ 3279261.871717290952802, 2319154.632790232542902 ], [ 3279263.36735557904467, 2319157.881771866697818 ], [ 3279265.123348993249238, 2319160.861901804339141 ], [ 3279266.370890758000314, 2319162.967103056609631 ], [ 3279264.742232892662287, 2319171.177512915804982 ], [ 3279262.818955629598349, 2319177.278145068790764 ], [ 3279262.096763823647052, 2319178.754261018242687 ], [ 3279260.57313077757135, 2319181.842144655063748 ], [ 3279256.713764068670571, 2319186.465566663537174 ], [ 3279252.379588898271322, 2319189.365934680681676 ], [ 3279245.201008321717381, 2319192.429730548523366 ], [ 3279238.866246171761304, 2319194.574504479765892 ], [ 3279221.452585970982909, 2319199.197926485911012 ], [ 3279211.323077709414065, 2319202.332196562550962 ], [ 3279202.694871220272034, 2319205.589065879583359 ], [ 3279196.297276575583965, 2319209.023423249833286 ], [ 3279188.246573580428958, 2319215.436436235904694 ], [ 3279180.205781305208802, 2319222.405821374151856 ], [ 3279173.848046605940908, 2319228.56284679658711 ], [ 3279169.645635328255594, 2319233.073871250730008 ], [ 3279167.298045068047941, 2319236.458316872827709 ], [ 3279165.269160386174917, 2319240.426215849816799 ], [ 3279163.437749137636274, 2319244.856742805801332 ], [ 3279162.306141410954297, 2319248.170231172814965 ], [ 3279160.473732490092516, 2319253.5243458324112 ], [ 3279159.231231572106481, 2319255.974438652861863 ], [ 3279158.517465640790761, 2319257.378050649538636 ], [ 3279156.64757064031437, 2319262.627111844718456 ], [ 3279155.179557293653488, 2319268.100044118706137 ], [ 3279153.974826634861529, 2319274.003780950792134 ], [ 3279152.376096697989851, 2319283.822402410209179 ], [ 3279151.195335225667804, 2319291.112134054303169 ], [ 3279150.37206672038883, 2319297.486857734620571 ], [ 3279150.031038396526128, 2319300.113891379442066 ], [ 3279149.845278943423182, 2319302.449892013799399 ], [ 3279149.33547792956233, 2319308.942207192536443 ], [ 3279149.336569868493825, 2319315.456643035635352 ], [ 3279149.878648838493973, 2319319.511963037773967 ], [ 3279150.362771428190172, 2319323.151245685294271 ], [ 3279151.14826531894505, 2319325.966530429199338 ], [ 3279151.64747464004904, 2319327.776639046613127 ], [ 3279162.23436089977622, 2319355.450891047250479 ], [ 3279164.25125774461776, 2319360.272732067387551 ], [ 3279165.297280808445066, 2319362.758249262347817 ], [ 3279166.920941005460918, 2319367.780896103475243 ], [ 3279167.805555257946253, 2319372.131368972826749 ], [ 3279167.988862885162234, 2319374.676695238798857 ], [ 3279167.74882347183302, 2319377.610755313653499 ], [ 3279166.891414735466242, 2319380.987834026571363 ], [ 3279165.461801760829985, 2319384.526039429940283 ], [ 3279163.674428395461291, 2319387.923971665091813 ], [ 3279157.141320711467415, 2319397.967751677613705 ], [ 3279154.304414188489318, 2319401.833676026202738 ], [ 3279150.549591039307415, 2319406.103944975417107 ], [ 3279148.838664040435106, 2319408.047555392608047 ], [ 3279147.969586397521198, 2319409.184104119427502 ], [ 3279146.144108654465526, 2319411.543531221337616 ], [ 3279142.777776648756117, 2319416.699599095620215 ], [ 3279233.853525083046407, 2319403.748055442702025 ], [ 3279263.333815321791917, 2319385.016499457880855 ], [ 3279324.453360740095377, 2319360.742305635474622 ], [ 3279348.139527721330523, 2319372.869305216707289 ], [ 3279386.200793928932399, 2319423.169062909670174 ], [ 3279453.32112740771845, 2319452.101816703099757 ], [ 3279479.111530437134206, 2319493.693536056671292 ], [ 3279483.764246638864279, 2319555.274753211066127 ], [ 3279465.171837692148983, 2319607.36106577469036 ], [ 3279487.465120024979115, 2319644.136588595807552 ], [ 3279531.279026706237346, 2319679.871740832924843 ], [ 3279613.258925574366003, 2319733.32543888874352 ], [ 3279617.618461558129638, 2319743.409297979902476 ], [ 3279565.616032539401203, 2319806.767177695874125 ], [ 3279551.593648585490882, 2319834.95748282968998 ], [ 3279560.371657736599445, 2319848.295828303787857 ], [ 3279570.03080881619826, 2319864.909638701938093 ], [ 3279575.645782433915883, 2319876.650844964198768 ], [ 3279572.80466499645263, 2319877.392098070587963 ], [ 3279485.04907000483945, 2319900.274548642337322 ], [ 3279459.834148555528373, 2319935.702352618798614 ], [ 3279430.488777063786983, 2319976.947800531052053 ], [ 3279413.363632727880031, 2319978.375044470187277 ], [ 3279401.362404156941921, 2319979.371432065963745 ], [ 3279389.01037112576887, 2319992.788854918908328 ], [ 3279374.428529489785433, 2320008.636554555036128 ], [ 3279278.100910247303545, 2320113.328106742352247 ], [ 3279227.439525816589594, 2320146.760377939790487 ], [ 3279252.542406234890223, 2320185.326919114217162 ], [ 3279294.706351101398468, 2320209.742310565430671 ], [ 3279305.92718987679109, 2320216.249651851132512 ], [ 3279342.485629113391042, 2320269.512030994519591 ], [ 3279355.275533148553222, 2320288.144692738540471 ], [ 3279405.566877552308142, 2320317.275503962300718 ], [ 3279426.448740956839174, 2320329.376223548781127 ], [ 3279479.691578951664269, 2320401.634243449661881 ], [ 3279480.398109654895961, 2320405.082374426536262 ], [ 3279481.567775101866573, 2320408.013028170913458 ], [ 3279481.512292540632188, 2320409.037494660355151 ], [ 3279481.39434892963618, 2320411.229714730754495 ], [ 3279481.68071311712265, 2320414.528210418298841 ], [ 3279479.436675293371081, 2320417.924992203712463 ], [ 3279477.704105806536973, 2320421.719248763285577 ], [ 3279475.488973721396178, 2320430.560157152358443 ], [ 3279473.629752065520734, 2320435.563856462016702 ], [ 3279472.241850445047021, 2320437.745169151574373 ], [ 3279529.735592748504132, 2320480.876044968143106 ], [ 3279598.781146184075624, 2320584.714866174850613 ], [ 3279614.830270542763174, 2320589.605171351227909 ], [ 3279682.103464170359075, 2320537.544438657350838 ], [ 3279753.218543930444866, 2320480.07195763476193 ], [ 3279795.920736989937723, 2320437.064982198178768 ], [ 3279831.946158094331622, 2320401.549590631388128 ], [ 3279829.90547701716423, 2320398.132236243691295 ], [ 3279829.621021724771708, 2320395.898894463665783 ], [ 3279830.020427104551345, 2320394.682265018112957 ], [ 3279830.94006759673357, 2320393.668774993158877 ], [ 3279799.390386407263577, 2320349.250058892183006 ], [ 3279777.901260582730174, 2320319.00038767978549 ], [ 3279777.576721888035536, 2320317.575715918559581 ], [ 3279777.164455703925341, 2320317.536316234152764 ], [ 3279774.639181764330715, 2320316.984253188129514 ], [ 3279771.567141986452043, 2320316.31487831659615 ], [ 3279766.297543657477945, 2320314.244530608411878 ], [ 3279763.869916502386332, 2320312.863567007705569 ], [ 3279758.885816514026374, 2320309.190647572744638 ], [ 3279755.739668182563037, 2320306.271377782803029 ], [ 3279752.949147975537926, 2320303.665263035334647 ], [ 3279752.025703954510391, 2320302.54845832940191 ], [ 3279750.986043648328632, 2320301.27950641606003 ], [ 3279749.278270445764065, 2320298.656218757852912 ], [ 3279746.039158913306892, 2320291.450722467154264 ], [ 3279744.423330794088542, 2320284.803091040812433 ], [ 3279744.123656935989857, 2320280.989416499622166 ], [ 3279744.289999953005463, 2320278.535039240960032 ], [ 3279744.456343091093004, 2320276.080662021413445 ], [ 3279744.902816725894809, 2320273.912075959146023 ], [ 3279745.444283693097532, 2320271.270214209333062 ], [ 3279747.060315854847431, 2320265.710447295568883 ], [ 3279748.776013551745564, 2320259.767913557123393 ], [ 3279750.406586503144354, 2320252.561716422904283 ], [ 3279752.356244193855673, 2320238.876298529561609 ], [ 3279752.529915095772594, 2320236.156805503647774 ], [ 3279752.754804576281458, 2320232.75860960688442 ], [ 3279752.248478742316365, 2320229.975586781743914 ], [ 3279752.026892786379904, 2320228.745976227335632 ], [ 3279750.406963818706572, 2320225.85361475776881 ], [ 3279745.958218346349895, 2320221.112757490947843 ], [ 3279742.233474269509315, 2320217.138041472993791 ], [ 3279739.920574101619422, 2320213.545135220047086 ], [ 3279739.250044115819037, 2320211.308397233020514 ], [ 3279738.920323542319238, 2320208.240750748664141 ], [ 3279738.994739502202719, 2320204.605082585010678 ], [ 3279739.260287064127624, 2320202.508782822173089 ], [ 3279739.466888036113232, 2320200.920033470727503 ], [ 3279739.807122277561575, 2320199.713770997710526 ], [ 3279740.394731635227799, 2320197.601641381625086 ], [ 3279742.579106673598289, 2320192.662781997118145 ], [ 3279750.935407275334001, 2320178.697275783866644 ], [ 3279753.326032117474824, 2320174.02670970838517 ], [ 3279754.424708115402609, 2320171.875788319855928 ], [ 3279755.807965343818069, 2320167.868772097863257 ], [ 3279756.838415308389813, 2320164.867271999362856 ], [ 3279760.431342300958931, 2320150.498246017843485 ], [ 3279762.100442708935589, 2320146.502041052561253 ], [ 3279764.176728060469031, 2320143.753669618628919 ], [ 3279766.353016938082874, 2320142.235912295989692 ], [ 3279769.900257975794375, 2320141.036097445525229 ], [ 3279775.118306216783822, 2320140.436561055947095 ], [ 3279777.434623659588397, 2320140.517860996071249 ], [ 3279778.689706561155617, 2320140.561826508492231 ], [ 3279780.986700280569494, 2320141.082850762177259 ], [ 3279782.124527142848819, 2320141.340158387552947 ], [ 3279782.730121846310794, 2320141.568934226874262 ], [ 3279784.199006284587085, 2320142.113258968573064 ], [ 3279785.384932531043887, 2320142.788332115393132 ], [ 3279786.603676243219525, 2320143.477951107546687 ], [ 3279788.360472877509892, 2320145.037318021990359 ], [ 3279789.979248244315386, 2320147.178971760906279 ], [ 3279791.582331127021462, 2320150.216347427107394 ], [ 3279793.129924689885229, 2320154.278185759205371 ], [ 3279794.478360365144908, 2320159.044642631430179 ], [ 3279795.109593382105231, 2320164.697796730324626 ], [ 3279794.88806773815304, 2320174.995645991526544 ], [ 3279795.638464810326695, 2320179.765394622460008 ], [ 3279796.842776929028332, 2320183.217640416696668 ], [ 3279797.333132416009903, 2320184.105891615152359 ], [ 3279797.897023911122233, 2320185.133471989072859 ], [ 3279799.651915080379695, 2320187.362902747001499 ], [ 3279802.476808412931859, 2320189.435331144370139 ], [ 3279807.324450158979744, 2320191.407097050920129 ], [ 3279809.555982490535825, 2320191.838115065358579 ], [ 3279811.754697383847088, 2320192.2545873131603 ], [ 3279815.011015351396054, 2320192.252396595664322 ], [ 3279816.256755587644875, 2320192.115345514379442 ], [ 3279818.31930095423013, 2320191.885942584369332 ], [ 3279831.274338857270777, 2320188.84526010369882 ], [ 3279836.669512001797557, 2320187.77835938334465 ], [ 3279838.586253969464451, 2320187.401993130799383 ], [ 3279841.37661352660507, 2320186.598605596460402 ], [ 3279842.077376103028655, 2320186.293191899079829 ], [ 3279843.743749175220728, 2320185.564936369657516 ], [ 3279845.37799812015146, 2320184.578475572634488 ], [ 3279845.866802093107253, 2320184.279750760179013 ], [ 3279847.782166164368391, 2320182.65549390995875 ], [ 3279848.964068630710244, 2320180.703091670293361 ], [ 3279849.079599971882999, 2320179.363688579760492 ], [ 3279849.186363650020212, 2320178.218622361309826 ], [ 3279848.567110310774297, 2320175.86128120822832 ], [ 3279847.150895342230797, 2320172.973822793923318 ], [ 3279840.332517045550048, 2320162.062402543146163 ], [ 3279838.75071917893365, 2320158.473337292205542 ], [ 3279837.948867634404451, 2320155.620318420697004 ], [ 3279837.569492064416409, 2320152.683142578229308 ], [ 3279837.71307067386806, 2320148.416370721999556 ], [ 3279838.520379721187055, 2320144.733498034998775 ], [ 3279839.708807530812919, 2320141.64344289759174 ], [ 3279840.846590143162757, 2320139.607443648390472 ], [ 3279842.430725006852299, 2320137.757085097022355 ], [ 3279843.213737337850034, 2320136.838565848302096 ], [ 3279844.769607156980783, 2320135.683183077257127 ], [ 3279845.715666556730866, 2320135.202882299665362 ], [ 3279847.58644538000226, 2320134.235871743410826 ], [ 3279856.133040050975978, 2320131.348482481203973 ], [ 3279871.833289152476937, 2320127.786321568768471 ], [ 3279873.101985322777182, 2320127.665545836556703 ], [ 3279874.382158945314586, 2320127.552906922064722 ], [ 3279876.786894266493618, 2320127.740490829572082 ], [ 3279878.902558489702642, 2320127.89753490453586 ], [ 3279882.64352177688852, 2320129.058580974116921 ], [ 3279884.900773787405342, 2320130.266447423025966 ], [ 3279888.333450456149876, 2320132.952873712871224 ], [ 3279897.496872996445745, 2320142.509781654924154 ], [ 3279901.629208501428366, 2320146.43339557852596 ], [ 3279901.917586097493768, 2320146.707594904117286 ], [ 3279906.467379922047257, 2320150.578373773954809 ], [ 3279910.423294300213456, 2320152.990487053524703 ], [ 3279914.350953673012555, 2320154.362366961315274 ], [ 3279920.256374882068485, 2320155.854565337300301 ], [ 3279929.57020680885762, 2320157.591917240992188 ], [ 3279938.434110312722623, 2320159.245729793794453 ], [ 3279957.15895034186542, 2320164.367591408547014 ], [ 3279964.744642578996718, 2320166.022079419344664 ], [ 3279965.124676656443626, 2320164.687079777475446 ], [ 3279966.051596258301288, 2320162.850381399970502 ], [ 3279966.586949941702187, 2320161.782447997480631 ], [ 3279978.901739451102912, 2320141.258362958673388 ], [ 3279986.379794500768185, 2320127.629426683764905 ], [ 3279994.608972382731736, 2320113.320955163333565 ], [ 3280007.569968608673662, 2320088.005742741748691 ], [ 3280008.381997462827712, 2320086.70669081248343 ], [ 3280009.482870840933174, 2320084.940996781922877 ], [ 3280010.817043324001133, 2320083.175023827701807 ], [ 3280011.849452586378902, 2320081.796776939183474 ], [ 3280013.915765955112875, 2320079.669160016346723 ], [ 3280015.362978094723076, 2320078.5937031339854 ], [ 3280016.794988853856921, 2320081.7016362384893 ], [ 3280021.102620640769601, 2320097.913486170582473 ], [ 3280022.530815847218037, 2320102.361544402781874 ], [ 3280025.165679004043341, 2320110.586149802897125 ], [ 3280027.298670401331037, 2320115.621062275022268 ], [ 3280033.869473860599101, 2320129.234474583994597 ], [ 3280035.687731125857681, 2320134.020099709741771 ], [ 3280037.27008819533512, 2320139.719725535716861 ], [ 3280038.815974826458842, 2320148.419223277829587 ], [ 3280040.558897054288536, 2320164.0859120413661 ], [ 3280044.018154816236347, 2320187.448093232233077 ], [ 3280046.108111929148436, 2320205.296570063568652 ], [ 3280053.734509882517159, 2320199.576920905616134 ], [ 3280054.276377443224192, 2320199.106544217094779 ], [ 3280059.036102967802435, 2320195.025580943096429 ], [ 3280079.021028956864029, 2320175.92813331540674 ], [ 3280113.523884516209364, 2320144.992499614600092 ], [ 3280120.994456878397614, 2320139.188543984200805 ], [ 3280134.918357636779547, 2320129.98111263429746 ], [ 3280140.970441572833806, 2320125.552005939185619 ], [ 3280145.35580069757998, 2320121.972974802367389 ], [ 3280157.617387578357011, 2320110.915650034788996 ], [ 3280165.991871293634176, 2320104.435846922919154 ], [ 3280186.149019270669669, 2320092.95943790441379 ], [ 3280204.976300122216344, 2320079.432836709544063 ], [ 3280214.762292695697397, 2320073.456694275140762 ], [ 3280235.430579318664968, 2320062.49961912445724 ], [ 3280248.222017171792686, 2320056.352172811515629 ], [ 3280254.777040680870414, 2320053.012082234490663 ], [ 3280262.857314202934504, 2320048.887295805849135 ], [ 3280272.16360885463655, 2320044.628925918601453 ], [ 3280278.025473814923316, 2320042.384408915881068 ], [ 3280279.472395649179816, 2320041.988886194303632 ], [ 3280281.131450523622334, 2320041.525761755183339 ], [ 3280287.797136621549726, 2320040.287092534825206 ], [ 3280294.316498700529337, 2320039.084203322418034 ], [ 3280301.812555348966271, 2320037.030352536588907 ], [ 3280311.455329384189099, 2320033.463955250103027 ], [ 3280313.444470033980906, 2320032.476231598295271 ], [ 3280318.839339563623071, 2320029.796008285135031 ], [ 3280324.547052817419171, 2320026.299932182766497 ], [ 3280328.501981004141271, 2320023.871945659630001 ], [ 3280330.760764461942017, 2320022.238294863607734 ], [ 3280334.316864917986095, 2320019.667077167890966 ], [ 3280340.145085887983441, 2320014.242189683485776 ], [ 3280352.510790570639074, 2320001.837398983538151 ], [ 3280356.323842478916049, 2319999.038521375041455 ], [ 3280362.964752427302301, 2320001.305043905042112 ], [ 3280367.787382140289992, 2320002.256349007599056 ], [ 3280370.33417782979086, 2320002.753932704217732 ], [ 3280382.287291707471013, 2320004.252278984058648 ], [ 3280407.425552130676806, 2320006.160491387359798 ], [ 3280414.331036871299148, 2320007.254316506441683 ], [ 3280422.216601689346135, 2320009.191198918968439 ], [ 3280426.414779987186193, 2320009.612608888652176 ], [ 3280428.917230054736137, 2320009.529415976256132 ], [ 3280433.624585321173072, 2320008.846898912452161 ], [ 3280439.197787083685398, 2320007.008125080727041 ], [ 3280448.295125902164727, 2320004.01422561891377 ], [ 3280452.664096704218537, 2320003.309805716853589 ], [ 3280455.18552636820823, 2320002.908721424639225 ], [ 3280465.067114845383912, 2320002.598414487205446 ], [ 3280482.256075491197407, 2320003.605817545205355 ], [ 3280489.778830694034696, 2320003.140453840605915 ], [ 3280500.111291771288961, 2320001.432018965482712 ], [ 3280501.869201215915382, 2320001.448806329630315 ], [ 3280504.95625626295805, 2320001.466160339303315 ], [ 3280507.883025676943362, 2320001.805864445399493 ], [ 3280511.171135425101966, 2320002.183747326955199 ], [ 3280512.853976378683001, 2320004.902732557617128 ], [ 3280514.31221516802907, 2320008.604764373507351 ], [ 3280515.348527953960001, 2320014.501500255428255 ], [ 3280515.371912559494376, 2320017.247336428146809 ], [ 3280515.39154648501426, 2320020.156187297776341 ], [ 3280514.910918432287872, 2320031.412612981162965 ], [ 3280514.029958956409246, 2320037.868434766307473 ], [ 3280512.924385739024729, 2320041.278806218411773 ], [ 3280511.797890795394778, 2320043.383833893574774 ], [ 3280509.644936200696975, 2320045.354095853865147 ], [ 3280507.802638308145106, 2320046.123289920855314 ], [ 3280505.389697559177876, 2320046.505369056947529 ], [ 3280505.083956065122038, 2320046.55892500653863 ], [ 3280489.646497381851077, 2320046.08694464713335 ], [ 3280479.897151702083647, 2320047.267053514719009 ], [ 3280477.922438779380172, 2320047.227360269986093 ], [ 3280476.384737420361489, 2320047.192295527551323 ], [ 3280463.41561346128583, 2320044.1975930146873 ], [ 3280447.715411451645195, 2320041.376870662905276 ], [ 3280439.951929314993322, 2320040.991442309692502 ], [ 3280437.248302667401731, 2320041.333117104601115 ], [ 3280434.814196583814919, 2320041.647875202819705 ], [ 3280431.34836913459003, 2320043.097210636362433 ], [ 3280427.969794165343046, 2320045.637324826791883 ], [ 3280426.590050565078855, 2320047.248906707391143 ], [ 3280425.101470857858658, 2320049.001321720890701 ], [ 3280424.19386584404856, 2320050.398284064605832 ], [ 3280421.746631701942533, 2320054.165445736609399 ], [ 3280420.306618948001415, 2320055.594785444438457 ], [ 3280418.81388984574005, 2320057.073948970995843 ], [ 3280416.660313217900693, 2320058.110767698846757 ], [ 3280414.184447851032019, 2320058.666231346316636 ], [ 3280410.062167413532734, 2320058.70845469692722 ], [ 3280400.497873825952411, 2320057.796248018741608 ], [ 3280396.422250092960894, 2320058.185457238461822 ], [ 3280393.916276286821812, 2320058.928848479874432 ], [ 3280392.368938809726387, 2320059.392694877460599 ], [ 3280387.792839326895773, 2320061.868603955022991 ], [ 3280386.116072442848235, 2320062.781312071252614 ], [ 3280374.489486688282341, 2320070.652675688266754 ], [ 3280372.962326541543007, 2320072.107430431060493 ], [ 3280371.250659161712974, 2320073.736568561289459 ], [ 3280370.009445987641811, 2320076.318328844383359 ], [ 3280369.8588334210217, 2320078.435069576837122 ], [ 3280370.596082385629416, 2320080.893504534382373 ], [ 3280376.619853909127414, 2320089.863919848576188 ], [ 3280378.688887404743582, 2320093.702497726771981 ], [ 3280379.538307541050017, 2320097.156020778231323 ], [ 3280379.297890634275973, 2320099.653798093087971 ], [ 3280378.176471395418048, 2320102.285606121178716 ], [ 3280376.485677004791796, 2320104.661993932910264 ], [ 3280376.081535931676626, 2320105.230008599348366 ], [ 3280374.082812508568168, 2320107.274736555758864 ], [ 3280364.155006215907633, 2320117.466555960010737 ], [ 3280362.462598132435232, 2320119.833080228418112 ], [ 3280361.322790860664099, 2320121.42293116915971 ], [ 3280360.528922148048878, 2320123.266752419993281 ], [ 3280360.218042326625437, 2320123.970641370397061 ], [ 3280360.005267968401313, 2320124.839997830800712 ], [ 3280359.473418925423175, 2320126.982931704260409 ], [ 3280359.392941083293408, 2320129.28018815908581 ], [ 3280359.348057666793466, 2320130.617356406524777 ], [ 3280359.477071608882397, 2320131.467431084252894 ], [ 3280359.884759396314621, 2320134.267722935881466 ], [ 3280361.493535791058093, 2320138.765325484797359 ], [ 3280363.453630734235048, 2320141.628544291015714 ], [ 3280364.54819251364097, 2320143.232894256245345 ], [ 3280367.277050711214542, 2320146.144100968725979 ], [ 3280379.916879964526743, 2320158.03482305817306 ], [ 3280383.306466536596417, 2320162.007385452277958 ], [ 3280386.14259965531528, 2320165.325991038233042 ], [ 3280391.46009242720902, 2320173.080675387755036 ], [ 3280398.228684082627296, 2320184.741594223305583 ], [ 3280398.759236417710781, 2320185.937373756896704 ], [ 3280400.554832076653838, 2320190.026799276471138 ], [ 3280401.499427448026836, 2320192.94613624131307 ], [ 3280402.1375881312415, 2320196.16268864646554 ], [ 3280402.17685206932947, 2320197.951896402519196 ], [ 3280402.233412548899651, 2320200.59045398235321 ], [ 3280401.202619526535273, 2320209.477468451485038 ], [ 3280401.103328205645084, 2320213.766907479148358 ], [ 3280401.543089804239571, 2320216.267308121547103 ], [ 3280401.827651689760387, 2320217.881631213240325 ], [ 3280403.455358036328107, 2320221.503245196305215 ], [ 3280404.524430967401713, 2320222.827934177592397 ], [ 3280405.36430151341483, 2320223.86805663164705 ], [ 3280408.150963318068534, 2320225.521011637989432 ], [ 3280411.457179527264088, 2320225.885565339121968 ], [ 3280413.76053200289607, 2320225.329874716233462 ], [ 3280416.108819614630193, 2320223.995112171396613 ], [ 3280418.315346742980182, 2320221.670444303192198 ], [ 3280422.586306744255126, 2320214.417829372920096 ], [ 3280425.195012699812651, 2320211.637112098746002 ], [ 3280428.845285492949188, 2320209.455291460268199 ], [ 3280433.604722016490996, 2320207.789495036005974 ], [ 3280437.518737030215561, 2320207.03284480702132 ], [ 3280441.451089512556791, 2320206.760056684724987 ], [ 3280445.110919137019664, 2320206.99163849465549 ], [ 3280448.053487447090447, 2320207.551810593344271 ], [ 3280451.979714649263769, 2320208.852939060423523 ], [ 3280454.576624665874988, 2320210.214418622199446 ], [ 3280457.917314729653299, 2320212.896684896200895 ], [ 3280460.19982272433117, 2320215.622249559499323 ], [ 3280461.587141958996654, 2320218.271234680898488 ], [ 3280461.879724224098027, 2320219.376783736050129 ], [ 3280462.154369618277997, 2320220.434737925417721 ], [ 3280462.262151715811342, 2320222.394595698919147 ], [ 3280461.401303816586733, 2320226.989940261468291 ], [ 3280459.403026489075273, 2320231.764233753550798 ], [ 3280454.777694846503437, 2320240.570585279259831 ], [ 3280452.765698772389442, 2320244.393429695628583 ], [ 3280447.656331673264503, 2320256.440406833775342 ], [ 3280447.06473729480058, 2320258.218354083131999 ], [ 3280446.314127315301448, 2320260.450346112251282 ], [ 3280445.924629830289632, 2320262.223334201611578 ], [ 3280445.606652618385851, 2320263.689520097803324 ], [ 3280445.395484069827944, 2320266.303944910410792 ], [ 3280445.653331281617284, 2320269.800213105045259 ], [ 3280448.953164071775973, 2320276.447114020120353 ], [ 3280452.661406837403774, 2320282.180241235066205 ], [ 3280457.264784415252507, 2320287.431851272471249 ], [ 3280462.990364359226078, 2320292.659390335902572 ], [ 3280467.702068253885955, 2320296.217707575764507 ], [ 3280470.305612422060221, 2320297.557730123400688 ], [ 3280471.326012994162738, 2320298.089302828535438 ], [ 3280475.555153255350888, 2320299.753412183839828 ], [ 3280484.973877173382789, 2320299.280628763139248 ], [ 3280489.834408185910434, 2320299.038052123039961 ], [ 3280492.507293635047972, 2320297.950852786190808 ], [ 3280492.845678609795868, 2320297.972756944131106 ], [ 3280493.571761596016586, 2320298.007927106227726 ], [ 3280497.575860952492803, 2320297.925519596785307 ], [ 3280502.276629004627466, 2320297.822550853714347 ], [ 3280509.456661704927683, 2320297.122932577505708 ], [ 3280515.354154618922621, 2320296.211639889515936 ], [ 3280527.228042161557823, 2320294.375235398299992 ], [ 3280532.677448274567723, 2320293.887446491513401 ], [ 3280559.9906802540645, 2320293.588156769517809 ], [ 3280562.987526882439852, 2320293.55027714651078 ], [ 3280575.258274301886559, 2320293.70428233826533 ], [ 3280579.889258661307395, 2320293.298975383862853 ], [ 3280583.260830945335329, 2320292.637351338751614 ], [ 3280586.418254704214633, 2320291.597197332885116 ], [ 3280589.037905968725681, 2320290.742570467293262 ], [ 3280589.779910609126091, 2320290.379205409903079 ], [ 3280592.805490078404546, 2320288.905515121761709 ], [ 3280598.346969301346689, 2320285.509604221209884 ], [ 3280599.52933469042182, 2320284.551586474757642 ], [ 3280602.332117616198957, 2320282.274692165665329 ], [ 3280603.728524027857929, 2320280.579013078007847 ], [ 3280605.057333628647029, 2320278.966206429060549 ], [ 3280606.028553223237395, 2320277.15220651216805 ], [ 3280606.303570388816297, 2320274.617927273269743 ], [ 3280607.904101890511811, 2320271.62821885291487 ], [ 3280609.006084128282964, 2320268.319945594295859 ], [ 3280609.937399515882134, 2320265.518494017422199 ], [ 3280610.47687875945121, 2320260.69532204978168 ], [ 3280609.790391123853624, 2320256.563825944438577 ], [ 3280607.81714581977576, 2320253.124506778083742 ], [ 3280606.427450517658144, 2320251.886420728173107 ], [ 3280606.057115118950605, 2320251.545396795496345 ], [ 3280604.494043345097452, 2320250.611659566871822 ], [ 3280601.037468876689672, 2320249.390613155905157 ], [ 3280598.222765558864921, 2320248.929805380292237 ], [ 3280587.789930266793817, 2320247.23616440128535 ], [ 3280576.433252169750631, 2320243.989447545725852 ], [ 3280571.758785216137767, 2320243.509401299059391 ], [ 3280561.309442818630487, 2320243.57415055623278 ], [ 3280558.221816511824727, 2320243.181446612812579 ], [ 3280556.316663263365626, 2320242.9469163287431 ], [ 3280554.235370781738311, 2320242.256166405044496 ], [ 3280550.769921809434891, 2320240.113266296219081 ], [ 3280543.237657573074102, 2320232.959627766162157 ], [ 3280542.948932468891144, 2320232.80725590698421 ], [ 3280541.254243969917297, 2320231.937164403032511 ], [ 3280539.313390544615686, 2320231.546530138235539 ], [ 3280535.756910039111972, 2320231.946271399967372 ], [ 3280533.008176658302546, 2320233.127931598573923 ], [ 3280529.821271284483373, 2320235.289461938664317 ], [ 3280524.027447219472378, 2320240.18065445125103 ], [ 3280521.124542880803347, 2320241.845953228883445 ], [ 3280520.167348975781351, 2320242.196276527829468 ], [ 3280518.701396247837692, 2320242.351592189166695 ], [ 3280517.42606289871037, 2320242.493812032043934 ], [ 3280515.615038553252816, 2320242.090583939570934 ], [ 3280515.150748218409717, 2320241.857344692572951 ], [ 3280514.364915239624679, 2320241.457187574822456 ], [ 3280513.668192716315389, 2320240.919652605894953 ], [ 3280513.225589405279607, 2320240.570993379689753 ], [ 3280511.714780206792057, 2320238.593071201816201 ], [ 3280511.133699760772288, 2320237.832331902813166 ], [ 3280509.391966142691672, 2320234.44378642225638 ], [ 3280508.350705295801163, 2320231.429761057719588 ], [ 3280507.076344444882125, 2320224.884693020023406 ], [ 3280506.125982452649623, 2320214.183333120308816 ], [ 3280505.330887683667243, 2320210.689850559458137 ], [ 3280504.04196834936738, 2320207.526407648809254 ], [ 3280502.960497477091849, 2320205.940058033447713 ], [ 3280501.038515684660524, 2320204.115339775569737 ], [ 3280498.68026998732239, 2320202.600430954713374 ], [ 3280494.918196750804782, 2320200.194923837669194 ], [ 3280491.638123933691531, 2320197.573069515638053 ], [ 3280489.411562689580023, 2320194.81740952283144 ], [ 3280488.051056220196187, 2320193.137875302694738 ], [ 3280482.770476602949202, 2320185.112889679148793 ], [ 3280482.326605772599578, 2320184.632536819670349 ], [ 3280481.342199865728617, 2320183.577142626047134 ], [ 3280479.677967601921409, 2320182.397296166978776 ], [ 3280478.959037819877267, 2320182.157925163861364 ], [ 3280476.956473590340465, 2320181.51427043043077 ], [ 3280466.717772258445621, 2320180.882554708514363 ], [ 3280460.937720445450395, 2320179.784389827866107 ], [ 3280457.143283977173269, 2320178.358700901735574 ], [ 3280454.581380446441472, 2320177.396983765996993 ], [ 3280447.650540732778609, 2320173.669286422431469 ], [ 3280444.958128627855331, 2320171.228619811590761 ], [ 3280443.16765892971307, 2320168.224065475165844 ], [ 3280442.686540653929114, 2320166.400637093465775 ], [ 3280442.659208758268505, 2320165.613929897546768 ], [ 3280442.614634173456579, 2320164.535969357937574 ], [ 3280442.949456965085119, 2320162.924770887475461 ], [ 3280443.077791498042643, 2320162.283300987444818 ], [ 3280444.136682666838169, 2320160.261141447350383 ], [ 3280444.604843606706709, 2320159.712354879360646 ], [ 3280445.130738946609199, 2320159.082423422951251 ], [ 3280445.84044721070677, 2320158.521767255850136 ], [ 3280447.226872698403895, 2320157.44682347541675 ], [ 3280449.494300725869834, 2320156.237849769648165 ], [ 3280453.76331926509738, 2320154.86091151367873 ], [ 3280459.953865573741496, 2320154.314328481908888 ], [ 3280492.24261190649122, 2320157.821415424346924 ], [ 3280508.344661646988243, 2320158.572715827263892 ], [ 3280510.990779040846974, 2320158.809367974754423 ], [ 3280514.039301915094256, 2320159.08715256024152 ], [ 3280523.149276219774038, 2320160.880594403482974 ], [ 3280534.291856073774397, 2320164.306873310357332 ], [ 3280538.874835358001292, 2320166.335196738597006 ], [ 3280543.010472767986357, 2320169.101458942051977 ], [ 3280545.679583099205047, 2320171.647683585528284 ], [ 3280548.247637516818941, 2320175.063988565467298 ], [ 3280550.241230367682874, 2320179.433299342636019 ], [ 3280551.234669150784612, 2320183.084836991503835 ], [ 3280552.733178886119276, 2320193.416194591671228 ], [ 3280553.200684423558414, 2320195.404365044087172 ], [ 3280553.38904795050621, 2320196.183158996049315 ], [ 3280554.411795971915126, 2320198.774237006902695 ], [ 3280555.392210984136909, 2320201.230667328462005 ], [ 3280558.532805312890559, 2320206.099229077808559 ], [ 3280559.838060153648257, 2320207.565200359560549 ], [ 3280561.43976732250303, 2320209.354695260990411 ], [ 3280563.282795246690512, 2320210.635139748454094 ], [ 3280564.26662787143141, 2320211.315182603895664 ], [ 3280568.334857484325767, 2320212.368201321922243 ], [ 3280571.35108377225697, 2320212.448697669897228 ], [ 3280572.301298451144248, 2320212.241661284584552 ], [ 3280574.121212026569992, 2320211.83154496923089 ], [ 3280576.538715363014489, 2320210.423782272264361 ], [ 3280578.014598879031837, 2320209.089634710922837 ], [ 3280579.004331429023296, 2320207.698582 ], [ 3280579.799241049215198, 2320205.489277435466647 ], [ 3280580.128751811571419, 2320204.589326681103557 ], [ 3280580.204717087093741, 2320203.875851950608194 ], [ 3280580.424018131103367, 2320201.868849033024162 ], [ 3280580.367913032881916, 2320200.224656613077968 ], [ 3280580.306442827917635, 2320198.733614445198327 ], [ 3280579.396484164521098, 2320192.30737107526511 ], [ 3280578.444713841658086, 2320185.563736446201801 ], [ 3280578.601851634681225, 2320182.309349956922233 ], [ 3280579.442793074995279, 2320179.513583139050752 ], [ 3280580.046495804563165, 2320178.677224169485271 ], [ 3280580.775530092883855, 2320177.676848178729415 ], [ 3280583.088817164301872, 2320175.942331862635911 ], [ 3280591.371542655397207, 2320171.690799592994153 ], [ 3280593.240091611631215, 2320169.780503451824188 ], [ 3280594.366408485919237, 2320167.73639059625566 ], [ 3280594.971395016647875, 2320165.296524392440915 ], [ 3280595.153503903187811, 2320162.504543336573988 ], [ 3280595.025495287496597, 2320158.995685412082821 ], [ 3280594.876094334758818, 2320154.92232275288552 ], [ 3280595.268355234060436, 2320148.146208188962191 ], [ 3280596.189883735962212, 2320144.169380775652826 ], [ 3280597.237595708109438, 2320141.459164740983397 ], [ 3280599.399385235738009, 2320138.117463396396488 ], [ 3280602.351557397749275, 2320135.885438567958772 ], [ 3280603.609823754522949, 2320135.391053919214755 ], [ 3280604.657571649178863, 2320134.974134492687881 ], [ 3280608.899422148242593, 2320134.484788837842643 ], [ 3280612.786669807508588, 2320135.051998754497617 ], [ 3280613.778176639229059, 2320135.345098547637463 ], [ 3280615.260505580343306, 2320135.785612067207694 ], [ 3280618.118862496688962, 2320137.070858990307897 ], [ 3280626.028970457147807, 2320142.504298320971429 ], [ 3280630.036515173036605, 2320144.674013858661056 ], [ 3280633.805116649251431, 2320145.941880344878882 ], [ 3280635.925286962185055, 2320146.250371416565031 ], [ 3280636.702819842845201, 2320146.104026795364916 ], [ 3280638.114288554992527, 2320150.078084939159453 ], [ 3280644.119464008137584, 2320174.800464725121856 ], [ 3280645.730328263249248, 2320184.330789636820555 ], [ 3280645.696596266701818, 2320189.826418503653258 ], [ 3280643.380614049732685, 2320202.885855748318136 ], [ 3280643.117546428460628, 2320210.451129329390824 ], [ 3280644.350113639142364, 2320220.70730014750734 ], [ 3280648.202561135403812, 2320238.104929846711457 ], [ 3280648.410356459207833, 2320239.560193185694516 ], [ 3280648.935410165693611, 2320243.263334564398974 ], [ 3280649.114164517261088, 2320248.569535164162517 ], [ 3280649.212710524909198, 2320251.464566175360233 ], [ 3280649.114764949772507, 2320252.973385260440409 ], [ 3280648.945178671274334, 2320255.408016080036759 ], [ 3280648.337246517185122, 2320258.88343006093055 ], [ 3280647.717329711653292, 2320260.798249531537294 ], [ 3280646.154098779894412, 2320265.689126147888601 ], [ 3280646.704083879943937, 2320267.561375607270747 ], [ 3280647.425016866065562, 2320269.982080447487533 ], [ 3280647.167081074789166, 2320271.133324950933456 ], [ 3280647.002352911047637, 2320271.862348011229187 ], [ 3280646.270718120038509, 2320273.776442347094417 ], [ 3280645.467909824568778, 2320275.875509198755026 ], [ 3280644.380874016322196, 2320277.973626573570073 ], [ 3280643.093930326402187, 2320280.461919098626822 ], [ 3280640.229703299701214, 2320285.276267799548805 ], [ 3280636.825622736942023, 2320291.007118400651962 ], [ 3280628.827164766844362, 2320336.224528330378234 ], [ 3280624.941577721852809, 2320358.163904020097107 ], [ 3280640.053832415025681, 2320383.421999158337712 ], [ 3280587.346885197795928, 2320438.693267878144979 ], [ 3280547.766897782683372, 2320480.198642316274345 ], [ 3280381.658836303278804, 2320498.56020507728681 ], [ 3280289.567021636292338, 2320477.106347770430148 ], [ 3280264.252976936288178, 2320412.213650234509259 ], [ 3280176.532057270873338, 2320335.65486369561404 ], [ 3280154.784131840802729, 2320360.591489107348025 ], [ 3280145.978785784449428, 2320370.698395881336182 ], [ 3280108.116454228758812, 2320385.388064309023321 ], [ 3280103.509069483727217, 2320418.534994829446077 ], [ 3280097.024867643602192, 2320465.192217749077827 ], [ 3280082.498690738342702, 2320472.455448710359633 ], [ 3280072.210766580421478, 2320477.596181220375001 ], [ 3280050.028830566443503, 2320466.230416795238853 ], [ 3280037.060257370583713, 2320459.582658034749329 ], [ 3279981.260736068245023, 2320512.321870346553624 ], [ 3279978.911015772726387, 2320497.968978033401072 ], [ 3279967.58880718704313, 2320428.808762719854712 ], [ 3279923.276596537791193, 2320516.888395088724792 ], [ 3279924.078693699557334, 2320554.384746882598847 ], [ 3279905.24212239170447, 2320569.526660735253245 ], [ 3279894.439802455715835, 2320590.364333112724125 ], [ 3279894.028090052306652, 2320602.288680329918861 ], [ 3279870.244878256693482, 2320601.716254452243447 ], [ 3279852.162519400939345, 2320621.464939900673926 ], [ 3279838.605295908637345, 2320668.854085756465793 ], [ 3279826.637157395016402, 2320697.009413646999747 ], [ 3279781.63887209398672, 2320740.428929741494358 ], [ 3279824.379894771613181, 2320813.481758750509471 ], [ 3279826.642499073874205, 2320827.301993063185364 ], [ 3279807.276891219895333, 2320897.028676707297564 ], [ 3279806.440531634259969, 2320920.859425493050367 ], [ 3279851.984952040482312, 2320953.155966544058174 ], [ 3279875.354881261475384, 2320965.642839324660599 ], [ 3279867.148136168718338, 2321016.833686294965446 ], [ 3279882.769767416175455, 2321054.372355151921511 ], [ 3279906.047779694665223, 2321095.29845814127475 ], [ 3279897.519858060404658, 2321129.964609708636999 ], [ 3279835.30981083214283, 2321155.069625789765269 ], [ 3279818.395143156405538, 2321167.510674187447876 ], [ 3279834.115292068570852, 2321306.902996808290482 ], [ 3279857.475401088129729, 2321319.391560731921345 ], [ 3279903.145389090757817, 2321309.016103986650705 ], [ 3279988.419506005942822, 2321265.653862201608717 ], [ 3280059.49845546670258, 2321222.404097690246999 ], [ 3280122.165295301936567, 2321171.150403161998838 ], [ 3280161.381801946088672, 2321135.857203631661832 ], [ 3280193.326538739260286, 2321099.463440769352019 ], [ 3280259.214308706577867, 2321125.821881072130054 ], [ 3280297.441874034237117, 2321171.242521251551807 ], [ 3280226.739015072118491, 2321216.79035347700119 ], [ 3280172.870559960138053, 2321278.344715894199908 ], [ 3280157.464348916895688, 2321299.999163080006838 ], [ 3280136.626026246696711, 2321346.289508412592113 ], [ 3280019.454162364359945, 2321411.830858930479735 ], [ 3279919.538254976738244, 2321481.452770997770131 ], [ 3279840.037602311000228, 2321516.700608539395034 ], [ 3279823.591054352000356, 2321503.000855008140206 ], [ 3279797.411177029367536, 2321400.977412112057209 ], [ 3279781.790926681831479, 2321363.448575521353632 ], [ 3279767.264432094059885, 2321347.037931075785309 ], [ 3279754.659581285901368, 2321327.926257506012917 ], [ 3279710.909673141781241, 2321335.59094130853191 ], [ 3279679.809704279992729, 2321348.142738240770996 ], [ 3279634.551324955187738, 2321346.593967653345317 ], [ 3279617.845608717296273, 2321287.935340940952301 ], [ 3279595.733229328878224, 2321239.691597250290215 ], [ 3279584.717221867758781, 2321201.346004127990454 ], [ 3279563.359145465306938, 2321157.709026759956032 ], [ 3279556.571042097173631, 2321116.248225229326636 ], [ 3279554.731398853473365, 2321090.511687315069139 ], [ 3279585.99390512984246, 2321021.074906670488417 ] ] ], [ [ [ 3284830.330405806191266, 2320471.259358908981085 ], [ 3284818.055160499643534, 2320510.993385806679726 ], [ 3284841.552979999221861, 2320504.290012052282691 ], [ 3284841.552979999221861, 2320461.480127099901438 ], [ 3284830.330405806191266, 2320471.259358908981085 ] ] ], [ [ [ 3277602.330533148255199, 2322157.816492784768343 ], [ 3277612.795130736194551, 2322121.043949372135103 ], [ 3277630.553551079705358, 2322058.679254789836705 ], [ 3277599.614316821098328, 2322042.84145443001762 ], [ 3277574.27583830524236, 2322068.084634720347822 ], [ 3277566.25232, 2322076.077006752137095 ], [ 3277566.25232, 2322195.245717706158757 ], [ 3277602.330533148255199, 2322157.816492784768343 ] ] ], [ [ [ 3277566.806076698005199, 2323248.761725405696779 ], [ 3277574.730723130516708, 2323246.04356295755133 ], [ 3277576.91127418866381, 2323245.296099088620394 ], [ 3277578.034451766870916, 2323244.906453265808523 ], [ 3277607.999061970971525, 2323242.587904434651136 ], [ 3277613.496064570732415, 2323243.816496756859124 ], [ 3277615.128093496430665, 2323244.179948076140136 ], [ 3277619.088288887869567, 2323245.068993418943137 ], [ 3277623.832982862833887, 2323242.695017201360315 ], [ 3277636.34289818815887, 2323236.443529548123479 ], [ 3277663.113307684194297, 2323236.054750539828092 ], [ 3277683.831196319311857, 2323218.531580576207489 ], [ 3277687.635757683776319, 2323216.302072295453399 ], [ 3277698.163895670790225, 2323210.215244617313147 ], [ 3277706.827071638777852, 2323215.475809288676828 ], [ 3277788.895137380342931, 2323166.185129476245493 ], [ 3277789.984153908211738, 2323160.940662712790072 ], [ 3277790.774091714061797, 2323156.905461479909718 ], [ 3277790.685238934122026, 2323156.362901579588652 ], [ 3277792.368669061921537, 2323154.190539553761482 ], [ 3277797.968087691813707, 2323146.937908975407481 ], [ 3277803.220782945398241, 2323144.444487763103098 ], [ 3277809.302578777074814, 2323141.562223969958723 ], [ 3277812.65051990468055, 2323139.8896977561526 ], [ 3277814.892881439998746, 2323138.776240379083902 ], [ 3277818.821583835408092, 2323136.80913077108562 ], [ 3277821.858612853102386, 2323135.282421431969851 ], [ 3277842.332489955238998, 2323044.778378198854625 ], [ 3277826.791081715375185, 2323037.536743367556483 ], [ 3277806.319135367870331, 2323028.003183611668646 ], [ 3277777.177774080540985, 2323016.640109453350306 ], [ 3277752.109699292108417, 2323006.856633573304862 ], [ 3277653.897793103940785, 2322997.216647771652788 ], [ 3277622.941739242523909, 2322980.285908142570406 ], [ 3277568.395062319934368, 2322950.451154749374837 ], [ 3277610.8563073258847, 2322907.106942934915423 ], [ 3277635.090477303601801, 2322882.371551278047264 ], [ 3277652.310310855042189, 2322826.635940998326987 ], [ 3277631.10121185798198, 2322789.183033974841237 ], [ 3277606.15643050475046, 2322745.149402795825154 ], [ 3277566.25232, 2322762.483878411352634 ], [ 3277566.25232, 2323248.951414280105382 ], [ 3277566.806076698005199, 2323248.761725405696779 ] ] ], [ [ [ 3284284.745153168216348, 2324809.618878275621682 ], [ 3284308.136361188720912, 2324795.222413550131023 ], [ 3284314.005186113994569, 2324791.596786074806005 ], [ 3284325.644550635479391, 2324790.745512272231281 ], [ 3284345.842185797169805, 2324789.247729218099266 ], [ 3284420.994368046987802, 2324776.085599919781089 ], [ 3284423.78027489874512, 2324769.184478065930307 ], [ 3284432.328190801665187, 2324748.031760809011757 ], [ 3284433.59871873119846, 2324744.886771959252656 ], [ 3284436.121811179444194, 2324743.876623436808586 ], [ 3284448.720780721399933, 2324738.849066590890288 ], [ 3284462.318157855421305, 2324733.413263006601483 ], [ 3284488.38408868201077, 2324714.905528772622347 ], [ 3284531.570577227976173, 2324684.226085322443396 ], [ 3284556.990617637056857, 2324663.446876211557537 ], [ 3284523.691726508084685, 2324623.726793650537729 ], [ 3284487.276695020496845, 2324580.280395745299757 ], [ 3284555.169129301793873, 2324552.275897750165313 ], [ 3284549.139464726671576, 2324440.806977876927704 ], [ 3284538.802326760720462, 2324439.512244481127709 ], [ 3284526.206921645440161, 2324437.933133912738413 ], [ 3284496.671555137261748, 2324429.680731451138854 ], [ 3284469.507484470959753, 2324427.730646762065589 ], [ 3284448.801802897825837, 2324448.80038618016988 ], [ 3284443.437377613037825, 2324453.585767529904842 ], [ 3284422.748873263597488, 2324472.03448005206883 ], [ 3284420.695012805983424, 2324473.865564708132297 ], [ 3284389.381517379544675, 2324479.349700981751084 ], [ 3284375.935945969540626, 2324470.968517490196973 ], [ 3284374.383185719139874, 2324469.850262959022075 ], [ 3284368.534594303462654, 2324465.608042693696916 ], [ 3284365.3311787256971, 2324457.817730368580669 ], [ 3284364.812205250840634, 2324457.746262710075825 ], [ 3284353.429053440690041, 2324456.25930115301162 ], [ 3284341.980708153918386, 2324457.533717979677022 ], [ 3284331.358779276721179, 2324459.394016965758055 ], [ 3284319.665592765435576, 2324463.633785424754024 ], [ 3284313.294409123249352, 2324464.749621818773448 ], [ 3284305.516853192821145, 2324461.738216636236757 ], [ 3284299.495318170636892, 2324455.882402693852782 ], [ 3284300.992138605564833, 2324444.640709861647338 ], [ 3284301.525710013695061, 2324440.650640120264143 ], [ 3284302.572789461351931, 2324432.795784426387399 ], [ 3284303.7831816310063, 2324422.345022618770599 ], [ 3284305.915848144795746, 2324404.020677004009485 ], [ 3284300.266082362737507, 2324391.514059705659747 ], [ 3284297.49348935065791, 2324385.363215339835733 ], [ 3284297.625388044398278, 2324374.583822725806385 ], [ 3284297.765869949012995, 2324362.493907628580928 ], [ 3284299.540838650427759, 2324355.800302277784795 ], [ 3284300.840884703211486, 2324350.91493942309171 ], [ 3284307.269787748344243, 2324346.18665748462081 ], [ 3284310.918062047101557, 2324343.497926281765103 ], [ 3284313.801731397863477, 2324339.857329920399934 ], [ 3284316.955769177526236, 2324335.885254174470901 ], [ 3284326.185186767484993, 2324325.521751754917204 ], [ 3284334.211902142502367, 2324318.717544241808355 ], [ 3284340.260762193240225, 2324313.589047206565738 ], [ 3284344.372665781062096, 2324311.377231105230749 ], [ 3284354.311021350324154, 2324306.024180362932384 ], [ 3284360.105938708409667, 2324305.354295494966209 ], [ 3284366.469482319895178, 2324304.625414256937802 ], [ 3284372.517685782164335, 2324305.626087509095669 ], [ 3284381.44464635103941, 2324307.106889927759767 ], [ 3284392.530225932598114, 2324308.077726653777063 ], [ 3284405.505241689272225, 2324307.266576291061938 ], [ 3284416.127189650665969, 2324305.406302956398576 ], [ 3284421.793054275680333, 2324307.417652582749724 ], [ 3284428.502818926237524, 2324309.794140805024654 ], [ 3284438.515517231076956, 2324313.134581350255758 ], [ 3284447.520361775532365, 2324314.967059799004346 ], [ 3284455.842140305787325, 2324316.65533444751054 ], [ 3284463.611790650524199, 2324319.556523497216403 ], [ 3284463.43222311232239, 2324319.141485080588609 ], [ 3284463.226468719542027, 2324318.690443159081042 ], [ 3284474.101867887657136, 2324316.0856195660308 ], [ 3284504.557973727583885, 2324308.772987751290202 ], [ 3284522.696687526069582, 2324326.855150739662349 ], [ 3284527.440035931766033, 2324317.967380443587899 ], [ 3284534.549034168943763, 2324307.975284685380757 ], [ 3284542.590899176895618, 2324299.281044932082295 ], [ 3284548.036970105022192, 2324294.684338376391679 ], [ 3284553.473179332911968, 2324290.089359984267503 ], [ 3284556.714120196178555, 2324284.417616305872798 ], [ 3284558.568188062869012, 2324281.180601072497666 ], [ 3284554.346748060546815, 2324273.182984416373074 ], [ 3284543.975249200128019, 2324267.713520867284387 ], [ 3284536.923773829359561, 2324262.38308212114498 ], [ 3284530.680603640154004, 2324257.651845024898648 ], [ 3284526.324074385687709, 2324255.086461130063981 ], [ 3284520.194410734344274, 2324251.482004168909043 ], [ 3284516.313574232161045, 2324245.068619838450104 ], [ 3284514.213697188999504, 2324241.600652791559696 ], [ 3284510.574576239101589, 2324232.760293770581484 ], [ 3284505.903368899598718, 2324217.555603899993002 ], [ 3284504.231237296946347, 2324212.115158683154732 ], [ 3284501.220687500666827, 2324202.342777383048087 ], [ 3284497.218359272927046, 2324195.311384695116431 ], [ 3284494.06625213380903, 2324189.754677306860685 ], [ 3284486.472596743144095, 2324181.485118488781154 ], [ 3284482.544750541448593, 2324177.200778867118061 ], [ 3284486.104874667711556, 2324167.840363604947925 ], [ 3284491.6725391051732, 2324170.305259083397686 ], [ 3284500.238163937814534, 2324174.102092359215021 ], [ 3284514.339744254015386, 2324193.489980271086097 ], [ 3284520.78008316969499, 2324210.576677280012518 ], [ 3284522.770875822752714, 2324214.865393802523613 ], [ 3284526.407867285888642, 2324222.701530824415386 ], [ 3284538.639480914454907, 2324235.131071307696402 ], [ 3284543.983626926317811, 2324239.390617168974131 ], [ 3284552.885096166282892, 2324246.477283884305507 ], [ 3284569.266629519872367, 2324253.08604401210323 ], [ 3284584.940435782074928, 2324255.435070274863392 ], [ 3284603.919296404346824, 2324251.512585390824825 ], [ 3284608.19836789323017, 2324250.631271813064814 ], [ 3284622.389560400508344, 2324249.688365584239364 ], [ 3284628.37102873204276, 2324249.290262559428811 ], [ 3284633.973383998032659, 2324248.745458785444498 ], [ 3284647.015421006828547, 2324247.476145580410957 ], [ 3284653.079278791323304, 2324249.935332435183227 ], [ 3284655.862560757435858, 2324251.071481548249722 ], [ 3284695.131515351589769, 2324243.179588321130723 ], [ 3284732.065962603315711, 2324271.151583731174469 ], [ 3284739.837740993127227, 2324266.817334190476686 ], [ 3284743.598605849780142, 2324265.001895910128951 ], [ 3284746.418446921743453, 2324263.63538516825065 ], [ 3284750.281338611617684, 2324261.761490143835545 ], [ 3284762.527661829255521, 2324258.916643519885838 ], [ 3284764.247318231966347, 2324258.514009514357895 ], [ 3284765.471975967753679, 2324257.690693741198629 ], [ 3284770.775482333730906, 2324254.143872983753681 ], [ 3284777.847618263214827, 2324243.245023653376848 ], [ 3284786.486289867665619, 2324232.061686686705798 ], [ 3284794.484918413683772, 2324221.802233880385756 ], [ 3284803.222899264190346, 2324216.243462453596294 ], [ 3284810.926159795373678, 2324214.092770917341113 ], [ 3284824.615231980103999, 2324214.110528962686658 ], [ 3284841.552979999221861, 2324219.815576409455389 ], [ 3284841.552979999221861, 2324050.465671609155834 ], [ 3284178.212339474819601, 2324210.773529136553407 ], [ 3284156.336071643978357, 2324106.676763735711575 ], [ 3284189.738075942266732, 2324005.775894821155816 ], [ 3284244.238480106927454, 2323915.690921602770686 ], [ 3284270.757968720514327, 2323851.440605815500021 ], [ 3284275.107706737704575, 2323789.469717050902545 ], [ 3284235.31709066266194, 2323667.911483012139797 ], [ 3284192.452173821162432, 2323681.476523398421705 ], [ 3284099.700299697928131, 2323728.609228484798223 ], [ 3283987.225003705359995, 2323777.471415454987437 ], [ 3283899.735035172663629, 2323815.473783676512539 ], [ 3283898.039202609099448, 2323791.488001891411841 ], [ 3283841.976011791266501, 2323745.333703796844929 ], [ 3283808.204034599475563, 2323717.528644741978496 ], [ 3283808.353764721658081, 2323716.274582531768829 ], [ 3283707.581334077753127, 2323697.017800064291805 ], [ 3283624.763387914747, 2323720.553998246788979 ], [ 3283607.783158989157528, 2323727.140472401864827 ], [ 3283553.793560223653913, 2323794.386186215095222 ], [ 3283529.533998916856945, 2323789.603918874170631 ], [ 3283454.073246325366199, 2323692.649722252041101 ], [ 3283483.515845797490329, 2323618.865792258176953 ], [ 3283677.415853423532099, 2323501.838677614927292 ], [ 3283749.957968294154853, 2323492.746117165777832 ], [ 3283905.176545495167375, 2323642.765554896555841 ], [ 3284011.9292754502967, 2323598.112156511750072 ], [ 3284034.784888095688075, 2323588.558702661655843 ], [ 3284093.198606486432254, 2323559.789158181287348 ], [ 3284102.341410740744323, 2323546.97508092597127 ], [ 3284105.070363738108426, 2323546.974076922982931 ], [ 3284191.890545766334981, 2323467.333187993615866 ], [ 3284267.937432567588985, 2323446.495863243937492 ], [ 3284283.753589504864067, 2323447.297860127873719 ], [ 3284393.924624444451183, 2323452.885113126598299 ], [ 3284405.027289935387671, 2323456.562368496786803 ], [ 3284421.459722361993045, 2323461.995288393925875 ], [ 3284515.962152995169163, 2323493.269905183464289 ], [ 3284481.12600763188675, 2323523.896773910149932 ], [ 3284411.552622455172241, 2323585.072440235875547 ], [ 3284376.654009060002863, 2323615.75097253639251 ], [ 3284391.494233225937933, 2323674.036259857006371 ], [ 3284464.51769830333069, 2323677.361776371020824 ], [ 3284566.191296348813921, 2323786.814099804963917 ], [ 3284670.389901376795024, 2323833.001959604211152 ], [ 3284691.753366087563336, 2323933.971395353320986 ], [ 3284824.612625483889133, 2323899.430689844302833 ], [ 3284764.439419410191476, 2323777.870110827963799 ], [ 3284841.552979999221861, 2323716.104715596418828 ], [ 3284841.552979999221861, 2322747.07100635021925 ], [ 3284791.585949524305761, 2322714.193819968961179 ], [ 3284701.152382846456021, 2322719.294224456418306 ], [ 3284725.240455228835344, 2322653.319796967320144 ], [ 3284695.009911395609379, 2322583.442695101257414 ], [ 3284741.41456713154912, 2322562.865931858308613 ], [ 3284787.175603413488716, 2322568.906539413146675 ], [ 3284821.034178969915956, 2322599.659799628891051 ], [ 3284838.439386390149593, 2322593.993954331614077 ], [ 3284841.552979999221861, 2322589.901704682502896 ], [ 3284841.552979999221861, 2322284.64001950668171 ], [ 3284840.216394683346152, 2322290.869034840259701 ], [ 3284812.448877116665244, 2322305.249472252093256 ], [ 3284812.260444932151586, 2322310.295197116211057 ], [ 3284818.71403478179127, 2322321.33163494290784 ], [ 3284816.164400417823344, 2322334.015653736889362 ], [ 3284815.974423747044057, 2322334.962170805316418 ], [ 3284810.367050573695451, 2322342.478889838326722 ], [ 3284809.934942320454866, 2322343.0619175597094 ], [ 3284809.204303404781967, 2322344.052373880520463 ], [ 3284805.04315717658028, 2322349.682142487261444 ], [ 3284803.248743513599038, 2322352.106985617429018 ], [ 3284802.458756228908896, 2322353.168718055821955 ], [ 3284791.602115985006094, 2322357.190596197731793 ], [ 3284789.641630717553198, 2322357.919491954613477 ], [ 3284780.78889060113579, 2322359.80455686384812 ], [ 3284780.298984691500664, 2322359.910638955887407 ], [ 3284771.781125529669225, 2322362.477812270168215 ], [ 3284767.139466753229499, 2322362.570162714459002 ], [ 3284763.933436864987016, 2322366.845460114069283 ], [ 3284754.980006995610893, 2322378.773629175499082 ], [ 3284754.354973660316318, 2322379.603533097077161 ], [ 3284753.696949787437916, 2322380.479802990797907 ], [ 3284756.235741331242025, 2322387.310799879953265 ], [ 3284758.585289764683694, 2322393.667573822196573 ], [ 3284760.401712717488408, 2322398.565177100710571 ], [ 3284757.43540769489482, 2322404.056756097823381 ], [ 3284743.609695201274008, 2322429.664236730430275 ], [ 3284743.1026711165905, 2322430.595243521034718 ], [ 3284730.234628015197814, 2322430.697375664487481 ], [ 3284718.222164531238377, 2322443.151090950705111 ], [ 3284712.794280550908297, 2322448.789607237093151 ], [ 3284702.06686647515744, 2322429.186396790202707 ], [ 3284700.496020826511085, 2322411.226876876782626 ], [ 3284675.301717300433666, 2322408.667560607194901 ], [ 3284656.473733299411833, 2322406.759048327803612 ], [ 3284649.972741404548287, 2322406.091248067561537 ], [ 3284605.761118249036372, 2322389.561090075410903 ], [ 3284601.054854761809111, 2322363.109424467198551 ], [ 3284607.47230052947998, 2322339.286258419044316 ], [ 3284611.07699023000896, 2322325.92024093773216 ], [ 3284607.589834917802364, 2322305.860959273763001 ], [ 3284572.884909689892083, 2322302.531764198560268 ], [ 3284569.431196660734713, 2322295.627597760409117 ], [ 3284565.129614963661879, 2322287.014959846623242 ], [ 3284551.082035972736776, 2322283.011091944295913 ], [ 3284548.699976156000048, 2322282.342468911781907 ], [ 3284542.421111343428493, 2322282.721531870774925 ], [ 3284533.521242178045213, 2322283.265300586819649 ], [ 3284527.332757455296814, 2322283.638685645535588 ], [ 3284522.08913350943476, 2322283.958232289645821 ], [ 3284504.818581929430366, 2322284.993698150850832 ], [ 3284491.960129714105278, 2322285.774053901433945 ], [ 3284491.414299472235143, 2322292.292844309471548 ], [ 3284491.23039663489908, 2322294.577737387735397 ], [ 3284486.280200708191842, 2322296.87535366602242 ], [ 3284445.326422717422247, 2322315.85840163892135 ], [ 3284427.974248552694917, 2322319.617505328264087 ], [ 3284412.806923381052911, 2322322.902686118148267 ], [ 3284408.476681650616229, 2322323.843634951394051 ], [ 3284402.137507467996329, 2322325.217560409102589 ], [ 3284352.369575826451182, 2322281.319256575778127 ], [ 3284347.095680402591825, 2322281.887654278427362 ], [ 3284344.58703921129927, 2322269.044202068820596 ], [ 3284342.635536096524447, 2322259.045890431385487 ], [ 3284335.075560366269201, 2322249.989132028538734 ], [ 3284326.226952573750168, 2322244.029709765687585 ], [ 3284318.689351662062109, 2322243.908766875043511 ], [ 3284318.180991914123297, 2322244.149998553562909 ], [ 3284310.044178611598909, 2322247.929063693620265 ], [ 3284275.961792889516801, 2322234.211830078158528 ], [ 3284273.302482611499727, 2322228.751525419298559 ], [ 3284271.63471811497584, 2322225.319537969306111 ], [ 3284259.433098442386836, 2322216.355167185887694 ], [ 3284250.879707355052233, 2322212.322769759688526 ], [ 3284247.801598689053208, 2322210.872941587585956 ], [ 3284241.093433449510485, 2322232.920582303777337 ], [ 3284235.957364439964294, 2322249.822239249013364 ], [ 3284234.565973178483546, 2322254.398780305869877 ], [ 3284232.731817328836769, 2322260.422739054076374 ], [ 3284232.519576081074774, 2322261.109331557061523 ], [ 3284228.161311528645456, 2322275.449590042699128 ], [ 3284227.799752461258322, 2322276.649399968795478 ], [ 3284222.995262684300542, 2322275.06556449458003 ], [ 3284200.502408110070974, 2322259.014396790415049 ], [ 3284199.422808944713324, 2322258.493147610221058 ], [ 3284198.01179734710604, 2322257.806695557199419 ], [ 3284197.577429438475519, 2322257.446429640054703 ], [ 3284197.036531460471451, 2322256.993199351709336 ], [ 3284191.804391371551901, 2322252.673462821170688 ], [ 3284189.41339884698391, 2322252.260098014958203 ], [ 3284184.913857292383909, 2322251.485379730351269 ], [ 3284178.901837622281164, 2322253.370282670017332 ], [ 3284173.749831851571798, 2322254.992960388306528 ], [ 3284171.028311353642493, 2322255.84500349778682 ], [ 3284168.528787547722459, 2322256.62772876303643 ], [ 3284170.662256072275341, 2322261.540841597598046 ], [ 3284164.331015377305448, 2322264.760205053258687 ], [ 3284165.968707900494337, 2322274.762743159662932 ], [ 3284160.383186203427613, 2322283.280307548120618 ], [ 3284156.664558864664286, 2322292.790086542721838 ], [ 3284151.427792927715927, 2322291.850204404909164 ], [ 3284129.057036065030843, 2322287.822488240897655 ], [ 3284119.467999003361911, 2322283.413371806498617 ], [ 3284094.868632175028324, 2322272.094456437975168 ], [ 3284091.112524079624563, 2322273.939465513452888 ], [ 3284090.436327739618719, 2322274.27097531594336 ], [ 3284080.681341171264648, 2322264.634635543450713 ], [ 3284066.364210756495595, 2322231.037877953611314 ], [ 3284074.230863214936107, 2322228.087425160221756 ], [ 3284074.013451592996716, 2322225.953982180915773 ], [ 3284073.874489915557206, 2322224.547551882453263 ], [ 3284072.043593096081167, 2322206.176905919797719 ], [ 3284067.629047522321343, 2322161.987434856593609 ], [ 3284067.47266639303416, 2322160.350668566301465 ], [ 3284063.401604092214257, 2322119.622161978855729 ], [ 3284060.616725936997682, 2322091.768545169383287 ], [ 3284060.356402813922614, 2322089.1251086355187 ], [ 3284030.952285320498049, 2322081.549728121142834 ], [ 3284016.127030558418483, 2322077.753174762707204 ], [ 3284014.853300384245813, 2322077.905201827641577 ], [ 3284012.004814459010959, 2322077.176214813254774 ], [ 3283976.15916302986443, 2322082.18517591105774 ], [ 3283979.373071582987905, 2322112.287396464962512 ], [ 3283979.693154077976942, 2322115.295818550512195 ], [ 3283971.424699189141393, 2322173.172806452028453 ], [ 3283783.12815167196095, 2322200.333902104292065 ], [ 3283764.058704962488264, 2322203.084940273314714 ], [ 3283745.386997849680483, 2322205.786624744534492 ], [ 3283749.428796051535755, 2322240.634926232974976 ], [ 3283749.709544240031391, 2322243.031258593779057 ], [ 3283750.001426092814654, 2322245.557556077837944 ], [ 3283739.928762623574585, 2322247.179501842707396 ], [ 3283703.533694773446769, 2322253.045958081725985 ], [ 3283698.182510569691658, 2322259.462651043664664 ], [ 3283693.512406051624566, 2322264.400329269934446 ], [ 3283690.156760662794113, 2322266.398477004375309 ], [ 3283679.357513977680355, 2322272.815443398896605 ], [ 3283680.470222861506045, 2322287.790801296010613 ], [ 3283681.57214623503387, 2322302.514367013704032 ], [ 3283681.638432662002742, 2322303.476900079287589 ], [ 3283671.874407039955258, 2322305.186874124221504 ], [ 3283659.292244025506079, 2322306.477133292704821 ], [ 3283640.119209636002779, 2322300.539977920241654 ], [ 3283614.063260330818594, 2322292.46977266529575 ], [ 3283595.364980128593743, 2322297.611531965434551 ], [ 3283584.947101366706192, 2322300.47105760127306 ], [ 3283568.159465466160327, 2322305.075267318636179 ], [ 3283552.138540665619075, 2322345.963947892654687 ], [ 3283527.20282263122499, 2322409.611709346063435 ], [ 3283465.933929768390954, 2322490.470264095347375 ], [ 3283352.722038703970611, 2322405.587320854421705 ], [ 3283341.25383884459734, 2322462.817695310804993 ], [ 3283328.057579854968935, 2322528.702034473884851 ], [ 3283323.178383473772556, 2322553.057852595113218 ], [ 3283375.579802670981735, 2322573.135190621949732 ], [ 3283467.565035612788051, 2322608.370767547748983 ], [ 3283449.398218780755997, 2322651.766421585809439 ], [ 3283650.867614701390266, 2322734.617410010658205 ], [ 3283673.794575386215001, 2322776.244898640085012 ], [ 3283660.793659776914865, 2322833.530625480227172 ], [ 3283555.037638138048351, 2322805.090318520087749 ], [ 3283500.818759951740503, 2322771.682998568750918 ], [ 3283405.76275525894016, 2322713.108495603315532 ], [ 3283375.481609616894275, 2322659.344076139386743 ], [ 3283332.568068802822381, 2322656.255917278118432 ], [ 3283310.289182836655527, 2322654.647812918759882 ], [ 3283395.42893142439425, 2322830.365018911659718 ], [ 3283433.262661810964346, 2322896.485392415896058 ], [ 3283390.319920167792588, 2322905.548797964118421 ], [ 3283365.64619054691866, 2322910.753000996075571 ], [ 3283371.038123473525047, 2322937.734265669248998 ], [ 3283375.232641254086047, 2322958.76578518608585 ], [ 3283337.653182956390083, 2322969.355741313192993 ], [ 3283319.982671753503382, 2323008.159292755182832 ], [ 3283317.078477529343218, 2323009.134722287300974 ], [ 3283291.881250271108001, 2323017.647396626416594 ], [ 3283303.60799809359014, 2323053.575266260188073 ], [ 3283313.427219938486814, 2323083.677757908590138 ], [ 3283354.191865479573607, 2323119.492069879546762 ], [ 3283484.148502632044256, 2323126.270274478010833 ], [ 3283534.065253492444754, 2323152.424720576032996 ], [ 3283624.947017531841993, 2323130.73387716896832 ], [ 3283625.926849753130227, 2323112.36800670158118 ], [ 3283626.812622943427414, 2323095.9060262250714 ], [ 3283737.649487461894751, 2323100.665435041300952 ], [ 3283783.029311980120838, 2323224.826519418507814 ], [ 3283751.912614150438458, 2323224.51248161168769 ], [ 3283725.253239301033318, 2323245.285438471473753 ], [ 3283705.468930606730282, 2323229.419640908949077 ], [ 3283687.042894662823528, 2323228.354394969996065 ], [ 3283680.388391877990216, 2323246.699388996697962 ], [ 3283681.205035464838147, 2323264.821672689169645 ], [ 3283699.752972385846078, 2323286.271972916088998 ], [ 3283734.104314275551587, 2323312.473716123495251 ], [ 3283785.934886095579714, 2323307.688579137437046 ], [ 3283850.531228470616043, 2323275.969012316316366 ], [ 3283935.577096049208194, 2323270.744966368190944 ], [ 3283988.525728355161846, 2323299.05775195453316 ], [ 3284009.31566543597728, 2323380.482198530808091 ], [ 3283988.159834451507777, 2323383.811849775258452 ], [ 3283958.291565378196537, 2323371.853144683875144 ], [ 3283886.208507684059441, 2323379.474770268425345 ], [ 3283874.510760822333395, 2323378.854704321362078 ], [ 3283866.527198925614357, 2323378.426385178696364 ], [ 3283844.674261811655015, 2323377.250968518666923 ], [ 3283823.982545367442071, 2323316.438916988670826 ], [ 3283667.188377174083143, 2323424.449660415761173 ], [ 3283612.789267223328352, 2323344.466856592334807 ], [ 3283585.708729307167232, 2323305.109132405836135 ], [ 3283509.048463148064911, 2323393.07844740524888 ], [ 3283442.058509532362223, 2323410.179298967588693 ], [ 3283410.228253161534667, 2323445.283220191020519 ], [ 3283383.805512137245387, 2323447.922147211618721 ], [ 3283338.915788206271827, 2323452.405314218252897 ], [ 3283267.491050919052213, 2323519.620049078017473 ], [ 3283279.922652995679528, 2323534.510682684369385 ], [ 3283288.73308376269415, 2323552.379621224012226 ], [ 3283293.248382339719683, 2323572.766503822989762 ], [ 3283294.64224692620337, 2323584.871819771360606 ], [ 3283302.796855550259352, 2323598.735763169825077 ], [ 3283309.330712585244328, 2323609.950965816155076 ], [ 3283315.300792725291103, 2323621.254766404163092 ], [ 3283313.262812165543437, 2323623.86445071361959 ], [ 3283309.955281652510166, 2323628.076549159362912 ], [ 3283216.129895708989352, 2323665.677643830422312 ], [ 3283208.066606283187866, 2323670.276240312028676 ], [ 3283196.764841705560684, 2323676.720642347820103 ], [ 3283176.569131622090936, 2323688.700645004399121 ], [ 3283174.247104994487017, 2323690.071361706126481 ], [ 3283165.97737575462088, 2323700.348120791837573 ], [ 3283157.138939516153187, 2323711.302899566479027 ], [ 3283153.964487484656274, 2323713.167936316691339 ], [ 3283148.558558597229421, 2323716.337094716262072 ], [ 3283145.469216770958155, 2323716.553481386043131 ], [ 3283143.462794039864093, 2323716.691814415156841 ], [ 3283141.306818483397365, 2323716.846194603014737 ], [ 3283137.504316382110119, 2323717.106313783209771 ], [ 3283135.358720637392253, 2323713.544899810571223 ], [ 3283134.289153617341071, 2323711.783921912778169 ], [ 3283133.477794784121215, 2323711.104088018648326 ], [ 3283131.974702169187367, 2323709.855384789407253 ], [ 3283128.029286095872521, 2323706.578771977219731 ], [ 3283126.137731016147882, 2323705.002357540186495 ], [ 3283086.359332002233714, 2323762.443244953174144 ], [ 3283096.051343774423003, 2323776.464103968814015 ], [ 3283114.494444029405713, 2323803.158656662330031 ], [ 3283129.074982470367104, 2323875.777409207541496 ], [ 3283124.113643553573638, 2323876.829063901212066 ], [ 3283111.68232520064339, 2323879.473249603528529 ], [ 3283130.299416285939515, 2323972.217834365088493 ], [ 3283069.175282413605601, 2324001.717255933675915 ], [ 3283015.653065890073776, 2323998.214856218546629 ], [ 3282968.775365572422743, 2323995.141819552052766 ], [ 3282944.050153964199126, 2323975.311417554505169 ], [ 3282871.455502583645284, 2323974.601872602943331 ], [ 3282807.644295709673315, 2323945.503552990965545 ], [ 3282700.544408026151359, 2323848.825100750662386 ], [ 3282685.043065661564469, 2323950.864341659937054 ], [ 3282886.086156179197133, 2324031.107888849917799 ], [ 3282912.864280615001917, 2324031.755033496767282 ], [ 3282953.453690570779145, 2324032.73299665376544 ], [ 3283047.109842839185148, 2324034.989649062044919 ], [ 3283130.246470499783754, 2324079.628290003165603 ], [ 3283156.002035475336015, 2324054.578501846641302 ], [ 3283167.291718904860318, 2324043.600219056941569 ], [ 3283265.37809915561229, 2324101.592643831390887 ], [ 3283344.77744466252625, 2323996.408944444730878 ], [ 3283391.655011455062777, 2324107.400809807702899 ], [ 3283391.746582864783704, 2324108.145832758396864 ], [ 3283391.873190165963024, 2324110.467727764509618 ], [ 3283391.941893283743411, 2324111.754573202691972 ], [ 3283391.854592673480511, 2324115.372223555110395 ], [ 3283391.499559656251222, 2324118.965735373552889 ], [ 3283390.855453825555742, 2324122.528698987327516 ], [ 3283389.948631723411381, 2324126.036203038878739 ], [ 3283388.785724925808609, 2324129.466791042592376 ], [ 3283388.013483870774508, 2324131.256091908551753 ], [ 3283387.353640043642372, 2324132.80246137548238 ], [ 3283385.668871120549738, 2324136.020030108746141 ], [ 3283383.757774669677019, 2324139.094585877843201 ], [ 3283381.608872744254768, 2324142.017991596832871 ], [ 3283379.240274827927351, 2324144.776927874423563 ], [ 3283376.678337422665209, 2324147.346483350731432 ], [ 3283370.643871890380979, 2324150.2705730330199 ], [ 3283366.29078615270555, 2324152.37249600328505 ], [ 3283333.435483651701361, 2324172.912101714406163 ], [ 3283284.789705047849566, 2324154.582293263636529 ], [ 3283236.782335328869522, 2324222.049506971612573 ], [ 3283226.639713975135237, 2324274.847754501737654 ], [ 3283209.678763496223837, 2324278.701405462808907 ], [ 3283174.87409630836919, 2324286.593790645711124 ], [ 3283166.731155911460519, 2324400.789576265960932 ], [ 3283094.234395785722882, 2324367.844410351477563 ], [ 3283080.054146291222423, 2324398.58911235909909 ], [ 3283053.801935360301286, 2324386.657107166014612 ], [ 3282986.51329070655629, 2324356.087591806426644 ], [ 3282974.422761420719326, 2324308.27947406610474 ], [ 3283003.784031122922897, 2324271.547252327203751 ], [ 3283036.798835558816791, 2324230.237881442531943 ], [ 3283071.848423493094742, 2324221.115265226457268 ], [ 3283162.954742273315787, 2324197.394457716029137 ], [ 3283124.803131220396608, 2324161.122532573528588 ], [ 3283142.301958306692541, 2324120.471106934826821 ], [ 3283047.262559876777232, 2324086.908020603470504 ], [ 3283042.352319561876357, 2324100.290122582577169 ], [ 3283034.935700116213411, 2324120.4838822260499 ], [ 3283017.000128245912492, 2324169.309597052633762 ], [ 3282995.94398400792852, 2324226.647762035485357 ], [ 3282895.280159774236381, 2324316.774179310537875 ], [ 3282888.7986018685624, 2324319.198244228493422 ], [ 3282880.167464913800359, 2324322.435181047767401 ], [ 3282870.994379272684455, 2324292.503384526818991 ], [ 3282851.192815767601132, 2324227.841260176617652 ], [ 3282746.751020619180053, 2324261.011966777965426 ], [ 3282702.521073853131384, 2324265.309341656509787 ], [ 3282625.024242052342743, 2324272.826079381629825 ], [ 3282617.075815998949111, 2324295.842845173552632 ], [ 3282611.558744844514877, 2324311.837804658804089 ], [ 3282592.781520472373813, 2324304.786595920100808 ], [ 3282576.187136085703969, 2324298.550440798513591 ], [ 3282573.540503327734768, 2324297.319402337539941 ], [ 3282564.942624364979565, 2324293.325494396500289 ], [ 3282567.429375330451876, 2324284.102098846808076 ], [ 3282578.725605517625809, 2324270.128934653010219 ], [ 3282578.21671855635941, 2324267.021591518539935 ], [ 3282574.901162832044065, 2324267.653108120430261 ], [ 3282560.228615957312286, 2324270.426220589783043 ], [ 3282553.714239046443254, 2324271.658660639543086 ], [ 3282549.935150695033371, 2324272.371375132352114 ], [ 3282551.467281117103994, 2324276.770876579917967 ], [ 3282551.904133760370314, 2324278.01353794708848 ], [ 3282552.171448873355985, 2324278.778518412262201 ], [ 3282547.625738373957574, 2324280.447474529966712 ], [ 3282546.563321191817522, 2324280.836527979001403 ], [ 3282545.196615524590015, 2324281.349916218779981 ], [ 3282544.843014978803694, 2324281.482888909988105 ], [ 3282543.885853305459023, 2324281.833209831267595 ], [ 3282548.699051705189049, 2324295.054623007774353 ], [ 3282551.133369775488973, 2324301.741655050776899 ], [ 3282551.140994955319911, 2324345.709759269375354 ], [ 3282547.621488535311073, 2324353.520899955648929 ], [ 3282538.041746757458895, 2324365.275521703995764 ], [ 3282531.645392274018377, 2324373.113665833137929 ], [ 3282520.157680813223124, 2324389.200661319307983 ], [ 3282519.323132377583534, 2324390.361607419326901 ], [ 3282525.186405044980347, 2324394.631576267071068 ], [ 3282525.013068853877485, 2324396.113043882884085 ], [ 3282524.853164504282176, 2324397.490682833828032 ], [ 3282522.14248329307884, 2324417.550349947996438 ], [ 3282528.73706189263612, 2324418.790006638504565 ], [ 3282529.691719966009259, 2324421.707644797395915 ], [ 3282530.3433499308303, 2324423.704196328297257 ], [ 3282530.900276648346335, 2324431.998692279681563 ], [ 3282529.399911068379879, 2324437.457075526472181 ], [ 3282528.078570123296231, 2324446.486492701340467 ], [ 3282527.756943128537387, 2324446.938588105142117 ], [ 3282534.701253114733845, 2324445.295952659565955 ], [ 3282547.379861637018621, 2324442.30382312182337 ], [ 3282555.582692163530737, 2324437.690740407444537 ], [ 3282558.722317099105567, 2324435.923063076101243 ], [ 3282564.067870714701712, 2324432.571559563279152 ], [ 3282571.798154236748815, 2324427.736829042900354 ], [ 3282594.621321632992476, 2324578.865070952568203 ], [ 3282564.424998403061181, 2324635.460838021244854 ], [ 3282571.21564173605293, 2324637.092344828881323 ], [ 3282574.468127829022706, 2324637.872233545407653 ], [ 3282586.058367618825287, 2324644.031070931814611 ], [ 3282593.003015152644366, 2324651.744457573164254 ], [ 3282600.655222030356526, 2324660.247184881940484 ], [ 3282620.051464294083416, 2324678.697311338037252 ], [ 3282629.706390430685133, 2324685.428559063002467 ], [ 3282645.487491933628917, 2324696.424320019315928 ], [ 3282648.576344373635948, 2324698.744867464061826 ], [ 3282671.885576200671494, 2324716.184840991627425 ], [ 3282675.043297243304551, 2324718.554211156442761 ], [ 3282681.887280209455639, 2324725.8387431348674 ], [ 3282685.718825921416283, 2324729.906500055454671 ], [ 3282688.017073469236493, 2324732.355391460470855 ], [ 3282689.086743641179055, 2324733.497352875303477 ], [ 3282697.681505222804844, 2324746.330367256887257 ], [ 3282698.442451699636877, 2324750.976592052727938 ], [ 3282766.212963938713074, 2324822.89399291574955 ], [ 3283000.697175813373178, 2324952.269099443219602 ], [ 3283202.488545693457127, 2325024.811529767233878 ], [ 3283363.75307406578213, 2325087.527018193155527 ], [ 3283400.938863100018352, 2325100.740421828813851 ], [ 3283429.796606878750026, 2325110.988239482510835 ], [ 3283435.366797409020364, 2325112.539311665575951 ], [ 3283506.837245128117502, 2325132.340618542395532 ], [ 3283570.026457593310624, 2325139.984626518562436 ], [ 3283613.545988346450031, 2325141.261278266087174 ], [ 3283614.707462585996836, 2325141.291232014540583 ], [ 3283617.349070851225406, 2325141.376504645682871 ], [ 3283631.381284789647907, 2325140.826410058885813 ], [ 3283637.531452913302928, 2325140.591415651142597 ], [ 3283664.789120635017753, 2325139.520925473887473 ], [ 3283669.697708477731794, 2325138.519091388210654 ], [ 3283732.836940931156278, 2325125.663806140888482 ], [ 3283744.192562640178949, 2325122.832570997998118 ], [ 3283753.637769846711308, 2325120.478021366521716 ], [ 3283793.580599889159203, 2325110.508651544805616 ], [ 3283805.616255134809762, 2325108.918092286214232 ], [ 3283838.418035988230258, 2325104.593424252700061 ], [ 3283851.606034480035305, 2325105.1451221909374 ], [ 3283859.207026888150722, 2325105.4678411539644 ], [ 3283873.703701443038881, 2325115.186950402334332 ], [ 3283909.832804250530899, 2325114.886518592014909 ], [ 3283931.687692226842046, 2325114.711724898312241 ], [ 3283940.183684861753136, 2325113.994857680052519 ], [ 3283958.005563016049564, 2325112.486803838983178 ], [ 3283970.475106250494719, 2325111.439283741638064 ], [ 3283974.318828135263175, 2325111.121219057124108 ], [ 3284022.496139832306653, 2325105.8997483542189 ], [ 3284045.784400947857648, 2325100.724901034031063 ], [ 3284056.641069138422608, 2325098.315994512289762 ], [ 3284063.581841886974871, 2325096.775608329568058 ], [ 3284082.5209930841811, 2325086.355183965526521 ], [ 3284100.661126888357103, 2325071.985264304094017 ], [ 3284112.392479231115431, 2325064.014545165002346 ], [ 3284116.691955127287656, 2325061.089935252908617 ], [ 3284121.02158141694963, 2325052.030944163911045 ], [ 3284129.345443490426987, 2325034.590707797557116 ], [ 3284138.557189844548702, 2325021.642529104836285 ], [ 3284156.871239174623042, 2325007.962662273086607 ], [ 3284178.214571664109826, 2324992.027165205217898 ], [ 3284194.250707217957824, 2324976.270295821130276 ], [ 3284215.181044650264084, 2324941.025431393645704 ], [ 3284221.479608773253858, 2324935.873422371223569 ], [ 3284225.917417732067406, 2324932.244719521608204 ], [ 3284236.601081406697631, 2324923.513833389151841 ], [ 3284245.293768574949354, 2324918.236791541334242 ], [ 3284253.165241993032396, 2324913.458744269795716 ], [ 3284253.013303648214787, 2324913.15048788394779 ], [ 3284263.356390145141631, 2324905.189585682470351 ], [ 3284259.791003940161318, 2324876.853092527016997 ], [ 3284257.998623021412641, 2324862.625659870915115 ], [ 3284284.745153168216348, 2324809.618878275621682 ] ] ], [ [ [ 3283954.703789700288326, 2325659.541660226415843 ], [ 3283937.482886160723865, 2325630.836649775505066 ], [ 3283918.613521807827055, 2325599.376106538344175 ], [ 3283902.032871133647859, 2325557.174304433166981 ], [ 3283902.155907029286027, 2325537.608518492430449 ], [ 3283902.355217114556581, 2325506.491583232302219 ], [ 3283902.229592880234122, 2325493.088346561416984 ], [ 3283902.162237977609038, 2325486.544811866246164 ], [ 3283901.772824503481388, 2325477.043858699966222 ], [ 3283900.875150308012962, 2325455.272189341019839 ], [ 3283900.647138274274766, 2325452.765086588915437 ], [ 3283900.463860326912254, 2325450.716936723794788 ], [ 3283879.380902179982513, 2325480.133813698776066 ], [ 3283863.649271665606648, 2325497.562687533441931 ], [ 3283847.789103716146201, 2325515.135857358574867 ], [ 3283814.15672872774303, 2325543.625451336614788 ], [ 3283784.835675412323326, 2325562.511226948350668 ], [ 3283764.804989985655993, 2325560.134156030137092 ], [ 3283735.895101641304791, 2325545.542076726444066 ], [ 3283725.767960699740797, 2325552.714450066909194 ], [ 3283722.989350436255336, 2325548.695616723503917 ], [ 3283721.339869420044124, 2325546.305573277641088 ], [ 3283719.880734820850194, 2325543.405252236872911 ], [ 3283719.296932020690292, 2325541.823010107502341 ], [ 3283718.486528655514121, 2325539.600570406764746 ], [ 3283718.015957153402269, 2325537.47082011308521 ], [ 3283717.771139501594007, 2325533.312599257566035 ], [ 3283718.364456627052277, 2325529.068457615561783 ], [ 3283719.116316612344235, 2325526.907244835980237 ], [ 3283719.628013677895069, 2325525.447692058980465 ], [ 3283720.272096118424088, 2325524.238935827743262 ], [ 3283720.901300924364477, 2325523.063228345476091 ], [ 3283723.214715729467571, 2325520.029788578860462 ], [ 3283725.033599607646465, 2325518.189057508483529 ], [ 3283726.625144124031067, 2325516.570803534239531 ], [ 3283729.51613331399858, 2325514.400218424852937 ], [ 3283729.947922535706311, 2325513.319975756574422 ], [ 3283730.293677072972059, 2325512.457754544913769 ], [ 3283730.506811740342528, 2325512.024666324257851 ], [ 3283731.108988350722939, 2325511.117530721239746 ], [ 3283732.41681259451434, 2325509.315578554291278 ], [ 3283732.756374417804182, 2325508.911083570681512 ], [ 3283733.313245184253901, 2325508.34675412112847 ], [ 3283739.706794803030789, 2325504.456581449601799 ], [ 3283748.144148210063577, 2325499.975027420092374 ], [ 3283757.084989389404655, 2325495.222629139199853 ], [ 3283765.740124407224357, 2325489.221385867800564 ], [ 3283772.340988797135651, 2325483.437898926436901 ], [ 3283785.02543357340619, 2325471.190319527871907 ], [ 3283797.509269749745727, 2325457.222353322897106 ], [ 3283801.541239248588681, 2325451.797504405491054 ], [ 3283809.778800448868424, 2325438.167405135463923 ], [ 3283813.152079887222499, 2325431.508305041585118 ], [ 3283824.672997672110796, 2325405.714586423244327 ], [ 3283820.409516519866884, 2325402.16893579158932 ], [ 3283812.493955632671714, 2325395.589546580333263 ], [ 3283765.210542579181492, 2325412.710062962956727 ], [ 3283765.917291901540011, 2325387.044823163654655 ], [ 3283749.406238784082234, 2325376.176729832775891 ], [ 3283752.448508188594133, 2325371.584826645907015 ], [ 3283751.085985718760639, 2325369.398211066611111 ], [ 3283751.461699028965086, 2325369.58609180059284 ], [ 3283752.793996915686876, 2325370.225422570481896 ], [ 3283752.772087313234806, 2325368.047531768213958 ], [ 3283752.756303693633527, 2325366.030929179862142 ], [ 3283753.994096567854285, 2325358.660082644317299 ], [ 3283754.772425894159824, 2325354.058821337297559 ], [ 3283754.658660898916423, 2325350.638720951043069 ], [ 3283753.842981481924653, 2325347.950419675093144 ], [ 3283752.211954172700644, 2325345.425226853694767 ], [ 3283749.779109422117472, 2325343.517413306050003 ], [ 3283737.881801934912801, 2325338.457411594223231 ], [ 3283713.765503817703575, 2325326.43527659540996 ], [ 3283716.526802779175341, 2325312.942428600974381 ], [ 3283718.153814628254622, 2325305.036620657425374 ], [ 3283712.956328465137631, 2325305.946994432713836 ], [ 3283704.750809967983514, 2325307.384245884139091 ], [ 3283696.466392819769681, 2325308.835318307392299 ], [ 3283687.560645020566881, 2325310.395222563296556 ], [ 3283675.209388986695558, 2325348.897106087300926 ], [ 3283681.171389820054173, 2325379.290015911217779 ], [ 3283671.99534250702709, 2325419.21454647462815 ], [ 3283675.0173449087888, 2325443.364145160652697 ], [ 3283675.891903199255466, 2325450.314269500784576 ], [ 3283660.937572069466114, 2325465.30356214614585 ], [ 3283653.20590634457767, 2325473.040667943190783 ], [ 3283647.03044546674937, 2325480.058698212262243 ], [ 3283632.429851605556905, 2325487.730518407188356 ], [ 3283623.615650886204094, 2325471.018891155719757 ], [ 3283620.66045286366716, 2325455.391703431960195 ], [ 3283619.551181825343519, 2325449.548186005093157 ], [ 3283608.4205431654118, 2325433.993230161257088 ], [ 3283607.426360202953219, 2325432.878626897931099 ], [ 3283606.707314429339021, 2325432.081143964547664 ], [ 3283602.968256906140596, 2325429.011910368222743 ], [ 3283602.175933498423547, 2325428.572280850727111 ], [ 3283601.104736760724336, 2325427.978546895552427 ], [ 3283599.931011733599007, 2325427.626018795184791 ], [ 3283598.586563074029982, 2325427.222213893663138 ], [ 3283597.710258270148188, 2325427.446740395855159 ], [ 3283579.220241745002568, 2325465.075648129917681 ], [ 3283570.005402657203376, 2325481.596544892061502 ], [ 3283553.101446507498622, 2325511.874798957258463 ], [ 3283543.292831476777792, 2325528.053225184325129 ], [ 3283537.551546145230532, 2325539.084712499752641 ], [ 3283536.526298448443413, 2325539.700643894262612 ], [ 3283535.779149095527828, 2325540.156239394564182 ], [ 3283535.143717249855399, 2325540.612561471294612 ], [ 3283534.371659820433706, 2325541.163848411757499 ], [ 3283533.390876912511885, 2325541.741548540070653 ], [ 3283532.959491576533765, 2325542.080948619637638 ], [ 3283532.174947431311011, 2325542.989589020609856 ], [ 3283531.473542359191924, 2325543.538648025132716 ], [ 3283529.825620603282005, 2325544.750733602792025 ], [ 3283529.366095800884068, 2325545.166095950175077 ], [ 3283529.204394027590752, 2325545.417667316738516 ], [ 3283528.803202918730676, 2325546.127240020781755 ], [ 3283528.416114249732345, 2325546.489323887042701 ], [ 3283527.670412642881274, 2325547.015699248295277 ], [ 3283527.12374225910753, 2325547.456473854836076 ], [ 3283526.148581841494888, 2325548.37820799741894 ], [ 3283524.229165249504149, 2325551.525304501410574 ], [ 3283520.771630939096212, 2325557.174295336008072 ], [ 3283503.081515031866729, 2325588.970385423861444 ], [ 3283500.626380139030516, 2325594.545273947529495 ], [ 3283499.958505410235375, 2325596.042336344718933 ], [ 3283498.164188697002828, 2325602.67859778739512 ], [ 3283497.853725018911064, 2325606.233906487002969 ], [ 3283497.51640189345926, 2325609.996872389223427 ], [ 3283497.277327525429428, 2325612.687276900745928 ], [ 3283497.345137390308082, 2325616.693854670040309 ], [ 3283498.125235960353166, 2325622.757403052877635 ], [ 3283498.900033737532794, 2325625.381838351022452 ], [ 3283499.923885838128626, 2325628.845491093117744 ], [ 3283514.208517800550908, 2325632.066603258717805 ], [ 3283517.932772973552346, 2325654.804505916312337 ], [ 3283525.270985237322748, 2325661.371679999865592 ], [ 3283955.802005756180733, 2325661.371679999865592 ], [ 3283954.703789700288326, 2325659.541660226415843 ] ] ], [ [ [ 3283007.362626169342548, 2325646.457388047128916 ], [ 3283006.128927461802959, 2325638.058138957247138 ], [ 3283004.535589838400483, 2325627.215418616309762 ], [ 3282996.579325438477099, 2325566.251816021744162 ], [ 3283008.024782539345324, 2325523.646160916425288 ], [ 3283009.632132132537663, 2325501.993662099353969 ], [ 3283013.332714701537043, 2325452.301882449537516 ], [ 3283013.24259741185233, 2325449.831497085280716 ], [ 3283013.116056019440293, 2325446.271547354757786 ], [ 3283012.869772958103567, 2325439.069276004098356 ], [ 3283011.798644630704075, 2325408.682080196216702 ], [ 3283012.33378036879003, 2325401.109534178860486 ], [ 3283014.534583818167448, 2325369.82447974383831 ], [ 3283014.571978916879743, 2325369.371433508582413 ], [ 3283014.211041855625808, 2325368.592405467294157 ], [ 3283002.417631607037038, 2325343.168326168321073 ], [ 3282991.579353778623044, 2325309.205147271510214 ], [ 3282991.409735162742436, 2325259.978288003243506 ], [ 3282988.0340117495507, 2325240.172890644520521 ], [ 3282987.387236477807164, 2325236.409794458653778 ], [ 3282986.646752318367362, 2325232.074551266152412 ], [ 3282979.18576692044735, 2325211.422035597264767 ], [ 3282963.810191574972123, 2325193.363480520900339 ], [ 3282949.851197613403201, 2325176.95439116936177 ], [ 3282929.823230753652751, 2325153.409126959275454 ], [ 3282929.182918936945498, 2325152.658742484636605 ], [ 3282928.578656869009137, 2325151.942633681930602 ], [ 3282918.730903713032603, 2325153.139984048437327 ], [ 3282905.620830572675914, 2325154.73628687299788 ], [ 3282893.792697134427726, 2325156.168921091593802 ], [ 3282869.565305789001286, 2325184.970093302428722 ], [ 3282865.781090386677533, 2325183.978914595674723 ], [ 3282855.311646897811443, 2325181.25657313503325 ], [ 3282847.851534227840602, 2325179.316128912847489 ], [ 3282844.950184822548181, 2325178.697975195478648 ], [ 3282839.177073190454394, 2325177.456485285889357 ], [ 3282828.105354062281549, 2325175.083192189224064 ], [ 3282798.098965030163527, 2325167.91876594023779 ], [ 3282784.653551796451211, 2325165.423459927551448 ], [ 3282779.712889491580427, 2325155.451257708948106 ], [ 3282784.374543212354183, 2325069.628005768638104 ], [ 3282782.864980563521385, 2325049.32320980168879 ], [ 3282781.705744042061269, 2325033.635102241300046 ], [ 3282780.86630081711337, 2325022.315339440945536 ], [ 3282780.677746085450053, 2325019.801316653378308 ], [ 3282780.424298102967441, 2325016.395523354876786 ], [ 3282778.717714007943869, 2325004.365112424362451 ], [ 3282730.987376006320119, 2324993.049863142892718 ], [ 3282683.959656690247357, 2324974.812659366056323 ], [ 3282621.617824704386294, 2324910.397301381453872 ], [ 3282601.630299443844706, 2324844.975947218947113 ], [ 3282593.998299881350249, 2324836.287020085845143 ], [ 3282582.825436927378178, 2324823.570748334750533 ], [ 3282569.963030518498272, 2324814.042510629631579 ], [ 3282562.898115492425859, 2324808.816061321645975 ], [ 3282553.666134167928249, 2324804.791181178763509 ], [ 3282546.793841544073075, 2324801.793909286614507 ], [ 3282527.942006030119956, 2324800.915430983994156 ], [ 3282518.852856342215091, 2324800.488234408199787 ], [ 3282495.806687153875828, 2324806.707061422988772 ], [ 3282491.57938236463815, 2324810.877472398802638 ], [ 3282489.520057518966496, 2324812.922718492336571 ], [ 3282490.547537041828036, 2324816.842369743622839 ], [ 3282492.314525269903243, 2324820.693363824859262 ], [ 3282493.921496571041644, 2324824.186779191717505 ], [ 3282499.512083730660379, 2324833.791422164067626 ], [ 3282506.318675919435918, 2324848.652621867600828 ], [ 3282506.689297872595489, 2324856.614469098392874 ], [ 3282507.209626137278974, 2324867.472608185373247 ], [ 3282503.041698401793838, 2324879.872493439354002 ], [ 3282493.381297957152128, 2324889.956840817816556 ], [ 3282487.467411894816905, 2324892.687460185959935 ], [ 3282478.12034596176818, 2324897.003808875568211 ], [ 3282462.279384275898337, 2324900.509386654011905 ], [ 3282439.876928077545017, 2324906.26033069845289 ], [ 3282430.661848060786724, 2324901.471436083316803 ], [ 3282427.314379042480141, 2324899.987715802621096 ], [ 3282425.032479803077877, 2324898.753681334666908 ], [ 3282424.085932411253452, 2324898.239602519199252 ], [ 3282421.020804487168789, 2324896.249779449310154 ], [ 3282418.10913293203339, 2324894.019974225200713 ], [ 3282415.393598434515297, 2324891.563005432486534 ], [ 3282412.879047921858728, 2324888.90846690768376 ], [ 3282410.575343765784055, 2324886.054630980826914 ], [ 3282408.50705759646371, 2324883.027636172715575 ], [ 3282406.68728305818513, 2324879.845484050456434 ], [ 3282405.119251446798444, 2324876.527903837617487 ], [ 3282403.816056404728442, 2324873.092897108290344 ], [ 3282402.790791579056531, 2324869.558465444017202 ], [ 3282400.321321866475046, 2324857.144154771231115 ], [ 3282396.075328932609409, 2324865.102920010685921 ], [ 3282389.40661611314863, 2324877.5958829424344 ], [ 3282372.731339927762747, 2324897.625923759303987 ], [ 3282363.794656014535576, 2324904.447905546054244 ], [ 3282352.134817574173212, 2324913.350253351964056 ], [ 3282341.255097183864564, 2324917.600245120003819 ], [ 3282322.317975141108036, 2324924.996969105210155 ], [ 3282307.091494006104767, 2324929.095140440389514 ], [ 3282288.18212112551555, 2324934.183502410538495 ], [ 3282273.436710042413324, 2324938.98892801720649 ], [ 3282257.39058357058093, 2324944.215022943913937 ], [ 3282248.001603819429874, 2324947.655917629599571 ], [ 3282225.779841244220734, 2324955.810745278373361 ], [ 3282201.154598916880786, 2324968.679087554104626 ], [ 3282168.812384280376136, 2324981.011853278148919 ], [ 3282155.524116605054587, 2325005.492065843194723 ], [ 3282137.901158704422414, 2325037.946646274067461 ], [ 3282140.688581887166947, 2325070.884762031491846 ], [ 3282148.51580097572878, 2325076.119700284674764 ], [ 3282152.013695164583623, 2325078.459901222959161 ], [ 3282158.392903310712427, 2325082.720638877246529 ], [ 3282166.789176363497972, 2325088.332830696832389 ], [ 3282174.110015640966594, 2325090.723803278058767 ], [ 3282180.347514289431274, 2325092.756584694143385 ], [ 3282185.809337659273297, 2325076.426050537731498 ], [ 3282186.182074304670095, 2325059.251786274835467 ], [ 3282196.853843573480844, 2325050.573200800921768 ], [ 3282218.248689713422209, 2325052.112149487249553 ], [ 3282230.150191989261657, 2325037.190435836091638 ], [ 3282260.982078602537513, 2325036.325284523423761 ], [ 3282267.315042090602219, 2325028.782257652841508 ], [ 3282270.764736475422978, 2325028.350449238903821 ], [ 3282276.804959202650934, 2325026.267408252228051 ], [ 3282283.192147911991924, 2325024.072848303243518 ], [ 3282296.811656997073442, 2325020.631628010887653 ], [ 3282306.494343434926122, 2325022.081191128585488 ], [ 3282306.963692761957645, 2325026.43349570594728 ], [ 3282307.495548379141837, 2325031.353266924154013 ], [ 3282311.179515099152923, 2325032.351831112988293 ], [ 3282315.733588349074125, 2325033.583581509068608 ], [ 3282320.998320451006293, 2325036.862437401432544 ], [ 3282322.680904309265316, 2325043.914585273712873 ], [ 3282320.408124161884189, 2325046.514770991168916 ], [ 3282317.812277078162879, 2325049.496276674326509 ], [ 3282313.883197159506381, 2325057.531474915333092 ], [ 3282312.654646755196154, 2325069.294726308435202 ], [ 3282318.169809424318373, 2325074.102598184719682 ], [ 3282331.850980426650494, 2325077.479951406829059 ], [ 3282333.449554176535457, 2325084.019139628857374 ], [ 3282337.257660791277885, 2325091.226619301829487 ], [ 3282343.704629737883806, 2325095.343580915592611 ], [ 3282346.907295245677233, 2325096.314835743047297 ], [ 3282350.279067786410451, 2325097.327500223182142 ], [ 3282361.805808409117162, 2325097.337784500326961 ], [ 3282365.443392247892916, 2325096.690407718531787 ], [ 3282363.571836687624454, 2325090.838342695962638 ], [ 3282362.659654679708183, 2325087.994431843981147 ], [ 3282373.584322948008776, 2325077.576924378052354 ], [ 3282400.483856889884919, 2325061.560218243859708 ], [ 3282421.655388550832868, 2325072.575670172460377 ], [ 3282431.531925983261317, 2325077.005142649170011 ], [ 3282439.321755966637284, 2325079.71989278215915 ], [ 3282467.976315247826278, 2325088.54165195999667 ], [ 3282471.903611788991839, 2325089.477302685379982 ], [ 3282474.732520181685686, 2325090.148721982259303 ], [ 3282481.407336106989533, 2325090.887204830534756 ], [ 3282490.762655190192163, 2325090.709629706572741 ], [ 3282497.010194236412644, 2325089.706534628756344 ], [ 3282499.589011017233133, 2325088.727108422201127 ], [ 3282500.436566500924528, 2325088.203173597343266 ], [ 3282501.384529390372336, 2325087.610911533702165 ], [ 3282502.814703931566328, 2325086.122365702409297 ], [ 3282504.290420961566269, 2325083.611077512148768 ], [ 3282507.113747920375317, 2325076.195803696289659 ], [ 3282510.801264247857034, 2325064.022115590982139 ], [ 3282512.381534698419273, 2325057.565375810023397 ], [ 3282513.230745919980109, 2325052.281907719094306 ], [ 3282513.403525237459689, 2325049.806059428490698 ], [ 3282513.747805357445031, 2325044.722667661029845 ], [ 3282514.246129744686186, 2325029.677752198185772 ], [ 3282514.947208927478641, 2325023.303994573652744 ], [ 3282520.676438730210066, 2325014.862154042348266 ], [ 3282522.776451113633811, 2325011.764568741898984 ], [ 3282532.056765117682517, 2325004.253256609663367 ], [ 3282534.217193534597754, 2325003.073139715474099 ], [ 3282535.652586382813752, 2325002.669479867443442 ], [ 3282541.234775582328439, 2325002.249738706275821 ], [ 3282543.315830921754241, 2325002.443309471942484 ], [ 3282541.696889639832079, 2325003.274879984557629 ], [ 3282583.130686954129487, 2325035.673673765733838 ], [ 3282591.933690377511084, 2325053.432411779649556 ], [ 3282595.460643820464611, 2325073.789742186665535 ], [ 3282597.826547333039343, 2325087.429772987496108 ], [ 3282592.860993776004761, 2325105.489713904447854 ], [ 3282590.501061691902578, 2325114.061818186659366 ], [ 3282571.153802879154682, 2325136.112498876173049 ], [ 3282568.793708152137697, 2325138.799002778250724 ], [ 3282570.028318384662271, 2325139.709117392078042 ], [ 3282571.013980242889374, 2325140.338117145933211 ], [ 3282599.796871426515281, 2325158.615341051016003 ], [ 3282605.522112184204161, 2325159.936229839920998 ], [ 3282628.326979743782431, 2325170.269853726495057 ], [ 3282644.809548553079367, 2325177.743263173848391 ], [ 3282651.456366340164095, 2325183.266204223968089 ], [ 3282679.72652911581099, 2325124.886683254502714 ], [ 3282688.241117059253156, 2325107.311153040267527 ], [ 3282715.018420439679176, 2325124.245090048760176 ], [ 3282729.923316985368729, 2325133.669246044941247 ], [ 3282719.879900990985334, 2325151.573466004803777 ], [ 3282709.377574805170298, 2325170.2684166431427 ], [ 3282702.687337674200535, 2325180.461619786918163 ], [ 3282688.797026798129082, 2325201.637531571090221 ], [ 3282688.15998263657093, 2325205.057256289757788 ], [ 3282685.1831189757213, 2325221.074175891466439 ], [ 3282683.394765791483223, 2325242.798978393897414 ], [ 3282681.970175749156624, 2325260.116870655678213 ], [ 3282680.72576817497611, 2325275.251901072449982 ], [ 3282670.788683194667101, 2325306.441112179774791 ], [ 3282667.979626229032874, 2325315.24411730049178 ], [ 3282665.801956207491457, 2325322.079499348532408 ], [ 3282665.187064324039966, 2325324.023938751313835 ], [ 3282664.186131583526731, 2325327.142097487580031 ], [ 3282658.26109765842557, 2325339.281554926652461 ], [ 3282653.894135913345963, 2325348.235700643155724 ], [ 3282597.431864170357585, 2325317.799780081026256 ], [ 3282582.565767708234489, 2325309.789528931956738 ], [ 3282579.556002023164183, 2325308.571373991202563 ], [ 3282542.418216049671173, 2325293.482859078794718 ], [ 3282540.415286102332175, 2325292.96102911606431 ], [ 3282530.812734260223806, 2325290.452199889346957 ], [ 3282531.005843554623425, 2325291.321513206232339 ], [ 3282531.306093647144735, 2325292.659145529381931 ], [ 3282533.086590688675642, 2325300.556699496693909 ], [ 3282528.02879695314914, 2325318.734330945648253 ], [ 3282521.743171248584986, 2325337.715621440671384 ], [ 3282520.596698994748294, 2325341.184007146395743 ], [ 3282519.339285643305629, 2325344.96610987232998 ], [ 3282512.627600823529065, 2325383.211287355981767 ], [ 3282512.50054226629436, 2325384.603480841964483 ], [ 3282512.253560076002032, 2325387.183664576150477 ], [ 3282510.503452333156019, 2325405.796646405942738 ], [ 3282510.149641904048622, 2325409.582822494208813 ], [ 3282512.729443937074393, 2325417.77671164367348 ], [ 3282517.226467344909906, 2325418.845950027927756 ], [ 3282525.948557499330491, 2325411.767244182061404 ], [ 3282531.325957557652146, 2325407.557686164975166 ], [ 3282540.202112697064877, 2325400.614358370192349 ], [ 3282558.232427540235221, 2325393.751934543251991 ], [ 3282562.662865835241973, 2325386.795888595283031 ], [ 3282571.597523804288357, 2325392.597937422804534 ], [ 3282580.635484737809747, 2325398.473219690378755 ], [ 3282587.621564649511129, 2325401.917338889092207 ], [ 3282595.424705463461578, 2325405.766301656141877 ], [ 3282598.430336698424071, 2325407.888322587125003 ], [ 3282601.724534789565951, 2325410.223632432986051 ], [ 3282604.089571134187281, 2325415.867487247567624 ], [ 3282608.826108279172331, 2325427.194655606523156 ], [ 3282583.385163857135922, 2325436.816513284575194 ], [ 3282553.347486714832485, 2325448.167075170204043 ], [ 3282543.152897199615836, 2325451.830273395869881 ], [ 3282528.064084465615451, 2325457.264132142532617 ], [ 3282525.870244871359318, 2325458.054354934953153 ], [ 3282519.944821851328015, 2325460.218760268762708 ], [ 3282534.125414436217397, 2325506.534790297970176 ], [ 3282537.21593073848635, 2325516.60786702670157 ], [ 3282541.846693348139524, 2325531.748804191127419 ], [ 3282523.121022331062704, 2325545.329067603684962 ], [ 3282516.267480514012277, 2325548.640392497181892 ], [ 3282511.416048609185964, 2325550.981978863477707 ], [ 3282502.50046667130664, 2325553.162825911771506 ], [ 3282490.796090529300272, 2325549.652277305256575 ], [ 3282461.78530649188906, 2325546.08859333069995 ], [ 3282443.285933513659984, 2325542.530392616055906 ], [ 3282436.198855273425579, 2325536.983115843497217 ], [ 3282443.75003850273788, 2325518.977486702613533 ], [ 3282442.023272872902453, 2325516.611142506822944 ], [ 3282438.172080721706152, 2325511.308812802657485 ], [ 3282434.373374224640429, 2325511.406006013043225 ], [ 3282421.554356202017516, 2325511.743899441324174 ], [ 3282419.86844474915415, 2325508.264300611335784 ], [ 3282416.875671199988574, 2325502.070810952689499 ], [ 3282400.459955465048552, 2325469.734073386061937 ], [ 3282360.553769682534039, 2325460.042130599729717 ], [ 3282357.339730139356107, 2325459.620848587714136 ], [ 3282350.456705440767109, 2325458.726063680835068 ], [ 3282337.16314048320055, 2325443.468922407831997 ], [ 3282336.599772286601365, 2325442.816685875877738 ], [ 3282335.987260462716222, 2325442.112172336317599 ], [ 3282331.08899253141135, 2325442.371551448479295 ], [ 3282326.1923404969275, 2325442.640795594546944 ], [ 3282320.671300257090479, 2325442.938240926712751 ], [ 3282304.053204956464469, 2325447.087472096085548 ], [ 3282288.281864416785538, 2325452.19446995574981 ], [ 3282265.855411087628454, 2325460.151861583814025 ], [ 3282257.331811398733407, 2325463.177365232724696 ], [ 3282250.744041718076915, 2325452.316567636094987 ], [ 3282244.520948286168277, 2325442.071780700236559 ], [ 3282241.426074438262731, 2325438.351922473870218 ], [ 3282233.747812727000564, 2325429.133284260053188 ], [ 3282228.974610910285264, 2325431.704731910023838 ], [ 3282221.822247591335326, 2325435.545379744376987 ], [ 3282214.168020602315664, 2325439.66675425041467 ], [ 3282205.758574289269745, 2325444.194421502295882 ], [ 3282200.91176475211978, 2325447.245561993215233 ], [ 3282196.229550900869071, 2325450.186686818022281 ], [ 3282193.058002896606922, 2325446.865874489303678 ], [ 3282150.730241790413857, 2325402.568413471337408 ], [ 3282142.592783642467111, 2325404.97830865252763 ], [ 3282135.402441509533674, 2325407.100511235184968 ], [ 3282132.6715321931988, 2325407.832621412817389 ], [ 3282122.288873531855643, 2325410.595257673878223 ], [ 3282108.973020085133612, 2325406.413190960418433 ], [ 3282102.191982929129153, 2325404.282839559949934 ], [ 3282110.750866911374032, 2325384.872743460349739 ], [ 3282074.027167652733624, 2325371.568967015016824 ], [ 3282064.763752115424722, 2325368.219422966707498 ], [ 3282064.23714801762253, 2325368.534926688298583 ], [ 3282056.199679467827082, 2325373.413503098767251 ], [ 3282049.021237988490611, 2325377.776273214258254 ], [ 3282007.675650960300118, 2325405.751290590967983 ], [ 3282006.529525797348469, 2325420.432862804271281 ], [ 3282006.001798851415515, 2325427.121327658183873 ], [ 3282005.56925236992538, 2325432.656574517954141 ], [ 3282004.736538133118302, 2325443.305340465623885 ], [ 3282011.6397780389525, 2325473.249455029144883 ], [ 3282012.915802731178701, 2325478.810107911005616 ], [ 3282013.370076790917665, 2325479.10598959075287 ], [ 3282014.34426159504801, 2325479.726844992022961 ], [ 3282021.206068329978734, 2325484.146567 ], [ 3282027.409315912052989, 2325484.297848310321569 ], [ 3282046.856959023047239, 2325516.377404423896223 ], [ 3282028.879550657235086, 2325538.675595229491591 ], [ 3282012.800433681346476, 2325527.285676850005984 ], [ 3282008.403795091900975, 2325516.609292765613645 ], [ 3282006.633082902990282, 2325512.302290183957666 ], [ 3282003.556054588407278, 2325512.84135323530063 ], [ 3282002.244372670538723, 2325513.071146193891764 ], [ 3281995.824035067576915, 2325514.195922685787082 ], [ 3282004.734798363409936, 2325545.990411138162017 ], [ 3282015.050669917371124, 2325544.802187694236636 ], [ 3282020.618409016169608, 2325556.18670380814001 ], [ 3282028.229584496468306, 2325560.536030079238117 ], [ 3282031.677569669671357, 2325562.509500870015472 ], [ 3282047.897231350652874, 2325571.784369239583611 ], [ 3282047.628697339445353, 2325575.038093777839094 ], [ 3282047.06460430379957, 2325581.814118466805667 ], [ 3282069.511735229287297, 2325643.354739749804139 ], [ 3282058.276525793131441, 2325650.264975404366851 ], [ 3282052.208721832837909, 2325652.241288594901562 ], [ 3282046.150780549272895, 2325654.215874768327922 ], [ 3282041.854007013142109, 2325655.607933836057782 ], [ 3282042.527191779576242, 2325657.549987712409347 ], [ 3282043.275373072363436, 2325659.702153019607067 ], [ 3282043.85549744637683, 2325661.371679999865592 ], [ 3283009.550577590242028, 2325661.371679999865592 ], [ 3283007.362626169342548, 2325646.457388047128916 ] ] ], [ [ [ 3281989.349128276109695, 2325644.439795306418091 ], [ 3281982.765439852140844, 2325634.471283025108278 ], [ 3281978.929560021031648, 2325611.05257916636765 ], [ 3281981.602314913645387, 2325598.011299406643957 ], [ 3281985.411003224551678, 2325594.878154618665576 ], [ 3281984.311485065147281, 2325558.001131452620029 ], [ 3281993.971349850762635, 2325552.80785283446312 ], [ 3281994.540632601361722, 2325552.505165659822524 ], [ 3281994.126370687969029, 2325551.400604181457311 ], [ 3281993.555485900491476, 2325549.897277041804045 ], [ 3281991.526522126048803, 2325544.509119357448071 ], [ 3281989.073434891179204, 2325538.018128063064069 ], [ 3281973.670796084217727, 2325534.536554564721882 ], [ 3281945.348409721627831, 2325535.175437259953469 ], [ 3281900.595259209163487, 2325541.168909774161875 ], [ 3281879.756303978152573, 2325544.81972514744848 ], [ 3281856.737793510779738, 2325548.852390819229186 ], [ 3281855.678900006692857, 2325534.831073103006929 ], [ 3281856.141313168685883, 2325534.55725488672033 ], [ 3281859.060662153176963, 2325532.807783747091889 ], [ 3281862.996997229754925, 2325530.453939995728433 ], [ 3281858.060906064230949, 2325524.164553467184305 ], [ 3281853.624163545668125, 2325518.508174187969416 ], [ 3281829.783130310010165, 2325530.092791819944978 ], [ 3281819.85153739945963, 2325534.927796335890889 ], [ 3281792.698475253768265, 2325546.483817095868289 ], [ 3281765.790810337290168, 2325516.614377342164516 ], [ 3281760.97863221494481, 2325511.26732091140002 ], [ 3281780.310568722896278, 2325504.795574790798128 ], [ 3281811.357074761763215, 2325498.118414324242622 ], [ 3281829.137675690464675, 2325494.191564029082656 ], [ 3281839.426970139611512, 2325491.912014184053987 ], [ 3281843.147161226719618, 2325491.087753982283175 ], [ 3281851.910870281979442, 2325489.156659387983382 ], [ 3281850.931792406830937, 2325487.329083278775215 ], [ 3281841.449917264282703, 2325469.638512680772692 ], [ 3281915.036636204924434, 2325443.828705742023885 ], [ 3281914.643822665326297, 2325443.288659678772092 ], [ 3281912.81688197189942, 2325440.310713025741279 ], [ 3281911.528066815808415, 2325438.202525413129479 ], [ 3281909.765862756408751, 2325436.177271079272032 ], [ 3281908.268201127182692, 2325435.333545668050647 ], [ 3281907.838499152567238, 2325435.063802888151258 ], [ 3281907.566425767261535, 2325434.827331386506557 ], [ 3281907.011136445682496, 2325434.224420100450516 ], [ 3281906.198147816117853, 2325433.534734932240099 ], [ 3281905.97053852211684, 2325433.260030589066446 ], [ 3281905.730170917697251, 2325432.845493290573359 ], [ 3281905.051916449330747, 2325431.553783887065947 ], [ 3281904.809933101758361, 2325431.129381939768791 ], [ 3281904.410656642634422, 2325430.549877281766385 ], [ 3281903.991655651014298, 2325429.973828185815364 ], [ 3281903.514929056167603, 2325429.478926114272326 ], [ 3281902.936180512420833, 2325429.042488218750805 ], [ 3281901.36692253453657, 2325427.947465173900127 ], [ 3281900.919447286054492, 2325427.569211205933243 ], [ 3281900.583856264594942, 2325427.130765285808593 ], [ 3281900.438376669771969, 2325426.861968049313873 ], [ 3281900.255231489893049, 2325426.549030860885978 ], [ 3281900.00500165624544, 2325426.136221347842366 ], [ 3281898.501000496558845, 2325424.014993898104876 ], [ 3281895.898155450820923, 2325422.989420800935477 ], [ 3281895.008661563508213, 2325422.637865799944848 ], [ 3281888.480941520538181, 2325419.204839712940156 ], [ 3281880.936083384789526, 2325414.640951383858919 ], [ 3281878.809920801781118, 2325412.933152838144451 ], [ 3281863.336002233438194, 2325394.770181281492114 ], [ 3281854.827108828350902, 2325383.515326041728258 ], [ 3281854.128751526586711, 2325381.171775945462286 ], [ 3281852.519119132310152, 2325378.033987428061664 ], [ 3281845.46917362138629, 2325366.76708397641778 ], [ 3281838.213507974520326, 2325356.226266506128013 ], [ 3281832.164483564440161, 2325346.610601392574608 ], [ 3281827.74978770269081, 2325338.920819560531527 ], [ 3281826.277620412409306, 2325335.38348351418972 ], [ 3281828.775585892144591, 2325332.733659597113729 ], [ 3281829.273945020511746, 2325331.936011268757284 ], [ 3281830.374636791180819, 2325330.170283675193787 ], [ 3281831.574810657650232, 2325326.28655030252412 ], [ 3281831.622987487353384, 2325323.11202243482694 ], [ 3281831.26914077764377, 2325320.9516631802544 ], [ 3281831.028395803645253, 2325319.481829724274576 ], [ 3281829.175377087667584, 2325312.256560724694282 ], [ 3281824.627733461558819, 2325300.348326173145324 ], [ 3281824.306978677865118, 2325298.699703290127218 ], [ 3281824.357318337075412, 2325296.529420894104987 ], [ 3281824.967856359668076, 2325294.372621800750494 ], [ 3281780.274272509850562, 2325276.944876372814178 ], [ 3281772.666222377680242, 2325269.083910622633994 ], [ 3281685.514401760883629, 2325179.059502220246941 ], [ 3281682.924526327755302, 2325179.289978755638003 ], [ 3281580.56522685661912, 2325188.434718176722527 ], [ 3281571.830601777881384, 2325181.004534409381449 ], [ 3281529.172063488513231, 2325144.721092576161027 ], [ 3281535.572235327214003, 2325110.396468427032232 ], [ 3281682.617435519117862, 2325136.347915171645582 ], [ 3281695.895620645955205, 2325138.689632660709321 ], [ 3281699.917177143972367, 2325097.708832241594791 ], [ 3281790.771217929199338, 2325142.759467729367316 ], [ 3281801.073097572661936, 2325131.760863102041185 ], [ 3281782.130899028852582, 2325085.670184504240751 ], [ 3281765.156931006815284, 2325044.349143104627728 ], [ 3281729.91427465248853, 2325033.769450407475233 ], [ 3281698.703319404274225, 2325024.391225309111178 ], [ 3281646.697087255306542, 2325008.772301866672933 ], [ 3281605.285235511604697, 2324998.806663572788239 ], [ 3281572.110460584051907, 2324990.817750505171716 ], [ 3281563.75571691757068, 2324988.618118237238377 ], [ 3281549.387364046648145, 2324984.823476984165609 ], [ 3281542.859129570424557, 2324966.706827523186803 ], [ 3281537.793501336593181, 2324959.750112030655146 ], [ 3281517.312455905601382, 2324958.710896526928991 ], [ 3281508.53041079826653, 2324959.539113605394959 ], [ 3281493.235019600950181, 2324961.853451872244477 ], [ 3281485.861389731988311, 2324958.954261940903962 ], [ 3281482.196722991764545, 2324957.516008567065001 ], [ 3281473.802329340018332, 2324954.207084150519222 ], [ 3281469.365005352068692, 2324952.944787208456546 ], [ 3281462.957747836131603, 2324951.114317476283759 ], [ 3281443.228242995217443, 2324940.292984582018107 ], [ 3281432.406276762485504, 2324934.365047887898982 ], [ 3281413.187692559789866, 2324921.769690543413162 ], [ 3281400.159574911929667, 2324862.790413456037641 ], [ 3281417.497340490110219, 2324795.578845635522157 ], [ 3281451.404645361937582, 2324785.80268044071272 ], [ 3281457.258606574032456, 2324785.122129503637552 ], [ 3281461.449408276472241, 2324784.631475791335106 ], [ 3281497.186260072514415, 2324780.450926551129669 ], [ 3281465.029110906179994, 2324668.848321334924549 ], [ 3281507.303738163318485, 2324599.155709279235452 ], [ 3281562.209993961267173, 2324557.094588982872665 ], [ 3281556.448091881815344, 2324550.036612572614104 ], [ 3281545.017436792142689, 2324534.321305697318166 ], [ 3281540.82799367653206, 2324531.351350784767419 ], [ 3281532.26546108815819, 2324525.281251647509634 ], [ 3281518.826186793856323, 2324516.442788065876812 ], [ 3281416.14360861107707, 2324502.182464090175927 ], [ 3281388.661027751863003, 2324477.782009560614824 ], [ 3281380.770397680811584, 2324474.69940237980336 ], [ 3281371.709623860195279, 2324471.162196290679276 ], [ 3281303.387010334990919, 2324444.499565459787846 ], [ 3281256.909552208147943, 2324431.169595374260098 ], [ 3281223.735964148305357, 2324428.700886476784945 ], [ 3281218.302721756976098, 2324427.552186896558851 ], [ 3281203.641079190187156, 2324424.072799780871719 ], [ 3281191.359152803197503, 2324424.468974130228162 ], [ 3281184.949568654410541, 2324424.668458634056151 ], [ 3281166.684578938409686, 2324427.868389209266752 ], [ 3281152.091153510846198, 2324437.132709375582635 ], [ 3281132.642108499072492, 2324437.191355643328279 ], [ 3281119.855474947020411, 2324424.656478493008763 ], [ 3281110.976139033678919, 2324420.864267057273537 ], [ 3281093.086196003016084, 2324413.221663691103458 ], [ 3281092.33037091884762, 2324428.677099817432463 ], [ 3281049.756266013719141, 2324511.59425739524886 ], [ 3281050.571703381836414, 2324511.989222934003919 ], [ 3281051.32150452863425, 2324512.355096981395036 ], [ 3281057.996000663843006, 2324515.569548930972815 ], [ 3281061.059226003009826, 2324517.052272251807153 ], [ 3281068.836276316083968, 2324520.804194882977754 ], [ 3281071.976615984924138, 2324522.324146881699562 ], [ 3281075.877906904090196, 2324538.587318155914545 ], [ 3281077.500512250699103, 2324545.335401926655322 ], [ 3281064.715627231169492, 2324545.819731680676341 ], [ 3281050.720365595538169, 2324568.709160640835762 ], [ 3281050.471181871835142, 2324569.107987082097679 ], [ 3281049.495787218213081, 2324570.709701812360436 ], [ 3281033.07158335018903, 2324562.972691657021642 ], [ 3281030.488983018323779, 2324561.760934995021671 ], [ 3281008.241008528042585, 2324558.047969745472074 ], [ 3280992.725923432037234, 2324560.197927567176521 ], [ 3280990.100396263413131, 2324562.62657477427274 ], [ 3280986.832473219372332, 2324565.654859972186387 ], [ 3280984.172344328369945, 2324568.120013122446835 ], [ 3280967.509322033729404, 2324602.781432715244591 ], [ 3281007.405546167865396, 2324621.333428423851728 ], [ 3281054.975868482142687, 2324643.442295921035111 ], [ 3281053.880139871034771, 2324646.972865270916373 ], [ 3281052.613621590193361, 2324651.071186023298651 ], [ 3281050.771823891438544, 2324657.046146127395332 ], [ 3281044.738062578253448, 2324657.991631275042892 ], [ 3281041.651338268537074, 2324658.471536807715893 ], [ 3281032.552193515002728, 2324659.903337911702693 ], [ 3281019.414700288791209, 2324661.951328563503921 ], [ 3281029.424529715906829, 2324668.062093413900584 ], [ 3281035.103377039544284, 2324671.887329120188951 ], [ 3281041.551045006606728, 2324675.141516228206456 ], [ 3281042.473216311540455, 2324676.745655681937933 ], [ 3281049.349977755453438, 2324679.894223250448704 ], [ 3281051.478140969760716, 2324680.871017256285995 ], [ 3281055.137378887273371, 2324683.081430705729872 ], [ 3281057.120133441872895, 2324683.170405530370772 ], [ 3281062.05160507094115, 2324685.157924904488027 ], [ 3281065.351426910143346, 2324686.041070577688515 ], [ 3281068.482142809778452, 2324686.882809565868229 ], [ 3281073.084691985044628, 2324689.587558279279619 ], [ 3281085.334410551469773, 2324690.729281947948039 ], [ 3281088.40086980490014, 2324692.231733444146812 ], [ 3281092.251564756035805, 2324694.124469319824129 ], [ 3281103.833242923952639, 2324693.850930749438703 ], [ 3281112.845105438027531, 2324696.655880487058312 ], [ 3281122.163469806779176, 2324702.694992880802602 ], [ 3281126.735996184870601, 2324704.968652618583292 ], [ 3281131.950007971376181, 2324707.566277376376092 ], [ 3281134.97890330851078, 2324709.582697534933686 ], [ 3281138.726061555556953, 2324712.082142532803118 ], [ 3281144.656655688304454, 2324712.798669372685254 ], [ 3281150.288788435980678, 2324715.099791591987014 ], [ 3281158.343471589498222, 2324720.051246621645987 ], [ 3281162.557489355560392, 2324723.047319652047008 ], [ 3281166.171322766691446, 2324725.042442780453712 ], [ 3281179.419626589864492, 2324726.892083574552089 ], [ 3281191.701967959757894, 2324726.932156746275723 ], [ 3281196.131340841762722, 2324729.880354049615562 ], [ 3281202.2928023384884, 2324738.015007715672255 ], [ 3281202.616908892523497, 2324741.418595611583441 ], [ 3281202.917285794857889, 2324744.491466390900314 ], [ 3281210.407098924275488, 2324743.392375055700541 ], [ 3281224.45838703494519, 2324750.144756633788347 ], [ 3281229.639449847862124, 2324750.992605556268245 ], [ 3281238.006262517999858, 2324756.548985060304403 ], [ 3281241.363575998693705, 2324761.004208349622786 ], [ 3281238.480556206312031, 2324767.435568236745894 ], [ 3281251.843641418498009, 2324775.313148267567158 ], [ 3281254.246604355052114, 2324776.728893615305424 ], [ 3281256.089337830431759, 2324771.00747000426054 ], [ 3281258.053346058819443, 2324769.557282200083137 ], [ 3281260.518512423615903, 2324769.866177048534155 ], [ 3281263.055946115404367, 2324770.182706441730261 ], [ 3281266.839527851901948, 2324770.798448795452714 ], [ 3281269.01707246247679, 2324771.147586490958929 ], [ 3281274.308943501673639, 2324772.919762331061065 ], [ 3281278.239819598849863, 2324774.930379453115165 ], [ 3281281.427187486086041, 2324776.675495681818575 ], [ 3281283.092936672270298, 2324777.926115172915161 ], [ 3281284.970135859213769, 2324779.352791440673172 ], [ 3281290.425256592221558, 2324781.502276048995554 ], [ 3281296.022589857690036, 2324782.723699750378728 ], [ 3281267.395105971954763, 2324871.812956341542304 ], [ 3281261.820973986759782, 2324875.874435744713992 ], [ 3281263.098667035344988, 2324912.354900619015098 ], [ 3281262.78401745390147, 2324912.663719573989511 ], [ 3281260.542021398898214, 2324914.83236371120438 ], [ 3281224.662197430152446, 2324949.420453690458089 ], [ 3281204.539985747076571, 2324972.561409314163029 ], [ 3281138.528610481414944, 2325048.463281055912375 ], [ 3281141.191492546815425, 2325055.12045894516632 ], [ 3281146.213712231256068, 2325067.696472494862974 ], [ 3281147.944071533624083, 2325071.137830278836191 ], [ 3281148.576408233493567, 2325072.396990050561726 ], [ 3281152.846458670683205, 2325082.48666672129184 ], [ 3281156.88149586552754, 2325092.008653616532683 ], [ 3281157.697984254453331, 2325093.215254451148212 ], [ 3281158.777962311170995, 2325094.791749290656298 ], [ 3281169.369525709189475, 2325110.40037118922919 ], [ 3281171.307225541211665, 2325113.125504305586219 ], [ 3281172.002807436510921, 2325114.089446769095957 ], [ 3281182.92713185492903, 2325129.375928990077227 ], [ 3281193.174510505981743, 2325141.706246041227132 ], [ 3281197.091376109514385, 2325146.418610593304038 ], [ 3281204.595330907031894, 2325153.891862815245986 ], [ 3281210.668945405166596, 2325159.941333563067019 ], [ 3281214.727513551712036, 2325163.908382210880518 ], [ 3281228.002650845330209, 2325176.885376682505012 ], [ 3281240.941760138608515, 2325188.987652219831944 ], [ 3281248.215855895541608, 2325183.288809054065496 ], [ 3281250.672644756734371, 2325180.0778958206065 ], [ 3281252.830943759065121, 2325177.274449558462948 ], [ 3281253.814838862046599, 2325176.158330426551402 ], [ 3281262.793594391550869, 2325165.939371816813946 ], [ 3281273.421972183045, 2325155.076232639607042 ], [ 3281282.689363294746727, 2325144.451542019844055 ], [ 3281292.444349826313555, 2325138.723970238119364 ], [ 3281303.688690694980323, 2325124.9318558271043 ], [ 3281324.799684903118759, 2325106.031930093187839 ], [ 3281327.682087780442089, 2325105.171767631545663 ], [ 3281328.135919624939561, 2325105.031370722223073 ], [ 3281328.609475990757346, 2325104.887518123723567 ], [ 3281333.920450195204467, 2325103.307590662501752 ], [ 3281344.758435741998255, 2325107.598916740622371 ], [ 3281359.22499220771715, 2325116.886519913095981 ], [ 3281370.337194001302123, 2325119.445283287670463 ], [ 3281392.518313686363399, 2325141.456227425485849 ], [ 3281393.968279129825532, 2325137.549013115931302 ], [ 3281395.641741167753935, 2325133.024222270585597 ], [ 3281399.434663537889719, 2325130.847700998187065 ], [ 3281401.299030486028641, 2325129.780284924432635 ], [ 3281404.599031271412969, 2325125.833087592385709 ], [ 3281408.857617464847863, 2325126.375758545007557 ], [ 3281412.068412197288126, 2325126.777272042818367 ], [ 3281415.779842974618077, 2325135.686204805504531 ], [ 3281423.160359502770007, 2325136.087833617813885 ], [ 3281428.668453551828861, 2325135.711402569897473 ], [ 3281433.73452961910516, 2325135.36167340259999 ], [ 3281440.66148701030761, 2325136.40089148748666 ], [ 3281469.575975376181304, 2325161.737783062271774 ], [ 3281452.196664929855615, 2325182.79479855298996 ], [ 3281445.469305528327823, 2325176.098767789080739 ], [ 3281445.081588744185865, 2325187.420531542040408 ], [ 3281449.233954844996333, 2325199.08343479083851 ], [ 3281452.120512664318085, 2325209.831557929515839 ], [ 3281455.339911153074354, 2325213.072930617257953 ], [ 3281460.212413628585637, 2325217.983198033645749 ], [ 3281453.583928580861539, 2325223.102104810997844 ], [ 3281451.720172281377017, 2325224.54488028306514 ], [ 3281442.302601723466069, 2325231.836953388527036 ], [ 3281441.339437411632389, 2325232.58411819068715 ], [ 3281435.73830827139318, 2325236.914174749981612 ], [ 3281437.447003584355116, 2325245.240394723601639 ], [ 3281438.521763724740595, 2325250.501436115242541 ], [ 3281445.570575640536845, 2325272.910739326383919 ], [ 3281455.319590498227626, 2325278.296008469536901 ], [ 3281460.071879528462887, 2325280.92379996785894 ], [ 3281467.545628969091922, 2325285.053608966059983 ], [ 3281468.907166994176805, 2325285.809549963101745 ], [ 3281470.324479282833636, 2325286.596310457680374 ], [ 3281486.531302288174629, 2325292.757969002239406 ], [ 3281499.187397600151598, 2325297.86732957046479 ], [ 3281503.794226637575775, 2325298.430173150263727 ], [ 3281508.617857613600791, 2325299.015920531470329 ], [ 3281519.701726783066988, 2325293.968857711181045 ], [ 3281529.389041291084141, 2325290.739368214737624 ], [ 3281531.255462516099215, 2325290.118094084784389 ], [ 3281532.151225206442177, 2325287.596737293992192 ], [ 3281532.793570847250521, 2325285.819972081575543 ], [ 3281531.914674186147749, 2325284.604006867855787 ], [ 3281530.030790719669312, 2325282.021655448712409 ], [ 3281535.336753400508314, 2325264.368604523129761 ], [ 3281538.235859571024776, 2325264.601477993652225 ], [ 3281551.052266335580498, 2325264.000032474286854 ], [ 3281549.429005130659789, 2325269.388730538543314 ], [ 3281547.066161338239908, 2325277.261275112163275 ], [ 3281546.528900744859129, 2325279.06022029556334 ], [ 3281547.091931703034788, 2325279.834284878335893 ], [ 3281550.064211557153612, 2325283.920625849626958 ], [ 3281548.236592165194452, 2325287.751933365594596 ], [ 3281547.195517825894058, 2325289.943576857913285 ], [ 3281545.170635279268026, 2325295.605593841057271 ], [ 3281542.69213340152055, 2325302.524221142753959 ], [ 3281535.725919155869633, 2325304.404277483932674 ], [ 3281529.070891702547669, 2325306.63572564534843 ], [ 3281526.492437213193625, 2325307.493370919954032 ], [ 3281525.048645414412022, 2325307.969568248372525 ], [ 3281513.002453280612826, 2325313.459216371178627 ], [ 3281510.453965780325234, 2325315.366977551952004 ], [ 3281494.458250906318426, 2325327.403822439722717 ], [ 3281481.222495735157281, 2325335.912814328446984 ], [ 3281472.431963859125972, 2325347.590491925366223 ], [ 3281480.934220686089247, 2325371.997966834809631 ], [ 3281491.493833780754358, 2325412.372730427421629 ], [ 3281498.953069650568068, 2325451.037882532924414 ], [ 3281515.26915883179754, 2325442.567629954777658 ], [ 3281516.624858508817852, 2325441.863317854702473 ], [ 3281520.224697902332991, 2325439.994608643464744 ], [ 3281521.102927134372294, 2325441.454237343743443 ], [ 3281522.458660728298128, 2325443.723210513591766 ], [ 3281527.180216402281076, 2325451.552036919631064 ], [ 3281529.075692229438573, 2325454.700632799882442 ], [ 3281531.919714148156345, 2325459.42845902312547 ], [ 3281538.008484247606248, 2325469.534395966678858 ], [ 3281528.453287973999977, 2325474.313656769692898 ], [ 3281527.599450050853193, 2325474.737236656248569 ], [ 3281524.404191640671343, 2325475.85516556026414 ], [ 3281524.919279266614467, 2325489.281732015311718 ], [ 3281519.050085454713553, 2325488.940056475345045 ], [ 3281518.517859624698758, 2325488.911528374068439 ], [ 3281515.250621661078185, 2325488.722860783338547 ], [ 3281520.894622026011348, 2325512.403237646445632 ], [ 3281529.072330405004323, 2325546.7210692781955 ], [ 3281533.038529894780368, 2325563.378866993356496 ], [ 3281540.483691748231649, 2325594.648800480179489 ], [ 3281546.604515986517072, 2325606.250996387563646 ], [ 3281548.68677079398185, 2325608.991403749212623 ], [ 3281550.145368932746351, 2325610.897332954220474 ], [ 3281554.241703059989959, 2325610.697196826804429 ], [ 3281589.391555984504521, 2325588.688204697798938 ], [ 3281594.049378095194697, 2325586.837093668524176 ], [ 3281638.953580637928098, 2325661.371679999865592 ], [ 3282017.130586524028331, 2325661.371679999865592 ], [ 3281989.349128276109695, 2325644.439795306418091 ] ] ], [ [ [ 3284834.579218309372663, 2325446.954302328638732 ], [ 3284825.985807314515114, 2325449.616146629210562 ], [ 3284823.986283789854497, 2325450.230173600837588 ], [ 3284799.1483428417705, 2325457.898473636247218 ], [ 3284795.981312289834023, 2325458.879337053280324 ], [ 3284788.950079452246428, 2325461.044346167705953 ], [ 3284778.0092808669433, 2325462.382094495929778 ], [ 3284772.299759400542825, 2325463.077627818100154 ], [ 3284841.552979999221861, 2325603.950154487043619 ], [ 3284841.552979999221861, 2325443.279351855628192 ], [ 3284834.579218309372663, 2325446.954302328638732 ] ] ] ] } },
{ "type": "Feature", "properties": { "CODE_18": "322", "Uso": "Landas y matorrales", "color": "#A6FF80" }, "geometry": { "type": "Polygon", "coordinates": [ [ [ 3278657.872816756367683, 2322002.597679119557142 ], [ 3278636.141684550791979, 2321998.013264297507703 ], [ 3278603.533681199420244, 2321960.893506411928684 ], [ 3278556.559374778997153, 2321969.124339167494327 ], [ 3278522.069093029946089, 2321961.711933240294456 ], [ 3278425.801401585806161, 2321941.023568734992296 ], [ 3278339.016446135938168, 2321886.424395416397601 ], [ 3278453.972586359828711, 2321766.469048096332699 ], [ 3278454.492839071899652, 2321765.49504257645458 ], [ 3278454.759046243038028, 2321764.890276225283742 ], [ 3278455.987544286996126, 2321762.10765983350575 ], [ 3278457.211462854873389, 2321758.615509697236121 ], [ 3278457.292831934057176, 2321758.306969999335706 ], [ 3278458.157962867524475, 2321755.040049494244158 ], [ 3278458.469928475096822, 2321753.351613369770348 ], [ 3278461.108286509290338, 2321752.239869517274201 ], [ 3278471.985732874833047, 2321747.665088464971632 ], [ 3278658.242713137995452, 2321766.559241933282465 ], [ 3278710.103796320036054, 2321770.390291346237063 ], [ 3278710.148378347046673, 2321768.555904077831656 ], [ 3278710.910272946581244, 2321737.705496297217906 ], [ 3278701.987001100555062, 2321727.386104856617749 ], [ 3278695.728120667859912, 2321720.141397793311626 ], [ 3278650.972649017814547, 2321736.781281162053347 ], [ 3278591.517602685838938, 2321717.303849570453167 ], [ 3278510.90225893445313, 2321698.83486536424607 ], [ 3278427.988354430533946, 2321679.835141551680863 ], [ 3278434.165699365083128, 2321620.779200754594058 ], [ 3278300.155918157659471, 2321634.965240457095206 ], [ 3278191.076693129725754, 2321646.50827827071771 ], [ 3278153.370480560697615, 2321650.497230317443609 ], [ 3278074.976946538314223, 2321658.794629007577896 ], [ 3278100.418419565074146, 2321732.199790009763092 ], [ 3277995.617465323768556, 2321747.874669483862817 ], [ 3277912.163401544094086, 2321746.393873946741223 ], [ 3277867.911106709390879, 2321757.121506093535572 ], [ 3277832.127239140216261, 2321765.786821955814958 ], [ 3277757.637280393391848, 2321847.428318821359426 ], [ 3277796.530199743807316, 2321884.826597588136792 ], [ 3277864.966246301308274, 2321835.916971014812589 ], [ 3277887.021858051419258, 2321867.142922589089721 ], [ 3277929.000778823625296, 2321926.609597149305046 ], [ 3277937.975729279220104, 2321924.35700760781765 ], [ 3278026.575892368797213, 2321902.18482031673193 ], [ 3278115.174517465755343, 2321880.002921489067376 ], [ 3278228.988423326052725, 2321903.014881492592394 ], [ 3278247.769385830499232, 2321968.951537822373211 ], [ 3278247.930492307525128, 2321969.501726448070258 ], [ 3278281.341735766269267, 2321993.187157054431736 ], [ 3278285.182417808100581, 2321993.346282411366701 ], [ 3278284.919687256217003, 2322003.26602740585804 ], [ 3278284.422727433033288, 2322021.730586695950478 ], [ 3278263.489150156732649, 2322022.760291885584593 ], [ 3278243.718566983938217, 2322068.439064556732774 ], [ 3278257.155734115280211, 2322091.392888262402266 ], [ 3278222.714384651742876, 2322126.967936501372606 ], [ 3278256.411631513386965, 2322168.818377518560737 ], [ 3278268.174793326295912, 2322179.999912459403276 ], [ 3278296.546279960311949, 2322206.98359940527007 ], [ 3278322.767313627526164, 2322179.323222783394158 ], [ 3278408.609406554605812, 2322260.938376020640135 ], [ 3278419.373394158203155, 2322293.960372 ], [ 3278439.668687670957297, 2322282.651267624460161 ], [ 3278468.571503420360386, 2322266.535919586196542 ], [ 3278461.733895701356232, 2322224.778806409798563 ], [ 3278499.683431946672499, 2322177.852927648928016 ], [ 3278661.175595102831721, 2322098.543623266275972 ], [ 3278685.93645374616608, 2322053.228742461651564 ], [ 3278777.414236066862941, 2322037.910539086908102 ], [ 3278827.911650440189987, 2322029.448172801639885 ], [ 3278861.229372329544276, 2322037.877990285865963 ], [ 3278884.646023687906563, 2322005.605155513621867 ], [ 3278850.858435212168843, 2321963.202131206169724 ], [ 3278851.178805588278919, 2321956.174562466330826 ], [ 3278851.963621902279556, 2321938.786049122456461 ], [ 3278785.699204552453011, 2321940.177905392367393 ], [ 3278782.685922557488084, 2321940.239088405389339 ], [ 3278772.448024310171604, 2321942.895483255852014 ], [ 3278687.416043721139431, 2321964.989225870463997 ], [ 3278678.165586818940938, 2322006.886154251173139 ], [ 3278657.872816756367683, 2322002.597679119557142 ] ] ] } },
{ "type": "Feature", "properties": { "CODE_18": "324", "Uso": "Matorral boscoso de transición", "color": "#A6F200" }, "geometry": { "type": "MultiPolygon", "coordinates": [ [ [ [ 3278817.289844300597906, 2320089.236320815049112 ], [ 3278820.367640062235296, 2320088.453555495478213 ], [ 3278824.801907167304307, 2320086.722814509645104 ], [ 3278828.918556226883084, 2320084.601230755448341 ], [ 3278831.947099451906979, 2320082.649986826814711 ], [ 3278837.405053758062422, 2320078.558189577423036 ], [ 3278840.722610423341393, 2320076.079380040057003 ], [ 3278843.882250620052218, 2320074.247234069276601 ], [ 3278844.653660996817052, 2320073.939577253069729 ], [ 3278846.309987253509462, 2320073.273935266770422 ], [ 3278848.757462977897376, 2320065.356299572624266 ], [ 3278849.186851570382714, 2320068.041187082882971 ], [ 3278850.861363142728806, 2320059.244225471280515 ], [ 3278853.112984912935644, 2320047.403386790771037 ], [ 3278856.610053308773786, 2320036.105411714408547 ], [ 3278863.88992579234764, 2320032.049587669316679 ], [ 3278868.974665344227105, 2320029.21043938677758 ], [ 3278872.543639070354402, 2320024.982810641638935 ], [ 3278875.394778601359576, 2320022.443656413815916 ], [ 3278879.303918189369142, 2320019.922093680594116 ], [ 3278879.965053499676287, 2320019.684495097026229 ], [ 3278881.086670739110559, 2320019.285041722469032 ], [ 3278882.68584076454863, 2320019.075904498808086 ], [ 3278883.451714403927326, 2320018.982315767090768 ], [ 3278883.997036381158978, 2320019.028841766528785 ], [ 3278885.067955298814923, 2320019.125349537469447 ], [ 3278886.701093827374279, 2320019.681469463743269 ], [ 3278888.001041193492711, 2320020.123456341680139 ], [ 3278888.942188383080065, 2320020.790663474239409 ], [ 3278890.881869808770716, 2320022.165761139243841 ], [ 3278895.342138156294823, 2320025.737604215275496 ], [ 3278897.420643804129213, 2320027.402952231001109 ], [ 3278902.045401530340314, 2320031.483793881256133 ], [ 3278910.144466875120997, 2320038.629335522651672 ], [ 3278920.888640196062624, 2320048.670279084704816 ], [ 3278940.204240959603339, 2320067.874539600685239 ], [ 3278944.113881903700531, 2320072.111111480277032 ], [ 3278944.910897461231798, 2320073.199322070460767 ], [ 3278947.035253495909274, 2320076.074335555080324 ], [ 3278949.237180850934237, 2320079.980949019547552 ], [ 3278950.328626455739141, 2320082.681762884836644 ], [ 3278950.586606537457556, 2320083.823820585850626 ], [ 3278950.98254519328475, 2320085.560704590752721 ], [ 3278951.007747285999358, 2320086.520299632567912 ], [ 3278951.056133843958378, 2320087.993354199454188 ], [ 3278950.908655307721347, 2320089.013644677586854 ], [ 3278950.694330012891442, 2320090.431250634137541 ], [ 3278950.223752410616726, 2320091.832866182550788 ], [ 3278949.786338506266475, 2320093.127196821384132 ], [ 3278948.3667082330212, 2320095.486586269456893 ], [ 3278947.632150283548981, 2320096.70105832349509 ], [ 3278946.072254060767591, 2320098.699417863041162 ], [ 3278943.516356901731342, 2320101.988496077712625 ], [ 3278942.198638873174787, 2320104.908437725622207 ], [ 3278942.142230833880603, 2320105.679381192661822 ], [ 3278942.042853374499828, 2320107.117438961751759 ], [ 3278942.551259555388242, 2320109.169486214406788 ], [ 3278943.486407722812146, 2320110.791607973631471 ], [ 3278945.638105217833072, 2320112.71811599470675 ], [ 3278948.909804418683052, 2320114.235306604299694 ], [ 3278951.749630429316312, 2320115.097541443072259 ], [ 3278960.862937278114259, 2320116.849591464735568 ], [ 3278972.36043671425432, 2320117.920106961857527 ], [ 3278980.322659543715417, 2320117.722559675108641 ], [ 3278988.782566968351603, 2320116.412926042918116 ], [ 3278994.25222998065874, 2320114.561686548870057 ], [ 3278995.043539074249566, 2320114.189660679548979 ], [ 3278998.919569620862603, 2320112.333489953074604 ], [ 3279012.364561290480196, 2320105.097053723409772 ], [ 3279015.833071822300553, 2320096.909224440809339 ], [ 3279016.126644019968808, 2320095.355965983588248 ], [ 3279016.268412291072309, 2320094.610658284276724 ], [ 3279016.05709096044302, 2320093.815587949939072 ], [ 3279015.50456430669874, 2320091.679943832568824 ], [ 3279014.27780997287482, 2320089.763895825948566 ], [ 3279012.737013538833708, 2320087.354902948718518 ], [ 3279012.23178221937269, 2320084.764484199229628 ], [ 3279010.747792794369161, 2320083.756037758663297 ], [ 3279009.081779648549855, 2320082.62726891413331 ], [ 3279004.911962966900319, 2320078.598635792266577 ], [ 3278999.437246159650385, 2320071.246999699156731 ], [ 3278994.566742199007422, 2320062.87623630464077 ], [ 3278986.075283159967512, 2320044.657509320881218 ], [ 3278983.410227600485086, 2320039.53315773466602 ], [ 3278981.604648069478571, 2320036.064479992724955 ], [ 3278980.750765826553106, 2320034.752840276341885 ], [ 3278977.825938136316836, 2320030.272700545378029 ], [ 3278971.247032123152167, 2320021.815639079082757 ], [ 3278964.984587918967009, 2320014.733928774483502 ], [ 3278946.810566450469196, 2319997.359159287065268 ], [ 3278935.399740552064031, 2319984.299439708702266 ], [ 3278921.930240848567337, 2319972.422337361145765 ], [ 3278920.146399105899036, 2319971.131558582186699 ], [ 3278917.452613009139895, 2319969.178253189194947 ], [ 3278904.222794968634844, 2319961.987883061170578 ], [ 3278886.23055102257058, 2319951.177134022582322 ], [ 3278877.05456480383873, 2319946.62521752063185 ], [ 3278874.343472864478827, 2319945.557775265537202 ], [ 3278872.749958010856062, 2319944.933828324545175 ], [ 3278870.077276409137994, 2319944.224965811241418 ], [ 3278868.752413017675281, 2319943.878671266138554 ], [ 3278867.646888429764658, 2319943.818668436724693 ], [ 3278864.882269558031112, 2319943.663729188032448 ], [ 3278861.93625746993348, 2319944.321924834977835 ], [ 3278860.315282093826681, 2319945.265499819070101 ], [ 3278859.119892119430006, 2319946.763657015282661 ], [ 3278858.191011292859912, 2319950.44756671320647 ], [ 3278858.15966101642698, 2319958.00277896784246 ], [ 3278856.863497166894376, 2319963.161534787155688 ], [ 3278854.932673967909068, 2319967.913960108533502 ], [ 3278852.419269430451095, 2319973.0119917136617 ], [ 3278850.124809056986123, 2319976.224824937060475 ], [ 3278840.423922918271273, 2319985.819129281677306 ], [ 3278837.550575970672071, 2319988.656451817601919 ], [ 3278837.194832277484238, 2319988.962316636927426 ], [ 3278836.481730023398995, 2319989.564181755296886 ], [ 3278836.334775940980762, 2319988.666507272981107 ], [ 3278835.978060759603977, 2319986.425525467842817 ], [ 3278833.667576682753861, 2319987.185478035826236 ], [ 3278829.241439810022712, 2319987.788418977987021 ], [ 3278827.242175857536495, 2319987.72263853577897 ], [ 3278822.530663336627185, 2319987.573926361277699 ], [ 3278816.156023190822452, 2319986.43800843320787 ], [ 3278810.12616917071864, 2319984.805343702435493 ], [ 3278804.2147830366157, 2319982.532927888445556 ], [ 3278800.264132607262582, 2319980.586729158647358 ], [ 3278797.611238732933998, 2319978.697295635938644 ], [ 3278796.840638182125986, 2319978.142274724785239 ], [ 3278784.431047496385872, 2319965.612713561393321 ], [ 3278777.490285888314247, 2319959.035458215512335 ], [ 3278773.235581872984767, 2319954.240351136773825 ], [ 3278769.378837463445961, 2319949.893043860327452 ], [ 3278760.886667879298329, 2319942.329306345432997 ], [ 3278757.18524330528453, 2319938.249064684379846 ], [ 3278754.769002947956324, 2319934.024840756319463 ], [ 3278754.325252160429955, 2319932.925477638375014 ], [ 3278753.773880091495812, 2319931.540545236784965 ], [ 3278752.154432253912091, 2319926.172124312259257 ], [ 3278751.119465383701026, 2319921.523249174933881 ], [ 3278750.529927179217339, 2319916.806483279913664 ], [ 3278750.258014587685466, 2319910.74534045625478 ], [ 3278750.999409773852676, 2319891.538193811662495 ], [ 3278750.100768490228802, 2319879.9753003786318 ], [ 3278747.463005292229354, 2319864.11014553764835 ], [ 3278742.631461575627327, 2319844.945805571507663 ], [ 3278742.23420671839267, 2319842.519125663209707 ], [ 3278741.345862281508744, 2319837.154537078458816 ], [ 3278741.372241009026766, 2319833.659185461234301 ], [ 3278741.403984737582505, 2319830.010681947693229 ], [ 3278743.754019785206765, 2319813.626843608450145 ], [ 3278743.699649418704212, 2319802.139287125319242 ], [ 3278744.043832328170538, 2319797.238644958473742 ], [ 3278744.481372010428458, 2319795.325297519564629 ], [ 3278749.04335748590529, 2319792.019625612534583 ], [ 3278751.221427807118744, 2319790.450780162587762 ], [ 3278760.751713975798339, 2319785.391848277300596 ], [ 3278765.647920282091945, 2319783.570038869045675 ], [ 3278780.782651081681252, 2319779.528281399048865 ], [ 3278784.755009964108467, 2319777.888623953796923 ], [ 3278789.38487567845732, 2319775.555368732195348 ], [ 3278790.922510225325823, 2319775.032294242177159 ], [ 3278792.11478258529678, 2319774.630610751919448 ], [ 3278798.387181695085019, 2319773.592594844754785 ], [ 3278801.494454435072839, 2319773.423668732400984 ], [ 3278801.683390936348587, 2319774.577820762991905 ], [ 3278805.053803541697562, 2319778.92915131431073 ], [ 3278807.446970828808844, 2319782.020899462047964 ], [ 3278816.135936799924821, 2319794.319469865877181 ], [ 3278818.415062355808914, 2319791.88053636951372 ], [ 3278820.96139754075557, 2319789.648475595284253 ], [ 3278822.14231248293072, 2319788.6196398017928 ], [ 3278830.224026252515614, 2319783.388312578201294 ], [ 3278834.165704533457756, 2319781.561232282780111 ], [ 3278835.180451524443924, 2319781.190651372540742 ], [ 3278847.06961443182081, 2319776.844841004349291 ], [ 3278850.341561816632748, 2319775.388782461639494 ], [ 3278865.891545468941331, 2319766.88045189389959 ], [ 3278872.134201000910252, 2319764.173325675074011 ], [ 3278885.907529987860471, 2319758.198556608054787 ], [ 3278890.681188887450844, 2319755.566139217466116 ], [ 3278894.687705197371542, 2319752.895614709705114 ], [ 3278897.700578908901662, 2319744.341142403427511 ], [ 3278899.467475946526974, 2319737.161768234334886 ], [ 3278903.48829937633127, 2319715.056373656727374 ], [ 3278905.377750585786998, 2319702.923872039653361 ], [ 3278906.333982293959707, 2319700.026683162897825 ], [ 3278906.564918605145067, 2319699.702096100896597 ], [ 3278907.145489046815783, 2319698.910357547923923 ], [ 3278908.457850220613182, 2319697.878792132250965 ], [ 3278909.304935500957072, 2319697.537586848717183 ], [ 3278911.317816053517163, 2319697.438629548531026 ], [ 3278913.035219681449234, 2319697.827778107021004 ], [ 3278915.857159993611276, 2319699.200522965751588 ], [ 3278917.655357178300619, 2319700.64099896652624 ], [ 3278929.260165109764785, 2319711.911216513253748 ], [ 3278939.226729763671756, 2319719.805216350127012 ], [ 3278949.086995508056134, 2319728.103442999068648 ], [ 3278967.337784079834819, 2319744.460162896662951 ], [ 3278994.726557817775756, 2319771.210260470863432 ], [ 3279007.3974923864007, 2319784.840719185303897 ], [ 3279018.435305047314614, 2319796.179838604759425 ], [ 3279030.510822663083673, 2319807.164654878433794 ], [ 3279043.610538910143077, 2319819.076112885028124 ], [ 3279057.960839183069766, 2319830.880102351307869 ], [ 3279065.133447803556919, 2319837.386316236574203 ], [ 3279091.702065805904567, 2319862.534765590913594 ], [ 3279093.515894719399512, 2319864.25663486123085 ], [ 3279117.777847184799612, 2319888.824897606857121 ], [ 3279124.494984310586005, 2319897.196861394681036 ], [ 3279130.278637610375881, 2319906.249883783049881 ], [ 3279138.776571957394481, 2319923.330950152594596 ], [ 3279147.547031401656568, 2319939.907638838514686 ], [ 3279151.018377929925919, 2319945.743119765538722 ], [ 3279154.537715224549174, 2319950.880166719201952 ], [ 3279156.49457543855533, 2319953.723641249351203 ], [ 3279165.733109416440129, 2319965.164899776689708 ], [ 3279169.481649640016258, 2319970.586511479690671 ], [ 3279172.373417107854038, 2319976.290139239281416 ], [ 3279173.402451209258288, 2319978.981590182520449 ], [ 3279173.681822765618563, 2319980.688155790325254 ], [ 3279182.964948125649244, 2319991.472167428582907 ], [ 3279190.243633605539799, 2319998.81219304073602 ], [ 3279192.613856029696763, 2320001.887674673460424 ], [ 3279197.413950394373387, 2320005.55220988439396 ], [ 3279201.100790889933705, 2320008.985584337264299 ], [ 3279204.669754752889276, 2320009.963631690945476 ], [ 3279205.922352676279843, 2320010.302297804504633 ], [ 3279213.403389691375196, 2320012.92890004394576 ], [ 3279218.692177527584136, 2320015.17850573733449 ], [ 3279228.545864846091717, 2320020.027780417352915 ], [ 3279234.160983704030514, 2320021.915793484076858 ], [ 3279235.230289821512997, 2320022.002442438155413 ], [ 3279236.383340912871063, 2320022.1048624496907 ], [ 3279237.84692058339715, 2320021.625213472638279 ], [ 3279238.965137876570225, 2320021.266953386832029 ], [ 3279240.425378055311739, 2320019.651375193148851 ], [ 3279241.22027497086674, 2320017.442037300672382 ], [ 3279241.539351926185191, 2320014.433230447582901 ], [ 3279241.528741199523211, 2320014.120518423616886 ], [ 3279241.444950303062797, 2320011.811431989073753 ], [ 3279238.634800753556192, 2319993.591848353855312 ], [ 3279237.740266065113246, 2319970.774743298999965 ], [ 3279236.866117256693542, 2319963.885558409616351 ], [ 3279236.385745778214186, 2319962.376565783284605 ], [ 3279235.662853044457734, 2319960.067822526209056 ], [ 3279234.284306697081774, 2319957.22450671903789 ], [ 3279232.88782364083454, 2319954.333596056792885 ], [ 3279229.913516975939274, 2319949.923006513621658 ], [ 3279223.100977556314319, 2319941.588044566567987 ], [ 3279220.793856758158654, 2319938.27826441405341 ], [ 3279218.332577240653336, 2319933.716913476586342 ], [ 3279216.454402585979551, 2319928.627215942367911 ], [ 3279215.088213853538036, 2319923.752247067168355 ], [ 3279214.579122887458652, 2319921.943862828891724 ], [ 3279213.026544977910817, 2319914.442917715292424 ], [ 3279212.240777282044291, 2319905.366698911879212 ], [ 3279211.543717743363231, 2319888.217872202396393 ], [ 3279210.977440312039107, 2319882.83746056817472 ], [ 3279210.748772798106074, 2319880.634936578106135 ], [ 3279209.908640145324171, 2319876.804322814568877 ], [ 3279208.838666175026447, 2319873.490904583130032 ], [ 3279207.843949390109628, 2319871.442879439331591 ], [ 3279205.264964866451919, 2319866.100503035821021 ], [ 3279205.473293053451926, 2319865.637813687790185 ], [ 3279205.617080876138061, 2319865.338642722927034 ], [ 3279205.826396794989705, 2319863.952363437507302 ], [ 3279206.194674925878644, 2319861.553934152238071 ], [ 3279206.56466281041503, 2319854.517826340161264 ], [ 3279206.776942907832563, 2319850.360777541063726 ], [ 3279208.068739586509764, 2319846.166820655576885 ], [ 3279209.035164060071111, 2319844.881295387167484 ], [ 3279211.684282679576427, 2319842.905230225995183 ], [ 3279218.688275496475399, 2319839.395033610984683 ], [ 3279221.178726001642644, 2319837.751189183909446 ], [ 3279222.159737370442599, 2319837.11254477314651 ], [ 3279224.952418337576091, 2319834.340125136543065 ], [ 3279226.763982289470732, 2319831.090150794479996 ], [ 3279227.459341649431735, 2319828.644569244235754 ], [ 3279227.49175904225558, 2319828.222845300100744 ], [ 3279227.651484175119549, 2319825.789921489544213 ], [ 3279225.862875381018966, 2319815.793473651632667 ], [ 3279225.692586519755423, 2319812.708044534083456 ], [ 3279225.840940310619771, 2319811.383183286525309 ], [ 3279226.05649101221934, 2319809.539178303908557 ], [ 3279227.155537946149707, 2319805.531203362625092 ], [ 3279233.190077788196504, 2319788.22798493411392 ], [ 3279235.48994564730674, 2319783.126815166324377 ], [ 3279237.880974355153739, 2319780.627712167799473 ], [ 3279239.884984867181629, 2319779.606902944855392 ], [ 3279241.34158852044493, 2319779.270543846767396 ], [ 3279242.533517745323479, 2319778.990700026974082 ], [ 3279247.231033730786294, 2319778.867923898156732 ], [ 3279254.248718968592584, 2319779.779617264866829 ], [ 3279263.033610844984651, 2319784.359509781934321 ], [ 3279269.238225654698908, 2319786.935758591163903 ], [ 3279273.874067097902298, 2319788.853274260647595 ], [ 3279279.086208881810308, 2319790.324817058164626 ], [ 3279304.846788065508008, 2319796.344918141141534 ], [ 3279314.250227366574109, 2319797.76207979163155 ], [ 3279326.878900969401002, 2319798.553339866455644 ], [ 3279336.925318223424256, 2319799.188133671414107 ], [ 3279370.402481281198561, 2319803.014182381331921 ], [ 3279382.384621770586818, 2319802.954712220467627 ], [ 3279392.721970564685762, 2319802.391889572143555 ], [ 3279394.874546782113612, 2319802.278622240759432 ], [ 3279395.762004809454083, 2319802.18403696641326 ], [ 3279401.609469544142485, 2319801.52495331922546 ], [ 3279412.859785284847021, 2319799.411999824456871 ], [ 3279453.156279882416129, 2319790.170974167529494 ], [ 3279457.012722010724247, 2319789.434501559473574 ], [ 3279463.916579484939575, 2319788.783162507694215 ], [ 3279467.701726090628654, 2319788.850678682327271 ], [ 3279472.778176103252918, 2319788.935517298057675 ], [ 3279476.863350060302764, 2319789.224454172421247 ], [ 3279480.076293573714793, 2319789.45309635810554 ], [ 3279483.358153228182346, 2319790.288657777942717 ], [ 3279492.697041867300868, 2319793.604572907555848 ], [ 3279500.904982195235789, 2319795.403700365219265 ], [ 3279503.017466624267399, 2319796.099105996079743 ], [ 3279504.143467488698661, 2319796.470104202162474 ], [ 3279508.344317602925003, 2319798.829144803807139 ], [ 3279514.840004875790328, 2319803.617295639589429 ], [ 3279519.761049245484173, 2319806.347393818199635 ], [ 3279524.40161801641807, 2319808.913531282916665 ], [ 3279536.185905234888196, 2319817.747440423816442 ], [ 3279540.661275721155107, 2319821.783450766466558 ], [ 3279544.923472174443305, 2319826.252554738428444 ], [ 3279551.593648585490882, 2319834.95748282968998 ], [ 3279565.616032539401203, 2319806.767177695874125 ], [ 3279617.618461558129638, 2319743.409297979902476 ], [ 3279613.258925574366003, 2319733.32543888874352 ], [ 3279531.279026706237346, 2319679.871740832924843 ], [ 3279487.465120024979115, 2319644.136588595807552 ], [ 3279465.171837692148983, 2319607.36106577469036 ], [ 3279483.764246638864279, 2319555.274753211066127 ], [ 3279479.111530437134206, 2319493.693536056671292 ], [ 3279453.32112740771845, 2319452.101816703099757 ], [ 3279386.200793928932399, 2319423.169062909670174 ], [ 3279348.139527721330523, 2319372.869305216707289 ], [ 3279324.453360740095377, 2319360.742305635474622 ], [ 3279263.333815321791917, 2319385.016499457880855 ], [ 3279233.853525083046407, 2319403.748055442702025 ], [ 3279142.777776648756117, 2319416.699599095620215 ], [ 3279146.144108654465526, 2319411.543531221337616 ], [ 3279147.969586397521198, 2319409.184104119427502 ], [ 3279148.838664040435106, 2319408.047555392608047 ], [ 3279150.549591039307415, 2319406.103944975417107 ], [ 3279154.304414188489318, 2319401.833676026202738 ], [ 3279157.141320711467415, 2319397.967751677613705 ], [ 3279163.674428395461291, 2319387.923971665091813 ], [ 3279165.461801760829985, 2319384.526039429940283 ], [ 3279166.891414735466242, 2319380.987834026571363 ], [ 3279167.74882347183302, 2319377.610755313653499 ], [ 3279167.988862885162234, 2319374.676695238798857 ], [ 3279167.805555257946253, 2319372.131368972826749 ], [ 3279166.920941005460918, 2319367.780896103475243 ], [ 3279165.297280808445066, 2319362.758249262347817 ], [ 3279164.25125774461776, 2319360.272732067387551 ], [ 3279162.23436089977622, 2319355.450891047250479 ], [ 3279151.64747464004904, 2319327.776639046613127 ], [ 3279151.14826531894505, 2319325.966530429199338 ], [ 3279150.362771428190172, 2319323.151245685294271 ], [ 3279149.878648838493973, 2319319.511963037773967 ], [ 3279149.336569868493825, 2319315.456643035635352 ], [ 3279149.33547792956233, 2319308.942207192536443 ], [ 3279149.845278943423182, 2319302.449892013799399 ], [ 3279150.031038396526128, 2319300.113891379442066 ], [ 3279150.37206672038883, 2319297.486857734620571 ], [ 3279151.195335225667804, 2319291.112134054303169 ], [ 3279152.376096697989851, 2319283.822402410209179 ], [ 3279153.974826634861529, 2319274.003780950792134 ], [ 3279155.179557293653488, 2319268.100044118706137 ], [ 3279156.64757064031437, 2319262.627111844718456 ], [ 3279158.517465640790761, 2319257.378050649538636 ], [ 3279159.231231572106481, 2319255.974438652861863 ], [ 3279160.473732490092516, 2319253.5243458324112 ], [ 3279162.306141410954297, 2319248.170231172814965 ], [ 3279163.437749137636274, 2319244.856742805801332 ], [ 3279165.269160386174917, 2319240.426215849816799 ], [ 3279167.298045068047941, 2319236.458316872827709 ], [ 3279169.645635328255594, 2319233.073871250730008 ], [ 3279173.848046605940908, 2319228.56284679658711 ], [ 3279180.205781305208802, 2319222.405821374151856 ], [ 3279188.246573580428958, 2319215.436436235904694 ], [ 3279196.297276575583965, 2319209.023423249833286 ], [ 3279202.694871220272034, 2319205.589065879583359 ], [ 3279211.323077709414065, 2319202.332196562550962 ], [ 3279221.452585970982909, 2319199.197926485911012 ], [ 3279238.866246171761304, 2319194.574504479765892 ], [ 3279245.201008321717381, 2319192.429730548523366 ], [ 3279252.379588898271322, 2319189.365934680681676 ], [ 3279256.713764068670571, 2319186.465566663537174 ], [ 3279260.57313077757135, 2319181.842144655063748 ], [ 3279262.096763823647052, 2319178.754261018242687 ], [ 3279262.818955629598349, 2319177.278145068790764 ], [ 3279264.742232892662287, 2319171.177512915804982 ], [ 3279266.370890758000314, 2319162.967103056609631 ], [ 3279265.123348993249238, 2319160.861901804339141 ], [ 3279263.36735557904467, 2319157.881771866697818 ], [ 3279261.871717290952802, 2319154.632790232542902 ], [ 3279257.961240136995912, 2319143.820863839704543 ], [ 3279257.313226306345314, 2319142.341246976517141 ], [ 3279254.507377850823104, 2319135.922421700321138 ], [ 3279250.999191273469478, 2319130.357244377024472 ], [ 3279248.157568235415965, 2319127.252729320898652 ], [ 3279246.860804841853678, 2319126.272361981682479 ], [ 3279245.840240005869418, 2319125.801714996807277 ], [ 3279243.402073682285845, 2319124.66614315379411 ], [ 3279239.981966239400208, 2319123.915684796869755 ], [ 3279235.727508249692619, 2319123.646253296174109 ], [ 3279236.359072421677411, 2319090.130473646335304 ], [ 3279261.359231409151107, 2319072.539032640866935 ], [ 3279269.082712834235281, 2319030.099353643599898 ], [ 3279288.839086330495775, 2319016.359145441092551 ], [ 3279316.857830544933677, 2319026.134043182246387 ], [ 3279334.48336130194366, 2319008.363185411319137 ], [ 3279337.673719275742769, 2318974.054208538495004 ], [ 3279357.186174780130386, 2318931.365806345827878 ], [ 3279366.846498703118414, 2318910.241365369409323 ], [ 3279389.498069294728339, 2318910.159745519515127 ], [ 3279418.172752608545125, 2318910.0580515852198 ], [ 3279434.328691731207073, 2318907.481588040012866 ], [ 3279474.499148426577449, 2318901.063662610482424 ], [ 3279476.468372827395797, 2318897.288903364446014 ], [ 3279476.82369392644614, 2318895.988685085903853 ], [ 3279477.733686295337975, 2318892.622719333972782 ], [ 3279477.598803468514234, 2318889.815241833217442 ], [ 3279477.538278544321656, 2318888.577722484711558 ], [ 3279476.091620677150786, 2318885.441932991612703 ], [ 3279473.550075134262443, 2318883.116928582079709 ], [ 3279469.371678135823458, 2318880.956893048714846 ], [ 3279463.698742936365306, 2318878.033784262370318 ], [ 3279461.651113184168935, 2318876.494928577449173 ], [ 3279458.517375448718667, 2318873.279223836958408 ], [ 3279454.617063353769481, 2318868.107454214710742 ], [ 3279443.889786039479077, 2318851.660534888505936 ], [ 3279433.006049445364624, 2318838.782443619333208 ], [ 3279431.246843348257244, 2318835.782584615517408 ], [ 3279430.894759220071137, 2318834.809233597945422 ], [ 3279430.394344189204276, 2318833.425531390123069 ], [ 3279430.029043880291283, 2318830.759891319554299 ], [ 3279430.424175879918039, 2318827.037634695414454 ], [ 3279436.102852826938033, 2318803.343292382080108 ], [ 3279441.259981392882764, 2318783.342620497103781 ], [ 3279441.95309549337253, 2318778.837559372186661 ], [ 3279445.147658313624561, 2318758.003597364295274 ], [ 3279446.627352335955948, 2318751.919828527607024 ], [ 3279450.402962788473815, 2318736.433199201244861 ], [ 3279450.639021081384271, 2318734.900191579479724 ], [ 3279450.876868974417448, 2318733.316133887507021 ], [ 3279450.872294378001243, 2318732.048520197160542 ], [ 3279450.873788181692362, 2318730.3840979966335 ], [ 3279450.655114336870611, 2318729.296051607467234 ], [ 3279450.295443535316736, 2318727.532539266161621 ], [ 3279449.532452977728099, 2318725.474374885670841 ], [ 3279446.60048389621079, 2318720.082241894677281 ], [ 3279424.759132770821452, 2318688.605774542316794 ], [ 3279420.90715445484966, 2318682.055653880350292 ], [ 3279420.448548130691051, 2318680.989343252964318 ], [ 3279419.511785177513957, 2318678.799262832384557 ], [ 3279419.010809183120728, 2318677.040209392085671 ], [ 3279417.836308367084712, 2318672.963784363120794 ], [ 3279417.669653153978288, 2318672.069572267122567 ], [ 3279413.890309451613575, 2318675.694635431282222 ], [ 3279411.271977361757308, 2318677.79716742830351 ], [ 3279410.24110569152981, 2318678.627178851515055 ], [ 3279401.177201703656465, 2318683.685333240777254 ], [ 3279389.995646073017269, 2318678.409027338493615 ], [ 3279388.147827668115497, 2318679.950398270972073 ], [ 3279384.824443149846047, 2318682.704100638162345 ], [ 3279382.345064364373684, 2318684.477873765863478 ], [ 3279381.836349662393332, 2318684.840965883340687 ], [ 3279378.35259362263605, 2318686.800829105544835 ], [ 3279373.344928299076855, 2318688.499983999878168 ], [ 3279369.605013195890933, 2318689.266747527290136 ], [ 3279360.999049921520054, 2318691.048283652402461 ], [ 3279358.520856603514403, 2318691.837560304440558 ], [ 3279357.362645858898759, 2318692.385460239835083 ], [ 3279355.309462090022862, 2318693.353968637995422 ], [ 3279353.294154578819871, 2318694.863797641824931 ], [ 3279352.42021181806922, 2318695.970740204676986 ], [ 3279351.706211160868406, 2318696.877160223200917 ], [ 3279351.000148898921907, 2318698.451913085766137 ], [ 3279350.672756698448211, 2318699.178987914696336 ], [ 3279349.619482605718076, 2318702.661377382464707 ], [ 3279348.464029696304351, 2318709.114538225345314 ], [ 3279347.597730043809861, 2318716.714431240689009 ], [ 3279346.886448660399765, 2318722.968016711063683 ], [ 3279344.266565257217735, 2318738.201469266787171 ], [ 3279342.942215996328741, 2318747.403703887015581 ], [ 3279342.312031556852162, 2318751.735387020278722 ], [ 3279341.876670918427408, 2318762.030014330521226 ], [ 3279341.478366949595511, 2318771.435333247762173 ], [ 3279341.567685749381781, 2318774.088435013778508 ], [ 3279341.844631450250745, 2318782.350585915148258 ], [ 3279342.631217244081199, 2318788.209867913275957 ], [ 3279343.216847859323025, 2318792.531516192480922 ], [ 3279344.828751134686172, 2318799.342133752070367 ], [ 3279345.642056363634765, 2318802.761375457979739 ], [ 3279353.522177585400641, 2318826.049128168262541 ], [ 3279356.484610803890973, 2318833.424804192967713 ], [ 3279360.623181250877678, 2318842.593473119661212 ], [ 3279361.46817410364747, 2318845.276556425727904 ], [ 3279361.944495359435678, 2318848.186580135952681 ], [ 3279361.713844041340053, 2318852.417835453525186 ], [ 3279360.203403936699033, 2318857.197996109258384 ], [ 3279355.869443614967167, 2318865.74021815508604 ], [ 3279353.505889074876904, 2318869.523177222814411 ], [ 3279350.635935781057924, 2318873.435435885563493 ], [ 3279348.940734816715121, 2318875.041404674760997 ], [ 3279348.571713866665959, 2318875.390174563042819 ], [ 3279345.846652462612838, 2318876.90257422439754 ], [ 3279343.769953384529799, 2318877.479460556991398 ], [ 3279341.6286681573838, 2318877.661767405457795 ], [ 3279338.626759939361364, 2318877.172902043908834 ], [ 3279335.102920648176223, 2318875.354839934036136 ], [ 3279319.71600989671424, 2318862.423386904876679 ], [ 3279314.389668599236757, 2318858.952500726096332 ], [ 3279310.413762750569731, 2318857.223779236432165 ], [ 3279300.200699871405959, 2318853.959512960165739 ], [ 3279283.416639417409897, 2318847.554021997377276 ], [ 3279277.917566823307425, 2318845.87903465796262 ], [ 3279272.582797341048717, 2318844.773958538658917 ], [ 3279270.647712484002113, 2318844.666461883578449 ], [ 3279268.78489547688514, 2318844.566600166261196 ], [ 3279266.819349047262222, 2318844.768860199023038 ], [ 3279263.744517075829208, 2318845.074118028394878 ], [ 3279259.802338620647788, 2318845.906768989749253 ], [ 3279258.536515960004181, 2318846.169104390777647 ], [ 3279254.590060014277697, 2318847.347514838911593 ], [ 3279250.779192985035479, 2318848.796446266584098 ], [ 3279246.481477817520499, 2318850.432137378491461 ], [ 3279242.333883540704846, 2318852.427129972260445 ], [ 3279239.74641878483817, 2318854.656187184154987 ], [ 3279238.888278558384627, 2318855.98360831476748 ], [ 3279238.229789263568819, 2318858.158873911015689 ], [ 3279237.68729601893574, 2318859.989104272797704 ], [ 3279237.176778215449303, 2318867.28315393673256 ], [ 3279236.871724838856608, 2318871.679658435750753 ], [ 3279236.532112585380673, 2318874.377462468110025 ], [ 3279235.47509147413075, 2318882.60947973234579 ], [ 3279230.487429632339627, 2318911.144899856764823 ], [ 3279230.041251668706536, 2318913.19164801388979 ], [ 3279229.233688938431442, 2318916.935427694581449 ], [ 3279226.753226227127016, 2318925.396513652987778 ], [ 3279225.514370924327523, 2318928.860690673347563 ], [ 3279222.066193199250847, 2318938.475596798583865 ], [ 3279219.781460793223232, 2318945.715156516991556 ], [ 3279217.525225485675037, 2318955.050227907951921 ], [ 3279216.436624248046428, 2318960.547998556401581 ], [ 3279215.194759941659868, 2318966.782933522947133 ], [ 3279213.622367452830076, 2318972.548108639195561 ], [ 3279212.476643624249846, 2318976.767172583844513 ], [ 3279210.59755073627457, 2318981.774287885986269 ], [ 3279209.203603635542095, 2318985.468584330286831 ], [ 3279204.22075306950137, 2318996.864302355796099 ], [ 3279201.718571776989847, 2319002.589414937421679 ], [ 3279199.973238356411457, 2319007.360005597118288 ], [ 3279199.231360543519258, 2319009.397673575207591 ], [ 3279177.609688241500407, 2319048.001022285781801 ], [ 3279131.738103482872248, 2319071.714643176645041 ], [ 3279093.513949042186141, 2319104.215693146456033 ], [ 3279044.372179474215955, 2319146.00655784830451 ], [ 3278996.509151041507721, 2319208.314767533913255 ], [ 3278983.652016788255423, 2319243.749173847492784 ], [ 3278902.589208337944001, 2319293.202572405338287 ], [ 3278870.448745832312852, 2319297.66631542891264 ], [ 3278845.816247001290321, 2319301.078582640737295 ], [ 3278841.057465733028948, 2319322.643453197553754 ], [ 3278845.766411486081779, 2319346.699959201738238 ], [ 3278845.195224304683506, 2319348.23081261664629 ], [ 3278845.174601345323026, 2319350.274057139642537 ], [ 3278845.153581701219082, 2319351.881032100412995 ], [ 3278846.315918209496886, 2319355.634894814807922 ], [ 3278846.739236547611654, 2319356.981372002512217 ], [ 3278848.72322256071493, 2319360.67246815469116 ], [ 3278850.758435517549515, 2319363.68486003857106 ], [ 3278854.291291798464954, 2319368.099054758436978 ], [ 3278856.864847217220813, 2319371.301261587999761 ], [ 3278869.614650439936668, 2319385.47598665393889 ], [ 3278881.856745940167457, 2319399.090224446728826 ], [ 3278893.165677306242287, 2319410.97037798864767 ], [ 3278899.405352097935975, 2319416.797784416005015 ], [ 3278902.222021361812949, 2319419.439882615581155 ], [ 3278905.800071481149644, 2319421.836972150951624 ], [ 3278914.079586293548346, 2319426.180654027033597 ], [ 3278918.215927496552467, 2319429.261288030538708 ], [ 3278922.377856238745153, 2319433.737783774733543 ], [ 3278924.787302960641682, 2319438.602477842476219 ], [ 3278925.606938641052693, 2319442.122104737907648 ], [ 3278926.240898839663714, 2319450.82915136218071 ], [ 3278926.806468466762453, 2319454.718006163369864 ], [ 3278929.565827261190861, 2319464.199361876118928 ], [ 3278930.009668073616922, 2319466.414922889787704 ], [ 3278930.262269337661564, 2319467.710129467304796 ], [ 3278930.321569663472474, 2319471.109275310300291 ], [ 3278929.960207489319146, 2319472.806318149901927 ], [ 3278929.387184974271804, 2319473.830122265964746 ], [ 3278928.211378440726548, 2319475.94382905960083 ], [ 3278925.675978352315724, 2319478.366756713949144 ], [ 3278921.034137599170208, 2319481.432695144787431 ], [ 3278913.127091812901199, 2319485.314208454452455 ], [ 3278910.621578078716993, 2319487.052023904863745 ], [ 3278909.543081042356789, 2319488.458658826071769 ], [ 3278909.153522846288979, 2319489.673565511591733 ], [ 3278908.405956753529608, 2319491.986229896079749 ], [ 3278908.285743685439229, 2319493.235129065811634 ], [ 3278908.212830864824355, 2319494.029254781082273 ], [ 3278908.214124673046172, 2319496.454263577237725 ], [ 3278908.226250759325922, 2319499.689169034361839 ], [ 3278908.649800282903016, 2319505.561360271181911 ], [ 3278909.093647393863648, 2319511.805450717918575 ], [ 3278908.622934425249696, 2319517.854604844003916 ], [ 3278907.770335326902568, 2319520.703189875930548 ], [ 3278907.313130563590676, 2319521.442871460691094 ], [ 3278906.616566581651568, 2319522.579646962229162 ], [ 3278905.687399751041085, 2319523.473044552840292 ], [ 3278905.441928992047906, 2319523.708850246388465 ], [ 3278903.801390424370766, 2319524.59495790489018 ], [ 3278902.658773985225707, 2319524.86616719327867 ], [ 3278902.140902475919574, 2319524.987336441408843 ], [ 3278899.990291652735323, 2319524.988651386462152 ], [ 3278897.409254770725965, 2319524.4057905562222 ], [ 3278893.668034996837378, 2319522.189499534666538 ], [ 3278890.77650965936482, 2319518.718278727028519 ], [ 3278888.99155407352373, 2319514.941573882009834 ], [ 3278886.185928244609386, 2319505.549499145243317 ], [ 3278884.90105512784794, 2319499.24980061640963 ], [ 3278883.926094523631036, 2319491.43457816587761 ], [ 3278883.396465131547302, 2319482.435267849825323 ], [ 3278882.923578538466245, 2319474.278401308692992 ], [ 3278882.174269278533757, 2319469.143158772028983 ], [ 3278880.119722390081733, 2319462.541962961200625 ], [ 3278878.385350182652473, 2319458.888313984498382 ], [ 3278876.070129999890924, 2319454.971117537468672 ], [ 3278872.25945141306147, 2319450.037337489426136 ], [ 3278871.279206430539489, 2319449.255210291594267 ], [ 3278868.686021513305604, 2319447.172658476047218 ], [ 3278866.766124721150845, 2319446.352202205453068 ], [ 3278865.717587114777416, 2319445.89660963928327 ], [ 3278861.975202023983002, 2319444.664824050851166 ], [ 3278856.913145773112774, 2319442.994504374451935 ], [ 3278853.09821998514235, 2319440.699800388887525 ], [ 3278847.833770152181387, 2319435.685845454223454 ], [ 3278836.611734483391047, 2319425.018311455380172 ], [ 3278835.896164377219975, 2319424.17966819088906 ], [ 3278834.777794207911938, 2319422.863631307147443 ], [ 3278833.633190272375941, 2319420.953492143657058 ], [ 3278833.032940720673651, 2319418.278256051708013 ], [ 3278833.429903713986278, 2319415.621117162518203 ], [ 3278834.535530949942768, 2319412.768793869763613 ], [ 3278838.646660964470357, 2319404.539460375439376 ], [ 3278839.617616493720561, 2319401.670141369104385 ], [ 3278839.761357169598341, 2319400.812870239373296 ], [ 3278839.973564728163183, 2319399.568149517290294 ], [ 3278839.982061828952283, 2319398.318527559749782 ], [ 3278839.995925107970834, 2319396.915754132438451 ], [ 3278839.667555551044643, 2319394.537899807095528 ], [ 3278839.511444662697613, 2319393.398295304737985 ], [ 3278836.614268706180155, 2319382.703100443352014 ], [ 3278833.89923760574311, 2319375.537741671781987 ], [ 3278830.401214722543955, 2319367.555699208751321 ], [ 3278827.390754015184939, 2319361.436545360833406 ], [ 3278824.294684022665024, 2319356.529785668011755 ], [ 3278822.519747422076762, 2319354.42565360525623 ], [ 3278820.407471825368702, 2319351.934134053066373 ], [ 3278816.416142749134451, 2319348.127927185501903 ], [ 3278813.13829502183944, 2319345.891343840397894 ], [ 3278806.84881282877177, 2319342.548640096560121 ], [ 3278804.646953277755529, 2319340.935346246697009 ], [ 3278801.997428975068033, 2319338.446622043848038 ], [ 3278798.622076491359621, 2319334.684712980873883 ], [ 3278794.71168846078217, 2319329.575604069512337 ], [ 3278793.229748412501067, 2319327.27807792276144 ], [ 3278792.426634481642395, 2319326.028580346144736 ], [ 3278791.376162942033261, 2319323.949739567935467 ], [ 3278790.49069635104388, 2319322.197151012253016 ], [ 3278789.520865728147328, 2319319.49533726926893 ], [ 3278787.957694456912577, 2319315.152115634642541 ], [ 3278787.211976004764438, 2319309.914773539174348 ], [ 3278787.951755190268159, 2319304.579542852006853 ], [ 3278791.120494002010673, 2319295.551308755297214 ], [ 3278791.627391961403191, 2319292.945944143459201 ], [ 3278791.598085092380643, 2319289.977884503547102 ], [ 3278791.209674060810357, 2319287.91497288364917 ], [ 3278790.288065393920988, 2319285.011910640634596 ], [ 3278788.879042617976665, 2319281.920259131118655 ], [ 3278785.23507427982986, 2319276.145484151318669 ], [ 3278782.997769541107118, 2319273.138056596275419 ], [ 3278773.79334354121238, 2319260.726865652948618 ], [ 3278763.498413251247257, 2319243.575078390073031 ], [ 3278755.841120193712413, 2319232.496136310975999 ], [ 3278741.573445819783956, 2319214.812508002854884 ], [ 3278738.419525469653308, 2319210.605911751277745 ], [ 3278732.438987040892243, 2319202.642749615479261 ], [ 3278726.975135026033968, 2319193.24960954580456 ], [ 3278726.728523152414709, 2319192.734706159681082 ], [ 3278726.543967933859676, 2319192.350994748063385 ], [ 3278724.351641412358731, 2319193.15111745800823 ], [ 3278720.811164997518063, 2319196.003813408780843 ], [ 3278718.411835137289017, 2319200.249734019394964 ], [ 3278718.031517727300525, 2319213.17314118752256 ], [ 3278718.652533276472241, 2319228.123113704845309 ], [ 3278719.044228664599359, 2319243.407538480125368 ], [ 3278717.30496948864311, 2319249.516569313593209 ], [ 3278716.900003669783473, 2319250.947270977310836 ], [ 3278715.625408830586821, 2319255.432488317135721 ], [ 3278713.076470238156617, 2319273.515266348607838 ], [ 3278709.101680068299174, 2319284.622880759183317 ], [ 3278707.823066051118076, 2319288.215830819215626 ], [ 3278702.761976870708168, 2319301.73604712029919 ], [ 3278697.629689794965088, 2319317.176456559449434 ], [ 3278694.371273941360414, 2319329.995259183458984 ], [ 3278692.967023984529078, 2319342.489224865101278 ], [ 3278687.146557782776654, 2319358.4358109398745 ], [ 3278677.810058592353016, 2319371.558411051053554 ], [ 3278673.543516799807549, 2319382.433028305415064 ], [ 3278668.841683874838054, 2319394.429094590246677 ], [ 3278667.817269858904183, 2319397.033804686274379 ], [ 3278633.124935649801046, 2319429.292147992178798 ], [ 3278640.958198870532215, 2319438.59490220528096 ], [ 3278648.838987549301237, 2319447.940068070776761 ], [ 3278671.662927254103124, 2319446.123111112043262 ], [ 3278676.159004461951554, 2319461.3176409159787 ], [ 3278683.068245698697865, 2319484.684281800407916 ], [ 3278692.978496711701155, 2319496.75872180564329 ], [ 3278693.839696105569601, 2319497.805242003872991 ], [ 3278663.824622949585319, 2319501.927245386876166 ], [ 3278645.534870339091867, 2319498.099361177533865 ], [ 3278630.00852311309427, 2319494.852824306115508 ], [ 3278627.108832200989127, 2319494.244621269404888 ], [ 3278580.872246793471277, 2319491.741054365411401 ], [ 3278560.706686452962458, 2319490.646776863373816 ], [ 3278530.455457557458431, 2319484.835274290759116 ], [ 3278467.560661644674838, 2319506.133765233680606 ], [ 3278441.271308284252882, 2319515.042187322862446 ], [ 3278368.20421113492921, 2319587.987709046341479 ], [ 3278323.501904696691781, 2319616.733641086611897 ], [ 3278314.940884515177459, 2319534.750236024148762 ], [ 3278311.553647383116186, 2319453.321657267399132 ], [ 3278306.029347790405154, 2319387.346680656541139 ], [ 3278304.083036906085908, 2319364.1151183526963 ], [ 3278303.174327976536006, 2319353.233886074274778 ], [ 3278299.506521180272102, 2319343.718881627079099 ], [ 3278298.645290185231715, 2319332.321959590073675 ], [ 3278297.767414141446352, 2319315.24537741066888 ], [ 3278292.30107658682391, 2319296.354656849522144 ], [ 3278289.272208488546312, 2319298.985841950401664 ], [ 3278280.575958591885865, 2319306.537027201149613 ], [ 3278215.731438185088336, 2319354.164970501791686 ], [ 3278140.364967762026936, 2319409.532232449855655 ], [ 3278135.023380948696285, 2319402.187761628068984 ], [ 3278115.242802697699517, 2319374.997884450946003 ], [ 3278074.635096413083375, 2319388.596818447113037 ], [ 3278045.400588818825781, 2319435.912138437852263 ], [ 3278016.162914610467851, 2319483.20777284912765 ], [ 3277987.88929074909538, 2319496.04614832950756 ], [ 3277985.248577207326889, 2319501.420213470701128 ], [ 3278000.887453710660338, 2319532.623536137863994 ], [ 3277971.756105170585215, 2319576.663585089147091 ], [ 3277964.956433233805001, 2319599.022655758075416 ], [ 3277963.041278750170022, 2319597.115610083565116 ], [ 3277957.642224642913789, 2319598.406593237072229 ], [ 3277953.669027408584952, 2319598.615656675305218 ], [ 3277944.383469433523715, 2319599.095911822281778 ], [ 3277941.474782037548721, 2319599.92011652328074 ], [ 3277939.746591524686664, 2319601.014419197570533 ], [ 3277938.481298599392176, 2319602.829270960763097 ], [ 3277937.909317137673497, 2319605.222825755365193 ], [ 3277937.778492589015514, 2319607.894248282536864 ], [ 3277938.339940048288554, 2319620.744103299453855 ], [ 3277938.078653048723936, 2319633.464128581807017 ], [ 3277939.143402231857181, 2319653.044933145400137 ], [ 3277938.869012783747166, 2319658.247947523836046 ], [ 3277938.320390175562352, 2319661.094049239996821 ], [ 3277937.706370571162552, 2319662.673022150527686 ], [ 3277931.848993464373052, 2319660.482535818591714 ], [ 3277928.136091369669884, 2319659.86463753785938 ], [ 3277923.876309509389102, 2319659.748459607828408 ], [ 3277918.362085365690291, 2319660.521810568403453 ], [ 3277903.517714357934892, 2319664.167908107396215 ], [ 3277891.826173691544682, 2319666.064189663156867 ], [ 3277880.695992401335388, 2319666.989430121146142 ], [ 3277866.737076393328607, 2319666.624337731860578 ], [ 3277861.869973717723042, 2319666.888557618483901 ], [ 3277858.985284796450287, 2319667.36354823037982 ], [ 3277825.590568633750081, 2319676.806952111423016 ], [ 3277812.742290476802737, 2319681.057203382719308 ], [ 3277803.083225342910737, 2319685.205303729511797 ], [ 3277776.214125729165971, 2319697.57452888134867 ], [ 3277776.271908118389547, 2319699.786714229732752 ], [ 3277776.977086876984686, 2319704.280284344218671 ], [ 3277779.120213357266039, 2319712.103984967805445 ], [ 3277785.235234108287841, 2319728.263058838434517 ], [ 3277790.953004370909184, 2319740.260215864516795 ], [ 3277794.809785359539092, 2319746.900825649965554 ], [ 3277799.857154704164714, 2319754.306991050485522 ], [ 3277805.541433463804424, 2319761.32757773809135 ], [ 3277814.353492250666022, 2319770.783509044442326 ], [ 3277817.189259468577802, 2319774.223886549472809 ], [ 3277818.907164992764592, 2319777.900719441007823 ], [ 3277819.018531466368586, 2319779.758500692434609 ], [ 3277818.443677226547152, 2319782.01050105271861 ], [ 3277813.481165661476552, 2319790.987886137329042 ], [ 3277812.101625213399529, 2319794.273862879257649 ], [ 3277811.181006011553109, 2319797.946216951590031 ], [ 3277810.775136624928564, 2319802.59387118415907 ], [ 3277810.924738834612072, 2319806.606379339471459 ], [ 3277810.941290671937168, 2319807.141298807691783 ], [ 3277813.763023114297539, 2319824.191987027879804 ], [ 3277814.341899098362774, 2319831.508412001654506 ], [ 3277813.765772312879562, 2319838.834407606162131 ], [ 3277812.891931361053139, 2319842.234730984084308 ], [ 3277811.672617210075259, 2319844.640242113731802 ], [ 3277810.081299038603902, 2319846.136769879609346 ], [ 3277808.015949268825352, 2319846.78278118558228 ], [ 3277806.690400126390159, 2319846.680168296210468 ], [ 3277803.677679411135614, 2319845.381484324112535 ], [ 3277799.58505039755255, 2319841.94822920113802 ], [ 3277780.31526824273169, 2319822.837630920577794 ], [ 3277771.877857237122953, 2319815.670287453103811 ], [ 3277767.425336504355073, 2319812.269649626221508 ], [ 3277762.864731958135962, 2319809.324294325895607 ], [ 3277760.435339136980474, 2319807.994436478242278 ], [ 3277748.487056203652173, 2319808.322289141826332 ], [ 3277743.021059425082058, 2319810.629641296342015 ], [ 3277736.863709225319326, 2319813.981556988786906 ], [ 3277732.759192978497595, 2319817.044817050453275 ], [ 3277731.086438065394759, 2319818.2917799660936 ], [ 3277725.643393906299025, 2319824.085869246628135 ], [ 3277724.19487961102277, 2319826.206821277271956 ], [ 3277723.117389801889658, 2319828.425124652218074 ], [ 3277722.472347746603191, 2319831.673738961108029 ], [ 3277722.602635162882507, 2319832.655517764389515 ], [ 3277722.957796702627093, 2319835.444748777896166 ], [ 3277726.340151447802782, 2319844.269030124880373 ], [ 3277727.326395057607442, 2319847.566685908008367 ], [ 3277727.697475018445402, 2319851.692604564595968 ], [ 3277726.990375984460115, 2319854.810027188621461 ], [ 3277726.035851168911904, 2319856.53999842191115 ], [ 3277724.123803059570491, 2319858.742170199286193 ], [ 3277719.076474824454635, 2319862.305499594658613 ], [ 3277713.300306198187172, 2319865.073107679374516 ], [ 3277709.632972930092365, 2319866.344834620133042 ], [ 3277706.058842910453677, 2319867.194328962359577 ], [ 3277705.809801533352584, 2319867.532244271598756 ], [ 3277690.259198991581798, 2319889.050248531624675 ], [ 3277702.291288050357252, 2319911.85426723677665 ], [ 3277708.654012626037002, 2319914.28090438991785 ], [ 3277773.137919001746923, 2319938.884285453241318 ], [ 3277789.232749122194946, 2319980.865662440657616 ], [ 3277798.492715366650373, 2320005.017958433367312 ], [ 3277811.867265063803643, 2320039.926204090937972 ], [ 3277824.592868242412806, 2320073.101306330412626 ], [ 3277830.830837685614824, 2320089.391084139700979 ], [ 3277813.227681225631386, 2320101.283540574833751 ], [ 3277799.196514731273055, 2320110.764159546233714 ], [ 3277813.291945974342525, 2320131.917931042145938 ], [ 3277817.447294149547815, 2320138.151073336601257 ], [ 3277840.525319871027023, 2320141.667343998327851 ], [ 3277903.4269655989483, 2320151.275938586797565 ], [ 3277907.249612355604768, 2320150.271280528977513 ], [ 3277907.979831157252192, 2320148.844446668401361 ], [ 3277937.043979676440358, 2320092.374873900786042 ], [ 3277976.56298492802307, 2320058.184107806533575 ], [ 3278039.636627415660769, 2320072.623408413492143 ], [ 3278104.001859082374722, 2320082.929659676738083 ], [ 3278132.62779597286135, 2319934.975926298648119 ], [ 3278239.254861167166382, 2319986.656833759509027 ], [ 3278237.769267098978162, 2319975.227176459506154 ], [ 3278234.565570703241974, 2319898.332480053417385 ], [ 3278256.341807913966477, 2319859.31540395366028 ], [ 3278276.987503230571747, 2319813.454071207903326 ], [ 3278268.023383061867207, 2319758.695851014461368 ], [ 3278263.913567554205656, 2319733.59052749350667 ], [ 3278226.423540298826993, 2319690.872596563771367 ], [ 3278250.078443476930261, 2319686.261339042335749 ], [ 3278251.130490821786225, 2319687.791941411793232 ], [ 3278253.55437994748354, 2319693.364432914182544 ], [ 3278255.959530754946172, 2319698.016785485669971 ], [ 3278258.154924679081887, 2319701.325829213950783 ], [ 3278259.497829574160278, 2319702.835914392024279 ], [ 3278260.355976035352796, 2319703.801787100266665 ], [ 3278260.915136783849448, 2319704.180751460138708 ], [ 3278311.563617286272347, 2319702.95809989515692 ], [ 3278311.532165329903364, 2319705.926678222138435 ], [ 3278324.976834660861641, 2319704.575715571641922 ], [ 3278327.990839161444455, 2319704.270894208922982 ], [ 3278331.24477365706116, 2319703.944331268314272 ], [ 3278348.835730916820467, 2319702.759907271247357 ], [ 3278372.459090954624116, 2319700.001069748774171 ], [ 3278392.274202775210142, 2319697.219429770484567 ], [ 3278397.943707342725247, 2319696.155083994846791 ], [ 3278405.470541038084775, 2319694.227513182442635 ], [ 3278413.795090960804373, 2319691.4092679428868 ], [ 3278423.34974707942456, 2319688.172557246871293 ], [ 3278424.868574763182551, 2319687.90645522531122 ], [ 3278427.727090029977262, 2319687.395489578600973 ], [ 3278432.498813990037888, 2319687.168322309385985 ], [ 3278441.56712670950219, 2319687.406082432251424 ], [ 3278445.122758608311415, 2319687.868909473996609 ], [ 3278446.398827222175896, 2319688.041091652587056 ], [ 3278447.102869740687311, 2319688.313493860885501 ], [ 3278448.934349205810577, 2319689.027658369392157 ], [ 3278456.776682151481509, 2319693.427584383636713 ], [ 3278460.259059728588909, 2319694.806372179184109 ], [ 3278462.151849691290408, 2319695.337288115173578 ], [ 3278465.605854098685086, 2319696.294853006489575 ], [ 3278472.433988368138671, 2319697.412179029546678 ], [ 3278475.989273816812783, 2319697.996838054154068 ], [ 3278481.485968170687556, 2319699.347435107454658 ], [ 3278492.195066222455353, 2319703.224808630533516 ], [ 3278502.834259833209217, 2319707.418855286668986 ], [ 3278509.493798820767552, 2319710.047254657372832 ], [ 3278514.897460836917162, 2319711.759167723357677 ], [ 3278521.200400793924928, 2319713.262789655476809 ], [ 3278524.871154550928622, 2319713.685156267601997 ], [ 3278528.075487081427127, 2319714.047175674699247 ], [ 3278534.448518588207662, 2319713.437991106882691 ], [ 3278540.15707756858319, 2319711.930475514847785 ], [ 3278547.151061127427965, 2319709.040941825136542 ], [ 3278557.449992835987359, 2319710.412727585528046 ], [ 3278560.478989297058433, 2319711.191071634180844 ], [ 3278563.916780386585742, 2319713.227114123757929 ], [ 3278569.906630951911211, 2319718.519864297471941 ], [ 3278573.458502057939768, 2319720.880934453569353 ], [ 3278579.773895624093711, 2319723.20432518189773 ], [ 3278583.370074339676648, 2319723.852857490070164 ], [ 3278585.220706030726433, 2319724.188213266432285 ], [ 3278595.621560778468847, 2319724.385335556231439 ], [ 3278614.291537949815392, 2319723.34681322099641 ], [ 3278615.800504659302533, 2319723.082443660125136 ], [ 3278618.4124596551992, 2319722.61468421202153 ], [ 3278621.625455020461231, 2319721.66616686899215 ], [ 3278622.524906901177019, 2319721.396961688995361 ], [ 3278635.078197860624641, 2319716.336054040119052 ], [ 3278635.954628313425928, 2319717.227693915832788 ], [ 3278636.248422202188522, 2319717.906839398667216 ], [ 3278636.846032630186528, 2319720.937706808093935 ], [ 3278636.969547862652689, 2319724.295174388680607 ], [ 3278636.304848814383149, 2319730.398635970428586 ], [ 3278634.305107157677412, 2319740.307905600871891 ], [ 3278632.685347474180162, 2319748.324059023987502 ], [ 3278631.778400387149304, 2319756.418278598226607 ], [ 3278631.598356753587723, 2319761.9497524141334 ], [ 3278631.471214702352881, 2319765.635265470482409 ], [ 3278631.630876099690795, 2319771.878431729972363 ], [ 3278632.891584517899901, 2319783.793936109170318 ], [ 3278635.994083882309496, 2319799.151474514044821 ], [ 3278639.142517482396215, 2319811.071119506843388 ], [ 3278641.39182496862486, 2319817.374377025291324 ], [ 3278648.371562310960144, 2319833.919764497317374 ], [ 3278649.700556298717856, 2319838.009751246776432 ], [ 3278651.549025026615709, 2319843.723650300409645 ], [ 3278654.309343987610191, 2319849.430006025359035 ], [ 3278655.059862533584237, 2319851.845532844774425 ], [ 3278655.819076109211892, 2319856.979060856625438 ], [ 3278655.397370497696102, 2319864.876650612801313 ], [ 3278652.849654036108404, 2319880.300692006479949 ], [ 3278649.838817342184484, 2319907.21164689026773 ], [ 3278648.201722706668079, 2319915.555569182150066 ], [ 3278645.553462146781385, 2319924.167976275086403 ], [ 3278641.113165131770074, 2319933.794526738114655 ], [ 3278636.256745347287506, 2319942.428497643209994 ], [ 3278633.915222937706858, 2319946.593304907903075 ], [ 3278623.699576707091182, 2319963.888460672926158 ], [ 3278617.811059954110533, 2319973.220784300472587 ], [ 3278606.479473514016718, 2319986.611877513118088 ], [ 3278603.688723023049533, 2319990.449494953267276 ], [ 3278598.487245980184525, 2319998.524935045279562 ], [ 3278594.822769615333527, 2320003.408611960709095 ], [ 3278593.244189814198762, 2320005.044946913141757 ], [ 3278591.332595837302506, 2320004.771012194920331 ], [ 3278589.949827769771218, 2320004.566786101087928 ], [ 3278575.559635490179062, 2320004.48007229808718 ], [ 3278562.230212522670627, 2320003.43630249844864 ], [ 3278553.499249474145472, 2320003.58593026176095 ], [ 3278547.782172896433622, 2320004.049760402180254 ], [ 3278541.566088151652366, 2320004.935886381193995 ], [ 3278524.131036553531885, 2320008.497937011532485 ], [ 3278520.63613656302914, 2320009.211730176582932 ], [ 3278505.248221205547452, 2320011.024914254900068 ], [ 3278493.510988598689437, 2320011.650523537769914 ], [ 3278481.508278087712824, 2320011.460110035724938 ], [ 3278481.074501451570541, 2320011.47522444371134 ], [ 3278457.28997811069712, 2320012.567681315355003 ], [ 3278450.305028329603374, 2320012.289645519573241 ], [ 3278443.963621114846319, 2320011.604580994229764 ], [ 3278426.113788289949298, 2320007.922980772331357 ], [ 3278419.799258762970567, 2320007.030259218998253 ], [ 3278414.05611862288788, 2320006.83908121008426 ], [ 3278404.504673141986132, 2320007.802220125682652 ], [ 3278403.281200813595206, 2320013.404908278025687 ], [ 3278402.274129953235388, 2320015.123774640262127 ], [ 3278400.092384676449001, 2320017.413761117961258 ], [ 3278397.115469780284911, 2320019.122592596337199 ], [ 3278395.257746181450784, 2320019.549551563803107 ], [ 3278391.414086747914553, 2320020.425933255814016 ], [ 3278386.137424868065864, 2320022.588432272896171 ], [ 3278383.985729634296149, 2320024.132386350538582 ], [ 3278379.800804224330932, 2320028.315765876322985 ], [ 3278374.495595468208194, 2320026.647507068235427 ], [ 3278371.556286866776645, 2320026.107150566764176 ], [ 3278365.876361342146993, 2320025.062658505514264 ], [ 3278360.17019391618669, 2320023.424061167053878 ], [ 3278357.816405477933586, 2320023.237756599672139 ], [ 3278355.032243662979454, 2320023.025381170213223 ], [ 3278352.708273267373443, 2320023.331080828793347 ], [ 3278350.920106865931302, 2320023.563199216499925 ], [ 3278353.582802546210587, 2320030.098464532755315 ], [ 3278357.190567000769079, 2320037.076998863369226 ], [ 3278360.498708835802972, 2320042.53516395855695 ], [ 3278366.163062041625381, 2320050.797268914058805 ], [ 3278373.200435752049088, 2320060.38153007440269 ], [ 3278377.06768420804292, 2320065.660556663293391 ], [ 3278394.058676229789853, 2320085.972182545810938 ], [ 3278400.705823480151594, 2320095.279800564516336 ], [ 3278408.043290894012898, 2320107.378809070214629 ], [ 3278416.854137675836682, 2320121.908766175620258 ], [ 3278418.443328825291246, 2320125.790813594125211 ], [ 3278419.425542981363833, 2320128.196193926502019 ], [ 3278419.9964170451276, 2320130.815708973444998 ], [ 3278419.947394510731101, 2320131.879640290047973 ], [ 3278404.260399279650301, 2320133.724973827600479 ], [ 3278395.643477420322597, 2320135.376781654544175 ], [ 3278391.246254438534379, 2320136.218237854540348 ], [ 3278383.598625999409705, 2320138.461285289376974 ], [ 3278381.472542826086283, 2320139.665887144394219 ], [ 3278379.907583381049335, 2320141.137487177271396 ], [ 3278378.97313082171604, 2320142.742158602923155 ], [ 3278377.802556375041604, 2320144.763658796902746 ], [ 3278375.686747388914227, 2320149.873258685227484 ], [ 3278374.626334294676781, 2320152.443719618953764 ], [ 3278372.470907276496291, 2320159.356373981572688 ], [ 3278368.177770505659282, 2320176.202544409316033 ], [ 3278366.708271137438715, 2320179.930467199068516 ], [ 3278366.224204836413264, 2320180.877819412853569 ], [ 3278364.104533422272652, 2320185.034231168683618 ], [ 3278350.039444625377655, 2320208.189366115257144 ], [ 3278338.107016312889755, 2320227.825116875581443 ], [ 3278335.910869575105608, 2320231.142538997344673 ], [ 3278334.422567682806402, 2320233.392219794914126 ], [ 3278333.256783129647374, 2320234.885212758090347 ], [ 3278332.745609734673053, 2320235.543036947026849 ], [ 3278330.200236688368022, 2320238.028663982637227 ], [ 3278326.58198856189847, 2320240.529760482721031 ], [ 3278324.042895957361907, 2320241.3805339676328 ], [ 3278321.677925101015717, 2320242.241390044800937 ], [ 3278319.295309827663004, 2320244.109944103751332 ], [ 3278317.076044623274356, 2320249.207238161936402 ], [ 3278315.213023115415126, 2320250.345460012089461 ], [ 3278313.524468861985952, 2320251.37193334614858 ], [ 3278310.349507177248597, 2320252.242790140677243 ], [ 3278308.71610185271129, 2320255.837076484691352 ], [ 3278306.91064824629575, 2320258.690294416155666 ], [ 3278299.422248209826648, 2320267.359302289318293 ], [ 3278297.764041536021978, 2320270.430263075977564 ], [ 3278291.62514340877533, 2320281.765025741886348 ], [ 3278287.605035034939647, 2320287.512719127349555 ], [ 3278285.384263994172215, 2320290.245903852861375 ], [ 3278283.559200399089605, 2320292.483559862244874 ], [ 3278271.930942132137716, 2320312.055914328433573 ], [ 3278261.455565447453409, 2320331.79159208573401 ], [ 3278246.855067637283355, 2320356.075674544554204 ], [ 3278244.998115617781878, 2320358.55231554992497 ], [ 3278243.53364005824551, 2320360.513697875197977 ], [ 3278234.052374339196831, 2320371.510678482241929 ], [ 3278235.534589008893818, 2320374.305391524452716 ], [ 3278235.881106064189225, 2320374.934711503796279 ], [ 3278237.266188906040043, 2320384.758405484259129 ], [ 3278234.010991683695465, 2320391.336109544150531 ], [ 3278230.124550420790911, 2320399.201533040031791 ], [ 3278269.066336450632662, 2320408.645005854777992 ], [ 3278315.900934076867998, 2320448.761722937226295 ], [ 3278380.774598808493465, 2320464.032506255898625 ], [ 3278480.016738397069275, 2320487.396933608688414 ], [ 3278527.085430234670639, 2320476.207336777821183 ], [ 3278532.38660393981263, 2320499.602195838466287 ], [ 3278538.954960428643972, 2320528.630172869190574 ], [ 3278580.454342579934746, 2320543.470678045414388 ], [ 3278629.411631246097386, 2320560.982369225006551 ], [ 3278620.228914475999773, 2320586.07266031531617 ], [ 3278672.160193221643567, 2320604.646326168440282 ], [ 3278704.219050279818475, 2320616.107746464200318 ], [ 3278761.521163932047784, 2320580.110736993607134 ], [ 3278784.338579073548317, 2320506.308178590144962 ], [ 3278837.420837260782719, 2320522.244924400467426 ], [ 3278923.643444856163114, 2320586.613983403891325 ], [ 3278982.473891653120518, 2320536.031360797584057 ], [ 3278981.753919233102351, 2320534.422274756245315 ], [ 3279014.852571381255984, 2320515.238845977000892 ], [ 3279083.60926715284586, 2320432.393683018162847 ], [ 3279124.782300582155585, 2320323.157453814055771 ], [ 3279038.166403065435588, 2320335.460473272949457 ], [ 3279058.499845437705517, 2320246.17215228965506 ], [ 3279018.867245885543525, 2320237.529088988900185 ], [ 3278936.793863323051482, 2320240.64439357444644 ], [ 3278866.255152955185622, 2320243.321959972381592 ], [ 3278826.881822877563536, 2320218.600540284067392 ], [ 3278804.75318231806159, 2320204.709203448146582 ], [ 3278782.275205000303686, 2320190.605093384627253 ], [ 3278747.910492852330208, 2320169.024606726132333 ], [ 3278739.817022395320237, 2320104.960784443188459 ], [ 3278768.695996635127813, 2320097.618004174437374 ], [ 3278788.370776041876525, 2320093.917306676041335 ], [ 3278813.383424671366811, 2320090.225145122501999 ], [ 3278817.289844300597906, 2320089.236320815049112 ] ] ], [ [ [ 3281359.583135848399252, 2319364.094056926202029 ], [ 3281358.855040536727756, 2319363.612745834514499 ], [ 3281357.480806426145136, 2319362.71694718580693 ], [ 3281355.665195729583502, 2319361.046086420305073 ], [ 3281353.517356175463647, 2319357.779415634460747 ], [ 3281351.726281844079494, 2319353.283327598124743 ], [ 3281349.487123661674559, 2319344.624177739024162 ], [ 3281348.017941994126886, 2319340.173184209503233 ], [ 3281346.290797451045364, 2319336.873419797047973 ], [ 3281345.650726392865181, 2319336.062127632088959 ], [ 3281344.882964066229761, 2319335.090549920685589 ], [ 3281343.673517277929932, 2319334.023828441277146 ], [ 3281341.916600721888244, 2319333.083435628563166 ], [ 3281340.325386586599052, 2319332.225640292279422 ], [ 3281337.272305670659989, 2319331.238290016073734 ], [ 3281334.509738765656948, 2319330.352265988010913 ], [ 3281327.355987091548741, 2319328.733549971133471 ], [ 3281315.304647006094456, 2319326.511426854878664 ], [ 3281308.665722926147282, 2319324.690923137590289 ], [ 3281306.722504753153771, 2319323.975958475843072 ], [ 3281304.142486397176981, 2319323.027521187905222 ], [ 3281293.681588623207062, 2319318.497395427431911 ], [ 3281283.063669485040009, 2319314.867434663698077 ], [ 3281279.053645776584744, 2319312.992379884235561 ], [ 3281275.639664914924651, 2319310.667924471665174 ], [ 3281274.772751069627702, 2319309.896363459527493 ], [ 3281273.635398463346064, 2319308.89819365227595 ], [ 3281270.241235453169793, 2319305.393188511952758 ], [ 3281262.378971042577177, 2319296.470798509661108 ], [ 3281258.8715157546103, 2319293.513292607851326 ], [ 3281255.972969430498779, 2319291.920486916787922 ], [ 3281252.718449071981013, 2319290.136348286643624 ], [ 3281238.12241174839437, 2319284.392364920116961 ], [ 3281237.019882555119693, 2319283.854869012720883 ], [ 3281234.814824191387743, 2319282.779877253808081 ], [ 3281233.848933597095311, 2319282.147418898530304 ], [ 3281232.656724432948977, 2319281.371949430555105 ], [ 3281228.118793326430023, 2319277.387408944778144 ], [ 3281214.698297447524965, 2319262.771800030954182 ], [ 3281210.230455795302987, 2319258.409684049896896 ], [ 3281205.043940055184066, 2319254.863454008940607 ], [ 3281201.304531836416572, 2319253.154096837155521 ], [ 3281196.507559909950942, 2319230.665788683108985 ], [ 3281095.288817498832941, 2319241.778090159408748 ], [ 3281011.370330153033137, 2319184.847032740712166 ], [ 3280949.548610089346766, 2319171.798699236474931 ], [ 3280880.01732606254518, 2319148.157457824796438 ], [ 3280859.869249964132905, 2319097.956772191915661 ], [ 3280858.54479518532753, 2319053.419117051176727 ], [ 3280868.45383962104097, 2318968.110889134928584 ], [ 3280850.902668970171362, 2318885.613401154056191 ], [ 3280849.379525162279606, 2318886.225186448544264 ], [ 3280844.811708518303931, 2318888.070407080929726 ], [ 3280840.423211405985057, 2318889.833484116010368 ], [ 3280818.709926253184676, 2318898.933442990295589 ], [ 3280791.166966664139181, 2318910.475104514509439 ], [ 3280755.615023796446621, 2318924.718425577972084 ], [ 3280748.959930123295635, 2318927.385874906554818 ], [ 3280747.502598350867629, 2318927.965842367615551 ], [ 3280739.334226557053626, 2318931.243354419711977 ], [ 3280735.929500656202435, 2318930.277027754113078 ], [ 3280728.691632731352001, 2318928.206321319565177 ], [ 3280718.87807344365865, 2318925.399529443122447 ], [ 3280707.186966320499778, 2318880.749671224504709 ], [ 3280630.109828257933259, 2318891.337777430191636 ], [ 3280568.607133985497057, 2318907.944969390053302 ], [ 3280486.312549915164709, 2318922.359424197580665 ], [ 3280467.3352823657915, 2318949.042434887960553 ], [ 3280431.734917759429663, 2318999.063600252382457 ], [ 3280411.247998161707073, 2319086.935341230593622 ], [ 3280411.151551586575806, 2319087.337831433396786 ], [ 3280413.371359100099653, 2319086.705474280752242 ], [ 3280464.142542287707329, 2319072.221250384580344 ], [ 3280554.579246938228607, 2319018.419585232622921 ], [ 3280616.39590471656993, 2319057.222226880956441 ], [ 3280670.156216158997267, 2319100.358436400536448 ], [ 3280675.731582740321755, 2319134.420369764789939 ], [ 3280678.422804213594645, 2319186.501667838543653 ], [ 3280674.091636876109987, 2319213.531577284447849 ], [ 3280686.731590802315623, 2319255.113222572952509 ], [ 3280696.539362945593894, 2319297.180807169061154 ], [ 3280718.672848502639681, 2319325.420097036287189 ], [ 3280779.507713850121945, 2319376.074303804896772 ], [ 3280810.206250607036054, 2319385.299196003936231 ], [ 3280825.221740146633238, 2319423.542368513997644 ], [ 3280848.283731201663613, 2319457.453740455210209 ], [ 3280870.934185821563005, 2319471.00058507733047 ], [ 3280897.820205939467996, 2319492.572800824418664 ], [ 3280909.995300269220024, 2319531.313504202291369 ], [ 3280916.522085599601269, 2319563.686769291292876 ], [ 3280921.851959558669478, 2319563.646173365879804 ], [ 3280926.105139786377549, 2319563.225918867159635 ], [ 3280928.531712348107249, 2319562.679124366957694 ], [ 3280929.647986381780356, 2319562.432866657152772 ], [ 3280931.355105244554579, 2319561.829437380190939 ], [ 3280934.30060326680541, 2319560.796006739605218 ], [ 3280937.711741185281426, 2319558.950412966310978 ], [ 3280941.412475850433111, 2319556.952622395474464 ], [ 3280958.442154876887798, 2319545.334458613302559 ], [ 3280967.203105892054737, 2319539.355431669391692 ], [ 3280972.166747348383069, 2319536.395689660683274 ], [ 3280988.306136359460652, 2319527.581918094772846 ], [ 3281000.236729935277253, 2319520.327268276363611 ], [ 3281010.467711082194, 2319513.350020912475884 ], [ 3281016.589088199660182, 2319508.289964673109353 ], [ 3281022.968423200771213, 2319502.078675433062017 ], [ 3281038.309817044530064, 2319486.220434770453721 ], [ 3281041.203648827970028, 2319482.578067759051919 ], [ 3281045.333199754357338, 2319476.568041964434087 ], [ 3281052.212528676725924, 2319468.452825306914747 ], [ 3281057.90903211850673, 2319460.301250846590847 ], [ 3281060.967609228566289, 2319455.929870240390301 ], [ 3281065.2857351815328, 2319448.902535449247807 ], [ 3281066.701647017151117, 2319446.148162809200585 ], [ 3281068.108351317699999, 2319442.593769547063857 ], [ 3281068.57368950266391, 2319440.168247919064015 ], [ 3281068.58132707234472, 2319439.223215096164495 ], [ 3281068.587742489762604, 2319438.704581216908991 ], [ 3281067.785590957384557, 2319435.973405100870878 ], [ 3281183.464489728678018, 2319488.843432278372347 ], [ 3281290.826986545696855, 2319583.505553464405239 ], [ 3281407.073173485696316, 2319733.243675096426159 ], [ 3281453.658717350568622, 2319794.897460016887635 ], [ 3281458.361130566336215, 2319792.511164748109877 ], [ 3281463.105655544437468, 2319789.762340207118541 ], [ 3281475.76040923409164, 2319780.919732509180903 ], [ 3281482.790288168936968, 2319776.451493776403368 ], [ 3281486.067848361097276, 2319774.781534948386252 ], [ 3281489.82100269664079, 2319773.413873278070241 ], [ 3281497.655579511076212, 2319771.940199017524719 ], [ 3281496.577994062565267, 2319767.27854663785547 ], [ 3281495.940084575209767, 2319762.265910695306957 ], [ 3281495.351634618360549, 2319734.809035159647465 ], [ 3281495.159520925022662, 2319731.899980061687529 ], [ 3281494.726283947005868, 2319725.410588052123785 ], [ 3281493.63521628966555, 2319720.294672180432826 ], [ 3281491.800608059857041, 2319716.648422046564519 ], [ 3281489.373539025429636, 2319713.349473387002945 ], [ 3281475.058539880439639, 2319699.529768667183816 ], [ 3281474.144969262182713, 2319698.411223827395588 ], [ 3281471.279794797301292, 2319694.915032546035945 ], [ 3281470.602580792270601, 2319693.876857696566731 ], [ 3281469.585145097225904, 2319692.309730986598879 ], [ 3281467.840219946112484, 2319688.901455010287464 ], [ 3281466.395756690297276, 2319684.415681950747967 ], [ 3281465.928231676574796, 2319681.869429595768452 ], [ 3281465.786615188233554, 2319680.260526009835303 ], [ 3281465.611961910035461, 2319678.139898988883942 ], [ 3281465.780267518945038, 2319670.4289531391114 ], [ 3281466.471083784941584, 2319664.422554918099195 ], [ 3281467.096488556824625, 2319661.177517848554999 ], [ 3281467.916920868679881, 2319656.954628522042185 ], [ 3281468.464255795814097, 2319655.154027261771262 ], [ 3281469.822643481194973, 2319650.68470869679004 ], [ 3281471.452562793157995, 2319646.634606043808162 ], [ 3281472.615793653763831, 2319643.762144912034273 ], [ 3281474.138927067629993, 2319640.857090146280825 ], [ 3281475.288631420116872, 2319639.265551348216832 ], [ 3281476.862214388791472, 2319637.102556976955384 ], [ 3281473.518566717393696, 2319630.869234723038971 ], [ 3281472.715450993739069, 2319629.619724662974477 ], [ 3281468.184784205630422, 2319622.518696371931583 ], [ 3281454.607366315089166, 2319604.155759952031076 ], [ 3281445.017946599982679, 2319590.198406800627708 ], [ 3281441.174097629263997, 2319585.371836155187339 ], [ 3281429.261921375524253, 2319571.851748433895409 ], [ 3281422.25527861667797, 2319561.896674034185708 ], [ 3281421.032474420499057, 2319559.756683337967843 ], [ 3281418.863066336605698, 2319555.986424905713648 ], [ 3281417.254961356986314, 2319552.422273659612983 ], [ 3281416.066371640190482, 2319549.809517403133214 ], [ 3281414.663377047516406, 2319545.762963314540684 ], [ 3281413.20495945867151, 2319541.563760575372726 ], [ 3281410.60189997497946, 2319532.603036704007536 ], [ 3281409.114113038405776, 2319528.906193004455417 ], [ 3281408.384358688257635, 2319527.856926788110286 ], [ 3281408.278576990589499, 2319523.491846109274775 ], [ 3281407.983787385281175, 2319521.442998628132045 ], [ 3281407.273106832057238, 2319516.605471198447049 ], [ 3281402.997194417286664, 2319496.867104642093182 ], [ 3281400.237303197849542, 2319484.15907913679257 ], [ 3281397.568671191111207, 2319468.847525638993829 ], [ 3281396.1272021853365, 2319458.739664961118251 ], [ 3281395.800965835340321, 2319448.751041007228196 ], [ 3281396.162709893658757, 2319444.638936478644609 ], [ 3281396.942617522086948, 2319440.230353449936956 ], [ 3281400.950893386732787, 2319426.103532304055989 ], [ 3281409.880269418936223, 2319403.240556478500366 ], [ 3281415.006311364937574, 2319391.789637837093323 ], [ 3281416.707912332843989, 2319386.813739102333784 ], [ 3281417.416730968281627, 2319383.706308313645422 ], [ 3281417.670598355121911, 2319380.546646004542708 ], [ 3281417.280549289193004, 2319377.915798643603921 ], [ 3281415.993165147490799, 2319375.381231446750462 ], [ 3281415.734203522093594, 2319375.162759312894195 ], [ 3281414.545921401120722, 2319374.163360647857189 ], [ 3281413.304222331847996, 2319373.457440053112805 ], [ 3281412.564474679995328, 2319373.028905488085002 ], [ 3281411.171080755069852, 2319372.511909106280655 ], [ 3281408.881575131323189, 2319371.664795158430934 ], [ 3281406.883499138057232, 2319371.172527963295579 ], [ 3281406.31215895479545, 2319371.029061796143651 ], [ 3281401.698798860888928, 2319370.426603596191853 ], [ 3281393.014438532758504, 2319370.303774976171553 ], [ 3281384.259424761403352, 2319370.183174995705485 ], [ 3281376.986136915162206, 2319369.569672584999353 ], [ 3281373.513102252036333, 2319368.929849391337484 ], [ 3281367.781940089538693, 2319367.3866818244569 ], [ 3281363.292959527578205, 2319365.808602207805961 ], [ 3281361.394560047890991, 2319364.933578141033649 ], [ 3281359.583135848399252, 2319364.094056926202029 ] ] ], [ [ [ 3279882.769767416175455, 2321054.372355151921511 ], [ 3279867.148136168718338, 2321016.833686294965446 ], [ 3279875.354881261475384, 2320965.642839324660599 ], [ 3279851.984952040482312, 2320953.155966544058174 ], [ 3279806.440531634259969, 2320920.859425493050367 ], [ 3279807.276891219895333, 2320897.028676707297564 ], [ 3279826.642499073874205, 2320827.301993063185364 ], [ 3279824.379894771613181, 2320813.481758750509471 ], [ 3279781.63887209398672, 2320740.428929741494358 ], [ 3279826.637157395016402, 2320697.009413646999747 ], [ 3279838.605295908637345, 2320668.854085756465793 ], [ 3279852.162519400939345, 2320621.464939900673926 ], [ 3279870.244878256693482, 2320601.716254452243447 ], [ 3279894.028090052306652, 2320602.288680329918861 ], [ 3279894.439802455715835, 2320590.364333112724125 ], [ 3279905.24212239170447, 2320569.526660735253245 ], [ 3279924.078693699557334, 2320554.384746882598847 ], [ 3279923.276596537791193, 2320516.888395088724792 ], [ 3279916.741466818843037, 2320510.930025626439601 ], [ 3279913.453370534814894, 2320508.816970302723348 ], [ 3279910.328901276923716, 2320507.517488137353212 ], [ 3279907.837827324867249, 2320506.492649093270302 ], [ 3279901.976355967111886, 2320505.144975223578513 ], [ 3279895.949067613109946, 2320504.333722213748842 ], [ 3279893.762407432775944, 2320504.300742147024721 ], [ 3279891.238978658337146, 2320504.25572612369433 ], [ 3279888.581800160929561, 2320504.447237155400217 ], [ 3279886.065927251242101, 2320504.634288880042732 ], [ 3279882.945959247183055, 2320505.221443721558899 ], [ 3279879.867633658461273, 2320506.186906565912068 ], [ 3279877.263460623566061, 2320507.383876882959157 ], [ 3279876.205688375514001, 2320507.863456551451236 ], [ 3279871.833352441899478, 2320510.344334152061492 ], [ 3279865.214319641701877, 2320514.842387341428548 ], [ 3279851.289111688733101, 2320525.714382324833423 ], [ 3279847.699494641274214, 2320527.956669056322426 ], [ 3279845.867658447474241, 2320529.099520387593657 ], [ 3279843.836033237166703, 2320530.013537981547415 ], [ 3279843.411598054692149, 2320530.209661564789712 ], [ 3279841.027746693231165, 2320530.769338244106621 ], [ 3279840.63682067906484, 2320530.736347720958292 ], [ 3279839.385142296086997, 2320530.651198225561529 ], [ 3279837.604171942453831, 2320529.501963074784726 ], [ 3279837.264460689388216, 2320528.790268938057125 ], [ 3279836.826815673615783, 2320527.852192471735179 ], [ 3279836.670972571242601, 2320526.03265803353861 ], [ 3279836.940833826549351, 2320524.148694502189755 ], [ 3279837.842530982103199, 2320521.352395122870803 ], [ 3279840.463825285434723, 2320515.860052610747516 ], [ 3279846.709107566159219, 2320504.12130945827812 ], [ 3279850.967353671323508, 2320496.109764067921788 ], [ 3279854.186807703226805, 2320491.730330060236156 ], [ 3279858.929362346418202, 2320486.739061837550253 ], [ 3279862.122922122478485, 2320483.37890962138772 ], [ 3279868.90350691229105, 2320476.954985985532403 ], [ 3279878.594294699840248, 2320468.600605187471956 ], [ 3279882.999219782650471, 2320463.90187958907336 ], [ 3279885.850418981630355, 2320460.185661066323519 ], [ 3279887.031559995375574, 2320457.918815789278597 ], [ 3279887.23717388138175, 2320457.2536546504125 ], [ 3279887.885737233795226, 2320455.080107739195228 ], [ 3279887.88833249360323, 2320454.166383637581021 ], [ 3279887.894330634735525, 2320453.211473675910383 ], [ 3279885.16223013214767, 2320450.280550333671272 ], [ 3279882.050565619952977, 2320446.20857488270849 ], [ 3279874.27714417502284, 2320436.032704971730709 ], [ 3279863.367951944470406, 2320424.488302403129637 ], [ 3279857.804320956580341, 2320417.771196054294705 ], [ 3279855.433213714975864, 2320416.735489291138947 ], [ 3279839.81514384271577, 2320409.892324513755739 ], [ 3279831.946158094331622, 2320401.549590631388128 ], [ 3279795.920736989937723, 2320437.064982198178768 ], [ 3279753.218543930444866, 2320480.07195763476193 ], [ 3279682.103464170359075, 2320537.544438657350838 ], [ 3279614.830270542763174, 2320589.605171351227909 ], [ 3279598.781146184075624, 2320584.714866174850613 ], [ 3279617.098982913419604, 2320612.262774844653904 ], [ 3279585.92923248372972, 2320622.09693661192432 ], [ 3279570.118244591634721, 2320627.089154506102204 ], [ 3279559.362169614061713, 2320630.485484131146222 ], [ 3279535.634348016232252, 2320655.596916540991515 ], [ 3279495.277325347065926, 2320683.986976609565318 ], [ 3279477.159717380069196, 2320717.958669702056795 ], [ 3279488.21076237782836, 2320742.0813750019297 ], [ 3279496.918640642892569, 2320780.831230361014605 ], [ 3279492.618460677098483, 2320812.38224777020514 ], [ 3279483.65584921091795, 2320858.956608317792416 ], [ 3279473.196332131978124, 2320896.325618136674166 ], [ 3279459.343676823191345, 2320912.969183876179159 ], [ 3279434.771036212798208, 2320922.013066743500531 ], [ 3279368.00204990291968, 2320933.710696026682854 ], [ 3279357.236898126080632, 2320940.335603403393179 ], [ 3279354.067374129779637, 2320978.791892699897289 ], [ 3279395.086419924162328, 2320983.447658753022552 ], [ 3279447.213256599381566, 2320998.00971967400983 ], [ 3279593.779091300908476, 2320981.810051966458559 ], [ 3279599.893313230480999, 2320990.216657823882997 ], [ 3279585.99390512984246, 2321021.074906670488417 ], [ 3279554.731398853473365, 2321090.511687315069139 ], [ 3279556.571042097173631, 2321116.248225229326636 ], [ 3279563.359145465306938, 2321157.709026759956032 ], [ 3279584.717221867758781, 2321201.346004127990454 ], [ 3279595.733229328878224, 2321239.691597250290215 ], [ 3279617.845608717296273, 2321287.935340940952301 ], [ 3279634.551324955187738, 2321346.593967653345317 ], [ 3279679.809704279992729, 2321348.142738240770996 ], [ 3279710.909673141781241, 2321335.59094130853191 ], [ 3279754.659581285901368, 2321327.926257506012917 ], [ 3279767.264432094059885, 2321347.037931075785309 ], [ 3279781.790926681831479, 2321363.448575521353632 ], [ 3279797.411177029367536, 2321400.977412112057209 ], [ 3279823.591054352000356, 2321503.000855008140206 ], [ 3279840.037602311000228, 2321516.700608539395034 ], [ 3279919.538254976738244, 2321481.452770997770131 ], [ 3280019.454162364359945, 2321411.830858930479735 ], [ 3280136.626026246696711, 2321346.289508412592113 ], [ 3280157.464348916895688, 2321299.999163080006838 ], [ 3280172.870559960138053, 2321278.344715894199908 ], [ 3280226.739015072118491, 2321216.79035347700119 ], [ 3280297.441874034237117, 2321171.242521251551807 ], [ 3280259.214308706577867, 2321125.821881072130054 ], [ 3280193.326538739260286, 2321099.463440769352019 ], [ 3280161.381801946088672, 2321135.857203631661832 ], [ 3280122.165295301936567, 2321171.150403161998838 ], [ 3280059.49845546670258, 2321222.404097690246999 ], [ 3279988.419506005942822, 2321265.653862201608717 ], [ 3279903.145389090757817, 2321309.016103986650705 ], [ 3279857.475401088129729, 2321319.391560731921345 ], [ 3279834.115292068570852, 2321306.902996808290482 ], [ 3279818.395143156405538, 2321167.510674187447876 ], [ 3279835.30981083214283, 2321155.069625789765269 ], [ 3279897.519858060404658, 2321129.964609708636999 ], [ 3279906.047779694665223, 2321095.29845814127475 ], [ 3279882.769767416175455, 2321054.372355151921511 ] ] ], [ [ [ 3284838.439386390149593, 2322593.993954331614077 ], [ 3284821.034178969915956, 2322599.659799628891051 ], [ 3284787.175603413488716, 2322568.906539413146675 ], [ 3284741.41456713154912, 2322562.865931858308613 ], [ 3284695.009911395609379, 2322583.442695101257414 ], [ 3284725.240455228835344, 2322653.319796967320144 ], [ 3284701.152382846456021, 2322719.294224456418306 ], [ 3284791.585949524305761, 2322714.193819968961179 ], [ 3284841.552979999221861, 2322747.07100635021925 ], [ 3284841.552979999221861, 2322589.901704682502896 ], [ 3284838.439386390149593, 2322593.993954331614077 ] ] ], [ [ [ 3284481.12600763188675, 2323523.896773910149932 ], [ 3284515.962152995169163, 2323493.269905183464289 ], [ 3284421.459722361993045, 2323461.995288393925875 ], [ 3284405.027289935387671, 2323456.562368496786803 ], [ 3284393.924624444451183, 2323452.885113126598299 ], [ 3284283.753589504864067, 2323447.297860127873719 ], [ 3284267.937432567588985, 2323446.495863243937492 ], [ 3284191.890545766334981, 2323467.333187993615866 ], [ 3284105.070363738108426, 2323546.974076922982931 ], [ 3284102.341410740744323, 2323546.97508092597127 ], [ 3284093.198606486432254, 2323559.789158181287348 ], [ 3284034.784888095688075, 2323588.558702661655843 ], [ 3284011.9292754502967, 2323598.112156511750072 ], [ 3283905.176545495167375, 2323642.765554896555841 ], [ 3283749.957968294154853, 2323492.746117165777832 ], [ 3283677.415853423532099, 2323501.838677614927292 ], [ 3283483.515845797490329, 2323618.865792258176953 ], [ 3283454.073246325366199, 2323692.649722252041101 ], [ 3283529.533998916856945, 2323789.603918874170631 ], [ 3283553.793560223653913, 2323794.386186215095222 ], [ 3283607.783158989157528, 2323727.140472401864827 ], [ 3283624.763387914747, 2323720.553998246788979 ], [ 3283707.581334077753127, 2323697.017800064291805 ], [ 3283808.353764721658081, 2323716.274582531768829 ], [ 3283808.204034599475563, 2323717.528644741978496 ], [ 3283841.976011791266501, 2323745.333703796844929 ], [ 3283898.039202609099448, 2323791.488001891411841 ], [ 3283899.735035172663629, 2323815.473783676512539 ], [ 3283987.225003705359995, 2323777.471415454987437 ], [ 3284099.700299697928131, 2323728.609228484798223 ], [ 3284192.452173821162432, 2323681.476523398421705 ], [ 3284235.31709066266194, 2323667.911483012139797 ], [ 3284275.107706737704575, 2323789.469717050902545 ], [ 3284270.757968720514327, 2323851.440605815500021 ], [ 3284244.238480106927454, 2323915.690921602770686 ], [ 3284189.738075942266732, 2324005.775894821155816 ], [ 3284156.336071643978357, 2324106.676763735711575 ], [ 3284178.212339474819601, 2324210.773529136553407 ], [ 3284841.552979999221861, 2324050.465671609155834 ], [ 3284841.552979999221861, 2323716.104715596418828 ], [ 3284764.439419410191476, 2323777.870110827963799 ], [ 3284824.612625483889133, 2323899.430689844302833 ], [ 3284691.753366087563336, 2323933.971395353320986 ], [ 3284670.389901376795024, 2323833.001959604211152 ], [ 3284566.191296348813921, 2323786.814099804963917 ], [ 3284464.51769830333069, 2323677.361776371020824 ], [ 3284391.494233225937933, 2323674.036259857006371 ], [ 3284376.654009060002863, 2323615.75097253639251 ], [ 3284411.552622455172241, 2323585.072440235875547 ], [ 3284481.12600763188675, 2323523.896773910149932 ] ] ], [ [ [ 3282525.013068853877485, 2324396.113043882884085 ], [ 3282525.186405044980347, 2324394.631576267071068 ], [ 3282519.323132377583534, 2324390.361607419326901 ], [ 3282520.157680813223124, 2324389.200661319307983 ], [ 3282531.645392274018377, 2324373.113665833137929 ], [ 3282538.041746757458895, 2324365.275521703995764 ], [ 3282547.621488535311073, 2324353.520899955648929 ], [ 3282551.140994955319911, 2324345.709759269375354 ], [ 3282551.133369775488973, 2324301.741655050776899 ], [ 3282548.699051705189049, 2324295.054623007774353 ], [ 3282543.885853305459023, 2324281.833209831267595 ], [ 3282544.843014978803694, 2324281.482888909988105 ], [ 3282545.196615524590015, 2324281.349916218779981 ], [ 3282546.563321191817522, 2324280.836527979001403 ], [ 3282547.625738373957574, 2324280.447474529966712 ], [ 3282552.171448873355985, 2324278.778518412262201 ], [ 3282551.904133760370314, 2324278.01353794708848 ], [ 3282551.467281117103994, 2324276.770876579917967 ], [ 3282549.935150695033371, 2324272.371375132352114 ], [ 3282553.714239046443254, 2324271.658660639543086 ], [ 3282560.228615957312286, 2324270.426220589783043 ], [ 3282574.901162832044065, 2324267.653108120430261 ], [ 3282578.21671855635941, 2324267.021591518539935 ], [ 3282578.725605517625809, 2324270.128934653010219 ], [ 3282567.429375330451876, 2324284.102098846808076 ], [ 3282564.942624364979565, 2324293.325494396500289 ], [ 3282573.540503327734768, 2324297.319402337539941 ], [ 3282576.187136085703969, 2324298.550440798513591 ], [ 3282592.781520472373813, 2324304.786595920100808 ], [ 3282611.558744844514877, 2324311.837804658804089 ], [ 3282617.075815998949111, 2324295.842845173552632 ], [ 3282625.024242052342743, 2324272.826079381629825 ], [ 3282702.521073853131384, 2324265.309341656509787 ], [ 3282746.751020619180053, 2324261.011966777965426 ], [ 3282851.192815767601132, 2324227.841260176617652 ], [ 3282870.994379272684455, 2324292.503384526818991 ], [ 3282880.167464913800359, 2324322.435181047767401 ], [ 3282888.7986018685624, 2324319.198244228493422 ], [ 3282895.280159774236381, 2324316.774179310537875 ], [ 3282995.94398400792852, 2324226.647762035485357 ], [ 3283017.000128245912492, 2324169.309597052633762 ], [ 3283034.935700116213411, 2324120.4838822260499 ], [ 3283042.352319561876357, 2324100.290122582577169 ], [ 3283047.262559876777232, 2324086.908020603470504 ], [ 3283142.301958306692541, 2324120.471106934826821 ], [ 3283124.803131220396608, 2324161.122532573528588 ], [ 3283162.954742273315787, 2324197.394457716029137 ], [ 3283071.848423493094742, 2324221.115265226457268 ], [ 3283036.798835558816791, 2324230.237881442531943 ], [ 3283003.784031122922897, 2324271.547252327203751 ], [ 3282974.422761420719326, 2324308.27947406610474 ], [ 3282986.51329070655629, 2324356.087591806426644 ], [ 3283053.801935360301286, 2324386.657107166014612 ], [ 3283080.054146291222423, 2324398.58911235909909 ], [ 3283094.234395785722882, 2324367.844410351477563 ], [ 3283166.731155911460519, 2324400.789576265960932 ], [ 3283174.87409630836919, 2324286.593790645711124 ], [ 3283209.678763496223837, 2324278.701405462808907 ], [ 3283226.639713975135237, 2324274.847754501737654 ], [ 3283236.782335328869522, 2324222.049506971612573 ], [ 3283284.789705047849566, 2324154.582293263636529 ], [ 3283333.435483651701361, 2324172.912101714406163 ], [ 3283366.29078615270555, 2324152.37249600328505 ], [ 3283370.643871890380979, 2324150.2705730330199 ], [ 3283376.678337422665209, 2324147.346483350731432 ], [ 3283379.240274827927351, 2324144.776927874423563 ], [ 3283381.608872744254768, 2324142.017991596832871 ], [ 3283383.757774669677019, 2324139.094585877843201 ], [ 3283385.668871120549738, 2324136.020030108746141 ], [ 3283387.353640043642372, 2324132.80246137548238 ], [ 3283388.013483870774508, 2324131.256091908551753 ], [ 3283388.785724925808609, 2324129.466791042592376 ], [ 3283389.948631723411381, 2324126.036203038878739 ], [ 3283390.855453825555742, 2324122.528698987327516 ], [ 3283391.499559656251222, 2324118.965735373552889 ], [ 3283391.854592673480511, 2324115.372223555110395 ], [ 3283391.941893283743411, 2324111.754573202691972 ], [ 3283391.873190165963024, 2324110.467727764509618 ], [ 3283391.746582864783704, 2324108.145832758396864 ], [ 3283391.655011455062777, 2324107.400809807702899 ], [ 3283344.77744466252625, 2323996.408944444730878 ], [ 3283265.37809915561229, 2324101.592643831390887 ], [ 3283167.291718904860318, 2324043.600219056941569 ], [ 3283156.002035475336015, 2324054.578501846641302 ], [ 3283130.246470499783754, 2324079.628290003165603 ], [ 3283047.109842839185148, 2324034.989649062044919 ], [ 3282953.453690570779145, 2324032.73299665376544 ], [ 3282912.864280615001917, 2324031.755033496767282 ], [ 3282886.086156179197133, 2324031.107888849917799 ], [ 3282685.043065661564469, 2323950.864341659937054 ], [ 3282700.544408026151359, 2323848.825100750662386 ], [ 3282807.644295709673315, 2323945.503552990965545 ], [ 3282871.455502583645284, 2323974.601872602943331 ], [ 3282944.050153964199126, 2323975.311417554505169 ], [ 3282953.388303504791111, 2323901.181952325627208 ], [ 3282943.306105338968337, 2323889.796758790500462 ], [ 3282920.454099326394498, 2323863.996241654269397 ], [ 3282951.702505213208497, 2323726.960543841123581 ], [ 3282883.293798034545034, 2323784.586248266510665 ], [ 3282854.205948507413268, 2323770.888046602718532 ], [ 3282876.461557739414275, 2323724.278974235057831 ], [ 3282868.587643893901259, 2323725.201512320898473 ], [ 3282826.060984146781266, 2323730.174408657941967 ], [ 3282773.410510479472578, 2323736.332064383663237 ], [ 3282696.259724301751703, 2323664.495112982112914 ], [ 3282692.566315154545009, 2323662.757387601770461 ], [ 3282691.949569342657924, 2323664.752853036858141 ], [ 3282684.323150279000401, 2323689.427966843359172 ], [ 3282685.097778997384012, 2323691.49429174605757 ], [ 3282685.526711296290159, 2323692.626713225618005 ], [ 3282674.709469311404973, 2323732.696407760959119 ], [ 3282677.930764781311154, 2323744.065637530758977 ], [ 3282678.065524041652679, 2323744.640736245550215 ], [ 3282678.206744963303208, 2323745.255293185822666 ], [ 3282679.188489992171526, 2323749.639563316479325 ], [ 3282676.742180220317096, 2323755.517277569044381 ], [ 3282675.120575877372175, 2323760.235784269403666 ], [ 3282673.670376291964203, 2323765.939019404351711 ], [ 3282670.573908432386816, 2323769.890967149287462 ], [ 3282668.439792031422257, 2323771.04614131199196 ], [ 3282666.817418099846691, 2323771.918875083792955 ], [ 3282657.654084608890116, 2323772.154026251286268 ], [ 3282654.004974315874279, 2323772.793211441487074 ], [ 3282652.489980117417872, 2323772.277221906930208 ], [ 3282650.041027183178812, 2323771.447893131524324 ], [ 3282649.6575808362104, 2323771.08886260073632 ], [ 3282648.425281229428947, 2323769.944947235751897 ], [ 3282639.576428543776274, 2323761.692427919246256 ], [ 3282618.789324391167611, 2323755.439713665749878 ], [ 3282601.177052050363272, 2323778.982129628770053 ], [ 3282588.616521677467972, 2323774.951691554859281 ], [ 3282536.619277067482471, 2323811.427607372868806 ], [ 3282543.463310759980232, 2323811.588545482140034 ], [ 3282546.439818866085261, 2323812.355903829447925 ], [ 3282549.163473905064166, 2323813.066077816300094 ], [ 3282551.376576463226229, 2323813.632289241068065 ], [ 3282546.986015560105443, 2323819.16055021667853 ], [ 3282525.808997815940529, 2323834.31642990745604 ], [ 3282507.73012929270044, 2323841.379869011230767 ], [ 3282483.924072470515966, 2323848.41147403139621 ], [ 3282469.325451465323567, 2323851.760162467136979 ], [ 3282450.355477140285075, 2323856.107962912414223 ], [ 3282448.607870378997177, 2323856.525707915425301 ], [ 3282415.813062933273613, 2323864.238892401568592 ], [ 3282404.904874884989113, 2323867.448535338509828 ], [ 3282395.353044835384935, 2323873.860609310213476 ], [ 3282394.475715466775, 2323874.450633506756276 ], [ 3282393.891367713455111, 2323874.847271168604493 ], [ 3282391.691202167887241, 2323876.714210892561823 ], [ 3282365.374757387675345, 2323899.082221780903637 ], [ 3282435.143908276222646, 2323887.804644086863846 ], [ 3282451.352228364907205, 2323885.178582529071718 ], [ 3282456.375357798300683, 2323884.937993153464049 ], [ 3282457.533769831061363, 2323884.887291250750422 ], [ 3282496.486345955636352, 2323883.056707368697971 ], [ 3282534.423439790029079, 2323881.282256820239127 ], [ 3282536.340401375200599, 2323879.048882693052292 ], [ 3282541.699113919399679, 2323879.246747794095427 ], [ 3282543.388827749993652, 2323880.148178400471807 ], [ 3282547.107915551867336, 2323882.104641451500356 ], [ 3282547.002849998883903, 2323886.790911902207881 ], [ 3282546.75489679723978, 2323898.534454725217074 ], [ 3282548.221531440503895, 2323902.843943497166038 ], [ 3282564.360671425703913, 2323903.822258740663528 ], [ 3282565.350735442247242, 2323919.966074233874679 ], [ 3282565.955880710389465, 2323929.794514027424157 ], [ 3282566.535400418564677, 2323963.565491563174874 ], [ 3282569.440996329300106, 2324004.539688757620752 ], [ 3282572.248846539761871, 2324056.439635569695383 ], [ 3282577.170630193315446, 2324118.583654901012778 ], [ 3282577.542043525725603, 2324123.267651285976171 ], [ 3282578.324580694083124, 2324133.125918828416616 ], [ 3282575.685259055346251, 2324131.629761633463204 ], [ 3282573.716841897461563, 2324130.513314650394022 ], [ 3282547.830828586127609, 2324130.481286752037704 ], [ 3282539.280742823146284, 2324127.026973043568432 ], [ 3282539.202002163045108, 2324125.802763747982681 ], [ 3282538.805407296866179, 2324119.5401581521146 ], [ 3282538.182624158449471, 2324109.542282497044653 ], [ 3282537.624043594580144, 2324100.679835251532495 ], [ 3282528.449086744338274, 2324100.967803825624287 ], [ 3282500.592297483701259, 2324101.84926952701062 ], [ 3282495.171784418169409, 2324102.017406738363206 ], [ 3282484.634708905126899, 2324102.35117805423215 ], [ 3282481.869592224713415, 2324104.733131954912096 ], [ 3282474.629940717946738, 2324110.953298435080796 ], [ 3282469.893256857059896, 2324111.580064214300364 ], [ 3282466.068762175738811, 2324112.077486330643296 ], [ 3282463.369769686833024, 2324111.951558553148061 ], [ 3282459.169306022580713, 2324111.763919421937317 ], [ 3282456.891912956256419, 2324109.504185684490949 ], [ 3282456.555224022828043, 2324108.873128736391664 ], [ 3282453.034953713417053, 2324102.183524446096271 ], [ 3282446.749102439731359, 2324102.76708289142698 ], [ 3282440.032705516554415, 2324103.38546999450773 ], [ 3282436.124804498627782, 2324103.7452906165272 ], [ 3282396.730202963575721, 2324107.398794292472303 ], [ 3282393.062232066877186, 2324107.736884658224881 ], [ 3282389.343344959896058, 2324109.250864568166435 ], [ 3282384.864543822593987, 2324111.080615115817636 ], [ 3282384.12251815572381, 2324132.13488395139575 ], [ 3282363.849037845619023, 2324133.788600110448897 ], [ 3282360.781859204173088, 2324128.998404073063284 ], [ 3282354.155269360169768, 2324131.589995442889631 ], [ 3282354.666172333993018, 2324132.789241953752935 ], [ 3282356.347325788810849, 2324136.178322099614888 ], [ 3282360.386267628520727, 2324146.592558118514717 ], [ 3282364.50699022738263, 2324155.957416575402021 ], [ 3282367.994292775169015, 2324163.870505657512695 ], [ 3282373.224649236071855, 2324175.364784271456301 ], [ 3282374.084658738225698, 2324177.456749882549047 ], [ 3282374.96099274372682, 2324179.586446242406964 ], [ 3282376.088095332030207, 2324177.795841594226658 ], [ 3282383.576779228169471, 2324165.910272303968668 ], [ 3282388.620927976444364, 2324160.47042664187029 ], [ 3282395.240497782360762, 2324153.313660196494311 ], [ 3282398.906555362511426, 2324148.937170509714633 ], [ 3282402.317128665745258, 2324144.859123876318336 ], [ 3282407.155187172815204, 2324139.090070647187531 ], [ 3282412.08839158853516, 2324133.963943797163665 ], [ 3282415.721554762218148, 2324130.191925572697073 ], [ 3282427.331368779763579, 2324133.434976032935083 ], [ 3282430.530045311432332, 2324135.249196719378233 ], [ 3282433.280913958791643, 2324136.80698999017477 ], [ 3282433.740199819207191, 2324137.071554499678314 ], [ 3282440.995232759043574, 2324139.494410433806479 ], [ 3282449.284768048673868, 2324138.570013628806919 ], [ 3282455.085270395502448, 2324141.775333075318485 ], [ 3282457.472676027566195, 2324143.467827522661537 ], [ 3282464.904532223008573, 2324143.749018202535808 ], [ 3282466.188635616097599, 2324146.943812913261354 ], [ 3282466.686275717336684, 2324148.185972983948886 ], [ 3282468.768782122991979, 2324148.450331997592002 ], [ 3282470.62300691800192, 2324148.683645906858146 ], [ 3282472.662832706235349, 2324148.935186214279383 ], [ 3282473.699154729489237, 2324149.068229594267905 ], [ 3282483.872062399983406, 2324146.758582786656916 ], [ 3282485.694655217695981, 2324146.550945275928825 ], [ 3282489.985744561068714, 2324146.052971257828176 ], [ 3282492.674445291049778, 2324145.744357137475163 ], [ 3282494.62420017644763, 2324151.207228216342628 ], [ 3282495.517569724470377, 2324156.662340977229178 ], [ 3282495.968293443322182, 2324159.414558848831803 ], [ 3282497.786662243306637, 2324161.906913515180349 ], [ 3282498.691723218653351, 2324163.158886945806444 ], [ 3282508.17496335413307, 2324163.080744484439492 ], [ 3282516.010494738817215, 2324171.216476378031075 ], [ 3282516.439685283228755, 2324171.668969205580652 ], [ 3282528.992242660839111, 2324177.385262528900057 ], [ 3282521.941306418739259, 2324196.09446709882468 ], [ 3282520.892006791196764, 2324198.855752717703581 ], [ 3282522.050478277727962, 2324212.372334913350642 ], [ 3282536.323699428699911, 2324241.542676885146648 ], [ 3282516.153583952225745, 2324249.155169983860105 ], [ 3282510.458140302915126, 2324251.299509778153151 ], [ 3282506.931996966712177, 2324252.627510575577617 ], [ 3282505.547181941568851, 2324253.154219246003777 ], [ 3282502.011176412925124, 2324254.483948007691652 ], [ 3282498.336864338256419, 2324257.694909894838929 ], [ 3282457.702876548748463, 2324276.949250712059438 ], [ 3282464.15065011754632, 2324293.77085885964334 ], [ 3282433.466839721426368, 2324305.142975988332182 ], [ 3282433.354568770155311, 2324308.29824539180845 ], [ 3282433.262438079342246, 2324310.709213393740356 ], [ 3282431.367519102524966, 2324312.705351528711617 ], [ 3282431.734614041168243, 2324317.177016678266227 ], [ 3282432.443633404560387, 2324325.71885322034359 ], [ 3282433.754365190863609, 2324329.385923189111054 ], [ 3282448.041833177674562, 2324369.421848995611072 ], [ 3282438.122589303180575, 2324373.280260674189776 ], [ 3282444.643989586271346, 2324393.772555829957128 ], [ 3282449.201191958971322, 2324405.120928356423974 ], [ 3282451.107219406403601, 2324412.732609456870705 ], [ 3282451.903928426560014, 2324416.915922124870121 ], [ 3282453.244814603589475, 2324423.926416657865047 ], [ 3282453.432725476101041, 2324424.887963909655809 ], [ 3282458.534092904999852, 2324437.886401838157326 ], [ 3282465.600952628068626, 2324454.832973862998188 ], [ 3282468.78381825517863, 2324456.42671597097069 ], [ 3282472.199642988853157, 2324458.142011879011989 ], [ 3282472.453942371532321, 2324458.269974945578724 ], [ 3282477.066648171748966, 2324462.647380228154361 ], [ 3282479.898206289391965, 2324464.140300272032619 ], [ 3282481.481392404530197, 2324464.94876373745501 ], [ 3282483.877915964461863, 2324467.502205951604992 ], [ 3282487.085297327954322, 2324470.918220823630691 ], [ 3282489.73989691445604, 2324475.790844674222171 ], [ 3282490.869432333856821, 2324477.855895593296736 ], [ 3282492.816174624953419, 2324479.087759053800255 ], [ 3282494.559545019175857, 2324480.192885984666646 ], [ 3282495.621734334155917, 2324481.660878513008356 ], [ 3282496.942562643438578, 2324483.469173457473516 ], [ 3282497.336983318906277, 2324484.019085441716015 ], [ 3282497.96708707511425, 2324484.893025859259069 ], [ 3282494.531990699470043, 2324490.122058556880802 ], [ 3282488.733396811410785, 2324495.105515715666115 ], [ 3282486.043877465650439, 2324496.895830230321735 ], [ 3282488.716722179204226, 2324504.667470769956708 ], [ 3282491.735109384171665, 2324513.433932336047292 ], [ 3282485.177000286988914, 2324516.815198529977351 ], [ 3282481.06049826880917, 2324518.936661997810006 ], [ 3282486.0046152677387, 2324532.957116959616542 ], [ 3282474.091909839771688, 2324537.032818996347487 ], [ 3282475.658569909166545, 2324540.837718608323485 ], [ 3282485.760221865028143, 2324568.9427246209234 ], [ 3282494.802133307326585, 2324594.10791051061824 ], [ 3282497.591724188067019, 2324601.848957193549722 ], [ 3282498.903501335531473, 2324610.47802772000432 ], [ 3282506.601490331348032, 2324621.428448628634214 ], [ 3282516.744034355971962, 2324625.314119208604097 ], [ 3282520.065820790361613, 2324626.579098550602794 ], [ 3282540.729931796900928, 2324629.788662429898977 ], [ 3282561.415503054857254, 2324634.739860713947564 ], [ 3282564.424998403061181, 2324635.460838021244854 ], [ 3282594.621321632992476, 2324578.865070952568203 ], [ 3282571.798154236748815, 2324427.736829042900354 ], [ 3282564.067870714701712, 2324432.571559563279152 ], [ 3282558.722317099105567, 2324435.923063076101243 ], [ 3282555.582692163530737, 2324437.690740407444537 ], [ 3282547.379861637018621, 2324442.30382312182337 ], [ 3282534.701253114733845, 2324445.295952659565955 ], [ 3282527.756943128537387, 2324446.938588105142117 ], [ 3282528.078570123296231, 2324446.486492701340467 ], [ 3282529.399911068379879, 2324437.457075526472181 ], [ 3282530.900276648346335, 2324431.998692279681563 ], [ 3282530.3433499308303, 2324423.704196328297257 ], [ 3282529.691719966009259, 2324421.707644797395915 ], [ 3282528.73706189263612, 2324418.790006638504565 ], [ 3282522.14248329307884, 2324417.550349947996438 ], [ 3282524.853164504282176, 2324397.490682833828032 ], [ 3282525.013068853877485, 2324396.113043882884085 ] ] ], [ [ [ 3284772.299759400542825, 2325463.077627818100154 ], [ 3284778.0092808669433, 2325462.382094495929778 ], [ 3284788.950079452246428, 2325461.044346167705953 ], [ 3284795.981312289834023, 2325458.879337053280324 ], [ 3284799.1483428417705, 2325457.898473636247218 ], [ 3284823.986283789854497, 2325450.230173600837588 ], [ 3284825.985807314515114, 2325449.616146629210562 ], [ 3284834.579218309372663, 2325446.954302328638732 ], [ 3284841.552979999221861, 2325443.279351855628192 ], [ 3284841.552979999221861, 2325197.678157542832196 ], [ 3284822.635585873853415, 2325199.468616150319576 ], [ 3284815.735965596046299, 2325202.747070474084467 ], [ 3284809.193348874803632, 2325205.851379663217813 ], [ 3284800.439414258580655, 2325209.515478405635804 ], [ 3284792.604982710443437, 2325212.785148746799678 ], [ 3284792.974205174483359, 2325202.278727649711072 ], [ 3284793.177301213145256, 2325196.580864786170423 ], [ 3284778.314789490308613, 2325194.353627282194793 ], [ 3284779.034958157688379, 2325187.043084111064672 ], [ 3284779.526887146290392, 2325182.055697193834931 ], [ 3284775.108187128324062, 2325179.978129734285176 ], [ 3284770.799421199131757, 2325177.952341411728412 ], [ 3284753.264085534960032, 2325198.740919848438352 ], [ 3284740.957791103050113, 2325211.997553068213165 ], [ 3284732.729990863706917, 2325220.856358587276191 ], [ 3284720.18604370765388, 2325232.723828874528408 ], [ 3284711.372990028467029, 2325238.752517237793654 ], [ 3284707.6512187756598, 2325241.301920985803008 ], [ 3284702.806837556418031, 2325244.616196342743933 ], [ 3284690.109177159145474, 2325256.226471641100943 ], [ 3284685.953482981305569, 2325260.028983780182898 ], [ 3284683.191267358139157, 2325262.552400348242372 ], [ 3284651.305159564130008, 2325239.947157624643296 ], [ 3284606.666490831878036, 2325164.007731060497463 ], [ 3284595.588251569774002, 2325154.471152710262686 ], [ 3284592.085244799498469, 2325152.781186261679977 ], [ 3284590.05742398602888, 2325145.231442261487246 ], [ 3284588.963035349734128, 2325141.151019349694252 ], [ 3284586.413232689723372, 2325131.653049980290234 ], [ 3284581.230900064576417, 2325121.753603650256991 ], [ 3284569.583848714828491, 2325134.265669846441597 ], [ 3284528.789837061427534, 2325108.065666793845594 ], [ 3284507.497378147207201, 2325094.391882389783859 ], [ 3284484.497787686064839, 2325145.930619054008275 ], [ 3284516.157776193227619, 2325185.491287972778082 ], [ 3284521.641036392189562, 2325192.334371834993362 ], [ 3284525.899616377428174, 2325197.646577639505267 ], [ 3284533.133090526796877, 2325206.689560660626739 ], [ 3284534.438501639757305, 2325214.660109999123961 ], [ 3284540.316097020637244, 2325250.547313837334514 ], [ 3284540.388799692038447, 2325250.991218253970146 ], [ 3284540.442114988341928, 2325251.316748168319464 ], [ 3284529.190351095516235, 2325258.746752992272377 ], [ 3284512.187645169440657, 2325269.964408273342997 ], [ 3284482.313556302338839, 2325289.687262733466923 ], [ 3284473.574383254162967, 2325290.406063078437001 ], [ 3284450.176466346718371, 2325274.655506222043186 ], [ 3284434.6565883718431, 2325264.202233678661287 ], [ 3284423.414077205583453, 2325274.228409469127655 ], [ 3284443.572339402046055, 2325294.04725480498746 ], [ 3284472.322187450248748, 2325317.201712709851563 ], [ 3284490.132994764018804, 2325320.891260156873614 ], [ 3284508.163840107619762, 2325324.623454187531024 ], [ 3284506.68481816444546, 2325340.184943080414087 ], [ 3284504.564393959473819, 2325351.830207917839289 ], [ 3284500.187837278936058, 2325355.894672328606248 ], [ 3284496.50640167016536, 2325359.309721137396991 ], [ 3284486.397653568536043, 2325368.700982769019902 ], [ 3284490.155369626358151, 2325376.901627697981894 ], [ 3284504.54524002969265, 2325397.923583945259452 ], [ 3284511.321262457408011, 2325407.828048963565379 ], [ 3284506.430922566447407, 2325411.728814110159874 ], [ 3284504.279255014378577, 2325421.01518699945882 ], [ 3284504.156157342717052, 2325421.564417818561196 ], [ 3284503.863543974235654, 2325422.813074567355216 ], [ 3284484.282203420996666, 2325437.9224185324274 ], [ 3284482.009617228526622, 2325442.815801231190562 ], [ 3284479.485722621902823, 2325448.280870855785906 ], [ 3284451.400696977507323, 2325472.236565514001995 ], [ 3284443.703598605468869, 2325481.114139757119119 ], [ 3284432.841932495124638, 2325493.651120482943952 ], [ 3284420.692946801893413, 2325502.354561085812747 ], [ 3284416.497071066871285, 2325502.876351948827505 ], [ 3284414.368738117162138, 2325503.137497308198363 ], [ 3284405.576158225536346, 2325505.945922279264778 ], [ 3284398.677465599030256, 2325510.096985746175051 ], [ 3284396.788488909602165, 2325511.138160098344088 ], [ 3284392.836074895225465, 2325513.332245518453419 ], [ 3284389.803493286017329, 2325515.010062367189676 ], [ 3284386.185360335744917, 2325516.333797391504049 ], [ 3284385.41898534167558, 2325516.610090674832463 ], [ 3284380.603593683801591, 2325518.366767477244139 ], [ 3284380.592579183168709, 2325522.945236768107861 ], [ 3284379.933944431133568, 2325527.03842981159687 ], [ 3284379.138109947089106, 2325532.02834156807512 ], [ 3284378.772153595462441, 2325534.253863664343953 ], [ 3284378.611660593189299, 2325535.256137356162071 ], [ 3284377.889273968990892, 2325539.827283788938075 ], [ 3284369.685813150368631, 2325548.834159586578608 ], [ 3284365.92229553963989, 2325559.366887655109167 ], [ 3284353.566525659058243, 2325566.807689227629453 ], [ 3284349.357424640096724, 2325568.549509286414832 ], [ 3284348.464286198839545, 2325568.919038663618267 ], [ 3284342.618629065342247, 2325571.322957281023264 ], [ 3284322.395411737263203, 2325590.441496695391834 ], [ 3284307.439645622391254, 2325604.740805149078369 ], [ 3284297.65734337316826, 2325613.151547075714916 ], [ 3284284.691673814319074, 2325624.301580701954663 ], [ 3284276.041664160788059, 2325626.060164328664541 ], [ 3284269.620728636160493, 2325627.367443053051829 ], [ 3284251.872111114673316, 2325646.976037656888366 ], [ 3284238.832868493627757, 2325661.371679999865592 ], [ 3284841.552979999221861, 2325661.371679999865592 ], [ 3284841.552979999221861, 2325603.950154487043619 ], [ 3284772.299759400542825, 2325463.077627818100154 ] ] ], [ [ [ 3284167.965141841676086, 2325659.023890700191259 ], [ 3284161.411376337986439, 2325653.697645003907382 ], [ 3284158.370518720708787, 2325651.236723750829697 ], [ 3284154.082575344946235, 2325661.371679999865592 ], [ 3284170.178293357603252, 2325661.371679999865592 ], [ 3284167.965141841676086, 2325659.023890700191259 ] ] ] ] } }
]
}
