{
"type": "FeatureCollection",
"name": "Regumiel_de_la_Sierra",
"crs": { "type": "name", "properties": { "name": "urn:ogc:def:crs:EPSG::3035" } },
"features": [
{ "type": "Feature", "properties": { "CODE_18": "112", "Uso": "Tejido urbano discontinuo", "color": "#FF0000" }, "geometry": { "type": "MultiPolygon", "coordinates": [ [ [ [ 3251008.901426604017615, 2186483.839292373508215 ], [ 3251010.829559879377484, 2186485.40861083380878 ], [ 3251018.194995782338083, 2186491.422066302038729 ], [ 3251022.417170749045908, 2186487.583187661133707 ], [ 3251043.313071934506297, 2186468.629069108515978 ], [ 3251030.523175542708486, 2186453.597298755776137 ], [ 3251049.644951932597905, 2186438.11565942550078 ], [ 3251063.128613542765379, 2186427.196465495508164 ], [ 3251106.927089426200837, 2186382.916569125838578 ], [ 3251126.368721046485007, 2186363.253283541183919 ], [ 3251153.057489555794746, 2186374.906567929312587 ], [ 3251181.571602190844715, 2186387.36655144719407 ], [ 3251230.276310588698834, 2186394.488396892789751 ], [ 3251235.489226565696299, 2186394.146352504845709 ], [ 3251276.098959411494434, 2186391.489355179481208 ], [ 3251301.113890158012509, 2186386.546072717756033 ], [ 3251330.073358150199056, 2186380.823195358738303 ], [ 3251368.196976357139647, 2186357.291554863099009 ], [ 3251406.186843859031796, 2186340.666518017183989 ], [ 3251388.975871725007892, 2186331.322814904153347 ], [ 3251333.62703735427931, 2186301.274097633548081 ], [ 3251331.941977989859879, 2186298.820956846699119 ], [ 3251331.02366653829813, 2186297.470757972449064 ], [ 3251313.881525175180286, 2186284.465638258960098 ], [ 3251308.441221443936229, 2186281.512184804771096 ], [ 3251303.766459281556308, 2186278.962411171756685 ], [ 3251301.830970793962479, 2186274.454556023702025 ], [ 3251299.88401881698519, 2186269.938564245123416 ], [ 3251302.588901313953102, 2186267.956072566565126 ], [ 3251312.038633631542325, 2186261.035588590428233 ], [ 3251369.001811878755689, 2186238.007621441036463 ], [ 3251415.31570912245661, 2186221.197171868756413 ], [ 3251439.123256082646549, 2186211.477166455239058 ], [ 3251456.759413490071893, 2186204.273629747796804 ], [ 3251463.168462181929499, 2186200.965545270126313 ], [ 3251470.589634349569678, 2186197.136170896701515 ], [ 3251475.601796966046095, 2186194.984211086295545 ], [ 3251479.818089364096522, 2186193.184020410757512 ], [ 3251484.906374412123114, 2186190.937679805327207 ], [ 3251492.09723684610799, 2186187.756736750714481 ], [ 3251524.516930487938225, 2186165.737719904631376 ], [ 3251548.86053879186511, 2186149.213379848282784 ], [ 3251608.835949796717614, 2186107.301587785128504 ], [ 3251670.246112042106688, 2186065.474081237800419 ], [ 3251687.594610499218106, 2186053.657735782675445 ], [ 3251688.557897434569895, 2186045.035186756867915 ], [ 3251689.246410490013659, 2186038.923934805672616 ], [ 3251625.556761542335153, 2186082.791402532719076 ], [ 3251588.969296704046428, 2186107.666419809684157 ], [ 3251551.879160580225289, 2186105.968231860548258 ], [ 3251533.374530139844865, 2186106.78473743237555 ], [ 3251484.112083839252591, 2186108.974627028685063 ], [ 3251479.375938021577895, 2186118.245453985407948 ], [ 3251475.565108842682093, 2186125.702434971928596 ], [ 3251424.398005813825876, 2186137.034048757981509 ], [ 3251399.023739255499095, 2186139.059558683540672 ], [ 3251371.291644527576864, 2186121.445033967960626 ], [ 3251335.997985578142107, 2186081.88506693020463 ], [ 3251292.428435594774783, 2186080.668995931278914 ], [ 3251263.916433230042458, 2186063.190614845603704 ], [ 3251244.546044627204537, 2186037.700034745037556 ], [ 3251176.048786141443998, 2185956.623942608013749 ], [ 3251204.732179197482765, 2185948.435244872700423 ], [ 3251226.711448647081852, 2185942.166668542660773 ], [ 3251221.85265598166734, 2185926.967301648110151 ], [ 3251174.185566935688257, 2185933.947646422311664 ], [ 3251164.587629566900432, 2185935.359035736415535 ], [ 3251127.494734838604927, 2185939.429689386859536 ], [ 3251129.371658843941987, 2185906.216854266822338 ], [ 3251131.319330328144133, 2185897.341385412961245 ], [ 3251137.226721780374646, 2185870.359083961229771 ], [ 3251095.719452768564224, 2185827.078528294339776 ], [ 3251025.806243696250021, 2185767.102035116869956 ], [ 3251005.161720600910485, 2185858.118420403916389 ], [ 3251008.031364205293357, 2185861.307590192183852 ], [ 3251012.017085207160562, 2185865.751617298461497 ], [ 3251022.815985610708594, 2185866.938641185406595 ], [ 3251037.357400757260621, 2185868.547094449400902 ], [ 3251038.416617693379521, 2185890.015449565835297 ], [ 3251006.117052175570279, 2185923.722316859755665 ], [ 3250999.373147655278444, 2185925.39596042688936 ], [ 3250984.500953565351665, 2185929.096358324401081 ], [ 3250970.837724132463336, 2185953.934887010138482 ], [ 3250941.779884233139455, 2185987.349819105584174 ], [ 3250951.591284377966076, 2186032.542785241268575 ], [ 3250962.540768217295408, 2186088.74899610504508 ], [ 3250916.999418795108795, 2186116.69769747601822 ], [ 3250928.242700458038598, 2186135.983310332521796 ], [ 3250960.065874228719622, 2186116.054879503324628 ], [ 3250983.551775746047497, 2186121.951537609100342 ], [ 3250989.147401060909033, 2186119.200974532403052 ], [ 3250993.407974619418383, 2186117.109168817289174 ], [ 3251024.377407155930996, 2186142.329227557405829 ], [ 3251013.773735202848911, 2186154.175125944428146 ], [ 3250986.939640276134014, 2186170.11055744253099 ], [ 3250991.338674659375101, 2186181.831999108660966 ], [ 3250931.960843714419752, 2186217.193156908266246 ], [ 3250895.686599756591022, 2186217.279164240695536 ], [ 3250898.667319567874074, 2186228.011383011937141 ], [ 3250844.458985992241651, 2186244.963368226308376 ], [ 3250838.719167434144765, 2186233.739487664308399 ], [ 3250828.913689089938998, 2186214.557749511674047 ], [ 3250800.652041720692068, 2186097.629398818127811 ], [ 3250777.937270170077682, 2186100.346731619443744 ], [ 3250758.958955773152411, 2186106.781160849146545 ], [ 3250768.135813308879733, 2186248.916615034453571 ], [ 3250789.197018166072667, 2186270.857959306798875 ], [ 3250795.970090817660093, 2186287.162785849533975 ], [ 3250805.854458353016526, 2186310.983795390464365 ], [ 3250714.391846975311637, 2186386.786962907295674 ], [ 3250687.604798193089664, 2186370.751415024977177 ], [ 3250676.350529672577977, 2186415.292433108668774 ], [ 3250674.143845925107598, 2186444.447355119045824 ], [ 3250647.79410482570529, 2186452.502950853202492 ], [ 3250608.281758211553097, 2186443.28058239351958 ], [ 3250550.078545005992055, 2186439.631668236106634 ], [ 3250537.118187860585749, 2186429.140841112472117 ], [ 3250548.038206066936255, 2186407.244102272670716 ], [ 3250577.560327310115099, 2186410.982086398173124 ], [ 3250585.754325104877353, 2186392.886188309174031 ], [ 3250499.900583570823073, 2186350.117689698934555 ], [ 3250491.346600035205483, 2186366.046213292982429 ], [ 3250511.762219787109643, 2186389.144317575264722 ], [ 3250523.180437596980482, 2186390.709707041271031 ], [ 3250495.645821772515774, 2186444.123981113079935 ], [ 3250546.149047434795648, 2186454.276628434192389 ], [ 3250548.782976470422, 2186454.810389945283532 ], [ 3250545.275963888503611, 2186496.032746065407991 ], [ 3250543.258042511530221, 2186519.690740413032472 ], [ 3250539.317704835906625, 2186531.124061335809529 ], [ 3250503.985034024808556, 2186526.981013503856957 ], [ 3250474.262415626551956, 2186522.000775830354542 ], [ 3250457.972727921791375, 2186520.56588247930631 ], [ 3250434.504884397145361, 2186516.541753398254514 ], [ 3250410.056522897444665, 2186512.354233552701771 ], [ 3250389.525230197701603, 2186507.908832511864603 ], [ 3250373.246018236968666, 2186503.268723398447037 ], [ 3250366.515708362683654, 2186499.618000327143818 ], [ 3250356.861128729768097, 2186494.389363404363394 ], [ 3250357.529502036981285, 2186502.554948586039245 ], [ 3250369.100201627239585, 2186523.050585410092026 ], [ 3250377.044216186739504, 2186537.113451101351529 ], [ 3250401.642006428446621, 2186540.403057512361556 ], [ 3250435.149824664928019, 2186567.450613693799824 ], [ 3250467.213048360310495, 2186576.807152200490236 ], [ 3250525.212464483454823, 2186575.797883145045489 ], [ 3250541.781274994835258, 2186586.571283352561295 ], [ 3250575.478417739737779, 2186604.604146317578852 ], [ 3250588.180917478166521, 2186577.337726132012904 ], [ 3250629.203080267645419, 2186586.418192660901695 ], [ 3250632.409907692112029, 2186583.395126278046519 ], [ 3250647.388270314782858, 2186569.285190737340599 ], [ 3250656.927608478814363, 2186552.292607612907887 ], [ 3250685.069128175731748, 2186560.620505310129374 ], [ 3250686.835865037515759, 2186554.209469168912619 ], [ 3250707.290598602034152, 2186564.091822665184736 ], [ 3250739.092552272602916, 2186582.708969746250659 ], [ 3250736.006495277862996, 2186595.787484569940716 ], [ 3250730.885374058037996, 2186617.513539022766054 ], [ 3250774.413249154575169, 2186644.444585340097547 ], [ 3250783.984736353158951, 2186668.087095255032182 ], [ 3250794.946456734556705, 2186678.835545066744089 ], [ 3250786.728992775082588, 2186693.012382825370878 ], [ 3250782.32086833845824, 2186700.604168592020869 ], [ 3250750.435547524131835, 2186695.808653444051743 ], [ 3250749.747522952966392, 2186720.096222506370395 ], [ 3250779.252052200958133, 2186717.248038494493812 ], [ 3250779.587085663806647, 2186735.862599952146411 ], [ 3250779.967419622465968, 2186757.398958912584931 ], [ 3250797.537132810801268, 2186787.704783525783569 ], [ 3250811.204807365778834, 2186779.561366794630885 ], [ 3250823.714564450085163, 2186801.849686279892921 ], [ 3250830.61263700760901, 2186814.148763986304402 ], [ 3250839.001111553050578, 2186833.983367721550167 ], [ 3250847.376537039875984, 2186853.799976699985564 ], [ 3250918.740864770486951, 2186874.717218918725848 ], [ 3250936.703670703805983, 2186900.352104313671589 ], [ 3250968.342821032274514, 2186882.178819640073925 ], [ 3250972.371529460884631, 2186879.782767687924206 ], [ 3251023.005261341109872, 2186849.61692307330668 ], [ 3251054.995856663677841, 2186833.683569631539285 ], [ 3251091.296982697211206, 2186815.842304844409227 ], [ 3251085.125240905676037, 2186804.521427071187645 ], [ 3251079.834222428500652, 2186794.820881164632738 ], [ 3251080.750246649608016, 2186785.780694244429469 ], [ 3251081.606040310114622, 2186777.2477499791421 ], [ 3251067.402840705122799, 2186746.354364548809826 ], [ 3251074.016864058561623, 2186743.436174131929874 ], [ 3251080.307958018034697, 2186740.655441888142377 ], [ 3251080.708256387151778, 2186700.309908038936555 ], [ 3251039.465675496961921, 2186701.749621053226292 ], [ 3251027.805241099558771, 2186698.43210688047111 ], [ 3251006.857795316725969, 2186692.477702386677265 ], [ 3251005.017078746575862, 2186652.523271192796528 ], [ 3250972.773944645188749, 2186642.052324760239571 ], [ 3250961.237431854009628, 2186638.307699585799128 ], [ 3250977.270893113687634, 2186620.546771552413702 ], [ 3250985.322343321051449, 2186611.629840803332627 ], [ 3251004.013521121349186, 2186584.991110513918102 ], [ 3251002.787594605237246, 2186583.370203181635588 ], [ 3251000.879288133233786, 2186580.854652248322964 ], [ 3250957.454296375624835, 2186550.033036437816918 ], [ 3250986.407619505189359, 2186501.571978727355599 ], [ 3251008.901426604017615, 2186483.839292373508215 ] ] ], [ [ [ 3243455.843198512680829, 2191173.250245232600719 ], [ 3243488.091186105273664, 2191193.367270033806562 ], [ 3243499.08062048163265, 2191204.596636136528105 ], [ 3243510.287558608222753, 2191216.041460480540991 ], [ 3243515.484710045158863, 2191235.14652722934261 ], [ 3243522.193116404116154, 2191259.837382115423679 ], [ 3243522.824422480538487, 2191276.31343630515039 ], [ 3243523.456680128350854, 2191292.606836129445583 ], [ 3243494.72803252376616, 2191324.188857313245535 ], [ 3243485.124723536893725, 2191338.25585148204118 ], [ 3243477.351651749573648, 2191349.640827524475753 ], [ 3243448.557833343744278, 2191394.454744692891836 ], [ 3243435.136360647622496, 2191411.652516696602106 ], [ 3243402.622223621699959, 2191387.374603379052132 ], [ 3243390.832959625869989, 2191378.231564205605537 ], [ 3243375.514019121415913, 2191366.339305900968611 ], [ 3243361.15660160779953, 2191345.255890964530408 ], [ 3243340.755156223662198, 2191315.282772487960756 ], [ 3243336.715967534575611, 2191312.206904258113354 ], [ 3243328.83725799061358, 2191306.223049059510231 ], [ 3243282.443467454984784, 2191299.699544227682054 ], [ 3243277.726991144008934, 2191322.027144029270858 ], [ 3243275.728343619965017, 2191331.521182536613196 ], [ 3243266.913185199722648, 2191333.061423848383129 ], [ 3243266.254630743525922, 2191326.282389034517109 ], [ 3243221.037584679201245, 2191315.670331696979702 ], [ 3243221.08524407306686, 2191307.41949596721679 ], [ 3243221.164356881286949, 2191291.508684386033565 ], [ 3243201.699847453739494, 2191288.198054624721408 ], [ 3243158.197112958878279, 2191280.784245238173753 ], [ 3243099.759401926305145, 2191278.119247821159661 ], [ 3243069.935939999762923, 2191273.067618192173541 ], [ 3243069.935939999762923, 2191685.702978208661079 ], [ 3243089.698787738569081, 2191679.81723751174286 ], [ 3243110.999827211722732, 2191696.382239633239806 ], [ 3243146.01753612048924, 2191714.920161462854594 ], [ 3243158.20170484110713, 2191724.30844914726913 ], [ 3243161.168373501859605, 2191726.588283052667975 ], [ 3243190.03569807484746, 2191742.490232055075467 ], [ 3243310.307513716630638, 2191808.746620884165168 ], [ 3243345.24760950403288, 2191827.997754167765379 ], [ 3243357.11739842267707, 2191809.489367933012545 ], [ 3243388.914067537989467, 2191825.994784967042506 ], [ 3243389.944286298006773, 2191816.852410880383104 ], [ 3243391.005065223202109, 2191807.52220643684268 ], [ 3243366.435965190175921, 2191743.958683832082897 ], [ 3243325.097923349589109, 2191676.1776152709499 ], [ 3243320.048519386909902, 2191681.865498512983322 ], [ 3243306.199020433239639, 2191668.388369722757488 ], [ 3243272.492836751043797, 2191637.171221813187003 ], [ 3243269.666519355028868, 2191633.498173976317048 ], [ 3243257.725929591804743, 2191618.014674177393317 ], [ 3243237.02913064090535, 2191581.878298942465335 ], [ 3243230.578531773760915, 2191591.835965981706977 ], [ 3243223.869390585459769, 2191602.203793707303703 ], [ 3243212.364606564864516, 2191623.223555165342987 ], [ 3243208.531743384432048, 2191619.979843709617853 ], [ 3243148.358419715426862, 2191568.994338002521545 ], [ 3243149.300780983176082, 2191565.402893361169845 ], [ 3243156.343034177087247, 2191538.623588810674846 ], [ 3243173.422873117029667, 2191543.760087572038174 ], [ 3243203.76191281247884, 2191552.875764451920986 ], [ 3243207.22763376776129, 2191539.394418867304921 ], [ 3243222.640262222383171, 2191535.089371216949075 ], [ 3243235.839202120434493, 2191531.972058999352157 ], [ 3243241.875987408682704, 2191524.479370300192386 ], [ 3243246.448197767604142, 2191497.928928143810481 ], [ 3243273.850782005116343, 2191497.976941721048206 ], [ 3243292.92880342155695, 2191497.198359590489417 ], [ 3243321.869688296690583, 2191496.024606330320239 ], [ 3243339.432427879422903, 2191492.023194623179734 ], [ 3243352.178264627233148, 2191489.116888799704611 ], [ 3243384.151501033920795, 2191497.54159521497786 ], [ 3243388.656509092543274, 2191499.542512917891145 ], [ 3243379.896581280045211, 2191526.936139764264226 ], [ 3243375.910141510888934, 2191539.393213951960206 ], [ 3243385.030547815840691, 2191541.439325493294746 ], [ 3243395.090031253173947, 2191543.70661643287167 ], [ 3243403.498455399647355, 2191546.434744151774794 ], [ 3243408.339389419183135, 2191548.001847066916525 ], [ 3243394.664534666575491, 2191571.296571081504226 ], [ 3243382.803404098376632, 2191592.875303488224745 ], [ 3243371.756637731567025, 2191610.824144521262497 ], [ 3243374.33624008204788, 2191615.797464726958424 ], [ 3243432.160061361268163, 2191630.685281667392701 ], [ 3243468.78321999264881, 2191658.219507907517254 ], [ 3243472.027178696822375, 2191659.32554246392101 ], [ 3243478.758808288257569, 2191652.238670119084418 ], [ 3243482.221263520419598, 2191648.602311239112169 ], [ 3243499.323689346667379, 2191618.879143378231674 ], [ 3243508.524702860508114, 2191592.959637336432934 ], [ 3243536.999215106014162, 2191611.079721823334694 ], [ 3243565.747669226489961, 2191653.453679230064154 ], [ 3243581.777878277003765, 2191639.713507795706391 ], [ 3243590.099375559017062, 2191630.970051256008446 ], [ 3243605.79233583342284, 2191645.240356160327792 ], [ 3243619.644546971656382, 2191633.097353802993894 ], [ 3243558.884703396353871, 2191554.414547067135572 ], [ 3243592.880203229375184, 2191512.584918595850468 ], [ 3243663.411528031807393, 2191550.406037992797792 ], [ 3243695.459477010183036, 2191567.587549445219338 ], [ 3243754.604869882576168, 2191715.260328443255275 ], [ 3243776.858748649712652, 2191755.129407686181366 ], [ 3243795.645998902618885, 2191781.01504541747272 ], [ 3243808.063279088586569, 2191784.746045801322907 ], [ 3243821.217432328499854, 2191788.703146310988814 ], [ 3243841.024516222067177, 2191773.461670817807317 ], [ 3243876.415488697588444, 2191746.241085497662425 ], [ 3243902.207163274753839, 2191717.402732649818063 ], [ 3243901.504000726621598, 2191716.379950747825205 ], [ 3243901.094459959305823, 2191715.792510124389082 ], [ 3243830.447931738570333, 2191640.499581648502499 ], [ 3243819.444374111481011, 2191628.491975009441376 ], [ 3243784.292427929583937, 2191590.146478209644556 ], [ 3243767.554190865252167, 2191542.510905011557043 ], [ 3243757.21781550347805, 2191513.080549464561045 ], [ 3243745.106966095045209, 2191474.298372199758887 ], [ 3243720.327545590698719, 2191411.440864925272763 ], [ 3243692.373830064665526, 2191383.223142807837576 ], [ 3243636.464840727392584, 2191326.777865314856172 ], [ 3243635.137214299291372, 2191325.407966277562082 ], [ 3243604.902119060978293, 2191294.314189271535724 ], [ 3243638.199097752571106, 2191269.020807520020753 ], [ 3243627.314662770368159, 2191242.920393663458526 ], [ 3243622.009110311511904, 2191227.605735553428531 ], [ 3243617.306123648770154, 2191214.010702309198678 ], [ 3243643.140772866085172, 2191192.160358771216124 ], [ 3243550.500339104793966, 2191135.786194486077875 ], [ 3243519.359984705690295, 2191152.500855460297316 ], [ 3243485.110557815991342, 2191164.92277009319514 ], [ 3243455.843198512680829, 2191173.250245232600719 ] ] ] ] } },
{ "type": "Feature", "properties": { "CODE_18": "121", "Uso": "Zonas industriales o comerciales", "color": "#CC4DF2" }, "geometry": { "type": "Polygon", "coordinates": [ [ [ 3246647.553992814384401, 2187757.571074160281569 ], [ 3246686.116971613839269, 2187755.257165173999965 ], [ 3246708.920675891451538, 2187757.935651224572212 ], [ 3246728.516024423763156, 2187760.231581644620746 ], [ 3246732.0319879129529, 2187753.088888325728476 ], [ 3246738.513912192545831, 2187739.92346268799156 ], [ 3246742.39191107545048, 2187741.750312341377139 ], [ 3246757.674309704452753, 2187748.95587669685483 ], [ 3246770.204750590957701, 2187762.126530646812171 ], [ 3246782.185892214532942, 2187774.724012572318316 ], [ 3246822.502827591262758, 2187766.801870675291866 ], [ 3246832.041935742367059, 2187767.731423853430897 ], [ 3246846.459030397236347, 2187769.137235625647008 ], [ 3246833.934150374960154, 2187729.029544377233833 ], [ 3246773.209446988068521, 2187727.549062172882259 ], [ 3246735.377760039642453, 2187718.046340751461685 ], [ 3246703.56389340525493, 2187683.324343048967421 ], [ 3246641.31571204867214, 2187659.958983007352799 ], [ 3246609.922988217324018, 2187691.596349445637316 ], [ 3246617.619219100102782, 2187716.255819573067129 ], [ 3246623.458185869734734, 2187734.944051242433488 ], [ 3246601.822354831267148, 2187777.975705589633435 ], [ 3246588.394993737339973, 2187769.057367692701519 ], [ 3246552.223634986206889, 2187753.932363080792129 ], [ 3246556.159715427551419, 2187736.314911992289126 ], [ 3246558.158015966415405, 2187727.37925036996603 ], [ 3246514.90173534816131, 2187706.344324762001634 ], [ 3246516.921595050953329, 2187699.868379939813167 ], [ 3246433.285212961956859, 2187675.676166226156056 ], [ 3246410.505622737575322, 2187724.574691622518003 ], [ 3246395.563367505092174, 2187733.30726360809058 ], [ 3246338.951989385765046, 2187721.467935960739851 ], [ 3246325.412909888662398, 2187719.716311226598918 ], [ 3246293.979996252804995, 2187715.64549091970548 ], [ 3246322.678440697491169, 2187605.707638893276453 ], [ 3246322.645113673526794, 2187595.190427033230662 ], [ 3246322.611467892304063, 2187584.734098639339209 ], [ 3246331.244839812628925, 2187556.036908061243594 ], [ 3246327.430245250463486, 2187478.591393576934934 ], [ 3246290.215317986905575, 2187479.950301682576537 ], [ 3246268.186335883103311, 2187377.766114649828523 ], [ 3246239.83697206992656, 2187387.136784055735916 ], [ 3246233.132016250863671, 2187359.060164005495608 ], [ 3246219.344541199505329, 2187301.259589679539204 ], [ 3246212.234032739885151, 2187257.215852380730212 ], [ 3246246.816884770058095, 2187251.876241434365511 ], [ 3246267.256366070359945, 2187248.712469098158181 ], [ 3246259.345217756461352, 2187220.268661744892597 ], [ 3246257.590280727483332, 2187219.52079295180738 ], [ 3246242.730474787764251, 2187213.235030693002045 ], [ 3246222.444077274762094, 2187218.227285530418158 ], [ 3246211.88195534562692, 2187220.83205433934927 ], [ 3246203.521961060818285, 2187175.901522907894105 ], [ 3246214.862246761098504, 2187175.979166514240205 ], [ 3246227.879167218692601, 2187176.068160064984113 ], [ 3246221.916485447436571, 2187118.573979712091386 ], [ 3246198.364983456209302, 2187137.041768121533096 ], [ 3246193.535291879903525, 2187100.33490329189226 ], [ 3246173.975959698669612, 2187040.795026006642729 ], [ 3246230.216244516894221, 2187005.568813215009868 ], [ 3246218.077124448493123, 2186959.737080555409193 ], [ 3246210.371874144300818, 2186930.618698300328106 ], [ 3246206.079841713421047, 2186924.089297124184668 ], [ 3246184.861188024748117, 2186936.888163088820875 ], [ 3246152.741654117126018, 2186956.669633727520704 ], [ 3246147.630693952552974, 2186959.843135560397059 ], [ 3246114.34593356307596, 2186980.517492535989732 ], [ 3246050.933836260344833, 2187016.965837389696389 ], [ 3246030.510124060790986, 2187029.281304520554841 ], [ 3246053.344204449560493, 2187060.755697963293642 ], [ 3246077.389445048756897, 2187052.136634462978691 ], [ 3246089.90522098261863, 2187088.606308799702674 ], [ 3246032.185114207677543, 2187100.895978113636374 ], [ 3246045.216192185878754, 2187150.302716853097081 ], [ 3246057.81398240569979, 2187198.03130213636905 ], [ 3246077.642420024611056, 2187193.220331221353263 ], [ 3246122.730834293179214, 2187182.284952718298882 ], [ 3246131.671538350172341, 2187217.16893559647724 ], [ 3246070.163049519993365, 2187267.670533086173236 ], [ 3246019.247142902575433, 2187277.403491501230747 ], [ 3246010.447439158335328, 2187277.784495209343731 ], [ 3245999.390250460710377, 2187278.265734824351966 ], [ 3245982.746158068533987, 2187293.935817143879831 ], [ 3245981.284099799580872, 2187295.316435747314245 ], [ 3245969.534805329982191, 2187284.280362011864781 ], [ 3245961.815943411085755, 2187277.021346440073103 ], [ 3245950.297571059316397, 2187272.068175573367625 ], [ 3245943.141857098788023, 2187268.988965867552906 ], [ 3245923.493810134939849, 2187264.228841873351485 ], [ 3245898.38352301903069, 2187133.274467408657074 ], [ 3245758.093354446813464, 2187237.436854925006628 ], [ 3245778.586338753812015, 2187334.445340753998607 ], [ 3245842.625747655052692, 2187323.26169550511986 ], [ 3245848.567257326096296, 2187332.777548760175705 ], [ 3245866.914968091994524, 2187362.176562371198088 ], [ 3245880.542490344494581, 2187358.063142920378596 ], [ 3245894.26714263157919, 2187353.922627945896238 ], [ 3245913.494437053333968, 2187338.409640891943127 ], [ 3245927.171128605492413, 2187368.299977017566562 ], [ 3245940.355560198426247, 2187397.090161619707942 ], [ 3245910.958991586230695, 2187419.589902830310166 ], [ 3245958.48426450509578, 2187455.562125116586685 ], [ 3245964.330798188224435, 2187459.711398731451482 ], [ 3245966.747186646796763, 2187490.584834428504109 ], [ 3245983.595830135978758, 2187524.969897333998233 ], [ 3245996.84820459317416, 2187520.922003375831991 ], [ 3246011.546813734807074, 2187536.582903552800417 ], [ 3246036.845872739329934, 2187569.492244571447372 ], [ 3246076.475971933454275, 2187556.498934682458639 ], [ 3246103.736519595608115, 2187617.715211137197912 ], [ 3246097.110724372789264, 2187646.649912528228015 ], [ 3246125.335139760281891, 2187686.864680431783199 ], [ 3246129.046306015923619, 2187704.444385341368616 ], [ 3246109.765871856827289, 2187730.378197942860425 ], [ 3246142.950097267981619, 2187763.654273832216859 ], [ 3246160.26466697268188, 2187818.841962099075317 ], [ 3246185.556001904420555, 2187830.767416574526578 ], [ 3246199.987199380993843, 2187855.082076038699597 ], [ 3246219.561800836585462, 2187838.829207753762603 ], [ 3246221.456926764454693, 2187837.616265255026519 ], [ 3246239.685614628717303, 2187825.977992950007319 ], [ 3246250.6817646920681, 2187804.309232429601252 ], [ 3246259.174745512194932, 2187787.568668447434902 ], [ 3246341.670733201317489, 2187784.830944288056344 ], [ 3246363.739322012290359, 2187798.485110061243176 ], [ 3246375.058643157128245, 2187839.675226879771799 ], [ 3246402.47117492556572, 2187843.049128062557429 ], [ 3246440.989249732345343, 2187821.156598881352693 ], [ 3246430.651003659237176, 2187807.795789850875735 ], [ 3246430.670771015807986, 2187807.163793868385255 ], [ 3246432.249584904871881, 2187808.581101944670081 ], [ 3246454.507105011027306, 2187794.485544006340206 ], [ 3246482.821146111469716, 2187824.252972757443786 ], [ 3246499.049088811501861, 2187855.107056804932654 ], [ 3246527.202375401742756, 2187883.878657897934318 ], [ 3246538.956115218810737, 2187889.094945322256535 ], [ 3246547.024830395355821, 2187892.673732109367847 ], [ 3246572.393148625735193, 2187916.83236365718767 ], [ 3246567.706627015955746, 2187923.3887535110116 ], [ 3246563.217236556112766, 2187929.657275064382702 ], [ 3246546.938494908623397, 2187956.20218466501683 ], [ 3246542.183154359459877, 2187963.966861612629145 ], [ 3246573.079698877874762, 2187980.62122652400285 ], [ 3246593.680688926018775, 2187991.723568799439818 ], [ 3246617.269292493350804, 2188051.695630383677781 ], [ 3246619.659365912433714, 2188057.634670555125922 ], [ 3246639.110224648378789, 2188075.507172249257565 ], [ 3246653.268957384396344, 2188088.51512994337827 ], [ 3246656.566360254772007, 2188121.637424876913428 ], [ 3246680.971641451586038, 2188139.83088965434581 ], [ 3246678.190553528256714, 2188122.605770397931337 ], [ 3246673.917845044285059, 2188096.141994971781969 ], [ 3246688.609585084952414, 2188073.158880946226418 ], [ 3246701.722387147136033, 2188034.10935524944216 ], [ 3246706.159118885174394, 2188030.97248281352222 ], [ 3246724.656972077675164, 2188017.857944439165294 ], [ 3246740.552912957035005, 2188010.317363959271461 ], [ 3246765.479576049372554, 2187998.482885932084173 ], [ 3246758.525427829008549, 2187968.047033515758812 ], [ 3246733.538328878581524, 2187933.613010879140347 ], [ 3246745.308522721286863, 2187898.883555052801967 ], [ 3246723.733719993382692, 2187879.171882047317922 ], [ 3246740.409857672639191, 2187855.842341889627278 ], [ 3246730.80421191547066, 2187846.327585197985172 ], [ 3246718.503637607209384, 2187834.140711084939539 ], [ 3246709.680914031341672, 2187836.705275820102543 ], [ 3246692.142469477839768, 2187841.805588132701814 ], [ 3246671.680076095275581, 2187829.046820387244225 ], [ 3246652.570303626358509, 2187811.966328858397901 ], [ 3246641.60066641587764, 2187804.565259927418083 ], [ 3246627.327210776507854, 2187794.932951055467129 ], [ 3246620.902672997210175, 2187790.661526194307953 ], [ 3246613.944110692478716, 2187786.03729279153049 ], [ 3246621.007421430200338, 2187774.838419699110091 ], [ 3246627.447493068408221, 2187764.62023214250803 ], [ 3246630.617694565095007, 2187763.509061008226126 ], [ 3246647.553992814384401, 2187757.571074160281569 ] ] ] } },
{ "type": "Feature", "properties": { "CODE_18": "211", "Uso": "Tierras de labor en secano", "color": "#FFFFA8" }, "geometry": { "type": "MultiPolygon", "coordinates": [ [ [ [ 3250821.105725083034486, 2187796.948210430331528 ], [ 3250823.74778747279197, 2187784.768160178791732 ], [ 3250829.097542990464717, 2187760.122899273876101 ], [ 3250837.64661274291575, 2187695.373020727187395 ], [ 3250838.747219110839069, 2187647.1091119768098 ], [ 3250839.522420036606491, 2187612.800463418010622 ], [ 3250845.799147442914546, 2187590.375765885226429 ], [ 3250854.785352794453502, 2187558.263243480585515 ], [ 3250856.376165523193777, 2187528.880997234489769 ], [ 3250860.080697939731181, 2187489.012683570384979 ], [ 3250867.251345488708466, 2187480.928536932915449 ], [ 3250871.552780170924962, 2187476.072134166024625 ], [ 3250887.946392466314137, 2187457.589131467975676 ], [ 3250904.162014658562839, 2187438.883771086111665 ], [ 3250912.504712836816907, 2187429.256939790677279 ], [ 3250915.090350179001689, 2187406.037007682025433 ], [ 3250907.101657915394753, 2187364.408062607981265 ], [ 3250907.639996803831309, 2187358.059317413251847 ], [ 3250910.607391926459968, 2187323.30735417176038 ], [ 3250921.455705215223134, 2187288.518085068557411 ], [ 3250874.800660007633269, 2187266.299257296137512 ], [ 3250849.922599140554667, 2187237.755479261744767 ], [ 3250880.713032486848533, 2187238.220751645509154 ], [ 3250903.261775497347116, 2187238.563302432652563 ], [ 3250919.712985003832728, 2187230.623373227193952 ], [ 3250942.805322301574051, 2187248.104659429751337 ], [ 3250957.735221372917295, 2187253.314898272976279 ], [ 3250966.97473506629467, 2187256.537879046052694 ], [ 3250976.512350431643426, 2187276.384866851847619 ], [ 3251005.168209684081376, 2187289.09365079831332 ], [ 3251023.890156026929617, 2187279.500405446160585 ], [ 3251053.897701099514961, 2187269.20470152888447 ], [ 3251117.927295265253633, 2187265.622757192701101 ], [ 3251097.377125084865838, 2187232.511925059370697 ], [ 3251102.373623858205974, 2187217.498245071619749 ], [ 3251106.760457190684974, 2187204.304189821705222 ], [ 3251151.62823680229485, 2187215.45083340164274 ], [ 3251210.262330518569797, 2187186.240605323109776 ], [ 3251201.722233368083835, 2187133.333877890836447 ], [ 3251185.147360928356647, 2187085.610660705249757 ], [ 3251220.759344554506242, 2187102.174247745424509 ], [ 3251284.67133921245113, 2187121.381653422955424 ], [ 3251345.520031791180372, 2187137.332355794496834 ], [ 3251385.943439775146544, 2187136.603402804583311 ], [ 3251418.432975177653134, 2187113.385608608368784 ], [ 3251423.419706635177135, 2187109.818797392304987 ], [ 3251441.672620235010982, 2187073.737630063667893 ], [ 3251451.414897400420159, 2187016.37325909268111 ], [ 3251448.239680169615895, 2186957.461735117249191 ], [ 3251461.839547466952354, 2186908.274124236777425 ], [ 3251468.321291118860245, 2186807.188902066554874 ], [ 3251485.416276246774942, 2186756.134417534805834 ], [ 3251533.71601368393749, 2186701.570593844633549 ], [ 3251599.829909448046237, 2186685.744907142594457 ], [ 3251522.415595133788884, 2186604.957362370565534 ], [ 3251459.40043271984905, 2186560.239637365564704 ], [ 3251397.601223931182176, 2186549.594124140683562 ], [ 3251328.802425555419177, 2186558.092970028053969 ], [ 3251313.446718882769346, 2186559.992197231389582 ], [ 3251306.997796184383333, 2186543.620632125064731 ], [ 3251297.304837408009917, 2186519.036291892640293 ], [ 3251287.822343544103205, 2186519.150259764865041 ], [ 3251275.402661115862429, 2186498.802719932049513 ], [ 3251264.087875312194228, 2186480.269548700191081 ], [ 3251225.471799833700061, 2186471.883797057904303 ], [ 3251186.675904067233205, 2186462.38393559679389 ], [ 3251163.430507550016046, 2186445.273944205604494 ], [ 3251148.362622659187764, 2186434.177629178389907 ], [ 3251094.259550997056067, 2186466.87459753267467 ], [ 3251072.140720915980637, 2186458.316536164376885 ], [ 3251063.20822761207819, 2186454.857454457320273 ], [ 3251049.644951932597905, 2186438.11565942550078 ], [ 3251030.523175542708486, 2186453.597298755776137 ], [ 3251043.313071934506297, 2186468.629069108515978 ], [ 3251022.417170749045908, 2186487.583187661133707 ], [ 3251018.194995782338083, 2186491.422066302038729 ], [ 3251010.829559879377484, 2186485.40861083380878 ], [ 3251008.901426604017615, 2186483.839292373508215 ], [ 3250986.407619505189359, 2186501.571978727355599 ], [ 3250957.454296375624835, 2186550.033036437816918 ], [ 3251000.879288133233786, 2186580.854652248322964 ], [ 3251002.787594605237246, 2186583.370203181635588 ], [ 3251004.013521121349186, 2186584.991110513918102 ], [ 3250985.322343321051449, 2186611.629840803332627 ], [ 3250977.270893113687634, 2186620.546771552413702 ], [ 3250961.237431854009628, 2186638.307699585799128 ], [ 3250972.773944645188749, 2186642.052324760239571 ], [ 3251005.017078746575862, 2186652.523271192796528 ], [ 3251006.857795316725969, 2186692.477702386677265 ], [ 3251027.805241099558771, 2186698.43210688047111 ], [ 3251039.465675496961921, 2186701.749621053226292 ], [ 3251080.708256387151778, 2186700.309908038936555 ], [ 3251080.307958018034697, 2186740.655441888142377 ], [ 3251074.016864058561623, 2186743.436174131929874 ], [ 3251067.402840705122799, 2186746.354364548809826 ], [ 3251081.606040310114622, 2186777.2477499791421 ], [ 3251080.750246649608016, 2186785.780694244429469 ], [ 3251079.834222428500652, 2186794.820881164632738 ], [ 3251085.125240905676037, 2186804.521427071187645 ], [ 3251091.296982697211206, 2186815.842304844409227 ], [ 3251054.995856663677841, 2186833.683569631539285 ], [ 3251023.005261341109872, 2186849.61692307330668 ], [ 3250972.371529460884631, 2186879.782767687924206 ], [ 3250968.342821032274514, 2186882.178819640073925 ], [ 3250936.703670703805983, 2186900.352104313671589 ], [ 3250918.740864770486951, 2186874.717218918725848 ], [ 3250847.376537039875984, 2186853.799976699985564 ], [ 3250839.001111553050578, 2186833.983367721550167 ], [ 3250830.61263700760901, 2186814.148763986304402 ], [ 3250823.714564450085163, 2186801.849686279892921 ], [ 3250811.204807365778834, 2186779.561366794630885 ], [ 3250797.537132810801268, 2186787.704783525783569 ], [ 3250779.967419622465968, 2186757.398958912584931 ], [ 3250779.587085663806647, 2186735.862599952146411 ], [ 3250779.252052200958133, 2186717.248038494493812 ], [ 3250749.747522952966392, 2186720.096222506370395 ], [ 3250750.435547524131835, 2186695.808653444051743 ], [ 3250782.32086833845824, 2186700.604168592020869 ], [ 3250786.728992775082588, 2186693.012382825370878 ], [ 3250794.946456734556705, 2186678.835545066744089 ], [ 3250783.984736353158951, 2186668.087095255032182 ], [ 3250774.413249154575169, 2186644.444585340097547 ], [ 3250730.885374058037996, 2186617.513539022766054 ], [ 3250736.006495277862996, 2186595.787484569940716 ], [ 3250739.092552272602916, 2186582.708969746250659 ], [ 3250707.290598602034152, 2186564.091822665184736 ], [ 3250686.835865037515759, 2186554.209469168912619 ], [ 3250685.069128175731748, 2186560.620505310129374 ], [ 3250656.927608478814363, 2186552.292607612907887 ], [ 3250647.388270314782858, 2186569.285190737340599 ], [ 3250632.409907692112029, 2186583.395126278046519 ], [ 3250629.203080267645419, 2186586.418192660901695 ], [ 3250588.180917478166521, 2186577.337726132012904 ], [ 3250575.478417739737779, 2186604.604146317578852 ], [ 3250541.781274994835258, 2186586.571283352561295 ], [ 3250525.212464483454823, 2186575.797883145045489 ], [ 3250467.213048360310495, 2186576.807152200490236 ], [ 3250435.149824664928019, 2186567.450613693799824 ], [ 3250401.642006428446621, 2186540.403057512361556 ], [ 3250377.044216186739504, 2186537.113451101351529 ], [ 3250369.100201627239585, 2186523.050585410092026 ], [ 3250357.529502036981285, 2186502.554948586039245 ], [ 3250356.861128729768097, 2186494.389363404363394 ], [ 3250366.515708362683654, 2186499.618000327143818 ], [ 3250373.246018236968666, 2186503.268723398447037 ], [ 3250389.525230197701603, 2186507.908832511864603 ], [ 3250410.056522897444665, 2186512.354233552701771 ], [ 3250434.504884397145361, 2186516.541753398254514 ], [ 3250457.972727921791375, 2186520.56588247930631 ], [ 3250474.262415626551956, 2186522.000775830354542 ], [ 3250503.985034024808556, 2186526.981013503856957 ], [ 3250539.317704835906625, 2186531.124061335809529 ], [ 3250543.258042511530221, 2186519.690740413032472 ], [ 3250545.275963888503611, 2186496.032746065407991 ], [ 3250548.782976470422, 2186454.810389945283532 ], [ 3250546.149047434795648, 2186454.276628434192389 ], [ 3250495.645821772515774, 2186444.123981113079935 ], [ 3250523.180437596980482, 2186390.709707041271031 ], [ 3250511.762219787109643, 2186389.144317575264722 ], [ 3250491.346600035205483, 2186366.046213292982429 ], [ 3250499.900583570823073, 2186350.117689698934555 ], [ 3250585.754325104877353, 2186392.886188309174031 ], [ 3250577.560327310115099, 2186410.982086398173124 ], [ 3250548.038206066936255, 2186407.244102272670716 ], [ 3250537.118187860585749, 2186429.140841112472117 ], [ 3250550.078545005992055, 2186439.631668236106634 ], [ 3250608.281758211553097, 2186443.28058239351958 ], [ 3250647.79410482570529, 2186452.502950853202492 ], [ 3250674.143845925107598, 2186444.447355119045824 ], [ 3250676.350529672577977, 2186415.292433108668774 ], [ 3250687.604798193089664, 2186370.751415024977177 ], [ 3250714.391846975311637, 2186386.786962907295674 ], [ 3250805.854458353016526, 2186310.983795390464365 ], [ 3250796.314983098767698, 2186304.204263832420111 ], [ 3250755.854457046370953, 2186275.460547836497426 ], [ 3250712.254874754697084, 2186280.849670745898038 ], [ 3250699.058757632039487, 2186288.707984117791057 ], [ 3250692.035466964356601, 2186295.316651698201895 ], [ 3250675.884006222710013, 2186310.52332331193611 ], [ 3250639.702223653905094, 2186306.842585225589573 ], [ 3250552.059777539223433, 2186294.372434708755463 ], [ 3250518.119324801955372, 2186276.969988159369677 ], [ 3250479.147865635808557, 2186256.005459661129862 ], [ 3250485.882768812123686, 2186237.485021289438009 ], [ 3250489.933333799242973, 2186226.356889376416802 ], [ 3250458.325899355113506, 2186175.235980737488717 ], [ 3250438.374380461405963, 2186168.722691406495869 ], [ 3250401.389957306906581, 2186146.296294561587274 ], [ 3250402.400753894355148, 2186193.876911244355142 ], [ 3250394.932691588997841, 2186209.615902211982757 ], [ 3250371.033908115699887, 2186213.046960501931608 ], [ 3250359.060632882639766, 2186214.771731439977884 ], [ 3250349.371365479193628, 2186219.767594953533262 ], [ 3250339.551843141205609, 2186224.836881740018725 ], [ 3250357.316433056257665, 2186235.472505203913897 ], [ 3250374.025708452798426, 2186245.481330581940711 ], [ 3250349.047356318216771, 2186269.831722576636821 ], [ 3250320.886188163422048, 2186246.980542379897088 ], [ 3250252.843853035476059, 2186209.162868730723858 ], [ 3250251.516265110112727, 2186208.421391342766583 ], [ 3250246.364815046079457, 2186205.559533991850913 ], [ 3250213.924143040087074, 2186211.221547925844789 ], [ 3250142.677253842819482, 2186197.005523200612515 ], [ 3250115.786203404888511, 2186187.243102916982025 ], [ 3250093.069057152606547, 2186179.002688811160624 ], [ 3250049.351513665169477, 2186135.550826204940677 ], [ 3250047.195193055085838, 2186101.500685914419591 ], [ 3250067.087213384918869, 2186052.491763884667307 ], [ 3250054.904771904926747, 2186043.487223522271961 ], [ 3250034.253501969389617, 2186028.236139237880707 ], [ 3249989.602851361036301, 2185992.712398617062718 ], [ 3249967.094584822654724, 2186025.51214954815805 ], [ 3249960.341783593874425, 2186027.633546880912036 ], [ 3249956.179084452800453, 2186028.94806501083076 ], [ 3249952.614151113200933, 2186030.067014106549323 ], [ 3249951.478502568788826, 2186030.326052773278207 ], [ 3249948.983323393389583, 2186030.903481010813266 ], [ 3249946.971272269263864, 2186031.203974890522659 ], [ 3249945.294882280752063, 2186031.445882993284613 ], [ 3249941.589908661320806, 2186031.697187190875411 ], [ 3249937.868402514606714, 2186031.657393590547144 ], [ 3249934.171444732230157, 2186031.329469323158264 ], [ 3249930.517188695259392, 2186030.700108516961336 ], [ 3249929.903214733116329, 2186030.543699364177883 ], [ 3249926.928561904467642, 2186029.785584130324423 ], [ 3249925.038250596262515, 2186029.142330045811832 ], [ 3249923.426900495775044, 2186028.592309524305165 ], [ 3249921.822888350114226, 2186027.899085116572678 ], [ 3249920.031949231401086, 2186027.116838417947292 ], [ 3249916.768227001652122, 2186025.385303402319551 ], [ 3249915.716420094482601, 2186024.717346070799977 ], [ 3249913.655478578060865, 2186023.39425818901509 ], [ 3249912.854607090353966, 2186022.834563330747187 ], [ 3249920.158494214527309, 2186032.680441406555474 ], [ 3249927.149383722804487, 2186042.033532761968672 ], [ 3249954.80467100488022, 2186079.611222432926297 ], [ 3249988.893634160980582, 2186125.919524946715683 ], [ 3250023.059359598904848, 2186168.929939315654337 ], [ 3250093.734162633772939, 2186257.897290421649814 ], [ 3250129.009449925739318, 2186301.241243621800095 ], [ 3250166.536977741867304, 2186347.344841444399208 ], [ 3250220.958189039025456, 2186389.192174362950027 ], [ 3250267.268375115934759, 2186437.260328409262002 ], [ 3250253.70529265794903, 2186429.135383448563516 ], [ 3250234.07589097507298, 2186417.385763253085315 ], [ 3250194.420865260064602, 2186387.406945429742336 ], [ 3250193.082487856037915, 2186386.221308137755841 ], [ 3250190.065325918607414, 2186383.564776258077472 ], [ 3250185.86914619943127, 2186447.432799232192338 ], [ 3250181.654223431833088, 2186511.750182071700692 ], [ 3250171.283796044997871, 2186509.758696150965989 ], [ 3250133.281827613245696, 2186502.4728689705953 ], [ 3250114.244609811808914, 2186533.632915338035673 ], [ 3250118.252829640172422, 2186577.771058300510049 ], [ 3250122.385168961714953, 2186623.306790890637785 ], [ 3250037.9643025980331, 2186602.621599899139255 ], [ 3250020.87264414364472, 2186614.454781432636082 ], [ 3249978.536066630855203, 2186651.374646895565093 ], [ 3249966.461841574404389, 2186661.906329730525613 ], [ 3249942.173538249917328, 2186715.494727903045714 ], [ 3249976.474695538170636, 2186726.264813794754446 ], [ 3250030.244596748612821, 2186743.135542244184762 ], [ 3250053.563602212816477, 2186739.886498088017106 ], [ 3250066.171484231948853, 2186738.13192871119827 ], [ 3250097.100784631446004, 2186709.964806013274938 ], [ 3250110.768813598901033, 2186724.022060050629079 ], [ 3250116.810163557995111, 2186784.968072006013244 ], [ 3250125.262785276398063, 2186795.515721182804555 ], [ 3250153.287481680512428, 2186830.474462212529033 ], [ 3250175.379520084243268, 2186920.237649453338236 ], [ 3250196.841431248933077, 2186935.479059009812772 ], [ 3250220.133739530108869, 2186914.960531515069306 ], [ 3250289.453599167987704, 2186920.571496825199574 ], [ 3250297.927934946492314, 2186918.362494308035821 ], [ 3250304.035125940106809, 2186916.769402076024562 ], [ 3250323.425302798859775, 2186938.292705318890512 ], [ 3250361.144982952158898, 2186980.176179029978812 ], [ 3250390.253767086658627, 2186982.48575679725036 ], [ 3250406.056190547067672, 2186983.731914074160159 ], [ 3250466.628899212460965, 2187052.870260127354413 ], [ 3250505.338906888850033, 2187025.869508012197912 ], [ 3250524.616816143970937, 2186988.341727041173726 ], [ 3250490.238975335843861, 2186971.56312016164884 ], [ 3250477.248958421405405, 2186985.224805155768991 ], [ 3250464.296201895922422, 2186962.141991899814457 ], [ 3250455.904727412387729, 2186947.194134667515755 ], [ 3250487.031361216679215, 2186920.249822784215212 ], [ 3250566.777913179248571, 2186942.663735100999475 ], [ 3250560.116567087359726, 2186948.621362026315182 ], [ 3250539.306717800907791, 2186967.226356377825141 ], [ 3250534.062979020178318, 2186987.625679190270603 ], [ 3250529.29421377228573, 2187006.188335435464978 ], [ 3250544.268744618166238, 2187026.829979834146798 ], [ 3250562.354006733279675, 2187030.648005420342088 ], [ 3250572.913310527335852, 2187032.363269788678735 ], [ 3250593.437365906313062, 2187035.694825928192586 ], [ 3250604.747628824785352, 2187045.206484782043844 ], [ 3250547.077430680394173, 2187048.94620468094945 ], [ 3250522.363051302265376, 2187062.981537409126759 ], [ 3250505.292642352171242, 2187072.682057531084865 ], [ 3250481.014453199226409, 2187126.268500127829611 ], [ 3250481.00197147578001, 2187165.492405307479203 ], [ 3250463.084146508947015, 2187180.004092759918422 ], [ 3250420.743653785437346, 2187231.674514461308718 ], [ 3250432.309527168050408, 2187256.226054310798645 ], [ 3250431.992133542895317, 2187317.014914471656084 ], [ 3250430.433336281217635, 2187338.79866509931162 ], [ 3250427.930774314329028, 2187386.050242920406163 ], [ 3250448.752409110311419, 2187405.184747117105871 ], [ 3250456.36693926807493, 2187402.051232672762126 ], [ 3250499.865538200829178, 2187505.88993954192847 ], [ 3250504.982320705894381, 2187518.094458323437721 ], [ 3250540.313281891867518, 2187531.533632697537541 ], [ 3250571.122909258585423, 2187543.24788689147681 ], [ 3250561.777931379154325, 2187569.553549336735159 ], [ 3250561.540954575873911, 2187570.22343426104635 ], [ 3250595.259184030350298, 2187589.580551071092486 ], [ 3250625.766856906935573, 2187607.095471983775496 ], [ 3250634.202621471136808, 2187638.539455543272197 ], [ 3250657.554842186160386, 2187725.538615653291345 ], [ 3250672.38104675617069, 2187793.801683272700757 ], [ 3250664.672001628670841, 2187816.65895638614893 ], [ 3250606.828921179287136, 2187929.234860011376441 ], [ 3250608.375579489395022, 2187946.675112928263843 ], [ 3250580.426336403470486, 2187999.270690899342299 ], [ 3250564.654340421780944, 2188028.95895976619795 ], [ 3250588.382047398015857, 2188081.749694257043302 ], [ 3250580.233404086902738, 2188109.742424544412643 ], [ 3250561.645200784318149, 2188142.608737158123404 ], [ 3250551.64757341472432, 2188160.279828464612365 ], [ 3250514.137798495590687, 2188197.665383249055594 ], [ 3250503.776282120961696, 2188207.989482641220093 ], [ 3250491.633232581429183, 2188220.104629161767662 ], [ 3250504.629790607374161, 2188230.943944917060435 ], [ 3250517.978228424210101, 2188242.076657006982714 ], [ 3250533.445741258561611, 2188227.982260465621948 ], [ 3250545.434649131726474, 2188251.882270158734173 ], [ 3250552.123744867742062, 2188265.211384085472673 ], [ 3250576.01232935115695, 2188248.390075580682606 ], [ 3250615.997303126379848, 2188213.573224966879934 ], [ 3250636.424623555503786, 2188191.030302723869681 ], [ 3250641.65013531036675, 2188174.293551214039326 ], [ 3250646.445980791468173, 2188158.91926448745653 ], [ 3250656.698283523321152, 2188120.442124758381397 ], [ 3250674.938328666612506, 2188123.584258764982224 ], [ 3250679.948236748110503, 2188107.523824598174542 ], [ 3250695.41935708001256, 2188054.217028168961406 ], [ 3250719.937336267903447, 2187994.262480902485549 ], [ 3250721.521499655209482, 2187991.563118429854512 ], [ 3250725.049718776717782, 2187985.564291011076421 ], [ 3250744.78935844451189, 2187951.970028556883335 ], [ 3250777.09767004661262, 2187932.412183909211308 ], [ 3250814.141104057431221, 2187949.982647488825023 ], [ 3250827.259616966824979, 2187913.539790760260075 ], [ 3250814.30450398568064, 2187841.148566644638777 ], [ 3250817.578311484307051, 2187819.866308879107237 ], [ 3250821.105725083034486, 2187796.948210430331528 ] ] ], [ [ [ 3251590.505685802549124, 2187853.573844593018293 ], [ 3251557.449794801417738, 2187814.048841228708625 ], [ 3251533.600198877044022, 2187826.838060087990016 ], [ 3251513.972570412792265, 2187837.359716127626598 ], [ 3251474.214470254257321, 2187858.683432490099221 ], [ 3251461.687144569121301, 2187865.401180204469711 ], [ 3251507.379620025865734, 2187966.66767712123692 ], [ 3251501.347811489365995, 2188044.998052194714546 ], [ 3251488.629796794615686, 2188081.847170793451369 ], [ 3251472.247115082573146, 2188111.651706547476351 ], [ 3251458.940146069042385, 2188135.860880364198238 ], [ 3251443.253099190071225, 2188164.378239592537284 ], [ 3251433.783342074602842, 2188187.268946388736367 ], [ 3251418.305675116367638, 2188224.691038895398378 ], [ 3251438.818703985773027, 2188237.259916325565428 ], [ 3251465.684419920202345, 2188253.717848962172866 ], [ 3251480.909511725883931, 2188315.017916749697179 ], [ 3251472.366512562148273, 2188377.789924599230289 ], [ 3251477.805478977970779, 2188411.480423542205244 ], [ 3251522.343310116790235, 2188406.373464160133153 ], [ 3251592.566791831515729, 2188444.744084365665913 ], [ 3251633.580230236984789, 2188446.162457721307874 ], [ 3251643.541885008104146, 2188446.502072497271001 ], [ 3251690.247667644172907, 2188438.350735594984144 ], [ 3251706.076123870909214, 2188424.416799440048635 ], [ 3251739.303775290027261, 2188395.149569258559495 ], [ 3251755.539956599473953, 2188347.021846106741577 ], [ 3251753.277027541771531, 2188340.989635182544589 ], [ 3251741.48446377273649, 2188309.502886443398893 ], [ 3251770.692950829397887, 2188259.111268170643598 ], [ 3251838.492636004462838, 2188265.931706083007157 ], [ 3251882.944314431399107, 2188276.826895936392248 ], [ 3251874.314801437780261, 2188355.600461300928146 ], [ 3251896.073278949130327, 2188407.761854249518365 ], [ 3251928.720758598297834, 2188444.692173990420997 ], [ 3251960.572031680494547, 2188444.121129638515413 ], [ 3252013.848258803598583, 2188443.156415296718478 ], [ 3252037.784583696629852, 2188492.271619765087962 ], [ 3252064.773667914327234, 2188491.322537831496447 ], [ 3252133.287919991649687, 2188488.925261365249753 ], [ 3252112.615657526068389, 2188393.946386807598174 ], [ 3252105.676569732837379, 2188317.889924194198102 ], [ 3252044.832020880654454, 2188221.923410789575428 ], [ 3252016.121682887896895, 2188176.307560643181205 ], [ 3251987.983161095529795, 2188168.313247870653868 ], [ 3251940.618993550539017, 2188154.844453922472894 ], [ 3251921.00650682207197, 2188142.949529231525958 ], [ 3251896.263530883006752, 2188127.945689945016056 ], [ 3251841.771640960127115, 2188054.85582452500239 ], [ 3251858.639948604628444, 2188037.364817639347166 ], [ 3251873.701526422053576, 2188021.760427145753056 ], [ 3251832.686529256869107, 2187907.340335882734507 ], [ 3251776.685154699254781, 2187728.000400393269956 ], [ 3251755.955064808949828, 2187678.559055750258267 ], [ 3251692.388828191906214, 2187707.899749831296504 ], [ 3251698.822141136508435, 2187797.364800063893199 ], [ 3251671.364096040837467, 2187842.128537744283676 ], [ 3251627.254481977783144, 2187849.826549738645554 ], [ 3251610.198351469822228, 2187851.566433742642403 ], [ 3251590.505685802549124, 2187853.573844593018293 ] ] ] ] } },
{ "type": "Feature", "properties": { "CODE_18": "231", "Uso": "Praderas", "color": "#E6E64D" }, "geometry": { "type": "MultiPolygon", "coordinates": [ [ [ [ 3246533.847993738483638, 2187039.174923183396459 ], [ 3246540.414602258242667, 2187018.107640403788537 ], [ 3246515.81003509182483, 2186933.161710475571454 ], [ 3246468.016155357472599, 2186961.10365210659802 ], [ 3246451.477145239710808, 2186885.627112400718033 ], [ 3246413.394032458774745, 2186811.753297985065728 ], [ 3246337.711770471651107, 2186707.432308838237077 ], [ 3246280.399533760268241, 2186693.200949480757117 ], [ 3246271.811529585160315, 2186704.828173828311265 ], [ 3246268.535556321032345, 2186711.634923662990332 ], [ 3246263.165203392971307, 2186722.821934326551855 ], [ 3246260.04998951498419, 2186736.220543850678951 ], [ 3246260.599687131121755, 2186751.949532382655889 ], [ 3246264.552867222577333, 2186764.113847191911191 ], [ 3246270.477686834987253, 2186774.281422411557287 ], [ 3246282.864033048041165, 2186792.59668717160821 ], [ 3246287.822521731257439, 2186799.92210405273363 ], [ 3246293.158189792186022, 2186810.527105724439025 ], [ 3246297.737667468842119, 2186824.558915609493852 ], [ 3246297.376803247258067, 2186842.758318453095853 ], [ 3246295.839476849883795, 2186851.532321450300515 ], [ 3246294.388495487160981, 2186859.520780425518751 ], [ 3246293.946132451761514, 2186860.1758773913607 ], [ 3246286.67914795409888, 2186870.994596796110272 ], [ 3246285.671809094492346, 2186872.488405820913613 ], [ 3246266.187207812443376, 2186888.735371121671051 ], [ 3246238.683768105693161, 2186904.415912286378443 ], [ 3246206.079841713421047, 2186924.089297124184668 ], [ 3246210.371874144300818, 2186930.618698300328106 ], [ 3246218.077124448493123, 2186959.737080555409193 ], [ 3246230.216244516894221, 2187005.568813215009868 ], [ 3246173.975959698669612, 2187040.795026006642729 ], [ 3246193.535291879903525, 2187100.33490329189226 ], [ 3246198.364983456209302, 2187137.041768121533096 ], [ 3246221.916485447436571, 2187118.573979712091386 ], [ 3246227.879167218692601, 2187176.068160064984113 ], [ 3246214.862246761098504, 2187175.979166514240205 ], [ 3246203.521961060818285, 2187175.901522907894105 ], [ 3246211.88195534562692, 2187220.83205433934927 ], [ 3246222.444077274762094, 2187218.227285530418158 ], [ 3246242.730474787764251, 2187213.235030693002045 ], [ 3246257.590280727483332, 2187219.52079295180738 ], [ 3246259.345217756461352, 2187220.268661744892597 ], [ 3246267.256366070359945, 2187248.712469098158181 ], [ 3246246.816884770058095, 2187251.876241434365511 ], [ 3246212.234032739885151, 2187257.215852380730212 ], [ 3246219.344541199505329, 2187301.259589679539204 ], [ 3246233.132016250863671, 2187359.060164005495608 ], [ 3246239.83697206992656, 2187387.136784055735916 ], [ 3246268.186335883103311, 2187377.766114649828523 ], [ 3246290.215317986905575, 2187479.950301682576537 ], [ 3246327.430245250463486, 2187478.591393576934934 ], [ 3246331.244839812628925, 2187556.036908061243594 ], [ 3246322.611467892304063, 2187584.734098639339209 ], [ 3246322.645113673526794, 2187595.190427033230662 ], [ 3246322.678440697491169, 2187605.707638893276453 ], [ 3246293.979996252804995, 2187715.64549091970548 ], [ 3246325.412909888662398, 2187719.716311226598918 ], [ 3246338.951989385765046, 2187721.467935960739851 ], [ 3246395.563367505092174, 2187733.30726360809058 ], [ 3246410.505622737575322, 2187724.574691622518003 ], [ 3246433.285212961956859, 2187675.676166226156056 ], [ 3246516.921595050953329, 2187699.868379939813167 ], [ 3246514.90173534816131, 2187706.344324762001634 ], [ 3246558.158015966415405, 2187727.37925036996603 ], [ 3246556.159715427551419, 2187736.314911992289126 ], [ 3246552.223634986206889, 2187753.932363080792129 ], [ 3246588.394993737339973, 2187769.057367692701519 ], [ 3246601.822354831267148, 2187777.975705589633435 ], [ 3246623.458185869734734, 2187734.944051242433488 ], [ 3246617.619219100102782, 2187716.255819573067129 ], [ 3246609.922988217324018, 2187691.596349445637316 ], [ 3246641.31571204867214, 2187659.958983007352799 ], [ 3246648.847575521562248, 2187594.197926475666463 ], [ 3246674.146184653043747, 2187563.60453029954806 ], [ 3246616.76207855110988, 2187531.512751285452396 ], [ 3246589.414540962316096, 2187497.105770901311189 ], [ 3246603.712160052265972, 2187464.134977385401726 ], [ 3246618.001527467742562, 2187431.175783931743354 ], [ 3246627.231896235141903, 2187394.355548373423517 ], [ 3246623.339140266180038, 2187307.810114427935332 ], [ 3246612.853705469984561, 2187265.369555032346398 ], [ 3246560.266634238883853, 2187250.039252603892237 ], [ 3246539.499075268395245, 2187215.081447382923216 ], [ 3246524.073982962407172, 2187202.842095116153359 ], [ 3246508.753736977931112, 2187132.46477912273258 ], [ 3246498.159124813973904, 2187066.838059174828231 ], [ 3246524.626031161285937, 2187068.755246326792985 ], [ 3246533.847993738483638, 2187039.174923183396459 ] ] ], [ [ [ 3243099.759401926305145, 2191278.119247821159661 ], [ 3243158.197112958878279, 2191280.784245238173753 ], [ 3243201.699847453739494, 2191288.198054624721408 ], [ 3243221.164356881286949, 2191291.508684386033565 ], [ 3243221.08524407306686, 2191307.41949596721679 ], [ 3243221.037584679201245, 2191315.670331696979702 ], [ 3243266.254630743525922, 2191326.282389034517109 ], [ 3243266.913185199722648, 2191333.061423848383129 ], [ 3243275.728343619965017, 2191331.521182536613196 ], [ 3243277.726991144008934, 2191322.027144029270858 ], [ 3243282.443467454984784, 2191299.699544227682054 ], [ 3243328.83725799061358, 2191306.223049059510231 ], [ 3243336.715967534575611, 2191312.206904258113354 ], [ 3243340.755156223662198, 2191315.282772487960756 ], [ 3243361.15660160779953, 2191345.255890964530408 ], [ 3243375.514019121415913, 2191366.339305900968611 ], [ 3243390.832959625869989, 2191378.231564205605537 ], [ 3243402.622223621699959, 2191387.374603379052132 ], [ 3243435.136360647622496, 2191411.652516696602106 ], [ 3243448.557833343744278, 2191394.454744692891836 ], [ 3243477.351651749573648, 2191349.640827524475753 ], [ 3243474.914463406428695, 2191326.69771600374952 ], [ 3243473.243877816479653, 2191312.522152768447995 ], [ 3243471.485052809119225, 2191297.611769378650934 ], [ 3243458.227370599284768, 2191286.038616995792836 ], [ 3243440.952520958147943, 2191265.870474277064204 ], [ 3243439.323459054343402, 2191260.49789981963113 ], [ 3243437.846315935254097, 2191255.625976935960352 ], [ 3243433.555658538360149, 2191241.441839603707194 ], [ 3243433.786269231699407, 2191196.6204032311216 ], [ 3243412.918804132845253, 2191175.386873655486852 ], [ 3243364.871533400379121, 2191186.275855586864054 ], [ 3243255.394102340564132, 2191140.721427837852389 ], [ 3243272.109653649386019, 2191105.459422571584582 ], [ 3243207.650036814622581, 2191091.842579909600317 ], [ 3243133.019545968621969, 2191015.320143926888704 ], [ 3243126.703184312209487, 2190976.215029454790056 ], [ 3243122.466809967532754, 2190949.987195441033691 ], [ 3243081.441436746157706, 2190927.308078637346625 ], [ 3243069.935939999762923, 2190896.605429239571095 ], [ 3243069.935939999762923, 2191273.067618192173541 ], [ 3243099.759401926305145, 2191278.119247821159661 ] ] ] ] } },
{ "type": "Feature", "properties": { "CODE_18": "311", "Uso": "Bosques de frondosas", "color": "#80FF00" }, "geometry": { "type": "MultiPolygon", "coordinates": [ [ [ [ 3246624.333402114920318, 2184082.423234943766147 ], [ 3246625.192166675813496, 2184018.620371931232512 ], [ 3246585.101927465759218, 2184036.760761612094939 ], [ 3246557.554707268252969, 2184024.062902248464525 ], [ 3246569.71174234058708, 2183971.020083117764443 ], [ 3246573.069881736766547, 2183956.920594931114465 ], [ 3246579.215856824535877, 2183931.162940882146358 ], [ 3246616.310045131947845, 2183894.456914475653321 ], [ 3246615.868893840350211, 2183832.472685598302633 ], [ 3246624.125704947859049, 2183784.885665173642337 ], [ 3246625.120910278521478, 2183741.739460682496428 ], [ 3246603.438832369633019, 2183696.196278338786215 ], [ 3246581.407753955572844, 2183690.381679784506559 ], [ 3246563.491959038190544, 2183685.663205952383578 ], [ 3246544.017337783239782, 2183675.499395179096609 ], [ 3246526.95742336474359, 2183666.586681612301618 ], [ 3246508.404637922532856, 2183667.859127929899842 ], [ 3246497.008584248833358, 2183668.632262722589076 ], [ 3246471.066476909443736, 2183695.443497283384204 ], [ 3246427.374983666464686, 2183711.019335881341249 ], [ 3246420.52190750464797, 2183694.090124712325633 ], [ 3246414.465377303771675, 2183679.140564926434308 ], [ 3246436.230591509491205, 2183633.868430451489985 ], [ 3246499.561797946225852, 2183614.508958575781435 ], [ 3246549.794454408343881, 2183591.222202024422586 ], [ 3246549.180987185798585, 2183566.097337407059968 ], [ 3246548.686361667700112, 2183545.797402031719685 ], [ 3246541.980062793474644, 2183532.167645873967558 ], [ 3246527.063139635138214, 2183501.876122135668993 ], [ 3246517.561632202938199, 2183455.82842829823494 ], [ 3246518.019555795937777, 2183432.93937327247113 ], [ 3246469.353377236053348, 2183414.480545868165791 ], [ 3246407.007226307876408, 2183439.88216711115092 ], [ 3246374.104362800717354, 2183429.03173720324412 ], [ 3246337.825914458371699, 2183422.926998316776007 ], [ 3246326.512952246703207, 2183436.732469114474952 ], [ 3246323.94325874466449, 2183439.867522682063282 ], [ 3246297.428205342032015, 2183429.980052048806101 ], [ 3246295.238745419308543, 2183430.565059796907008 ], [ 3246263.401303198188543, 2183439.022896747104824 ], [ 3246249.237916700541973, 2183349.36704374756664 ], [ 3246240.783987891394645, 2183325.347484327387065 ], [ 3246221.280389772728086, 2183269.965918969828635 ], [ 3246212.461287524551153, 2183215.31412920774892 ], [ 3246167.949257604777813, 2183363.184315592981875 ], [ 3246132.54466467583552, 2183476.660056910477579 ], [ 3246019.793618422467262, 2183659.953962487634271 ], [ 3245975.709566406905651, 2183769.583058858290315 ], [ 3245991.536522328387946, 2183900.928108463063836 ], [ 3246082.94371685013175, 2183968.115811952855438 ], [ 3246188.33413914591074, 2184080.437298311386257 ], [ 3246206.206288676243275, 2184099.477342492900789 ], [ 3246274.400252648629248, 2184234.219422977883369 ], [ 3246277.3951270817779, 2184203.466573805548251 ], [ 3246305.595066373236477, 2184190.585003779735416 ], [ 3246342.284353417344391, 2184180.995988563634455 ], [ 3246386.682240627706051, 2184179.610604473389685 ], [ 3246401.319605564698577, 2184195.211176112294197 ], [ 3246417.465639377944171, 2184212.423774473834783 ], [ 3246415.908764283172786, 2184262.024504322558641 ], [ 3246426.151116819120944, 2184280.89639016520232 ], [ 3246428.662913064472377, 2184285.516437462065369 ], [ 3246434.054246481042355, 2184295.462774099782109 ], [ 3246465.531693076714873, 2184297.732248452026397 ], [ 3246485.641339689493179, 2184299.188560000155121 ], [ 3246486.735798661597073, 2184335.59373100893572 ], [ 3246515.178712988272309, 2184373.590334265492857 ], [ 3246536.673970945179462, 2184408.035363687667996 ], [ 3246541.01327699329704, 2184434.922633214853704 ], [ 3246542.418342958204448, 2184443.628706133924425 ], [ 3246564.350834205746651, 2184490.719947243575007 ], [ 3246623.585681300610304, 2184512.209543155506253 ], [ 3246664.88206422328949, 2184511.355655096936971 ], [ 3246684.364707893691957, 2184500.310470147524029 ], [ 3246701.374088683631271, 2184490.670306301675737 ], [ 3246728.575806856155396, 2184479.402716371230781 ], [ 3246761.113808272406459, 2184465.916023206431419 ], [ 3246776.766351569909602, 2184434.534780452959239 ], [ 3246761.96289391675964, 2184408.156606798060238 ], [ 3246749.924385901540518, 2184386.709105307701975 ], [ 3246731.4796238001436, 2184361.291075821965933 ], [ 3246717.287150675896555, 2184312.848526417277753 ], [ 3246731.991558952257037, 2184265.717070033308119 ], [ 3246739.793962789233774, 2184254.815519361291081 ], [ 3246788.779295830987394, 2184262.168875111732632 ], [ 3246768.835681844968349, 2184227.463067543692887 ], [ 3246767.885220603086054, 2184226.290865318384022 ], [ 3246751.693642355501652, 2184206.217258051969111 ], [ 3246742.950364632997662, 2184195.37606209795922 ], [ 3246719.845138449221849, 2184203.850175934843719 ], [ 3246709.850635340902954, 2184207.521222812123597 ], [ 3246681.514347529038787, 2184199.74595852708444 ], [ 3246638.916150205302984, 2184202.408459511119872 ], [ 3246609.227096169721335, 2184206.00032784184441 ], [ 3246568.435712764970958, 2184160.610191493295133 ], [ 3246545.048582314047962, 2184144.002872226759791 ], [ 3246566.141791811678559, 2184106.897016271948814 ], [ 3246586.65041365288198, 2184109.064318058546633 ], [ 3246600.189715782180429, 2184110.502018041908741 ], [ 3246624.333402114920318, 2184082.423234943766147 ] ] ], [ [ [ 3245768.988021456636488, 2184418.681933704763651 ], [ 3245772.89796377485618, 2184400.01523470133543 ], [ 3245778.060994984582067, 2184375.402034753933549 ], [ 3245788.572884612716734, 2184356.069180950522423 ], [ 3245807.048587794415653, 2184322.055488183163106 ], [ 3245831.326364262960851, 2184256.129589967429638 ], [ 3245817.973512705415487, 2184199.116124948486686 ], [ 3245805.384346453938633, 2184145.324850894045085 ], [ 3245791.490163876675069, 2184094.893950158264488 ], [ 3245772.956698514521122, 2184027.603466080967337 ], [ 3245753.841547045856714, 2183942.430674833245575 ], [ 3245715.510371714830399, 2183871.338640987873077 ], [ 3245677.349773027934134, 2183768.03036541165784 ], [ 3245653.032630944624543, 2183728.299940195865929 ], [ 3245651.944444610737264, 2183753.823497981298715 ], [ 3245610.491125775501132, 2183785.908541979733855 ], [ 3245548.931970951613039, 2183809.075764096342027 ], [ 3245456.170198271982372, 2183831.487285404000431 ], [ 3245417.538403006270528, 2183804.069503992795944 ], [ 3245354.137948619667441, 2183796.517480039503425 ], [ 3245329.468679282814264, 2183701.457295416854322 ], [ 3245295.329996850341558, 2183682.571378634311259 ], [ 3245274.766074191778898, 2183686.162136051803827 ], [ 3245262.771277118474245, 2183688.256604975089431 ], [ 3245240.894350214395672, 2183692.076648244634271 ], [ 3245168.603290893137455, 2183841.333281905855983 ], [ 3245151.403869070112705, 2183904.137891440652311 ], [ 3245127.515409307554364, 2183991.345841490663588 ], [ 3245137.167099108919501, 2184070.395853126421571 ], [ 3245133.934285033494234, 2184127.913127090781927 ], [ 3245129.9339704150334, 2184198.976449104491621 ], [ 3245066.233848975040019, 2184247.365661353804171 ], [ 3244992.093416505493224, 2184269.618730375543237 ], [ 3244952.686283430084586, 2184295.133130428381264 ], [ 3244916.65364296361804, 2184283.380514727905393 ], [ 3244896.896244969218969, 2184276.936423072591424 ], [ 3244876.015198627486825, 2184320.950722955632955 ], [ 3244844.599269898142666, 2184357.488315812777728 ], [ 3244764.311401897575706, 2184399.448285831138492 ], [ 3244662.478293807245791, 2184423.446069274097681 ], [ 3244607.983653960283846, 2184450.946875871159136 ], [ 3244558.979414035566151, 2184475.674307857174426 ], [ 3244526.509047948755324, 2184477.502680222969502 ], [ 3244506.601316502317786, 2184478.617253782227635 ], [ 3244474.051755454391241, 2184482.973625502083451 ], [ 3244430.513614467345178, 2184488.803004935383797 ], [ 3244264.793534916825593, 2184405.946599335875362 ], [ 3244207.11809154599905, 2184370.78502428997308 ], [ 3244178.771877428516746, 2184353.513783729635179 ], [ 3244170.980793651659042, 2184348.761446590069681 ], [ 3244181.106528331525624, 2184411.498915390111506 ], [ 3244188.125440678559244, 2184447.062649528495967 ], [ 3244191.882390262559056, 2184466.063435002230108 ], [ 3244219.138353523332626, 2184489.283270623534918 ], [ 3244291.896619524341077, 2184559.847221993841231 ], [ 3244364.91848467476666, 2184617.642449342645705 ], [ 3244390.573966536205262, 2184633.650131021626294 ], [ 3244400.291258905082941, 2184639.708394228946418 ], [ 3244411.273366353474557, 2184646.55953526776284 ], [ 3244412.421279278118163, 2184647.69723283033818 ], [ 3244413.639564556069672, 2184648.893604083918035 ], [ 3244432.201053570955992, 2184667.235073598101735 ], [ 3244454.15247720759362, 2184688.907800076995045 ], [ 3244456.990197232924402, 2184707.0553731424734 ], [ 3244458.888379481621087, 2184719.193194952327758 ], [ 3244588.548402613960207, 2184776.353005141951144 ], [ 3244628.777507356368005, 2184788.447067284956574 ], [ 3244673.731664863880724, 2184801.956405007280409 ], [ 3244744.586907715070993, 2184827.649349064100534 ], [ 3244811.496375895570964, 2184851.912672588601708 ], [ 3244838.319589306600392, 2184865.344379770569503 ], [ 3244854.319135316647589, 2184873.346900358330458 ], [ 3244867.654345056042075, 2184905.719279687851667 ], [ 3244879.263843229506165, 2184942.366993487812579 ], [ 3244879.454542905092239, 2184942.982500385027379 ], [ 3244886.276021830737591, 2184951.097598640248179 ], [ 3244898.097628162242472, 2184965.162143079098314 ], [ 3244911.582070600241423, 2184980.598876539617777 ], [ 3244927.914465863257647, 2184999.279057020321488 ], [ 3244949.898538873065263, 2185027.819556374102831 ], [ 3244960.319797723088413, 2185078.046374001540244 ], [ 3244975.047582227736712, 2185107.914908529259264 ], [ 3244993.647725695744157, 2185130.142631429713219 ], [ 3245002.089340175502002, 2185140.245648329146206 ], [ 3245013.572499519679695, 2185153.973951161839068 ], [ 3245077.949665290303528, 2185167.578976107295603 ], [ 3245158.626350184902549, 2185147.275909135583788 ], [ 3245331.185309037566185, 2185079.876254497561604 ], [ 3245450.295047083869576, 2185028.025204024277627 ], [ 3245481.937965177930892, 2185017.359854848589748 ], [ 3245501.021166154183447, 2185010.25631083548069 ], [ 3245529.792367988266051, 2184995.256828063167632 ], [ 3245535.790398252662271, 2184984.497618810273707 ], [ 3245543.922039713710546, 2184970.35497129149735 ], [ 3245562.268607875332236, 2184960.511153907049447 ], [ 3245566.304223077371716, 2184958.346639187075198 ], [ 3245582.760414181277156, 2184967.040058128535748 ], [ 3245612.259596466086805, 2184956.110491395927966 ], [ 3245623.595994755625725, 2184940.252572877332568 ], [ 3245648.628822541795671, 2184923.1586993499659 ], [ 3245668.252827752381563, 2184937.077409853227437 ], [ 3245733.421071343589574, 2184917.597985388245434 ], [ 3245797.26711140293628, 2184898.54215716663748 ], [ 3245792.501361551694572, 2184847.632149594835937 ], [ 3245791.176731971092522, 2184835.840289659798145 ], [ 3245786.275958092883229, 2184792.394859231077135 ], [ 3245726.845599387772381, 2184776.17129233200103 ], [ 3245696.37205015309155, 2184767.857413803692907 ], [ 3245690.064858317375183, 2184645.574433261528611 ], [ 3245734.792119468562305, 2184534.787171787582338 ], [ 3245755.298511660657823, 2184483.985827371012419 ], [ 3245768.988021456636488, 2184418.681933704763651 ] ] ], [ [ [ 3243187.571199459955096, 2186850.845654296688735 ], [ 3243276.756900363136083, 2186812.405050954781473 ], [ 3243351.684148773550987, 2186780.26724483538419 ], [ 3243389.882478784769773, 2186739.733941083773971 ], [ 3243404.988708111923188, 2186726.987635837402195 ], [ 3243415.977000715676695, 2186717.718183287419379 ], [ 3243438.531212661881, 2186692.509014453273267 ], [ 3243472.194204611238092, 2186686.628755397163332 ], [ 3243473.021122170612216, 2186774.238224210217595 ], [ 3243511.448164502624422, 2186764.859505287371576 ], [ 3243524.420504269190133, 2186721.291590268723667 ], [ 3243537.35084729315713, 2186677.903385509736836 ], [ 3243510.203322232700884, 2186592.235532784368843 ], [ 3243510.973979013040662, 2186548.659967569168657 ], [ 3243512.044148166663945, 2186488.203182543162256 ], [ 3243505.340694508515298, 2186437.437656278721988 ], [ 3243500.026477543637156, 2186397.226340896449983 ], [ 3243569.35800944454968, 2186331.932446470949799 ], [ 3243589.986272901296616, 2186261.845010803546757 ], [ 3243601.79578855773434, 2186200.759515594691038 ], [ 3243605.951355539262295, 2186179.281437552534044 ], [ 3243630.847463651560247, 2186119.093441699165851 ], [ 3243657.093308824580163, 2186109.896328023634851 ], [ 3243691.321481744758785, 2186097.89579775556922 ], [ 3243722.345890503376722, 2186061.019037849269807 ], [ 3243751.631832064129412, 2186026.199827673844993 ], [ 3243799.706551550887525, 2186001.004347230307758 ], [ 3243795.961523188278079, 2185964.097808303311467 ], [ 3243793.492750190664083, 2185939.812990330159664 ], [ 3243742.400957827456295, 2185889.917339305859059 ], [ 3243699.272915164008737, 2185861.248210197780281 ], [ 3243657.005055060610175, 2185901.791909333318472 ], [ 3243646.22146178688854, 2185924.529000167734921 ], [ 3243639.124980671331286, 2185939.485035244375467 ], [ 3243615.331131, 2185993.235441060736775 ], [ 3243605.959670134820044, 2186014.407995828427374 ], [ 3243584.056845447979867, 2186039.442176800221205 ], [ 3243556.504782889038324, 2186070.917315222788602 ], [ 3243517.413907677400857, 2186043.175323711708188 ], [ 3243472.478314948268235, 2186061.659001926891506 ], [ 3243412.15838597016409, 2186133.357165075838566 ], [ 3243352.925220250152051, 2186210.340138965286314 ], [ 3243348.345362093299627, 2186216.300325130112469 ], [ 3243340.844667197205126, 2186223.470233738422394 ], [ 3243328.461981320753694, 2186235.294633944053203 ], [ 3243302.005236665718257, 2186248.654938144609332 ], [ 3243262.310434952843934, 2186255.588819948025048 ], [ 3243245.598426884505898, 2186191.993332860991359 ], [ 3243263.260342652443796, 2186141.695993985515088 ], [ 3243278.62650733999908, 2186063.910405077505857 ], [ 3243272.100538651458919, 2186023.485047689173371 ], [ 3243265.822902979329228, 2185984.597832619212568 ], [ 3243262.9335479401052, 2185940.039700015913695 ], [ 3243243.940999860409647, 2185971.783867173828185 ], [ 3243226.188936276361346, 2186001.466279877349734 ], [ 3243069.935939999762923, 2186071.799778001848608 ], [ 3243069.935939999762923, 2186929.835541065316647 ], [ 3243116.580606049858034, 2186950.179984961636364 ], [ 3243187.571199459955096, 2186850.845654296688735 ] ] ], [ [ [ 3243091.06669104937464, 2185662.67091525066644 ], [ 3243215.417433746159077, 2185544.832836819812655 ], [ 3243424.616892381105572, 2185441.59479369642213 ], [ 3243514.959360584616661, 2185407.039610531181097 ], [ 3243534.216351852286607, 2185442.13885877514258 ], [ 3243584.028793902136385, 2185456.065852366387844 ], [ 3243605.572458002250642, 2185473.764623849652708 ], [ 3243636.255374358035624, 2185498.9708317136392 ], [ 3243670.081948597915471, 2185554.152880567125976 ], [ 3243722.104150449857116, 2185567.683861313387752 ], [ 3243750.947169627062976, 2185592.055772729218006 ], [ 3243756.9856838285923, 2185629.463875727728009 ], [ 3243822.787455149460584, 2185672.26875769905746 ], [ 3243899.109287729952484, 2185738.114405347499996 ], [ 3243970.599528559483588, 2185745.984510870184749 ], [ 3244064.621157063171268, 2185725.041261575184762 ], [ 3244147.900482507422566, 2185721.809646532405168 ], [ 3244159.920185558032244, 2185669.943973924964666 ], [ 3244210.593137764371932, 2185661.093658917583525 ], [ 3244261.75183527264744, 2185627.270352423191071 ], [ 3244267.340495362412184, 2185605.298968141898513 ], [ 3244275.616634972393513, 2185572.811696825083345 ], [ 3244245.769337962381542, 2185528.258371436037123 ], [ 3244194.039835435338318, 2185530.500819603912532 ], [ 3244121.191822118125856, 2185570.373030276503414 ], [ 3244095.450637741014361, 2185571.756596191320568 ], [ 3244065.051187816075981, 2185573.396197836846113 ], [ 3244018.300481729675084, 2185536.306544135324657 ], [ 3244018.508498852141201, 2185525.899270900525153 ], [ 3244020.296069060452282, 2185436.42539099091664 ], [ 3244036.787750487681478, 2185370.194152250885963 ], [ 3244020.380299842916429, 2185282.570231874939054 ], [ 3244065.075738647952676, 2185222.726918696425855 ], [ 3244032.616381329949945, 2185049.677977615967393 ], [ 3243988.499489746522158, 2184860.559319898486137 ], [ 3243934.554827152751386, 2184779.400464583188295 ], [ 3243922.149315815418959, 2184822.340992182958871 ], [ 3243886.147303983569145, 2184918.753207013010979 ], [ 3243844.349082280416042, 2184926.053495703265071 ], [ 3243844.156638070009649, 2184831.664352474268526 ], [ 3243787.198312608059496, 2184811.574378667399287 ], [ 3243741.907261269632727, 2184823.773018185049295 ], [ 3243742.246215515770018, 2184759.339278498664498 ], [ 3243727.351273381151259, 2184757.236877996474504 ], [ 3243667.492239729035646, 2184748.794989316258579 ], [ 3243635.882866702973843, 2184739.291720831766725 ], [ 3243650.924027411267161, 2184659.415223989635706 ], [ 3243692.510310637298971, 2184624.263039770070463 ], [ 3243698.79075556434691, 2184556.642489760648459 ], [ 3243667.74694999307394, 2184558.252698122058064 ], [ 3243611.427446049638093, 2184561.17537017352879 ], [ 3243537.897669543512166, 2184598.966882267966866 ], [ 3243510.247199776116759, 2184613.173698064405471 ], [ 3243409.06872857734561, 2184665.182158987037838 ], [ 3243300.549285975284874, 2184724.910609540063888 ], [ 3243359.047812629025429, 2184781.206736398395151 ], [ 3243388.197656447999179, 2184816.473677807953209 ], [ 3243407.10338439187035, 2184839.337059013545513 ], [ 3243452.932636801153421, 2184923.606175062246621 ], [ 3243485.272995758801699, 2185057.432802862953395 ], [ 3243513.512034644372761, 2185112.587000376544893 ], [ 3243562.914316626265645, 2185179.05879826657474 ], [ 3243532.398422965779901, 2185170.733257800340652 ], [ 3243490.998219397850335, 2185159.432573939673603 ], [ 3243456.213768322020769, 2185156.921530934050679 ], [ 3243423.80041913036257, 2185102.50657687895 ], [ 3243394.215024261269718, 2185090.13580314302817 ], [ 3243373.109305157326162, 2185081.312258640769869 ], [ 3243305.164097483735532, 2185099.617605656385422 ], [ 3243247.266906527802348, 2185060.379723259713501 ], [ 3243240.537369414232671, 2185053.211771667469293 ], [ 3243226.511188634671271, 2185038.255144123919308 ], [ 3243197.393908460624516, 2185017.591087218374014 ], [ 3243183.198508396744728, 2185026.173552664928138 ], [ 3243157.035673070698977, 2185041.986251010093838 ], [ 3243122.718404070474207, 2185048.720568457618356 ], [ 3243104.19154852302745, 2185052.35207249969244 ], [ 3243077.630219029262662, 2185065.821639766916633 ], [ 3243070.769375007599592, 2185073.498100877273828 ], [ 3243069.935939999762923, 2185074.428391200955957 ], [ 3243069.935939999762923, 2185678.573244265746325 ], [ 3243091.06669104937464, 2185662.67091525066644 ] ] ], [ [ [ 3247509.212237009778619, 2191260.055634630843997 ], [ 3247514.202296590432525, 2191235.836244424805045 ], [ 3247526.045464599970728, 2191178.444653093349189 ], [ 3247528.616884143091738, 2191177.711723990738392 ], [ 3247555.593707019928843, 2191170.030147220008075 ], [ 3247594.168206003960222, 2191159.055971854366362 ], [ 3247654.995574831962585, 2191189.269434553105384 ], [ 3247700.18652825942263, 2191211.720719046425074 ], [ 3247738.082135788165033, 2191283.774064801167697 ], [ 3247763.452501262538135, 2191306.178955278359354 ], [ 3247812.452280432451516, 2191349.447665065061301 ], [ 3247928.474697673693299, 2191464.052866050973535 ], [ 3248090.49969912879169, 2191491.943563694134355 ], [ 3248098.081952255219221, 2191495.212021538056433 ], [ 3248069.082441207021475, 2191405.779557867906988 ], [ 3248053.016812392510474, 2191402.147411739453673 ], [ 3248022.369837389327586, 2191395.211940286681056 ], [ 3248021.328637161757797, 2191386.816990866325796 ], [ 3248010.134455200284719, 2191296.201505363918841 ], [ 3248052.486426210962236, 2191210.134722518734634 ], [ 3247983.795708333142102, 2191120.800538484472781 ], [ 3247943.294221360236406, 2191068.119779081083834 ], [ 3247818.792134016752243, 2190947.513584282714874 ], [ 3247766.431220906786621, 2190739.379777684342116 ], [ 3247705.121022062376142, 2190615.230789542663842 ], [ 3247574.511039993725717, 2190503.183627946302295 ], [ 3247517.199861200526357, 2190310.898752339184284 ], [ 3247482.298032949212939, 2190215.390970774926245 ], [ 3247456.723070031963289, 2190145.39380956813693 ], [ 3247388.359912388026714, 2190093.655516469385475 ], [ 3247354.644006914459169, 2190025.728886473923922 ], [ 3247336.753996158018708, 2189989.679979857057333 ], [ 3247254.915391120128334, 2189824.763023559004068 ], [ 3247170.515137116890401, 2189697.094277548138052 ], [ 3247086.183588932268322, 2189569.535318843554705 ], [ 3247010.170839302241802, 2189702.680548382923007 ], [ 3246898.271393265575171, 2189845.844401230104268 ], [ 3246831.309344152454287, 2189988.642876059282571 ], [ 3246763.887871825136244, 2189989.184524212963879 ], [ 3246678.476780508179218, 2189973.362518724054098 ], [ 3246661.819181878585368, 2189955.002140670083463 ], [ 3246644.466463848482817, 2189947.296541859395802 ], [ 3246644.808003293816, 2189903.653659114614129 ], [ 3246618.709810206666589, 2189885.350364099722356 ], [ 3246612.649054313078523, 2189836.945582869462669 ], [ 3246545.028505742549896, 2189794.770301493350416 ], [ 3246444.003145433962345, 2189755.042998701334 ], [ 3246368.746039671357721, 2189707.439537465106696 ], [ 3246299.20856443233788, 2189611.594186786562204 ], [ 3246286.125613560900092, 2189582.055946094915271 ], [ 3246267.304645545780659, 2189539.549697956070304 ], [ 3246283.524168950971216, 2189472.604406563565135 ], [ 3246237.833263861015439, 2189419.837425998412073 ], [ 3246165.902357126120478, 2189410.745286789722741 ], [ 3246148.16276709921658, 2189408.500768647529185 ], [ 3246121.317378207109869, 2189375.323930599726737 ], [ 3246079.475580612197518, 2189323.6386703341268 ], [ 3246022.115477959159762, 2189254.549963702447712 ], [ 3246030.247449868358672, 2189228.474158669821918 ], [ 3246032.990911263041198, 2189219.692013756372035 ], [ 3246072.49212494539097, 2189213.888059110380709 ], [ 3246133.844755105208606, 2189204.865980107802898 ], [ 3246152.256314367521554, 2189202.157350954599679 ], [ 3246192.429421964101493, 2189166.947598135098815 ], [ 3246227.4106037421152, 2189136.294314258731902 ], [ 3246172.131923004053533, 2189080.031520353630185 ], [ 3246152.662505145184696, 2189020.809667492285371 ], [ 3246210.648221619427204, 2188971.13467732258141 ], [ 3246194.387276280671358, 2188911.352533169556409 ], [ 3246159.202880535740405, 2188886.373817775864154 ], [ 3246134.761785848531872, 2188869.02824180200696 ], [ 3246087.0049665896222, 2188904.041636587120593 ], [ 3246083.302045784890652, 2188906.75647518131882 ], [ 3246081.650252794846892, 2188907.967506260611117 ], [ 3246013.009881567209959, 2189055.094211080111563 ], [ 3245951.643667143769562, 2188907.385924126487225 ], [ 3245947.291608976665884, 2188896.903019219636917 ], [ 3245929.802492808550596, 2188788.592147051356733 ], [ 3245869.383808916900307, 2188728.279968431219459 ], [ 3245826.520314808934927, 2188675.293227721471339 ], [ 3245797.630587879568338, 2188639.574152207467705 ], [ 3245766.462469729129225, 2188530.276529524009675 ], [ 3245779.404458701610565, 2188359.290861496701837 ], [ 3245826.043026035651565, 2188229.653010220266879 ], [ 3245873.322567245457321, 2188187.657015688717365 ], [ 3245832.303230481222272, 2188080.080219078809023 ], [ 3245778.664827633649111, 2187978.083246371243149 ], [ 3245775.810519446618855, 2187897.600430411752313 ], [ 3245684.009470231831074, 2187873.132123583462089 ], [ 3245663.548300812020898, 2187883.893311879597604 ], [ 3245633.834844299592078, 2187899.524643423035741 ], [ 3245568.786995832342654, 2187933.756093562580645 ], [ 3245514.727727833203971, 2188017.437238017097116 ], [ 3245513.635072978213429, 2188019.848269079811871 ], [ 3245474.868377501145005, 2188105.390388840809464 ], [ 3245536.875330701936036, 2188175.542451525107026 ], [ 3245569.652555590029806, 2188218.114910806529224 ], [ 3245601.00448670424521, 2188258.837766377720982 ], [ 3245672.44166330434382, 2188303.721626814454794 ], [ 3245686.750660106074065, 2188392.342166081536561 ], [ 3245658.872890661004931, 2188491.696487148758024 ], [ 3245655.803159581497312, 2188556.355056784115732 ], [ 3245680.40963494963944, 2188599.178643725812435 ], [ 3245683.996495963539928, 2188605.4257174548693 ], [ 3245714.055933657102287, 2188617.460993782617152 ], [ 3245730.951571910642087, 2188624.222305847797543 ], [ 3245742.188069404102862, 2188672.878583079669625 ], [ 3245701.90600757393986, 2188737.274406971875578 ], [ 3245715.281155338510871, 2188820.107368578203022 ], [ 3245726.814354616682976, 2188891.532458012923598 ], [ 3245726.642354751937091, 2188923.405850398354232 ], [ 3245726.568000887986273, 2188937.905993545427918 ], [ 3245689.049628101289272, 2188924.497055827639997 ], [ 3245656.766789705958217, 2188912.961671330966055 ], [ 3245560.391220048535615, 2188847.402878025081009 ], [ 3245524.362794782966375, 2188787.778372791595757 ], [ 3245522.082129934802651, 2188712.364989439025521 ], [ 3245519.461176312528551, 2188678.343545821495354 ], [ 3245516.07740384619683, 2188634.317385512404144 ], [ 3245497.755250316113234, 2188561.705823993775994 ], [ 3245496.370951517019421, 2188489.704586138948798 ], [ 3245492.141357730142772, 2188358.842730516567826 ], [ 3245493.620861975476146, 2188284.334146768786013 ], [ 3245448.471463496331125, 2188130.246055731549859 ], [ 3245410.932481515686959, 2188116.394699413329363 ], [ 3245380.202128386124969, 2188105.044418023899198 ], [ 3245370.811176616698503, 2188104.717821279074997 ], [ 3245315.653595615644008, 2188102.824487908743322 ], [ 3245325.907521936111152, 2188156.021686242427677 ], [ 3245336.427370080724359, 2188210.551219007000327 ], [ 3245399.918379954062402, 2188310.827394853811711 ], [ 3245408.118141400162131, 2188335.774176036007702 ], [ 3245419.849890557583421, 2188371.468711763154715 ], [ 3245414.045252093113959, 2188372.482519163750112 ], [ 3245347.548599473200738, 2188384.096526116598397 ], [ 3245307.647915332112461, 2188393.02207232825458 ], [ 3245279.073101975023746, 2188399.422052879352123 ], [ 3245261.128586828708649, 2188479.766887656413019 ], [ 3245259.468727962113917, 2188487.214197544381022 ], [ 3245176.677429175470024, 2188518.544105520006269 ], [ 3245184.62823595944792, 2188567.784445200115442 ], [ 3245190.987002442590892, 2188607.164892697706819 ], [ 3245190.485498527530581, 2188626.940442005172372 ], [ 3245189.604543863795698, 2188661.401242158841342 ], [ 3245205.322651045396924, 2188684.568573046475649 ], [ 3245216.217380249872804, 2188700.620049986056983 ], [ 3245206.035295889247209, 2188713.246119230985641 ], [ 3245190.881279118359089, 2188732.042773419991136 ], [ 3245192.786258301697671, 2188785.704993811435997 ], [ 3245219.919476486742496, 2188828.208885189145803 ], [ 3245190.03165818285197, 2188894.176104811951518 ], [ 3245145.725976876914501, 2188891.786872419528663 ], [ 3245107.034057796932757, 2188861.429760065395385 ], [ 3245044.701364221982658, 2188852.061432064510882 ], [ 3244976.865928060840815, 2188850.416383509524167 ], [ 3244933.935290515422821, 2188898.406291142106056 ], [ 3244955.350376802496612, 2188989.162294053006917 ], [ 3245042.26169950235635, 2189004.344968713354319 ], [ 3245095.057083213236183, 2189059.246333446353674 ], [ 3245108.837398107163608, 2189144.584025324322283 ], [ 3245119.10749226808548, 2189149.035197434946895 ], [ 3245214.198316301219165, 2189190.293845296371728 ], [ 3245309.382590610533953, 2189193.914084935095161 ], [ 3245430.21909764688462, 2189209.933818326797336 ], [ 3245499.762767651118338, 2189201.16318653896451 ], [ 3245543.076990508940071, 2189171.578170021064579 ], [ 3245572.797786720097065, 2189151.281540270429105 ], [ 3245583.511929830070585, 2189134.659434822387993 ], [ 3245617.943093009293079, 2189081.240504797548056 ], [ 3245642.572696157731116, 2189102.14182207826525 ], [ 3245647.52111733937636, 2189132.786427810788155 ], [ 3245655.266990886069834, 2189180.754906734451652 ], [ 3245710.06411556340754, 2189269.046320548746735 ], [ 3245736.559726040810347, 2189328.531419004313648 ], [ 3245816.90820618160069, 2189344.871529452502728 ], [ 3245845.953843812458217, 2189336.422611174173653 ], [ 3245917.825541787780821, 2189404.862391726113856 ], [ 3245984.809522088617086, 2189464.028035091236234 ], [ 3246043.119462740141898, 2189511.21500010881573 ], [ 3246091.342391930520535, 2189600.654905831906945 ], [ 3246120.185803737491369, 2189621.124574424698949 ], [ 3246152.39963795337826, 2189643.98617971688509 ], [ 3246203.803877376951277, 2189654.128673960454762 ], [ 3246243.140359078533947, 2189661.887703734450042 ], [ 3246267.742444689385593, 2189693.114519871305674 ], [ 3246289.880416896659881, 2189721.213261654600501 ], [ 3246320.097786479629576, 2189803.680254676844925 ], [ 3246320.305326525587589, 2189867.756782684009522 ], [ 3246306.099751583300531, 2189968.100080314092338 ], [ 3246352.321312224492431, 2190024.150462585967034 ], [ 3246414.75027303956449, 2190013.247264796867967 ], [ 3246479.513627449050546, 2189974.938931232318282 ], [ 3246539.831646400969476, 2189950.900771765038371 ], [ 3246631.431311230175197, 2190079.086041380185634 ], [ 3246636.105424004606903, 2190266.228585221804678 ], [ 3246691.380941508337855, 2190353.514742764644325 ], [ 3246706.5888382201083, 2190377.542039453517646 ], [ 3246704.355016257613897, 2190456.603329702280462 ], [ 3246711.809220053255558, 2190646.119824507273734 ], [ 3246718.834952459670603, 2190824.934697438031435 ], [ 3246697.621299212332815, 2190887.217489500995725 ], [ 3246678.125621204264462, 2190944.425258948467672 ], [ 3246677.782656942494214, 2191010.301651146728545 ], [ 3246677.424578425474465, 2191079.41477880673483 ], [ 3246625.453338203020394, 2191286.347229726612568 ], [ 3246620.358890718780458, 2191306.651520228944719 ], [ 3246654.480435185134411, 2191401.84009920200333 ], [ 3246693.085955456830561, 2191455.034047657623887 ], [ 3246707.747867661528289, 2191498.804540512152016 ], [ 3246716.663566239643842, 2191525.411109609529376 ], [ 3246755.253623648546636, 2191552.806234547868371 ], [ 3246806.082354666665196, 2191641.77191842161119 ], [ 3246863.050924758426845, 2191684.165296306833625 ], [ 3246886.423409039154649, 2191730.145344545599073 ], [ 3246940.954524002969265, 2191743.371245226822793 ], [ 3246954.717314479872584, 2191761.527679835446179 ], [ 3246969.908711583353579, 2191781.553478718269616 ], [ 3246982.338568661361933, 2191776.249873489607126 ], [ 3247003.695803677663207, 2191767.146550107747316 ], [ 3247030.446730198338628, 2191755.742708293255419 ], [ 3246988.907787011936307, 2191684.325630950275809 ], [ 3247013.138803264126182, 2191578.955660795327276 ], [ 3247008.785358705557883, 2191482.308940600603819 ], [ 3246997.016610496211797, 2191409.443704042118043 ], [ 3247003.06295339204371, 2191401.443108592648059 ], [ 3247055.723987788427621, 2191331.762013198807836 ], [ 3247079.012536569498479, 2191293.326590739190578 ], [ 3247091.266936655156314, 2191273.110185640398413 ], [ 3247142.686726657673717, 2191312.823158233892173 ], [ 3247170.094283058773726, 2191350.606384427286685 ], [ 3247190.932752617634833, 2191379.327825554646552 ], [ 3247231.292847884818912, 2191443.44853748800233 ], [ 3247346.838820556178689, 2191415.777102186344564 ], [ 3247401.678831268101931, 2191499.855343700852245 ], [ 3247472.510235045105219, 2191543.680646840948611 ], [ 3247580.310264670755714, 2191497.775671927258372 ], [ 3247591.830777212046087, 2191492.874399397987872 ], [ 3247627.65080681303516, 2191455.231417926028371 ], [ 3247655.955507093574852, 2191425.480542953591794 ], [ 3247659.096729215234518, 2191381.267357620410621 ], [ 3247660.541935907676816, 2191360.992315333336592 ], [ 3247555.489694320596755, 2191344.098382263444364 ], [ 3247548.872402630746365, 2191343.033774658106267 ], [ 3247509.212237009778619, 2191260.055634630843997 ] ] ], [ [ [ 3245600.035811162553728, 2194746.284248374868184 ], [ 3245598.769077942240983, 2194731.094987552147359 ], [ 3245597.744023052975535, 2194718.783402320928872 ], [ 3245607.583235601894557, 2194699.899872994981706 ], [ 3245614.991993861738592, 2194679.291604592930526 ], [ 3245612.494261537212878, 2194667.602301944978535 ], [ 3245606.165190272033215, 2194637.917343816254288 ], [ 3245588.29207449965179, 2194593.824825788848102 ], [ 3245579.12757938914001, 2194550.360220686066896 ], [ 3245606.283448718488216, 2194545.615884538274258 ], [ 3245613.702147848438472, 2194525.005917488131672 ], [ 3245633.444701074622571, 2194521.556760939769447 ], [ 3245640.858030735049397, 2194520.261604739818722 ], [ 3245634.133332123048604, 2194507.475725239142776 ], [ 3245628.460303833242506, 2194496.675754090305418 ], [ 3245522.69382611149922, 2194427.171934238635004 ], [ 3245396.713709802366793, 2194365.488376923836768 ], [ 3245326.482894617132843, 2194356.295211904216558 ], [ 3245285.849857121706009, 2194324.553614647593349 ], [ 3245274.849676641635597, 2194315.961835038848221 ], [ 3245221.191608911845833, 2194263.096205642912537 ], [ 3245165.651209682691842, 2194238.470822498667985 ], [ 3245112.063080905936658, 2194239.24610069161281 ], [ 3245085.779543481767178, 2194209.499050166457891 ], [ 3245073.570491339080036, 2194147.252554553560913 ], [ 3245048.220567379146814, 2194070.137486660853028 ], [ 3245048.548193400725722, 2194005.700717523694038 ], [ 3245048.754499292932451, 2193998.496750026941299 ], [ 3245049.294120915234089, 2193980.163302563130856 ], [ 3245047.674305748194456, 2193953.427199497818947 ], [ 3245047.344216417521238, 2193947.928972472902387 ], [ 3245036.11421941453591, 2193905.372856742702425 ], [ 3245028.261292180046439, 2193894.649641187861562 ], [ 3245025.526997780427337, 2193892.237887458875775 ], [ 3245022.607396549545228, 2193890.061279334127903 ], [ 3245021.488355175592005, 2193889.354464687407017 ], [ 3245019.522231055889279, 2193888.116367552429438 ], [ 3245016.292836942709982, 2193886.409563011024147 ], [ 3245012.935457789804786, 2193884.978581744246185 ], [ 3245009.478114394471049, 2193883.80838968558237 ], [ 3245005.932271121069789, 2193882.907122364267707 ], [ 3245002.320856704376638, 2193882.291050846222788 ], [ 3244998.67507809959352, 2193881.964861371554434 ], [ 3244996.77338935341686, 2193881.942265301477164 ], [ 3244995.013084827922285, 2193881.915244502946734 ], [ 3244991.347934344317764, 2193882.160195942036808 ], [ 3244981.824845626018941, 2193885.53741988260299 ], [ 3244995.15154486708343, 2193860.407579506281763 ], [ 3244984.644754159264266, 2193849.215293786954135 ], [ 3244958.859818004071712, 2193830.908668431453407 ], [ 3244965.678714703768492, 2193805.83101998269558 ], [ 3244968.102254056371748, 2193780.436490695923567 ], [ 3244978.771692970767617, 2193759.025391867849976 ], [ 3244973.596102614887059, 2193747.408604272641242 ], [ 3244970.248690036125481, 2193739.882652237080038 ], [ 3244962.601595050655305, 2193719.502064585220069 ], [ 3244965.816237117629498, 2193712.887749779503793 ], [ 3244972.395159678533673, 2193699.328824778087437 ], [ 3244968.605955524370074, 2193683.100137008354068 ], [ 3244965.324851599521935, 2193669.073975935578346 ], [ 3244988.038945461623371, 2193634.700254797004163 ], [ 3244995.434741217643023, 2193599.748395089991391 ], [ 3244986.261901030316949, 2193569.860907294321805 ], [ 3244987.563768405467272, 2193559.951219672802836 ], [ 3244989.18705144431442, 2193547.633254195563495 ], [ 3245005.115709703415632, 2193531.822419635020196 ], [ 3245011.857823365367949, 2193530.644502204842865 ], [ 3245024.14762166980654, 2193528.49734913231805 ], [ 3245023.700125766452402, 2193512.283024546224624 ], [ 3245004.77705988753587, 2193496.052261685021222 ], [ 3245008.562029012478888, 2193489.135559860616922 ], [ 3245019.883831173181534, 2193468.431798729114234 ], [ 3245019.672274780459702, 2193440.2331628408283 ], [ 3245029.382377659901977, 2193433.426938173361123 ], [ 3245038.226390454918146, 2193427.228260637260973 ], [ 3245049.298001749906689, 2193434.378005074802786 ], [ 3245052.475813153199852, 2193436.20534983696416 ], [ 3245055.793076932895929, 2193437.765008399728686 ], [ 3245058.322801805566996, 2193438.722150005865842 ], [ 3245059.22017907910049, 2193439.062154620885849 ], [ 3245062.74565526470542, 2193440.088652974925935 ], [ 3245066.348169840872288, 2193440.838092581368983 ], [ 3245069.994922826066613, 2193441.29592698533088 ], [ 3245073.666171568445861, 2193441.465605433098972 ], [ 3245077.352044745348394, 2193441.348852543625981 ], [ 3245078.21881596930325, 2193441.248112791683525 ], [ 3245081.01146404305473, 2193440.942706611007452 ], [ 3245083.186657563783228, 2193440.522128981538117 ], [ 3245084.644429487641901, 2193440.247167653404176 ], [ 3245086.374446740373969, 2193439.772566212806851 ], [ 3245088.203177404589951, 2193439.280718831345439 ], [ 3245091.68611483508721, 2193438.033500018063933 ], [ 3245093.437442003749311, 2193437.251022443175316 ], [ 3245095.065220780670643, 2193436.520545156206936 ], [ 3245098.319159610196948, 2193434.735443299170583 ], [ 3245099.762229770421982, 2193433.80405196826905 ], [ 3245101.424689278937876, 2193432.722808814141899 ], [ 3245104.368752502370626, 2193430.464645993430167 ], [ 3245107.124921261332929, 2193427.985848909243941 ], [ 3245109.684917219914496, 2193425.298002263531089 ], [ 3245112.02231234870851, 2193422.426000121049583 ], [ 3245112.640003251843154, 2193421.53742479160428 ], [ 3245134.702724594157189, 2193358.251378852874041 ], [ 3245134.810583234298974, 2193337.306803463958204 ], [ 3245134.907525470945984, 2193319.121793202124536 ], [ 3245098.649545154999942, 2193283.10804794402793 ], [ 3245085.281731839291751, 2193276.258070157840848 ], [ 3245070.199077017139643, 2193268.531630983576179 ], [ 3245048.582719618454576, 2193296.194315544795245 ], [ 3245023.040522540919483, 2193333.23154698126018 ], [ 3245015.661249337717891, 2193334.926305601373315 ], [ 3245003.124383250251412, 2193337.806018274277449 ], [ 3244951.519861167296767, 2193338.609665761701763 ], [ 3244887.098061600700021, 2193339.614856467582285 ], [ 3244844.618727453052998, 2193345.383922551292926 ], [ 3244853.366414256393909, 2193329.479265581350774 ], [ 3244889.964650369249284, 2193316.647220395039767 ], [ 3244931.541744870599359, 2193281.482263240963221 ], [ 3244952.372059748508036, 2193224.200520429760218 ], [ 3244937.136986459605396, 2193209.687708930578083 ], [ 3244940.392964639700949, 2193197.297443061135709 ], [ 3244942.453578351065516, 2193189.445131755433977 ], [ 3244969.854646575637162, 2193190.1124133374542 ], [ 3244974.806639502756298, 2193190.230688366107643 ], [ 3244973.190992416348308, 2193166.910684945993125 ], [ 3244972.39416275639087, 2193165.559547971002758 ], [ 3244952.492545393295586, 2193131.89944791328162 ], [ 3244940.632276995107532, 2193071.74186546029523 ], [ 3244932.45325106009841, 2193058.936456473078579 ], [ 3244914.746791293378919, 2193031.198967244941741 ], [ 3244883.335504034534097, 2193049.562575772870332 ], [ 3244816.277582242153585, 2193099.905658179428428 ], [ 3244820.659759028814733, 2193127.030887573026121 ], [ 3244816.215322617441416, 2193179.310661379713565 ], [ 3244789.118311835452914, 2193237.697493310086429 ], [ 3244776.418568916618824, 2193254.333177142776549 ], [ 3244760.751658388413489, 2193274.843102419748902 ], [ 3244768.299556153826416, 2193294.987500590272248 ], [ 3244770.658755179494619, 2193309.590375490020961 ], [ 3244754.214678947813809, 2193327.48857867019251 ], [ 3244749.967600644566119, 2193337.639096540398896 ], [ 3244746.467742926441133, 2193346.006496495567262 ], [ 3244756.611093625891954, 2193360.729593425989151 ], [ 3244707.370871069841087, 2193371.015566844493151 ], [ 3244663.675160714425147, 2193376.480259262025356 ], [ 3244661.718500314746052, 2193377.876520849764347 ], [ 3244635.402777353767306, 2193396.617488495074213 ], [ 3244628.695789558812976, 2193410.137981588952243 ], [ 3244616.548980784136802, 2193434.6561473836191 ], [ 3244611.778569762129337, 2193472.413987945299596 ], [ 3244633.400140835903585, 2193512.069594183005393 ], [ 3244664.036173852160573, 2193546.895768680144101 ], [ 3244670.372697135433555, 2193561.614850578829646 ], [ 3244681.432875176426023, 2193587.289556507021189 ], [ 3244674.270894301589578, 2193643.917350032366812 ], [ 3244702.962924424558878, 2193713.827850070316344 ], [ 3244722.64264901028946, 2193754.907615017145872 ], [ 3244750.8214400280267, 2193855.313236015383154 ], [ 3244764.375755528453737, 2193925.699034532066435 ], [ 3244766.79534862563014, 2193967.624887834303081 ], [ 3244766.536281550303102, 2193999.190824765712023 ], [ 3244766.323516464326531, 2194025.263737206347287 ], [ 3244772.011461346410215, 2194062.603721623308957 ], [ 3244806.863035219721496, 2194118.744768413249403 ], [ 3244811.514052713289857, 2194160.84856611629948 ], [ 3244804.648842276539654, 2194169.368083087727427 ], [ 3244795.408098574727774, 2194180.837292672134936 ], [ 3244794.267495147883892, 2194200.350502747111022 ], [ 3244807.866509258747101, 2194216.609113614540547 ], [ 3244820.887184457853436, 2194232.177968602161855 ], [ 3244868.344781630672514, 2194273.240592244081199 ], [ 3244894.300469966605306, 2194300.895495552569628 ], [ 3244934.013908881694078, 2194427.015090575441718 ], [ 3244931.289301072712988, 2194438.420496733859181 ], [ 3244927.606952765025198, 2194453.886447485070676 ], [ 3244930.865016692318022, 2194474.050547938793898 ], [ 3244935.362590842880309, 2194501.885883637703955 ], [ 3244976.75026932079345, 2194505.381209242157638 ], [ 3245021.570219490211457, 2194516.864239343442023 ], [ 3245076.041072078514844, 2194548.124432340729982 ], [ 3245096.924466611817479, 2194571.900515624787658 ], [ 3245123.429516622330993, 2194602.075270883738995 ], [ 3245165.493732467293739, 2194676.280471738893539 ], [ 3245195.159729091450572, 2194793.419077868107706 ], [ 3245199.414029051549733, 2194846.31895664986223 ], [ 3245193.830920095089823, 2194918.112395910080522 ], [ 3245187.971110147424042, 2194974.938986820634454 ], [ 3245232.870058131404221, 2195040.051539364736527 ], [ 3245282.888700102921575, 2195123.593777297995985 ], [ 3245331.895699259825051, 2195200.874810307752341 ], [ 3245353.09983300883323, 2195261.621124502271414 ], [ 3245382.392867650836706, 2195208.233222506009042 ], [ 3245387.917321997694671, 2195197.007744650356472 ], [ 3245396.825283644720912, 2195178.895046536345035 ], [ 3245418.452921596821398, 2195162.615447883494198 ], [ 3245432.151969874277711, 2195152.293621873017401 ], [ 3245470.699028014205396, 2195145.558834243565798 ], [ 3245509.278395654633641, 2195170.744822975248098 ], [ 3245534.084744051098824, 2195166.410788784734905 ], [ 3245546.581696876324713, 2195164.227392393164337 ], [ 3245564.033469224348664, 2195167.707567372359335 ], [ 3245587.526364614255726, 2195172.393184446264058 ], [ 3245618.089969717431813, 2195187.482550027314574 ], [ 3245625.754701219499111, 2195227.001884566154331 ], [ 3245645.643858399242163, 2195242.425300301983953 ], [ 3245662.712620036676526, 2195210.244076168164611 ], [ 3245661.292378691956401, 2195148.251524052582681 ], [ 3245650.372524386737496, 2195107.242798163555562 ], [ 3245629.741202716715634, 2195103.871998322661966 ], [ 3245599.612133453600109, 2195098.946653988212347 ], [ 3245586.400349940173328, 2195030.437038692645729 ], [ 3245591.716016395017505, 2195019.552260549273342 ], [ 3245603.923881076276302, 2194994.536676292773336 ], [ 3245596.021493216045201, 2194987.340094554703683 ], [ 3245592.77957381401211, 2194981.975439285393804 ], [ 3245578.426465746946633, 2194958.224232143722475 ], [ 3245581.798935164231807, 2194949.007112196646631 ], [ 3245591.834857624024153, 2194921.54235312435776 ], [ 3245597.238817968405783, 2194902.409663327503949 ], [ 3245601.405513104982674, 2194887.680362266488373 ], [ 3245609.280693643726408, 2194843.388026637025177 ], [ 3245629.026755435392261, 2194792.723023872822523 ], [ 3245624.306074262596667, 2194763.507289815694094 ], [ 3245600.035811162553728, 2194746.284248374868184 ] ] ], [ [ [ 3243105.83541328413412, 2194841.745627365075052 ], [ 3243155.381502646952868, 2194849.187189947348088 ], [ 3243189.241648836061358, 2194776.202123106922954 ], [ 3243185.190312246792018, 2194717.90279926545918 ], [ 3243185.119235345628113, 2194717.337313884869218 ], [ 3243177.256525711156428, 2194652.22172222379595 ], [ 3243176.060586122795939, 2194636.654893348924816 ], [ 3243174.813628692179918, 2194620.45824382500723 ], [ 3243180.648916849866509, 2194607.57619415037334 ], [ 3243186.685403743758798, 2194594.243299950379878 ], [ 3243209.009089910425246, 2194566.191683410666883 ], [ 3243207.940600950736552, 2194556.564150192774832 ], [ 3243203.194871194660664, 2194513.563919600099325 ], [ 3243174.416764656547457, 2194459.900203771423548 ], [ 3243153.219548568129539, 2194420.363054675981402 ], [ 3243153.600551282986999, 2194413.361609185580164 ], [ 3243156.582456784322858, 2194358.071325361728668 ], [ 3243170.227400101255625, 2194326.183229144662619 ], [ 3243178.228341769892722, 2194292.594723058398813 ], [ 3243170.875391530804336, 2194271.523914968129247 ], [ 3243163.224306382238865, 2194249.613007361534983 ], [ 3243141.65752319432795, 2194215.828281909227371 ], [ 3243127.161561989225447, 2194159.34434369392693 ], [ 3243125.404795943759382, 2194150.607658345717937 ], [ 3243113.586022669449449, 2194091.972876168321818 ], [ 3243116.957869402132928, 2194088.970628721639514 ], [ 3243151.154917963780463, 2194058.580663172993809 ], [ 3243181.782544376328588, 2194074.57024344895035 ], [ 3243212.752824981696904, 2194090.733146308455616 ], [ 3243217.236886825412512, 2194063.14295163191855 ], [ 3243219.488951141946018, 2194049.315688507631421 ], [ 3243213.587784067261964, 2194012.793383655603975 ], [ 3243249.89340572943911, 2193971.582133542746305 ], [ 3243252.748815019614995, 2193922.792826260440052 ], [ 3243258.303961107507348, 2193920.990694575943053 ], [ 3243270.608007817994803, 2193916.985190911218524 ], [ 3243288.902383612003177, 2193891.381882898043841 ], [ 3243296.89065829012543, 2193880.202162934467196 ], [ 3243331.941370759159327, 2193831.160313866101205 ], [ 3243333.533587487414479, 2193774.551927545107901 ], [ 3243344.993590916506946, 2193745.722558935172856 ], [ 3243366.988985753618181, 2193740.449393666815013 ], [ 3243386.356120610609651, 2193735.807873805984855 ], [ 3243408.723968952894211, 2193735.792412295006216 ], [ 3243448.109399316366762, 2193735.753558850381523 ], [ 3243463.402788472827524, 2193746.606015741825104 ], [ 3243481.480414198711514, 2193759.425487939734012 ], [ 3243520.065018579363823, 2193782.196529094595462 ], [ 3243579.977399092167616, 2193803.917306112591177 ], [ 3243590.37729184422642, 2193803.265942140016705 ], [ 3243603.901292649097741, 2193802.413379517383873 ], [ 3243615.351473863702267, 2193773.585835756734014 ], [ 3243637.677452830597758, 2193745.544586061965674 ], [ 3243683.265326660592109, 2193761.718516178429127 ], [ 3243708.111322772689164, 2193749.337037034332752 ], [ 3243737.430743284057826, 2193714.700387437362224 ], [ 3243770.371323601342738, 2193735.771082881838083 ], [ 3243795.317049246281385, 2193727.022121727466583 ], [ 3243762.362801945768297, 2193686.203861243091524 ], [ 3243738.601063268259168, 2193655.479248319286853 ], [ 3243759.662252218462527, 2193619.609112819191068 ], [ 3243760.668833109550178, 2193592.606583328451961 ], [ 3243738.107309801969677, 2193585.832455758005381 ], [ 3243715.512989086098969, 2193579.043790051247925 ], [ 3243725.277869788464159, 2193539.784261309076101 ], [ 3243687.53602894442156, 2193522.229119831696153 ], [ 3243648.779307606630027, 2193531.688118920661509 ], [ 3243615.838783313520253, 2193510.617462754715234 ], [ 3243614.599374117795378, 2193502.946231409907341 ], [ 3243608.673164885491133, 2193466.266311291605234 ], [ 3243625.8537044711411, 2193423.02426387462765 ], [ 3243593.988663672935218, 2193420.734928712248802 ], [ 3243571.509146135300398, 2193419.117184405215085 ], [ 3243557.418568048626184, 2193436.817623913288116 ], [ 3243549.18296309420839, 2193447.158371856436133 ], [ 3243508.240821432322264, 2193459.675921323243529 ], [ 3243469.734099346213043, 2193420.801343544386327 ], [ 3243449.819333396852016, 2193402.767235613428056 ], [ 3243422.546924321446568, 2193378.080322332214564 ], [ 3243425.364424163475633, 2193360.77824199013412 ], [ 3243429.283724925480783, 2193336.663152387365699 ], [ 3243469.469305547885597, 2193302.814457267057151 ], [ 3243486.07933987909928, 2193252.585247674956918 ], [ 3243417.224321676418185, 2193228.787331937812269 ], [ 3243381.84191183000803, 2193175.953562595881522 ], [ 3243368.851043935399503, 2193163.583530578296632 ], [ 3243334.234323924407363, 2193130.629492210224271 ], [ 3243294.540839870460331, 2193067.822510074358433 ], [ 3243278.607896382920444, 2193035.608394222799689 ], [ 3243258.886122819036245, 2192975.293303513899446 ], [ 3243209.884198888204992, 2192955.954730534460396 ], [ 3243175.801222734153271, 2192952.81621169205755 ], [ 3243144.767578704282641, 2192949.955945870839059 ], [ 3243151.329625954851508, 2192966.511175826191902 ], [ 3243159.480331740342081, 2193001.758029602468014 ], [ 3243132.225391443818808, 2193060.29558477178216 ], [ 3243089.048654926940799, 2193067.840527838096023 ], [ 3243080.115241116844118, 2193091.767284403089434 ], [ 3243069.935939999762923, 2193107.479442116804421 ], [ 3243069.935939999762923, 2194816.27120283106342 ], [ 3243105.83541328413412, 2194841.745627365075052 ] ] ], [ [ [ 3251294.193696307018399, 2183639.122410545125604 ], [ 3251264.39366280566901, 2183634.104049120098352 ], [ 3251297.700100935995579, 2183536.795656665228307 ], [ 3251369.566821333952248, 2183519.998335367068648 ], [ 3251424.374090178869665, 2183529.58409806760028 ], [ 3251474.178368579596281, 2183574.093069583177567 ], [ 3251507.121357498224825, 2183606.642683183308691 ], [ 3251574.713593190535903, 2183638.782790128141642 ], [ 3251575.398519544862211, 2183633.087926988955587 ], [ 3251576.085692775435746, 2183627.28116507967934 ], [ 3251547.221507533919066, 2183587.045580953825265 ], [ 3251508.524863214232028, 2183533.117358034010977 ], [ 3251488.889301831834018, 2183503.020355083048344 ], [ 3251442.217062662355602, 2183488.365764499641955 ], [ 3251415.593986076768488, 2183464.850464008748531 ], [ 3251410.790249115787446, 2183450.239844050258398 ], [ 3251407.676784578710794, 2183440.757596878800541 ], [ 3251420.316845427267253, 2183435.865802615880966 ], [ 3251438.641247454099357, 2183424.619715834502131 ], [ 3251536.676434125751257, 2183474.570532072335482 ], [ 3251553.940174087882042, 2183487.19971311185509 ], [ 3251589.962696639820933, 2183513.545451265759766 ], [ 3251603.087819514796138, 2183533.364158511161804 ], [ 3251613.047797968611121, 2183548.413201651070267 ], [ 3251620.744202649220824, 2183592.149566247593611 ], [ 3251624.481690796092153, 2183613.36296065337956 ], [ 3251654.67036830727011, 2183578.262423163745552 ], [ 3251726.512599973473698, 2183531.241389614995569 ], [ 3251711.877848590258509, 2183501.751820027828217 ], [ 3251685.568251332268119, 2183448.723654070869088 ], [ 3251641.444536652415991, 2183375.691374378278852 ], [ 3251600.754039999097586, 2183308.334898442961276 ], [ 3251578.253437363076955, 2183126.034516707062721 ], [ 3251571.456605467014015, 2183116.748932157177478 ], [ 3251570.418325148988515, 2183113.270646350458264 ], [ 3251570.121410584077239, 2183111.933687814511359 ], [ 3251569.641837744042277, 2183109.716272716410458 ], [ 3251569.151661069132388, 2183106.111944348551333 ], [ 3251568.950976641848683, 2183102.477380068972707 ], [ 3251569.023220420815051, 2183098.835743884555995 ], [ 3251569.369983172975481, 2183095.196895219385624 ], [ 3251570.007500663399696, 2183091.598549153190106 ], [ 3251570.919208839535713, 2183088.063869703561068 ], [ 3251571.057806927710772, 2183087.664620035793632 ], [ 3251572.105107706040144, 2183084.592856880277395 ], [ 3251573.039211516268551, 2183082.392348545603454 ], [ 3251573.541941897943616, 2183081.230116075370461 ], [ 3251575.241174935363233, 2183077.983784157782793 ], [ 3251576.007289018016309, 2183076.755323411896825 ], [ 3251577.186242735944688, 2183074.877025124616921 ], [ 3251579.35899046715349, 2183071.92314354935661 ], [ 3251581.762599599547684, 2183069.141858288086951 ], [ 3251584.360760466195643, 2183066.559778459835798 ], [ 3251587.153473048470914, 2183064.17690409347415 ], [ 3251590.114300454035401, 2183062.018121727742255 ], [ 3251492.431141450069845, 2183084.900566567666829 ], [ 3251405.990483223460615, 2183114.549565429799259 ], [ 3251344.160527474246919, 2183111.642713245470077 ], [ 3251337.783418284729123, 2183126.349095405079424 ], [ 3251330.186136583797634, 2183143.873585395514965 ], [ 3251337.995772602967918, 2183164.721064494922757 ], [ 3251322.452270989771932, 2183167.220267977565527 ], [ 3251305.56277523888275, 2183172.701454168651253 ], [ 3251272.03571334015578, 2183183.5894795935601 ], [ 3251250.632365204393864, 2183190.537465750705451 ], [ 3251207.603385092690587, 2183204.5026695872657 ], [ 3251087.775323174893856, 2183232.314469508826733 ], [ 3250974.43949362821877, 2183300.36295605963096 ], [ 3250895.560385738499463, 2183320.127914296463132 ], [ 3250838.359180395491421, 2183334.457992064300925 ], [ 3250810.725790031254292, 2183347.774731087498367 ], [ 3250726.217007585801184, 2183388.512633481994271 ], [ 3250668.734346986748278, 2183396.819974789395928 ], [ 3250611.478785898070782, 2183405.087759708054364 ], [ 3250608.811796797439456, 2183416.805290666874498 ], [ 3250604.883492607157677, 2183434.105431622825563 ], [ 3250638.482168722897768, 2183464.239161341451108 ], [ 3250665.137650200631469, 2183488.143887630663812 ], [ 3250722.363080425187945, 2183532.533289014361799 ], [ 3250725.088690777309239, 2183535.585370887536556 ], [ 3250742.712189516983926, 2183555.288072607014328 ], [ 3250761.364796962123364, 2183578.349036924075335 ], [ 3250792.188042536377907, 2183626.321808325126767 ], [ 3250802.406535477377474, 2183642.217744735069573 ], [ 3250877.651906183920801, 2183762.55225196480751 ], [ 3250880.525389889255166, 2183767.149783594999462 ], [ 3250915.502668134868145, 2183820.672606371808797 ], [ 3250961.225133968517184, 2183913.547955920919776 ], [ 3250983.406387674156576, 2183961.873229083139449 ], [ 3250992.631936859805137, 2183960.04037555353716 ], [ 3251002.655581019818783, 2183958.0581213706173 ], [ 3251007.435654641129076, 2183972.206623699050397 ], [ 3251008.429168143309653, 2183975.15548075735569 ], [ 3251098.835121713578701, 2183985.624861812684685 ], [ 3251122.74012393783778, 2183922.405084100551903 ], [ 3251135.133745418861508, 2183889.628514593467116 ], [ 3251156.693103591911495, 2183830.680365213658661 ], [ 3251257.563412669114769, 2183792.389594277832657 ], [ 3251301.731447833590209, 2183764.033551403321326 ], [ 3251360.828401179984212, 2183726.098375588189811 ], [ 3251518.234238144010305, 2183781.39192596450448 ], [ 3251559.634349630214274, 2183705.621708773542196 ], [ 3251551.879121942445636, 2183700.902794288471341 ], [ 3251535.659189283847809, 2183691.03122408920899 ], [ 3251480.105088964104652, 2183690.090812595561147 ], [ 3251427.095930505078286, 2183665.289874985814095 ], [ 3251378.971868436317891, 2183631.131629854440689 ], [ 3251363.712628985755146, 2183637.027875511907041 ], [ 3251338.862545606680214, 2183646.645288553088903 ], [ 3251294.193696307018399, 2183639.122410545125604 ] ] ], [ [ [ 3253076.285091820638627, 2186645.727427198085934 ], [ 3252923.671438254415989, 2186510.261922771576792 ], [ 3252613.459130136296153, 2186627.422389732208103 ], [ 3252691.937538012862206, 2186834.35534484917298 ], [ 3252665.26266408059746, 2186959.318586789537221 ], [ 3252655.996872888412327, 2187002.721120505593717 ], [ 3252630.630888316780329, 2187032.530954885762185 ], [ 3252583.993267397396266, 2187087.330691447481513 ], [ 3252412.830320496112108, 2187144.21370554016903 ], [ 3252308.590670503675938, 2187112.872598697897047 ], [ 3252196.835680975113064, 2187118.860912195406854 ], [ 3252083.959408516064286, 2187201.602116273250431 ], [ 3251965.145138019695878, 2187163.792923935689032 ], [ 3251945.313048955984414, 2187174.684426399879158 ], [ 3251939.466800773050636, 2187177.894303571432829 ], [ 3251933.556220742873847, 2187181.145820184610784 ], [ 3251845.047923828475177, 2187229.780940712429583 ], [ 3251770.772264410741627, 2187328.291932739317417 ], [ 3251762.22789890691638, 2187341.511950069107115 ], [ 3251744.345166482962668, 2187369.195535050705075 ], [ 3251698.62832468142733, 2187439.944327721372247 ], [ 3251743.601164346095175, 2187495.130043235141784 ], [ 3251732.702296199277043, 2187623.110600517597049 ], [ 3251739.845061916857958, 2187640.131634789519012 ], [ 3251755.955064808949828, 2187678.559055750258267 ], [ 3251776.685154699254781, 2187728.000400393269956 ], [ 3251832.686529256869107, 2187907.340335882734507 ], [ 3251873.701526422053576, 2188021.760427145753056 ], [ 3251975.264081845059991, 2188008.537154690362513 ], [ 3252036.790710563771427, 2188110.3655776088126 ], [ 3252103.125411320943385, 2188130.306441475637257 ], [ 3252152.482125154230744, 2188184.727423347532749 ], [ 3252193.083704837597907, 2188240.686455751303583 ], [ 3252266.356335362885147, 2188191.871224628295749 ], [ 3252296.352628923486918, 2188197.351793088950217 ], [ 3252354.619198725558817, 2188207.995800178032368 ], [ 3252444.725328226573765, 2188190.203558506444097 ], [ 3252551.229890656657517, 2188169.174819718115032 ], [ 3252682.637728913221508, 2188173.259846118278801 ], [ 3252882.705040868371725, 2188132.458434525877237 ], [ 3252954.205605565570295, 2188117.873288386035711 ], [ 3252988.176957666873932, 2188110.941859810613096 ], [ 3252965.416158476378769, 2187858.26694051688537 ], [ 3252985.517850582953542, 2187647.634090908803046 ], [ 3252886.229253698140383, 2187507.364815479144454 ], [ 3252753.2789062471129, 2187381.981463199947029 ], [ 3252759.5256079249084, 2187169.265836115926504 ], [ 3252942.002315385267138, 2187042.865584361366928 ], [ 3253237.369468978140503, 2186833.736362844705582 ], [ 3253331.028892683796585, 2186819.523799221497029 ], [ 3253435.410289924126118, 2186803.694159958977252 ], [ 3253453.183360000606626, 2186793.309813134837896 ], [ 3253453.183360000606626, 2186713.649694584775716 ], [ 3253325.235569326207042, 2186651.811484879348427 ], [ 3253230.298085337970406, 2186649.490161078982055 ], [ 3253076.285091820638627, 2186645.727427198085934 ] ] ] ] } },
{ "type": "Feature", "properties": { "CODE_18": "312", "Uso": "Bosques de coníferas", "color": "#00A600" }, "geometry": { "type": "MultiPolygon", "coordinates": [ [ [ [ 3253434.074739208444953, 2194210.536230186931789 ], [ 3253396.914235949516296, 2194145.87465809751302 ], [ 3253386.126166332513094, 2194127.096635789144784 ], [ 3253378.645655050873756, 2194062.627764928154647 ], [ 3253376.105659781489521, 2194040.808334330096841 ], [ 3253374.37325381860137, 2194025.87349280808121 ], [ 3253369.564169255085289, 2194022.242077922448516 ], [ 3253359.254940335638821, 2194014.471320001874119 ], [ 3253342.378085454925895, 2194001.73375475499779 ], [ 3253329.894405480474234, 2193992.31496009696275 ], [ 3253304.371808944735676, 2193976.575098855420947 ], [ 3253277.361375558190048, 2193959.918944945558906 ], [ 3253266.087922088801861, 2193952.965322148054838 ], [ 3253226.935777864418924, 2193968.720408273860812 ], [ 3253205.672913142479956, 2193977.277626804076135 ], [ 3253131.651522075757384, 2194056.225788378156722 ], [ 3253123.340394170023501, 2194065.097407827619463 ], [ 3253113.339012362994254, 2194108.935663492418826 ], [ 3253103.156195485498756, 2194153.53554410347715 ], [ 3253088.377408140804619, 2194175.904350397642702 ], [ 3253079.152296082116663, 2194189.862555611878633 ], [ 3253080.745178280863911, 2194208.897235155105591 ], [ 3253084.065117676742375, 2194248.676766181830317 ], [ 3253082.562458348460495, 2194281.7250713147223 ], [ 3253081.543630599509925, 2194304.196188340894878 ], [ 3253067.983394686132669, 2194334.107864672783762 ], [ 3253020.984631107188761, 2194356.078866680152714 ], [ 3252966.044008811470121, 2194328.949306077789515 ], [ 3252826.829561327584088, 2194334.889989042654634 ], [ 3252815.507098058704287, 2194293.263111350126565 ], [ 3252799.067544348537922, 2194234.159524398855865 ], [ 3252761.656296872533858, 2194272.817004517652094 ], [ 3252762.956091505475342, 2194329.747838938143104 ], [ 3252763.170600676909089, 2194339.118408795446157 ], [ 3252758.418295961339027, 2194395.027438008226454 ], [ 3252772.333441022783518, 2194438.503095283638686 ], [ 3252800.754282008390874, 2194459.931116532534361 ], [ 3252816.820703610777855, 2194472.049673995003104 ], [ 3252824.754487799014896, 2194521.161937649827451 ], [ 3252828.237976005300879, 2194542.725586926564574 ], [ 3252828.360622975975275, 2194543.48480094736442 ], [ 3252803.274039749056101, 2194573.107396014034748 ], [ 3252790.114727982319891, 2194561.140348837710917 ], [ 3252773.635735013522208, 2194546.153805870562792 ], [ 3252763.046470245812088, 2194580.129477811511606 ], [ 3252763.478044496849179, 2194639.726248098537326 ], [ 3252798.955199342221022, 2194688.62312631867826 ], [ 3252820.799196230247617, 2194710.05361236911267 ], [ 3252833.648680394515395, 2194711.683323066681623 ], [ 3252851.294987856410444, 2194713.91530127543956 ], [ 3252860.026445912197232, 2194697.153774293139577 ], [ 3252872.345769290812314, 2194673.510835031978786 ], [ 3252879.456923286430538, 2194671.600420862436295 ], [ 3252920.785757953301072, 2194660.462775803171098 ], [ 3252924.360880020074546, 2194632.202625480014831 ], [ 3252925.831420875620097, 2194620.571140250656754 ], [ 3252864.479818511754274, 2194610.619322663173079 ], [ 3252838.163925626315176, 2194589.969433504156768 ], [ 3252861.379457735456526, 2194562.964639688841999 ], [ 3252886.320227073505521, 2194560.90223445976153 ], [ 3252904.279794317670166, 2194544.841382200364023 ], [ 3252940.537454856559634, 2194512.427452609408647 ], [ 3252971.0316943959333, 2194516.279380336403847 ], [ 3252974.713978722691536, 2194522.925805417820811 ], [ 3252987.255790622904897, 2194545.584687761031091 ], [ 3253024.74657235853374, 2194564.284008628688753 ], [ 3253047.791340617462993, 2194556.95649181259796 ], [ 3253072.826704306993634, 2194549.007800068706274 ], [ 3253086.818185437470675, 2194578.692692670039833 ], [ 3253075.93686836399138, 2194596.660701815970242 ], [ 3253048.755172160454094, 2194599.114181942306459 ], [ 3253022.587029259651899, 2194622.041766830254346 ], [ 3252982.28157398244366, 2194642.84462675685063 ], [ 3252983.29673562804237, 2194663.328586381860077 ], [ 3253018.984447049442679, 2194670.866457403637469 ], [ 3253013.487188168801367, 2194704.632471911609173 ], [ 3253012.059476627036929, 2194713.387437354307622 ], [ 3253008.097004181705415, 2194759.983817416708916 ], [ 3252997.69185883179307, 2194793.339324850123376 ], [ 3252980.851253745146096, 2194847.364225862547755 ], [ 3252946.474878977052867, 2194947.465675030834973 ], [ 3252910.069704717956483, 2195006.609088421799242 ], [ 3252911.728882496245205, 2195045.340626848861575 ], [ 3252942.01283844280988, 2195090.551639906596392 ], [ 3252962.053774604108185, 2195100.820698889438063 ], [ 3253001.921207875013351, 2195091.570265623740852 ], [ 3253013.388199725188315, 2195105.62719 ], [ 3253018.437744981609285, 2195136.883211446925998 ], [ 3253002.723174766637385, 2195153.393749187234789 ], [ 3252965.808379742316902, 2195166.721310050692409 ], [ 3252971.579567203298211, 2195202.443903218023479 ], [ 3252957.319101374596357, 2195210.488856395706534 ], [ 3252942.099195180926472, 2195219.066265911329538 ], [ 3252890.257748008705676, 2195239.581925212405622 ], [ 3252884.210241268388927, 2195259.007695793639868 ], [ 3252884.348748346790671, 2195302.587172869592905 ], [ 3252856.166275033727288, 2195355.703029993455857 ], [ 3252802.817164921201766, 2195381.084727342706174 ], [ 3252783.681990123353899, 2195376.547821359708905 ], [ 3252769.370416791178286, 2195373.155938258394599 ], [ 3252765.042309247422963, 2195346.366415732074529 ], [ 3252775.640881262719631, 2195312.388812501449138 ], [ 3252768.787967592012137, 2195269.971261886879802 ], [ 3252814.342759034596384, 2195239.066483497619629 ], [ 3252838.423329945653677, 2195188.957905134186149 ], [ 3252830.772837351541966, 2195155.864682617597282 ], [ 3252834.374880287796259, 2195107.03976624365896 ], [ 3252836.389837181661278, 2195076.851857835426927 ], [ 3252810.283537035342306, 2195072.578835931140929 ], [ 3252782.102850502356887, 2195067.968414797447622 ], [ 3252744.856349516194314, 2195068.813296169508249 ], [ 3252706.547837655059993, 2195069.681386539712548 ], [ 3252696.302944230381399, 2195099.754872941877693 ], [ 3252681.611568547319621, 2195142.89187106769532 ], [ 3252654.578399545978755, 2195188.923448565416038 ], [ 3252638.652309712022543, 2195246.783598603215069 ], [ 3252635.050466248765588, 2195295.608634743839502 ], [ 3252594.679440968669951, 2195330.201258738525212 ], [ 3252584.158539908006787, 2195350.397911524400115 ], [ 3252535.786790264770389, 2195349.667259073350579 ], [ 3252525.903325213119388, 2195360.050533661618829 ], [ 3252523.994392661377788, 2195362.056559297256172 ], [ 3252517.880528595298529, 2195324.213986258022487 ], [ 3252514.436513406224549, 2195302.896729232743382 ], [ 3252556.756158742122352, 2195251.905195978470147 ], [ 3252592.799187843222171, 2195190.523053587414324 ], [ 3252628.482322479598224, 2195126.912636006250978 ], [ 3252666.639647407457232, 2195054.993162835016847 ], [ 3252684.847682979889214, 2195020.680809431243688 ], [ 3252677.389569815248251, 2194986.955888099037111 ], [ 3252667.75358499865979, 2194943.331210092641413 ], [ 3252660.75285567715764, 2194857.336006506346166 ], [ 3252711.511316596064717, 2194830.115516676101834 ], [ 3252710.354270935989916, 2194808.439697202295065 ], [ 3252708.117038709111512, 2194766.443282670807093 ], [ 3252666.952111877501011, 2194739.200516489800066 ], [ 3252662.824843376874924, 2194736.271307135932148 ], [ 3252640.365626309067011, 2194720.331529803108424 ], [ 3252617.498616669327021, 2194731.774700831156224 ], [ 3252594.314186681993306, 2194744.205993323586881 ], [ 3252566.740118162706494, 2194758.995245771016926 ], [ 3252546.256666660308838, 2194764.710065092425793 ], [ 3252522.762353511992842, 2194771.264767161570489 ], [ 3252442.307543850503862, 2194785.309523764997721 ], [ 3252393.212513943202794, 2194780.10240151360631 ], [ 3252394.439718026667833, 2194759.237030940596014 ], [ 3252381.673715337179601, 2194708.676938699092716 ], [ 3252335.383269229903817, 2194663.969180234242231 ], [ 3252323.390653559938073, 2194660.669298748485744 ], [ 3252294.510486961342394, 2194652.734239317942411 ], [ 3252255.490003548096865, 2194669.552274942398071 ], [ 3252240.801084337756038, 2194675.887875468470156 ], [ 3252238.785996370017529, 2194706.075846428051591 ], [ 3252226.317692301701754, 2194742.681190031114966 ], [ 3252190.54692901764065, 2194786.588565573096275 ], [ 3252178.37626215768978, 2194801.537853364367038 ], [ 3252178.019411870278418, 2194841.04725510859862 ], [ 3252177.514930221252143, 2194895.789510811213404 ], [ 3252150.631605269387364, 2194985.409117590636015 ], [ 3252157.752521801739931, 2195018.554266410879791 ], [ 3252169.167562382295728, 2195071.682107331696898 ], [ 3252215.319108563475311, 2195215.108141258824617 ], [ 3252194.267480398528278, 2195255.503380151465535 ], [ 3252203.860343566164374, 2195268.011855010874569 ], [ 3252217.554883260279894, 2195285.86684332229197 ], [ 3252261.961624098010361, 2195262.0557512184605 ], [ 3252265.860418735072017, 2195300.386427768971771 ], [ 3252240.698586851358414, 2195343.800569320563227 ], [ 3252199.832373942714185, 2195403.723930310457945 ], [ 3252203.561339786276221, 2195415.370438301935792 ], [ 3252149.873832038138062, 2195421.630769053474069 ], [ 3252129.847701739519835, 2195436.897266345564276 ], [ 3252106.910533452406526, 2195454.375191573053598 ], [ 3252073.420995054766536, 2195471.059479601215571 ], [ 3252064.374970155768096, 2195475.568666155450046 ], [ 3252058.565206794533879, 2195439.609267756342888 ], [ 3252053.195139240473509, 2195406.371232689358294 ], [ 3252056.510518015362322, 2195370.978188059292734 ], [ 3252059.09379276027903, 2195343.367231534793973 ], [ 3252050.063762066885829, 2195312.542348821181804 ], [ 3252043.736158574931324, 2195290.968111388850957 ], [ 3252064.863535543903708, 2195259.460762808099389 ], [ 3252073.3698341967538, 2195246.773146794643253 ], [ 3252059.949432241264731, 2195177.967003624420613 ], [ 3252022.964060829486698, 2195133.936256286222488 ], [ 3251972.13372900057584, 2195103.788755354937166 ], [ 3251969.882873001974076, 2195089.856603818945587 ], [ 3251967.445644355379045, 2195074.770835594274104 ], [ 3251988.058108385652304, 2195045.918362549040467 ], [ 3251993.540868331678212, 2194994.473590537440032 ], [ 3251981.496158480644226, 2194948.379974689800292 ], [ 3251934.709963278844953, 2194929.002753100823611 ], [ 3251896.929928130470216, 2194965.434743425808847 ], [ 3251881.071669485419989, 2195009.515957393683493 ], [ 3251885.819092379882932, 2195027.341210581827909 ], [ 3251892.756442127749324, 2195053.381237921770662 ], [ 3251907.109885131008923, 2195085.304318271577358 ], [ 3251902.786799730267376, 2195091.340992424637079 ], [ 3251895.857512541115284, 2195101.03629905031994 ], [ 3251852.889331752434373, 2195062.632533544208854 ], [ 3251807.186360991559923, 2195049.960215948987752 ], [ 3251791.870921724941581, 2195031.181845984887332 ], [ 3251784.24919087253511, 2195021.826931613031775 ], [ 3251816.631397742312402, 2195010.475934015586972 ], [ 3251823.394689422100782, 2195008.109023444820195 ], [ 3251843.309445924125612, 2194974.937818787060678 ], [ 3251854.177958587184548, 2194956.829588403459638 ], [ 3251858.197657189331949, 2194943.009154190309346 ], [ 3251868.954657418653369, 2194906.05345559399575 ], [ 3251860.787147898226976, 2194865.487467762548476 ], [ 3251857.347685681656003, 2194848.407144538126886 ], [ 3251841.33512962795794, 2194777.752361885737628 ], [ 3251830.372153003234416, 2194738.35369378933683 ], [ 3251839.106784640811384, 2194728.586562315933406 ], [ 3251849.836971582844853, 2194716.59551147185266 ], [ 3251867.070798467379063, 2194695.22683160379529 ], [ 3251886.634303534869105, 2194682.05865740031004 ], [ 3251908.513774812221527, 2194667.33044261764735 ], [ 3251979.674451278988272, 2194652.616223410237581 ], [ 3251977.672334770672023, 2194676.161577002611011 ], [ 3251977.299407148733735, 2194680.575900410301983 ], [ 3251956.735527018085122, 2194696.787739494349808 ], [ 3251954.872076346538961, 2194698.258654307108372 ], [ 3251964.412734382785857, 2194722.130805728491396 ], [ 3251970.306893977336586, 2194736.876618128735572 ], [ 3251996.427474944852293, 2194732.31656694598496 ], [ 3252017.237072933465242, 2194728.683701825328171 ], [ 3252028.345598116982728, 2194740.522016883827746 ], [ 3252049.253916657529771, 2194736.871929728426039 ], [ 3252075.27579544717446, 2194732.329152133781463 ], [ 3252082.144261432811618, 2194716.288005565293133 ], [ 3252086.954610312357545, 2194705.036479331552982 ], [ 3252135.11204857006669, 2194675.978279733099043 ], [ 3252157.318271041382104, 2194670.560692727565765 ], [ 3252159.83675201702863, 2194644.117004349362105 ], [ 3252189.033391479868442, 2194611.47508934000507 ], [ 3252226.444038039073348, 2194572.816910876426846 ], [ 3252247.066800597123802, 2194543.963015499524772 ], [ 3252264.944560271687806, 2194540.842103481292725 ], [ 3252256.650641924701631, 2194489.501388828735799 ], [ 3252255.561142848804593, 2194482.757189785130322 ], [ 3252247.636813974007964, 2194433.703993607778102 ], [ 3252189.66591229615733, 2194416.278990997932851 ], [ 3252142.226155458949506, 2194378.655695782508701 ], [ 3252092.704782247543335, 2194385.009498652070761 ], [ 3251991.341792721301317, 2194411.87959842197597 ], [ 3251985.946124577894807, 2194429.184296116232872 ], [ 3251973.175736858509481, 2194470.140905763022602 ], [ 3251959.434181178919971, 2194491.639869780279696 ], [ 3251956.663327949121594, 2194495.976041057612747 ], [ 3251887.891424376517534, 2194553.876841362565756 ], [ 3251843.192223766818643, 2194561.68032703269273 ], [ 3251816.876387397293001, 2194541.030787564348429 ], [ 3251833.456641469150782, 2194501.41626847255975 ], [ 3251830.638212030753493, 2194488.556514041963965 ], [ 3251824.734746138565242, 2194461.626436522696167 ], [ 3251824.293181398417801, 2194402.031092155724764 ], [ 3251812.900952721014619, 2194374.173572087660432 ], [ 3251731.792640740983188, 2194369.973330192267895 ], [ 3251704.543212890625, 2194386.206762617453933 ], [ 3251698.288339181803167, 2194407.554528108797967 ], [ 3251688.256561084184796, 2194441.838838178664446 ], [ 3251669.153211866505444, 2194465.835241140797734 ], [ 3251690.131485410500318, 2194510.369097055867314 ], [ 3251687.250781356357038, 2194563.660831473767757 ], [ 3251709.028446988668293, 2194598.880217028781772 ], [ 3251729.362975422292948, 2194625.166479540523142 ], [ 3251682.942585150711238, 2194679.175766814500093 ], [ 3251663.760166611522436, 2194685.718178559094667 ], [ 3251641.556090260855854, 2194693.28489689482376 ], [ 3251592.337244967930019, 2194671.980560037773103 ], [ 3251577.320173189975321, 2194665.478047166019678 ], [ 3251559.955810052342713, 2194667.881042349617928 ], [ 3251514.383483299985528, 2194674.174669807776809 ], [ 3251507.162203699350357, 2194694.251675209961832 ], [ 3251498.525080642662942, 2194718.255998252425343 ], [ 3251504.612216430716217, 2194728.101839323528111 ], [ 3251520.30284786503762, 2194753.475362773519009 ], [ 3251518.570270197466016, 2194799.672955675050616 ], [ 3251523.979867313057184, 2194833.157455580309033 ], [ 3251507.401604755781591, 2194872.78212333843112 ], [ 3251503.768112716265023, 2194889.809788292273879 ], [ 3251498.246262008324265, 2194915.693284073378891 ], [ 3251518.909588625654578, 2194980.892994973808527 ], [ 3251521.68198878923431, 2194989.634639637544751 ], [ 3251535.313818398863077, 2195017.091118135955185 ], [ 3251507.997020134702325, 2195047.104227544739842 ], [ 3251480.67197551112622, 2195077.128950193058699 ], [ 3251468.564208369236439, 2195115.963119629770517 ], [ 3251447.801744508557022, 2195101.227927781641483 ], [ 3251442.459690464660525, 2195053.963987010065466 ], [ 3251437.049940269906074, 2195020.479440968483686 ], [ 3251421.624732706695795, 2194981.859732166398317 ], [ 3251410.661540735978633, 2194942.46100628329441 ], [ 3251434.304171592928469, 2194903.904225395992398 ], [ 3251439.341124995611608, 2194870.684282526373863 ], [ 3251444.315081199631095, 2194837.891013652086258 ], [ 3251410.931714368052781, 2194805.285869856365025 ], [ 3251392.480981853790581, 2194787.267865403555334 ], [ 3251364.524861462414265, 2194763.062525246292353 ], [ 3251341.726923403330147, 2194743.329816935583949 ], [ 3251310.525302698370069, 2194720.208172612823546 ], [ 3251279.069876136258245, 2194696.897677318193018 ], [ 3251208.775090708397329, 2194688.509131651837379 ], [ 3251187.548483504913747, 2194661.162142912857234 ], [ 3251150.733875547535717, 2194613.725997508037835 ], [ 3251129.936173235531896, 2194612.845682709477842 ], [ 3251114.468842221423984, 2194574.152326105162501 ], [ 3251115.302830505184829, 2194560.026283776387572 ], [ 3251119.374201430007815, 2194490.670435783453286 ], [ 3251094.817876594141126, 2194461.309478860814124 ], [ 3251062.413177829235792, 2194422.572431704495102 ], [ 3251065.705013873055577, 2194346.002639944199473 ], [ 3251065.78958718245849, 2194343.950120438355953 ], [ 3251059.895098173059523, 2194333.097426172345877 ], [ 3251039.61791470926255, 2194295.730530365370214 ], [ 3251001.699533816892654, 2194288.58329809922725 ], [ 3250997.475279767997563, 2194292.341971294954419 ], [ 3250992.460053009912372, 2194296.796338154934347 ], [ 3250953.476007574237883, 2194331.431752582080662 ], [ 3250937.689928848296404, 2194349.07063069799915 ], [ 3250924.278012208640575, 2194364.064622872043401 ], [ 3250888.212112374603748, 2194376.991892525460571 ], [ 3250874.319330733269453, 2194381.972323160618544 ], [ 3250872.259482847992331, 2194379.777165467850864 ], [ 3250846.560434053651989, 2194352.389963890891522 ], [ 3250811.089076225180179, 2194374.652056113351136 ], [ 3250812.999827773310244, 2194390.123742298223078 ], [ 3250818.593819964677095, 2194435.305827435106039 ], [ 3250841.880886968690902, 2194465.668956269044429 ], [ 3250844.255060850642622, 2194505.05664348974824 ], [ 3250844.510750744491816, 2194509.340973598882556 ], [ 3250844.621691345237195, 2194511.09577291784808 ], [ 3250847.844446911942214, 2194526.20660491893068 ], [ 3250854.065391078591347, 2194555.352290282957256 ], [ 3250859.808195896446705, 2194564.072056205943227 ], [ 3250866.253885326907039, 2194573.875535769853741 ], [ 3250902.808313902933151, 2194558.318208910524845 ], [ 3250946.785618628375232, 2194546.047333187889308 ], [ 3250945.948398613370955, 2194568.446654801722616 ], [ 3250945.05460494523868, 2194592.254918332677335 ], [ 3250922.745158195029944, 2194616.760874418541789 ], [ 3250917.727820151019841, 2194622.270009704399854 ], [ 3250882.626487062312663, 2194646.758779655210674 ], [ 3250833.028011285699904, 2194666.895005410537124 ], [ 3250825.446621621027589, 2194659.925729787908494 ], [ 3250814.136640152428299, 2194649.542079592589289 ], [ 3250822.426543766632676, 2194629.734516412485391 ], [ 3250810.530239477753639, 2194627.219042159616947 ], [ 3250788.474638627842069, 2194647.138892159797251 ], [ 3250771.385998235084116, 2194669.405311182141304 ], [ 3250759.998568458016962, 2194684.238588828593493 ], [ 3250757.632834594231099, 2194697.050588962621987 ], [ 3250753.873517964500934, 2194717.445925042964518 ], [ 3250754.002385458908975, 2194724.651916767004877 ], [ 3250754.165764668956399, 2194733.453709095716476 ], [ 3250782.857982061803341, 2194726.152770477347076 ], [ 3250803.598049805499613, 2194723.535199384670705 ], [ 3250830.147761987522244, 2194720.187137039378285 ], [ 3250839.015423242002726, 2194732.41655934182927 ], [ 3250832.309266452677548, 2194744.749543880112469 ], [ 3250826.6137177310884, 2194755.233286328613758 ], [ 3250809.31401143502444, 2194790.391736450605094 ], [ 3250794.766656103543937, 2194808.84861597372219 ], [ 3250788.340121346525848, 2194817.006575636565685 ], [ 3250705.434069357346743, 2194872.795228304807097 ], [ 3250651.302752198651433, 2194892.516798897646368 ], [ 3250620.800884272903204, 2194903.63150960020721 ], [ 3250576.539832267910242, 2194899.883400011342019 ], [ 3250543.881161460652947, 2194882.63304519187659 ], [ 3250522.826467204838991, 2194851.890283842105418 ], [ 3250520.674456957727671, 2194852.266042625531554 ], [ 3250480.358823169022799, 2194859.30550475558266 ], [ 3250454.8405791092664, 2194829.331997112371027 ], [ 3250431.619453414343297, 2194785.179627686738968 ], [ 3250428.080678991042078, 2194749.077089526224881 ], [ 3250427.481721503194422, 2194745.369722847826779 ], [ 3250425.195808911696076, 2194731.220597917214036 ], [ 3250440.772040935233235, 2194713.100980055052787 ], [ 3250460.012928122188896, 2194690.712035207077861 ], [ 3250462.171479193028063, 2194632.953179930802435 ], [ 3250480.952614449895918, 2194606.650120810605586 ], [ 3250488.755538730882108, 2194586.278653256595135 ], [ 3250496.625017114914954, 2194565.753638454712927 ], [ 3250499.567517936695367, 2194558.082331461831927 ], [ 3250503.553045850247145, 2194547.694371717516333 ], [ 3250507.068260574713349, 2194537.662263036705554 ], [ 3250508.988402896560729, 2194532.207235210575163 ], [ 3250522.439919704571366, 2194493.898560215719044 ], [ 3250532.668648513965309, 2194457.693618889898062 ], [ 3250548.88359247893095, 2194436.238681397400796 ], [ 3250568.643784291576594, 2194410.089221390895545 ], [ 3250564.02372111659497, 2194367.291842429898679 ], [ 3250525.023864838760346, 2194353.449995248578489 ], [ 3250466.557741723954678, 2194361.357074561528862 ], [ 3250442.193303163163364, 2194366.48311018012464 ], [ 3250433.338458860293031, 2194368.343497003428638 ], [ 3250402.102108100429177, 2194374.912745324429125 ], [ 3250371.371690222062171, 2194380.278481802903116 ], [ 3250350.700479135848582, 2194383.887825355865061 ], [ 3250317.320322231389582, 2194362.170941260177642 ], [ 3250253.446371093392372, 2194336.603540790267289 ], [ 3250193.327046453487128, 2194376.937525821849704 ], [ 3250241.84824522677809, 2194421.254558471497148 ], [ 3250216.782135161571205, 2194494.226112113334239 ], [ 3250207.463285286910832, 2194521.36089873034507 ], [ 3250171.678955772425979, 2194544.134485238231719 ], [ 3250142.872365483082831, 2194562.475906169041991 ], [ 3250100.572025266475976, 2194592.602059834636748 ], [ 3250083.113380377646536, 2194605.038550101220608 ], [ 3250087.051788683980703, 2194637.269513588864356 ], [ 3250090.250328016467392, 2194663.475800399202853 ], [ 3250092.989904053509235, 2194708.892992758192122 ], [ 3250049.878295827656984, 2194698.06071928748861 ], [ 3250043.372391148004681, 2194700.575552701950073 ], [ 3250006.623006083071232, 2194714.799036400858313 ], [ 3249984.239292558282614, 2194746.131459463387728 ], [ 3249982.259118120186031, 2194748.890125948004425 ], [ 3250008.868851719424129, 2194785.55674444232136 ], [ 3250017.163623680360615, 2194836.897949334233999 ], [ 3250011.301042729057372, 2194859.728948666714132 ], [ 3250007.287077661603689, 2194875.343168769963086 ], [ 3250004.190878408960998, 2194898.836734902579337 ], [ 3250058.838698425795883, 2194909.955866547767073 ], [ 3250077.107364375144243, 2194909.381482950411737 ], [ 3250090.841744426637888, 2194908.950027175713331 ], [ 3250120.549351581372321, 2194922.132989797275513 ], [ 3250164.820152929984033, 2194925.87901229551062 ], [ 3250187.781435880810022, 2194921.869603070896119 ], [ 3250234.098879269324243, 2194913.781868456862867 ], [ 3250253.319763785228133, 2194921.739847400225699 ], [ 3250280.883171638473868, 2194933.147995995357633 ], [ 3250292.221235521137714, 2194959.474052457604557 ], [ 3250295.598322696518153, 2194967.309206880629063 ], [ 3250290.89906531618908, 2194986.723218289203942 ], [ 3250284.572492740117013, 2195012.838869549334049 ], [ 3250274.888846227433532, 2195045.75544610992074 ], [ 3250266.768009613733739, 2195073.330043872818351 ], [ 3250269.869526003487408, 2195120.985525714233518 ], [ 3250285.64241614099592, 2195137.443243176676333 ], [ 3250311.32834690483287, 2195164.244605955667794 ], [ 3250319.786528066731989, 2195183.236732060089707 ], [ 3250329.354699381627142, 2195204.701389995403588 ], [ 3250331.885658206418157, 2195241.223389013204724 ], [ 3250332.81794821890071, 2195254.595120892394334 ], [ 3250276.510493318550289, 2195288.424517265055329 ], [ 3250257.413271692581475, 2195299.890089064370841 ], [ 3250245.502062561921775, 2195326.180102332960814 ], [ 3250226.92530005145818, 2195367.188887431751937 ], [ 3250214.017197319306433, 2195387.559929501730949 ], [ 3250199.294567422010005, 2195410.772258825600147 ], [ 3250165.156221954151988, 2195454.346425267402083 ], [ 3250161.621938589029014, 2195458.85667560948059 ], [ 3250161.730145579203963, 2195468.509674947708845 ], [ 3250161.916345820762217, 2195484.738922239281237 ], [ 3250169.166663274168968, 2195529.612072485499084 ], [ 3250171.290307430550456, 2195542.755539149977267 ], [ 3250165.880559765733778, 2195555.572104835882783 ], [ 3250155.322456393390894, 2195580.561443058308214 ], [ 3250152.019953347742558, 2195591.154742259066552 ], [ 3250150.757561972830445, 2195595.199159999843687 ], [ 3250291.307858075015247, 2195595.199159999843687 ], [ 3250301.808793575502932, 2195572.024265750311315 ], [ 3250274.979945501312613, 2195512.331204052083194 ], [ 3250285.217010126449168, 2195482.653294382616878 ], [ 3250332.061304921749979, 2195440.135195109993219 ], [ 3250334.15406971424818, 2195436.25179276894778 ], [ 3250341.814808906521648, 2195422.038532897830009 ], [ 3250333.356947490014136, 2195410.964285153895617 ], [ 3250329.688063645735383, 2195406.160703144036233 ], [ 3250333.917923553846776, 2195360.033225742168725 ], [ 3250385.073800095357001, 2195307.009440065361559 ], [ 3250427.31297243013978, 2195271.104912288021296 ], [ 3250434.763618936296552, 2195212.746067461557686 ], [ 3250436.216258184518665, 2195204.209500605240464 ], [ 3250437.567364213988185, 2195196.238126911688596 ], [ 3250438.432330271694809, 2195197.131327813025564 ], [ 3250470.014849808067083, 2195278.835625232663006 ], [ 3250470.763058644719422, 2195339.189573424868286 ], [ 3250470.968645865563303, 2195355.790493179112673 ], [ 3250481.829771852120757, 2195409.694763546809554 ], [ 3250524.70540626719594, 2195462.287199893500656 ], [ 3250552.744474723935127, 2195489.580064442008734 ], [ 3250556.570454519242048, 2195491.963603045791388 ], [ 3250559.562387912999839, 2195493.833792790770531 ], [ 3250566.362492369487882, 2195480.764403717126697 ], [ 3250594.530752785038203, 2195482.283635373227298 ], [ 3250623.459066685289145, 2195497.113448886200786 ], [ 3250624.985430702567101, 2195497.891164124943316 ], [ 3250632.012184485793114, 2195501.490001990925521 ], [ 3250681.018879659473896, 2195512.246178400237113 ], [ 3250743.633748239837587, 2195514.188504930585623 ], [ 3250752.471717974171042, 2195555.570514929480851 ], [ 3250756.944306310731918, 2195595.199159999843687 ], [ 3253453.183360000606626, 2195595.199159999843687 ], [ 3253453.183360000606626, 2194263.818537232931703 ], [ 3253434.074739208444953, 2194210.536230186931789 ] ] ], [ [ [ 3249086.733544119633734, 2195591.080780647695065 ], [ 3249131.683271122165024, 2195576.792719883378595 ], [ 3249160.10726079903543, 2195565.259012975264341 ], [ 3249178.061723227612674, 2195557.966676231473684 ], [ 3249240.338240533601493, 2195557.816944914869964 ], [ 3249283.911914569791406, 2195595.199159999843687 ], [ 3249622.567292283289135, 2195595.199159999843687 ], [ 3249661.679420251399279, 2195559.350010701920837 ], [ 3249720.316716228611767, 2195523.358797234948725 ], [ 3249740.997481045778841, 2195519.747298609465361 ], [ 3249763.415631908923388, 2195515.832409623079002 ], [ 3249774.639516282826662, 2195513.872383252717555 ], [ 3249809.085906973574311, 2195514.294840814545751 ], [ 3249846.567246030084789, 2195533.500764443073422 ], [ 3249859.225087620317936, 2195541.671949382405728 ], [ 3249875.349689225666225, 2195552.0764624257572 ], [ 3249878.339020654559135, 2195595.199159999843687 ], [ 3250011.83545922441408, 2195595.199159999843687 ], [ 3249978.736110758967698, 2195573.926665941253304 ], [ 3249966.176954811438918, 2195555.498565257061273 ], [ 3249947.860228936653584, 2195528.637154822703451 ], [ 3249900.203474010806531, 2195435.586679870262742 ], [ 3249893.763449171558022, 2195419.851333937142044 ], [ 3249882.234222602564842, 2195391.652598387096077 ], [ 3249898.49299168586731, 2195368.90183465834707 ], [ 3249875.173468688037246, 2195336.770286637358367 ], [ 3249818.196319917216897, 2195286.985354094300419 ], [ 3249775.550936870742589, 2195303.475737859494984 ], [ 3249768.104833103716373, 2195268.572282236069441 ], [ 3249728.638261090964079, 2195237.455890760757029 ], [ 3249662.907652459573001, 2195234.446769198402762 ], [ 3249651.393584247678518, 2195249.687912812456489 ], [ 3249634.543741209898144, 2195271.984370997641236 ], [ 3249624.36924203298986, 2195309.964944593142718 ], [ 3249624.483571941033006, 2195344.344171359203756 ], [ 3249609.991851883009076, 2195366.786477114539593 ], [ 3249595.723599120508879, 2195371.326105487532914 ], [ 3249572.06068336032331, 2195378.84460839536041 ], [ 3249568.284324118867517, 2195382.484742457978427 ], [ 3249542.274267835076898, 2195407.577286034822464 ], [ 3249534.64637466520071, 2195444.545493953861296 ], [ 3249534.140608994290233, 2195447.006180276162922 ], [ 3249541.313156276009977, 2195480.15286685153842 ], [ 3249523.063089238479733, 2195490.578709124587476 ], [ 3249514.184271899051964, 2195446.871869401074946 ], [ 3249473.701954009011388, 2195483.281762868631631 ], [ 3249466.718219700269401, 2195489.560389815829694 ], [ 3249416.346136174164712, 2195525.50760621484369 ], [ 3249391.782007374800742, 2195564.196751225274056 ], [ 3249375.729829836636782, 2195571.075684126932174 ], [ 3249356.195032213814557, 2195579.454998333007097 ], [ 3249334.298086430411786, 2195556.128624329343438 ], [ 3249357.665563066489995, 2195521.277940124738961 ], [ 3249348.391545573249459, 2195497.551739085931331 ], [ 3249302.792703285813332, 2195518.187981307972223 ], [ 3249292.138405033387244, 2195518.710386185441166 ], [ 3249274.021195345558226, 2195519.593252919614315 ], [ 3249266.553977604955435, 2195511.823526711203158 ], [ 3249245.703926561400294, 2195490.139247195795178 ], [ 3249230.804389976430684, 2195476.449020434636623 ], [ 3249223.258657394908369, 2195483.01846714457497 ], [ 3249202.206526008434594, 2195501.355062519200146 ], [ 3249173.720212107989937, 2195504.525342231616378 ], [ 3249142.732782530598342, 2195480.971840679645538 ], [ 3249124.728396251797676, 2195469.800848020240664 ], [ 3249097.41150916647166, 2195509.356195359490812 ], [ 3249060.549728656653315, 2195538.899179439991713 ], [ 3249056.449221758171916, 2195570.811007892712951 ], [ 3249040.414276570081711, 2195593.249424230307341 ], [ 3249012.326172394677997, 2195591.220266205258667 ], [ 3249008.785452308133245, 2195591.230338752735406 ], [ 3248964.937090876512229, 2195591.416347630787641 ], [ 3248950.461710635107011, 2195595.199159999843687 ], [ 3249082.036282867658883, 2195595.199159999843687 ], [ 3249086.733544119633734, 2195591.080780647695065 ] ] ], [ [ [ 3248690.740433190949261, 2195583.847944845911115 ], [ 3248686.054856182076037, 2195511.882897760719061 ], [ 3248682.296466334257275, 2195485.104877656325698 ], [ 3248678.465427475981414, 2195457.75152605259791 ], [ 3248672.918227492831647, 2195441.951496826019138 ], [ 3248667.754862455651164, 2195427.270620436873287 ], [ 3248672.384680211078376, 2195424.515448032412678 ], [ 3248681.476190578192472, 2195419.095298758242279 ], [ 3248699.364973511081189, 2195436.774918564595282 ], [ 3248709.457877042703331, 2195477.755526430904865 ], [ 3248712.689920171629637, 2195504.919481443241239 ], [ 3248721.765898663550615, 2195525.283916926942766 ], [ 3248741.205649889074266, 2195522.598421048372984 ], [ 3248753.437333495821804, 2195520.908231589011848 ], [ 3248771.515582958236337, 2195503.891705190762877 ], [ 3248758.045051651541144, 2195463.490861821454018 ], [ 3248744.16097899293527, 2195423.922631177119911 ], [ 3248783.853980244137347, 2195416.990253350697458 ], [ 3248816.812981622293591, 2195368.318357835523784 ], [ 3248822.640538783278316, 2195337.169420232996345 ], [ 3248827.187065546400845, 2195312.854422789998353 ], [ 3248849.973758560605347, 2195307.891368771903217 ], [ 3248876.996244009584188, 2195302.00607036659494 ], [ 3248886.835780126973987, 2195283.123429315630347 ], [ 3248903.617595945019275, 2195267.316871888935566 ], [ 3248953.56607144838199, 2195297.220653100404888 ], [ 3248980.593402121216059, 2195318.251835240982473 ], [ 3249014.701911501586437, 2195316.58349885744974 ], [ 3249053.860055955126882, 2195279.704940170515329 ], [ 3249079.132112908177078, 2195236.664380593691021 ], [ 3249073.46953628025949, 2195188.299991493113339 ], [ 3249106.556596580892801, 2195180.372313847765326 ], [ 3249111.633986373431981, 2195172.094769829884171 ], [ 3249128.664763584733009, 2195144.322219385765493 ], [ 3249145.913578661158681, 2195104.83229124546051 ], [ 3249127.643235030584037, 2195071.535276956390589 ], [ 3249108.770157916937023, 2195021.189538629725575 ], [ 3249108.223896585404873, 2194991.235041690990329 ], [ 3249139.635431282687932, 2194972.873756061308086 ], [ 3249172.257214719429612, 2194988.63951193774119 ], [ 3249205.354242662433535, 2194980.710227629169822 ], [ 3249244.512800321448594, 2194943.832010559737682 ], [ 3249268.704105106648058, 2194907.418344392906874 ], [ 3249313.733732753433287, 2194880.241237015463412 ], [ 3249360.533543386030942, 2194878.344027838669717 ], [ 3249368.901375783607364, 2194835.336155448108912 ], [ 3249389.087164534255862, 2194818.043328900821507 ], [ 3249387.232423975132406, 2194801.223442105576396 ], [ 3249384.114755405113101, 2194773.005671415477991 ], [ 3249390.731422649230808, 2194758.863102103117853 ], [ 3249398.574830322526395, 2194742.073132042307407 ], [ 3249406.315090409480035, 2194725.524221815168858 ], [ 3249416.989725494757295, 2194719.787301638629287 ], [ 3249432.34556383267045, 2194711.549960720352829 ], [ 3249444.37670601438731, 2194705.099666020367295 ], [ 3249464.336298170033842, 2194658.009602964855731 ], [ 3249473.415912174619734, 2194652.70331537630409 ], [ 3249481.141896547749639, 2194648.191014466341585 ], [ 3249524.17584000620991, 2194672.80414508190006 ], [ 3249548.26223075715825, 2194693.852333380840719 ], [ 3249588.049648518674076, 2194698.370727214496583 ], [ 3249614.442968023009598, 2194705.238239159341902 ], [ 3249615.226294997148216, 2194704.746612323448062 ], [ 3249649.905403841286898, 2194682.986660630442202 ], [ 3249655.141796263866127, 2194666.20594647526741 ], [ 3249658.99268754478544, 2194653.854261833708733 ], [ 3249662.088950558099896, 2194630.360662490129471 ], [ 3249646.204108797945082, 2194593.859104646369815 ], [ 3249643.508968752343208, 2194587.668936506845057 ], [ 3249629.485914210788906, 2194540.764897951856256 ], [ 3249628.405623157508671, 2194480.864406552165747 ], [ 3249632.106765804812312, 2194437.303104935213923 ], [ 3249620.920164698734879, 2194381.316757592372596 ], [ 3249609.723747557029128, 2194325.332146850880235 ], [ 3249625.694014105945826, 2194264.603665893897414 ], [ 3249633.710602353326976, 2194194.537927319295704 ], [ 3249641.388724777847528, 2194183.069135547615588 ], [ 3249687.361699348315597, 2194114.354289725422859 ], [ 3249742.35069250036031, 2194042.514089511707425 ], [ 3249758.261410002131015, 2193994.671748075634241 ], [ 3249756.971190483309329, 2193986.685144181828946 ], [ 3249751.856516810599715, 2193955.024671484716237 ], [ 3249779.888723019510508, 2193849.26551401335746 ], [ 3249771.789254625327885, 2193732.651754251681268 ], [ 3249779.320218902546912, 2193718.197746840305626 ], [ 3249751.707960495725274, 2193713.083863333798945 ], [ 3249720.423689408227801, 2193707.293222925625741 ], [ 3249669.603998349048197, 2193645.352317423559725 ], [ 3249670.287013036198914, 2193644.553799044340849 ], [ 3249703.90313136158511, 2193605.025404545944184 ], [ 3249759.782060256693512, 2193631.745125974994153 ], [ 3249799.693560945801437, 2193652.676157174631953 ], [ 3249871.525361858308315, 2193636.8386254850775 ], [ 3249893.047462223097682, 2193632.087111542467028 ], [ 3249981.202847625128925, 2193605.958144593983889 ], [ 3249988.387626993935555, 2193600.922117955982685 ], [ 3250054.542234264314175, 2193554.526471246033907 ], [ 3250092.978774646297097, 2193535.852308542933315 ], [ 3250144.188472833484411, 2193510.983960480429232 ], [ 3250167.973677823320031, 2193485.368696450721473 ], [ 3250175.931484838947654, 2193428.189489103853703 ], [ 3250192.259806686080992, 2193404.291925190482289 ], [ 3250227.444884895347059, 2193329.483560820110142 ], [ 3250257.142439975403249, 2193315.711446491070092 ], [ 3250279.40860999841243, 2193305.386133275460452 ], [ 3250298.475673050619662, 2193314.46600497327745 ], [ 3250307.843609454110265, 2193318.923337023705244 ], [ 3250311.065718702971935, 2193320.459335342980921 ], [ 3250318.982464626431465, 2193324.227207070216537 ], [ 3250360.025738035328686, 2193325.648052087984979 ], [ 3250404.992540142964572, 2193377.874967209994793 ], [ 3250463.362209420185536, 2193393.43443223554641 ], [ 3250558.396492472384125, 2193316.764010496903211 ], [ 3250606.58550425991416, 2193216.074392172507942 ], [ 3250591.077680014073849, 2193120.068203036673367 ], [ 3250615.19678654614836, 2193005.464664737228304 ], [ 3250628.149135551415384, 2193017.031535107176751 ], [ 3250651.79206739552319, 2193043.946248727850616 ], [ 3250675.53787358244881, 2193070.995079472661018 ], [ 3250788.241952760145068, 2193077.068829457275569 ], [ 3250801.910930185578763, 2193083.583558295387775 ], [ 3250827.805974553804845, 2193095.911965746432543 ], [ 3250883.146792344748974, 2193159.203151411842555 ], [ 3250931.817680614069104, 2193167.879692304879427 ], [ 3250980.394175833556801, 2193127.271803293377161 ], [ 3250999.961467063520104, 2193110.919650143943727 ], [ 3250993.082886931486428, 2193028.431656668428332 ], [ 3251067.017490620724857, 2192994.062051714397967 ], [ 3251108.201445849612355, 2192969.708644103258848 ], [ 3251165.095422226935625, 2192936.16494703060016 ], [ 3251229.267315193079412, 2192974.3236298924312 ], [ 3251260.854098346084356, 2192997.570652646012604 ], [ 3251299.973671989515424, 2193026.355892377439886 ], [ 3251363.1363171543926, 2192991.718068440444767 ], [ 3251396.210465174168348, 2192940.343840288929641 ], [ 3251412.943086270242929, 2192914.35903040273115 ], [ 3251421.113041112199426, 2192871.935072275809944 ], [ 3251430.465872528031468, 2192823.32327838614583 ], [ 3251440.5766202933155, 2192752.884104857221246 ], [ 3251435.22247225092724, 2192719.735173245891929 ], [ 3251430.463954044040293, 2192690.273842432536185 ], [ 3251418.187091756612062, 2192635.75634308764711 ], [ 3251407.677576283924282, 2192589.101474463008344 ], [ 3251397.565093704033643, 2192526.491255071479827 ], [ 3251388.905409592203796, 2192487.015528015326709 ], [ 3251381.244526046328247, 2192452.089701495599002 ], [ 3251353.895935463253409, 2192408.262945288792253 ], [ 3251337.766468501649797, 2192382.429022478871047 ], [ 3251275.146505305543542, 2192313.970873761922121 ], [ 3251217.989117377437651, 2192266.010904212016612 ], [ 3251236.452207368798554, 2192194.113928923849016 ], [ 3251310.513150034938008, 2192179.877468969672918 ], [ 3251357.313649212941527, 2192170.876355670392513 ], [ 3251480.332164369989187, 2192200.901869179680943 ], [ 3251528.120437571778893, 2192310.574403730221093 ], [ 3251552.110823070630431, 2192351.520250668283552 ], [ 3251572.609610076993704, 2192386.496150453109294 ], [ 3251575.591338466852903, 2192390.000375897623599 ], [ 3251583.056328363250941, 2192398.764146605972201 ], [ 3251583.706613639835268, 2192399.208212301135063 ], [ 3251586.886061484925449, 2192401.045729481615126 ], [ 3251590.196704873815179, 2192402.627174263820052 ], [ 3251591.094105008989573, 2192402.967275674454868 ], [ 3251593.635358843021095, 2192403.932826939970255 ], [ 3251596.427229536697268, 2192404.753251255489886 ], [ 3251597.162535746116191, 2192404.969580651260912 ], [ 3251600.766771195456386, 2192405.729298829101026 ], [ 3251604.425136420410126, 2192406.195708335842937 ], [ 3251606.236164071597159, 2192406.285083532799035 ], [ 3251608.108015695586801, 2192406.373979010153562 ], [ 3251610.340667716227472, 2192406.308651455678046 ], [ 3251611.795665214769542, 2192406.267557431012392 ], [ 3251615.47662060521543, 2192405.868307013530284 ], [ 3251617.021733550354838, 2192405.568173915147781 ], [ 3251619.109801759943366, 2192405.173261005431414 ], [ 3251622.688521749805659, 2192404.203862412832677 ], [ 3251624.885490949265659, 2192403.414839298464358 ], [ 3251626.171700468286872, 2192402.957144460640848 ], [ 3251627.364602400921285, 2192402.424497058149427 ], [ 3251629.560930421575904, 2192401.442967020906508 ], [ 3251631.220990165136755, 2192400.534773828461766 ], [ 3251632.816723982803524, 2192399.668223163112998 ], [ 3251634.507350749801844, 2192398.572213015984744 ], [ 3251635.94067365815863, 2192397.642772747669369 ], [ 3251637.736382440663874, 2192396.254697522614151 ], [ 3251638.883419896475971, 2192395.375232090707868 ], [ 3251641.649740152060986, 2192392.895180765073746 ], [ 3251644.219890617765486, 2192390.206065294332802 ], [ 3251646.565848036669195, 2192387.322915298864245 ], [ 3251648.68092545773834, 2192384.267173742875457 ], [ 3251650.558435924351215, 2192381.060283587314188 ], [ 3251652.170356161892414, 2192377.717274442780763 ], [ 3251653.529743038583547, 2192374.256142750382423 ], [ 3251654.601886292453855, 2192370.713361098431051 ], [ 3251654.997362455353141, 2192368.95130618289113 ], [ 3251655.408122225664556, 2192367.095342789776623 ], [ 3251655.556814408861101, 2192366.004913285374641 ], [ 3251675.879661584272981, 2192514.96097858203575 ], [ 3251680.661436688154936, 2192550.034548395313323 ], [ 3251816.957085796631873, 2192635.680682071018964 ], [ 3251951.501898990012705, 2192657.257336823269725 ], [ 3252027.818969693500549, 2192686.46386904688552 ], [ 3252036.235061157494783, 2192689.678465729579329 ], [ 3252088.674150475300848, 2192708.42422903701663 ], [ 3252122.920398018788546, 2192747.509058663621545 ], [ 3252169.960132971405983, 2192666.336028440389782 ], [ 3252186.677753056399524, 2192596.893482088111341 ], [ 3252226.644564419053495, 2192538.417060112114996 ], [ 3252263.206979803740978, 2192542.446581310592592 ], [ 3252294.45794189767912, 2192545.892707698978484 ], [ 3252295.73845496494323, 2192546.845179918687791 ], [ 3252324.426920374855399, 2192568.236467092763633 ], [ 3252345.754907226189971, 2192584.150613220408559 ], [ 3252412.355744150932878, 2192624.02557680523023 ], [ 3252504.162306779064238, 2192633.750988177489489 ], [ 3252582.757905330974609, 2192641.494169989135116 ], [ 3252592.51553429570049, 2192668.034930249676108 ], [ 3252605.743558276444674, 2192703.996240037493408 ], [ 3252616.887412877753377, 2192743.078823158983141 ], [ 3252625.556395349092782, 2192773.499780943617225 ], [ 3252639.74541400372982, 2192803.281657158397138 ], [ 3252654.812464115209877, 2192834.917569354176521 ], [ 3252679.549604937434196, 2192828.450605366379023 ], [ 3252734.282953597605228, 2192808.171417837962508 ], [ 3252722.353257656097412, 2192760.892718558199704 ], [ 3252733.155512725003064, 2192763.295546314679086 ], [ 3252760.232645225711167, 2192769.305351905524731 ], [ 3252803.85170254856348, 2192813.191984184086323 ], [ 3252806.342369296588004, 2192828.61277356557548 ], [ 3252814.975333862472326, 2192882.062972869724035 ], [ 3252820.29881284525618, 2192928.345556067302823 ], [ 3252824.146822052076459, 2192946.388306262437254 ], [ 3252826.391867763828486, 2192956.894593737088144 ], [ 3252829.132807062473148, 2192969.716988209635019 ], [ 3252861.187734940554947, 2192978.517720733303577 ], [ 3252867.348225272726268, 2192980.210075344890356 ], [ 3252866.329581058118492, 2192959.574953334406018 ], [ 3252863.574786372017115, 2192903.618626691401005 ], [ 3252862.202905768994242, 2192878.848124074749649 ], [ 3252861.347155199851841, 2192863.24334952281788 ], [ 3252872.469765252433717, 2192799.06607997789979 ], [ 3252914.328212437685579, 2192778.885112339165062 ], [ 3252946.477887076791376, 2192751.822188576217741 ], [ 3252980.325685313902795, 2192773.3574189376086 ], [ 3252996.76218925556168, 2192783.809666555840522 ], [ 3252964.412804659921676, 2192849.542525903321803 ], [ 3252967.096162125933915, 2192866.156349210068583 ], [ 3252972.16509376000613, 2192897.540209798142314 ], [ 3253047.39496600208804, 2192950.93385921837762 ], [ 3253099.229437435977161, 2192952.612562532536685 ], [ 3253132.460672999732196, 2192918.92344160284847 ], [ 3253182.610317954793572, 2192910.170534263364971 ], [ 3253202.960529266390949, 2192943.094432170502841 ], [ 3253283.780111976899207, 2192924.70037376973778 ], [ 3253334.406629760749638, 2192892.253536809701473 ], [ 3253380.370634663850069, 2192884.231374876573682 ], [ 3253440.502620151266456, 2192830.823423685971648 ], [ 3253453.183360000606626, 2192818.88326268363744 ], [ 3253453.183360000606626, 2192091.314116622786969 ], [ 3253451.354884777218103, 2192089.535276387818158 ], [ 3253442.755294089205563, 2192081.161996802315116 ], [ 3253432.806405803654343, 2192071.473136005923152 ], [ 3253398.437409164384007, 2192048.092309231404215 ], [ 3253370.043919016607106, 2192028.778023609425873 ], [ 3253358.705354447476566, 2192028.962497864384204 ], [ 3253329.33718635328114, 2192029.444881543517113 ], [ 3253312.292486032471061, 2192015.540353201795369 ], [ 3253294.684759104158729, 2192001.16638046130538 ], [ 3253268.402268789708614, 2191971.416995854582638 ], [ 3253271.839744784869254, 2191912.880244641564786 ], [ 3253242.584752971306443, 2191851.462537142913789 ], [ 3253253.735067274421453, 2191828.805281609296799 ], [ 3253258.756120722740889, 2191818.60233528772369 ], [ 3253300.483863527886569, 2191824.194715198129416 ], [ 3253304.806540230289102, 2191804.827561552636325 ], [ 3253307.965914728119969, 2191790.701852111611515 ], [ 3253294.886328593827784, 2191762.946646034251899 ], [ 3253256.800738833379, 2191726.670592034701258 ], [ 3253249.723107397556305, 2191682.843916730023921 ], [ 3253291.784719804301858, 2191624.003990158438683 ], [ 3253308.639664077199996, 2191595.312839103396982 ], [ 3253330.344053786247969, 2191570.063605317380279 ], [ 3253312.14835346955806, 2191523.889102339744568 ], [ 3253257.003554538358003, 2191488.451190270483494 ], [ 3253200.185987728647888, 2191509.092679374851286 ], [ 3253204.159525698982179, 2191547.023630143608898 ], [ 3253204.96826845780015, 2191591.944327239412814 ], [ 3253204.765967613551766, 2191630.604083446785808 ], [ 3253199.578961484134197, 2191640.156753615941852 ], [ 3253181.583050900138915, 2191673.284649101085961 ], [ 3253160.613126765936613, 2191689.819233806338161 ], [ 3253151.782382685691118, 2191714.960896003525704 ], [ 3253121.520293170586228, 2191713.804971319623291 ], [ 3253097.925364735536277, 2191700.759818360209465 ], [ 3253094.358365488238633, 2191652.022057023830712 ], [ 3253096.040829141158611, 2191595.940878301858902 ], [ 3253063.81741707213223, 2191569.377606285270303 ], [ 3253039.618124149739742, 2191539.264750821515918 ], [ 3253034.971041208133101, 2191497.163090821355581 ], [ 3253040.360373397357762, 2191464.035474834963679 ], [ 3253087.954962565563619, 2191412.806286225095391 ], [ 3253075.283860788680613, 2191374.254239025525749 ], [ 3253051.004001508466899, 2191357.658794748596847 ], [ 3253047.509703076444566, 2191295.415289989672601 ], [ 3253017.112537704408169, 2191253.509346820414066 ], [ 3253000.032707284204662, 2191230.649355165660381 ], [ 3252975.995678834617138, 2191198.460428880061954 ], [ 3252954.2879330473952, 2191157.187187701463699 ], [ 3252970.72883240506053, 2191124.107745640445501 ], [ 3252983.474960870109499, 2191098.445077064447105 ], [ 3253015.22737190220505, 2191082.177980267442763 ], [ 3253030.795032130554318, 2191032.250233155209571 ], [ 3253065.108195702079684, 2190991.92581640323624 ], [ 3253071.933213041163981, 2190977.870100195519626 ], [ 3253084.454941277392209, 2190952.074349211528897 ], [ 3253100.022769934032112, 2190902.146696995478123 ], [ 3253114.575958110392094, 2190918.097867043223232 ], [ 3253128.735226429998875, 2190933.621044166851789 ], [ 3253145.787583037279546, 2190999.307025334332138 ], [ 3253190.683244698680937, 2191064.432214980013669 ], [ 3253201.672652390785515, 2191159.075038046576083 ], [ 3253222.634459649212658, 2191209.054904518648982 ], [ 3253268.193951821886003, 2191278.352540425956249 ], [ 3253303.446030394174159, 2191313.551744217053056 ], [ 3253339.240391006693244, 2191398.999737 ], [ 3253376.44825862115249, 2191469.754979338496923 ], [ 3253453.183360000606626, 2191492.181184296961874 ], [ 3253453.183360000606626, 2189590.461039440706372 ], [ 3253423.611998056527227, 2189579.380265141371638 ], [ 3253140.433447163552046, 2189417.166094235610217 ], [ 3253137.472112902440131, 2189287.102502752095461 ], [ 3253453.183360000606626, 2189448.063532341271639 ], [ 3253453.183360000606626, 2188439.635176008567214 ], [ 3253393.815397056285292, 2188505.971615565475076 ], [ 3253420.106250216718763, 2188535.719295972958207 ], [ 3253432.919878250919282, 2188550.078275572508574 ], [ 3253451.583854701370001, 2188570.999164189212024 ], [ 3253357.211827551014721, 2188585.317055625841022 ], [ 3253353.432941037230194, 2188641.762284434400499 ], [ 3253324.109565200284123, 2188659.753432848956436 ], [ 3253256.223128645680845, 2188731.683354857843369 ], [ 3253195.565069978125393, 2188688.620934906415641 ], [ 3253150.336298058275133, 2188554.894148298539221 ], [ 3253105.117694864049554, 2188421.165704192128032 ], [ 3253099.67472062073648, 2188404.111539957113564 ], [ 3253074.653026584070176, 2188325.635289800353348 ], [ 3253026.463845617603511, 2188226.760559979360551 ], [ 3253000.448836290277541, 2188211.988420118577778 ], [ 3252929.733008561655879, 2188226.46703906962648 ], [ 3252930.610435815528035, 2188258.500012472737581 ], [ 3252917.939251444302499, 2188286.459976353682578 ], [ 3252850.053001111373305, 2188291.868802565149963 ], [ 3252774.223725184798241, 2188287.93845558911562 ], [ 3252807.590526114217937, 2188228.469030379783362 ], [ 3252833.075387205928564, 2188213.296621557325125 ], [ 3252896.509923744015396, 2188193.64108097506687 ], [ 3252882.705040868371725, 2188132.458434525877237 ], [ 3252682.637728913221508, 2188173.259846118278801 ], [ 3252551.229890656657517, 2188169.174819718115032 ], [ 3252444.725328226573765, 2188190.203558506444097 ], [ 3252354.619198725558817, 2188207.995800178032368 ], [ 3252296.352628923486918, 2188197.351793088950217 ], [ 3252266.356335362885147, 2188191.871224628295749 ], [ 3252193.083704837597907, 2188240.686455751303583 ], [ 3252152.482125154230744, 2188184.727423347532749 ], [ 3252103.125411320943385, 2188130.306441475637257 ], [ 3252036.790710563771427, 2188110.3655776088126 ], [ 3251975.264081845059991, 2188008.537154690362513 ], [ 3251873.701526422053576, 2188021.760427145753056 ], [ 3251858.639948604628444, 2188037.364817639347166 ], [ 3251841.771640960127115, 2188054.85582452500239 ], [ 3251896.263530883006752, 2188127.945689945016056 ], [ 3251921.00650682207197, 2188142.949529231525958 ], [ 3251940.618993550539017, 2188154.844453922472894 ], [ 3251987.983161095529795, 2188168.313247870653868 ], [ 3252016.121682887896895, 2188176.307560643181205 ], [ 3252044.832020880654454, 2188221.923410789575428 ], [ 3252105.676569732837379, 2188317.889924194198102 ], [ 3252112.615657526068389, 2188393.946386807598174 ], [ 3252133.287919991649687, 2188488.925261365249753 ], [ 3252064.773667914327234, 2188491.322537831496447 ], [ 3252037.784583696629852, 2188492.271619765087962 ], [ 3252013.848258803598583, 2188443.156415296718478 ], [ 3251960.572031680494547, 2188444.121129638515413 ], [ 3251928.720758598297834, 2188444.692173990420997 ], [ 3251896.073278949130327, 2188407.761854249518365 ], [ 3251874.314801437780261, 2188355.600461300928146 ], [ 3251882.944314431399107, 2188276.826895936392248 ], [ 3251838.492636004462838, 2188265.931706083007157 ], [ 3251770.692950829397887, 2188259.111268170643598 ], [ 3251741.48446377273649, 2188309.502886443398893 ], [ 3251753.277027541771531, 2188340.989635182544589 ], [ 3251755.539956599473953, 2188347.021846106741577 ], [ 3251739.303775290027261, 2188395.149569258559495 ], [ 3251706.076123870909214, 2188424.416799440048635 ], [ 3251690.247667644172907, 2188438.350735594984144 ], [ 3251643.541885008104146, 2188446.502072497271001 ], [ 3251633.580230236984789, 2188446.162457721307874 ], [ 3251592.566791831515729, 2188444.744084365665913 ], [ 3251522.343310116790235, 2188406.373464160133153 ], [ 3251477.805478977970779, 2188411.480423542205244 ], [ 3251386.089253653772175, 2188432.688176846131682 ], [ 3251284.881096792407334, 2188414.151257619261742 ], [ 3251245.045911498367786, 2188316.413954833522439 ], [ 3251285.89948342461139, 2188328.159677938558161 ], [ 3251301.218467804603279, 2188318.237726463936269 ], [ 3251286.899475316051394, 2188276.760453082621098 ], [ 3251203.038245147094131, 2188220.748842491768301 ], [ 3251196.0413504014723, 2188194.44677390018478 ], [ 3251182.30357598233968, 2188142.862402679864317 ], [ 3251113.887994776945561, 2188123.549350598827004 ], [ 3251151.216250598430634, 2188044.419622475281358 ], [ 3251144.288904203101993, 2188038.228317107073963 ], [ 3251127.433552329428494, 2188023.165981363039464 ], [ 3251055.306660460308194, 2188056.881027760449797 ], [ 3250922.487472930923104, 2187976.771920511499047 ], [ 3250932.635097511578351, 2187966.505586191080511 ], [ 3250973.012253786902875, 2187925.690417295787483 ], [ 3250960.637840094044805, 2187912.228344362229109 ], [ 3250930.23869909811765, 2187879.163743792567402 ], [ 3250913.870546875521541, 2187890.698242132551968 ], [ 3250885.91610581567511, 2187910.378012971021235 ], [ 3250827.259616966824979, 2187913.539790760260075 ], [ 3250814.141104057431221, 2187949.982647488825023 ], [ 3250777.09767004661262, 2187932.412183909211308 ], [ 3250744.78935844451189, 2187951.970028556883335 ], [ 3250725.049718776717782, 2187985.564291011076421 ], [ 3250721.521499655209482, 2187991.563118429854512 ], [ 3250719.937336267903447, 2187994.262480902485549 ], [ 3250695.41935708001256, 2188054.217028168961406 ], [ 3250679.948236748110503, 2188107.523824598174542 ], [ 3250674.938328666612506, 2188123.584258764982224 ], [ 3250656.698283523321152, 2188120.442124758381397 ], [ 3250646.445980791468173, 2188158.91926448745653 ], [ 3250641.65013531036675, 2188174.293551214039326 ], [ 3250636.424623555503786, 2188191.030302723869681 ], [ 3250615.997303126379848, 2188213.573224966879934 ], [ 3250576.01232935115695, 2188248.390075580682606 ], [ 3250552.123744867742062, 2188265.211384085472673 ], [ 3250545.434649131726474, 2188251.882270158734173 ], [ 3250533.445741258561611, 2188227.982260465621948 ], [ 3250517.978228424210101, 2188242.076657006982714 ], [ 3250504.629790607374161, 2188230.943944917060435 ], [ 3250491.633232581429183, 2188220.104629161767662 ], [ 3250503.776282120961696, 2188207.989482641220093 ], [ 3250514.137798495590687, 2188197.665383249055594 ], [ 3250551.64757341472432, 2188160.279828464612365 ], [ 3250561.645200784318149, 2188142.608737158123404 ], [ 3250580.233404086902738, 2188109.742424544412643 ], [ 3250588.382047398015857, 2188081.749694257043302 ], [ 3250564.654340421780944, 2188028.95895976619795 ], [ 3250580.426336403470486, 2187999.270690899342299 ], [ 3250608.375579489395022, 2187946.675112928263843 ], [ 3250606.828921179287136, 2187929.234860011376441 ], [ 3250664.672001628670841, 2187816.65895638614893 ], [ 3250672.38104675617069, 2187793.801683272700757 ], [ 3250657.554842186160386, 2187725.538615653291345 ], [ 3250634.202621471136808, 2187638.539455543272197 ], [ 3250625.766856906935573, 2187607.095471983775496 ], [ 3250595.259184030350298, 2187589.580551071092486 ], [ 3250561.540954575873911, 2187570.22343426104635 ], [ 3250561.777931379154325, 2187569.553549336735159 ], [ 3250571.122909258585423, 2187543.24788689147681 ], [ 3250540.313281891867518, 2187531.533632697537541 ], [ 3250504.982320705894381, 2187518.094458323437721 ], [ 3250499.865538200829178, 2187505.88993954192847 ], [ 3250456.36693926807493, 2187402.051232672762126 ], [ 3250448.752409110311419, 2187405.184747117105871 ], [ 3250427.930774314329028, 2187386.050242920406163 ], [ 3250430.433336281217635, 2187338.79866509931162 ], [ 3250431.992133542895317, 2187317.014914471656084 ], [ 3250432.309527168050408, 2187256.226054310798645 ], [ 3250420.743653785437346, 2187231.674514461308718 ], [ 3250463.084146508947015, 2187180.004092759918422 ], [ 3250481.00197147578001, 2187165.492405307479203 ], [ 3250481.014453199226409, 2187126.268500127829611 ], [ 3250505.292642352171242, 2187072.682057531084865 ], [ 3250522.363051302265376, 2187062.981537409126759 ], [ 3250547.077430680394173, 2187048.94620468094945 ], [ 3250604.747628824785352, 2187045.206484782043844 ], [ 3250593.437365906313062, 2187035.694825928192586 ], [ 3250572.913310527335852, 2187032.363269788678735 ], [ 3250562.354006733279675, 2187030.648005420342088 ], [ 3250544.268744618166238, 2187026.829979834146798 ], [ 3250529.29421377228573, 2187006.188335435464978 ], [ 3250534.062979020178318, 2186987.625679190270603 ], [ 3250539.306717800907791, 2186967.226356377825141 ], [ 3250560.116567087359726, 2186948.621362026315182 ], [ 3250566.777913179248571, 2186942.663735100999475 ], [ 3250487.031361216679215, 2186920.249822784215212 ], [ 3250455.904727412387729, 2186947.194134667515755 ], [ 3250464.296201895922422, 2186962.141991899814457 ], [ 3250477.248958421405405, 2186985.224805155768991 ], [ 3250490.238975335843861, 2186971.56312016164884 ], [ 3250524.616816143970937, 2186988.341727041173726 ], [ 3250505.338906888850033, 2187025.869508012197912 ], [ 3250466.628899212460965, 2187052.870260127354413 ], [ 3250406.056190547067672, 2186983.731914074160159 ], [ 3250390.253767086658627, 2186982.48575679725036 ], [ 3250361.144982952158898, 2186980.176179029978812 ], [ 3250323.425302798859775, 2186938.292705318890512 ], [ 3250304.035125940106809, 2186916.769402076024562 ], [ 3250297.927934946492314, 2186918.362494308035821 ], [ 3250289.453599167987704, 2186920.571496825199574 ], [ 3250220.133739530108869, 2186914.960531515069306 ], [ 3250196.841431248933077, 2186935.479059009812772 ], [ 3250175.379520084243268, 2186920.237649453338236 ], [ 3250153.287481680512428, 2186830.474462212529033 ], [ 3250125.262785276398063, 2186795.515721182804555 ], [ 3250116.810163557995111, 2186784.968072006013244 ], [ 3250110.768813598901033, 2186724.022060050629079 ], [ 3250097.100784631446004, 2186709.964806013274938 ], [ 3250066.171484231948853, 2186738.13192871119827 ], [ 3250053.563602212816477, 2186739.886498088017106 ], [ 3250030.244596748612821, 2186743.135542244184762 ], [ 3249976.474695538170636, 2186726.264813794754446 ], [ 3249942.173538249917328, 2186715.494727903045714 ], [ 3249966.461841574404389, 2186661.906329730525613 ], [ 3249978.536066630855203, 2186651.374646895565093 ], [ 3250020.87264414364472, 2186614.454781432636082 ], [ 3250037.9643025980331, 2186602.621599899139255 ], [ 3250122.385168961714953, 2186623.306790890637785 ], [ 3250118.252829640172422, 2186577.771058300510049 ], [ 3250114.244609811808914, 2186533.632915338035673 ], [ 3250133.281827613245696, 2186502.4728689705953 ], [ 3250171.283796044997871, 2186509.758696150965989 ], [ 3250181.654223431833088, 2186511.750182071700692 ], [ 3250185.86914619943127, 2186447.432799232192338 ], [ 3250190.065325918607414, 2186383.564776258077472 ], [ 3250193.082487856037915, 2186386.221308137755841 ], [ 3250194.420865260064602, 2186387.406945429742336 ], [ 3250234.07589097507298, 2186417.385763253085315 ], [ 3250253.70529265794903, 2186429.135383448563516 ], [ 3250267.268375115934759, 2186437.260328409262002 ], [ 3250220.958189039025456, 2186389.192174362950027 ], [ 3250166.536977741867304, 2186347.344841444399208 ], [ 3250129.009449925739318, 2186301.241243621800095 ], [ 3250093.734162633772939, 2186257.897290421649814 ], [ 3250023.059359598904848, 2186168.929939315654337 ], [ 3249988.893634160980582, 2186125.919524946715683 ], [ 3249954.80467100488022, 2186079.611222432926297 ], [ 3249927.149383722804487, 2186042.033532761968672 ], [ 3249920.158494214527309, 2186032.680441406555474 ], [ 3249912.854607090353966, 2186022.834563330747187 ], [ 3249913.655478578060865, 2186023.39425818901509 ], [ 3249915.716420094482601, 2186024.717346070799977 ], [ 3249916.768227001652122, 2186025.385303402319551 ], [ 3249920.031949231401086, 2186027.116838417947292 ], [ 3249921.822888350114226, 2186027.899085116572678 ], [ 3249923.426900495775044, 2186028.592309524305165 ], [ 3249925.038250596262515, 2186029.142330045811832 ], [ 3249926.928561904467642, 2186029.785584130324423 ], [ 3249929.903214733116329, 2186030.543699364177883 ], [ 3249930.517188695259392, 2186030.700108516961336 ], [ 3249934.171444732230157, 2186031.329469323158264 ], [ 3249937.868402514606714, 2186031.657393590547144 ], [ 3249941.589908661320806, 2186031.697187190875411 ], [ 3249945.294882280752063, 2186031.445882993284613 ], [ 3249946.971272269263864, 2186031.203974890522659 ], [ 3249948.983323393389583, 2186030.903481010813266 ], [ 3249951.478502568788826, 2186030.326052773278207 ], [ 3249952.614151113200933, 2186030.067014106549323 ], [ 3249956.179084452800453, 2186028.94806501083076 ], [ 3249960.341783593874425, 2186027.633546880912036 ], [ 3249967.094584822654724, 2186025.51214954815805 ], [ 3249989.602851361036301, 2185992.712398617062718 ], [ 3250034.253501969389617, 2186028.236139237880707 ], [ 3250054.904771904926747, 2186043.487223522271961 ], [ 3250067.087213384918869, 2186052.491763884667307 ], [ 3250047.195193055085838, 2186101.500685914419591 ], [ 3250049.351513665169477, 2186135.550826204940677 ], [ 3250093.069057152606547, 2186179.002688811160624 ], [ 3250115.786203404888511, 2186187.243102916982025 ], [ 3250142.677253842819482, 2186197.005523200612515 ], [ 3250213.924143040087074, 2186211.221547925844789 ], [ 3250246.364815046079457, 2186205.559533991850913 ], [ 3250251.516265110112727, 2186208.421391342766583 ], [ 3250252.843853035476059, 2186209.162868730723858 ], [ 3250320.886188163422048, 2186246.980542379897088 ], [ 3250349.047356318216771, 2186269.831722576636821 ], [ 3250374.025708452798426, 2186245.481330581940711 ], [ 3250357.316433056257665, 2186235.472505203913897 ], [ 3250339.551843141205609, 2186224.836881740018725 ], [ 3250349.371365479193628, 2186219.767594953533262 ], [ 3250359.060632882639766, 2186214.771731439977884 ], [ 3250371.033908115699887, 2186213.046960501931608 ], [ 3250394.932691588997841, 2186209.615902211982757 ], [ 3250402.400753894355148, 2186193.876911244355142 ], [ 3250401.389957306906581, 2186146.296294561587274 ], [ 3250438.374380461405963, 2186168.722691406495869 ], [ 3250458.325899355113506, 2186175.235980737488717 ], [ 3250489.933333799242973, 2186226.356889376416802 ], [ 3250485.882768812123686, 2186237.485021289438009 ], [ 3250479.147865635808557, 2186256.005459661129862 ], [ 3250518.119324801955372, 2186276.969988159369677 ], [ 3250552.059777539223433, 2186294.372434708755463 ], [ 3250639.702223653905094, 2186306.842585225589573 ], [ 3250675.884006222710013, 2186310.52332331193611 ], [ 3250692.035466964356601, 2186295.316651698201895 ], [ 3250699.058757632039487, 2186288.707984117791057 ], [ 3250712.254874754697084, 2186280.849670745898038 ], [ 3250755.854457046370953, 2186275.460547836497426 ], [ 3250741.549441480543464, 2186235.948036921676248 ], [ 3250717.862165589816868, 2186201.195261889602989 ], [ 3250692.130045293830335, 2186190.186176632530987 ], [ 3250695.544574446976185, 2186153.420291387476027 ], [ 3250692.82017314620316, 2186136.540673653129488 ], [ 3250689.865031075198203, 2186118.231416802853346 ], [ 3250697.558156418148428, 2186107.471215476747602 ], [ 3250706.071113169193268, 2186095.564343736041337 ], [ 3250714.174327694810927, 2186066.150887549389154 ], [ 3250701.454267664346844, 2186038.029862356372178 ], [ 3250702.719465840607882, 2185983.544055716134608 ], [ 3250708.723934728186578, 2185984.584425749257207 ], [ 3250752.277432215865701, 2185992.179200088605285 ], [ 3250793.039488194976002, 2186004.427601032890379 ], [ 3250811.729042170569301, 2186016.706366474274546 ], [ 3250835.521648340858519, 2186012.554074839223176 ], [ 3250838.345169575884938, 2186012.061314041726291 ], [ 3250842.425291569903493, 2185996.021661918610334 ], [ 3250842.21155115403235, 2185990.16919613070786 ], [ 3250842.062312223017216, 2185985.785518660675734 ], [ 3250839.649315102957189, 2185919.452578553929925 ], [ 3250867.317181474994868, 2185869.563798688817769 ], [ 3250872.631969339214265, 2185857.21155953174457 ], [ 3250898.76479169819504, 2185796.490431733429432 ], [ 3250925.84246719814837, 2185742.943863256368786 ], [ 3250942.364907138980925, 2185670.599948497023433 ], [ 3250957.480806935578585, 2185577.841860179789364 ], [ 3250973.17064791964367, 2185546.942516796290874 ], [ 3250974.303067043423653, 2185449.113175974227488 ], [ 3250990.091658746358007, 2185418.825169863644987 ], [ 3251000.145125102251768, 2185399.543465465307236 ], [ 3250996.487724754493684, 2185341.973792994394898 ], [ 3250985.820674880407751, 2185287.512925108894706 ], [ 3251008.884903030004352, 2185244.064377393573523 ], [ 3251031.721739836968482, 2185187.507603685837239 ], [ 3251063.516402409411967, 2185163.185094442684203 ], [ 3251093.02913632709533, 2185159.190555473789573 ], [ 3251102.814062295947224, 2185157.868234809488058 ], [ 3251111.3470917949453, 2185156.713694063480943 ], [ 3251139.546027405187488, 2185121.746185078751296 ], [ 3251178.303309173788875, 2185105.595816659275442 ], [ 3251200.004455267917365, 2185088.671091224066913 ], [ 3251212.100544600747526, 2185047.136801678221673 ], [ 3251278.341008567716926, 2185014.918134005740285 ], [ 3251340.214287094771862, 2185002.245823293924332 ], [ 3251406.103398718871176, 2184979.485839768312871 ], [ 3251434.296683914028108, 2185002.727169211022556 ], [ 3251437.03637224342674, 2185036.938440039753914 ], [ 3251438.000797044485807, 2185049.015834213234484 ], [ 3251444.622773149050772, 2185068.600933614186943 ], [ 3251452.388904029503465, 2185091.564799532294273 ], [ 3251434.815087358467281, 2185134.064974354580045 ], [ 3251436.457203042693436, 2185167.57574019394815 ], [ 3251470.95423854328692, 2185206.605605815537274 ], [ 3251477.521795143373311, 2185228.998081254772842 ], [ 3251483.516034490428865, 2185249.473306208383292 ], [ 3251491.431398136541247, 2185252.542299351189286 ], [ 3251500.892996585462242, 2185244.058805210981518 ], [ 3251583.509018406271935, 2185314.946731705684215 ], [ 3251698.620979908853769, 2185516.620836893562227 ], [ 3251699.260131027549505, 2185519.449089414440095 ], [ 3251737.764979695901275, 2185532.680078939069062 ], [ 3251737.636988811660558, 2185557.548644576221704 ], [ 3251782.258835233747959, 2185619.060065167956054 ], [ 3251826.621368752326816, 2185678.964406196027994 ], [ 3251850.982537178322673, 2185727.518091458827257 ], [ 3251878.530591865070164, 2185753.112500005867332 ], [ 3251909.289710859302431, 2185781.684482234530151 ], [ 3251927.05481372307986, 2185802.386679044459015 ], [ 3251956.084439557045698, 2185836.217556404415518 ], [ 3251928.592658786568791, 2185866.570614879950881 ], [ 3251899.309784656390548, 2185891.863532173912972 ], [ 3251892.67720436770469, 2185897.308932895772159 ], [ 3251884.779897733591497, 2185903.78600271884352 ], [ 3251879.519772005733103, 2185907.420650722458959 ], [ 3251878.434050309471786, 2185908.177789694163948 ], [ 3251820.748659677337855, 2185949.689403564669192 ], [ 3251802.777483102865517, 2185961.735970020294189 ], [ 3251746.953404479194432, 2185999.182301205117255 ], [ 3251689.246410490013659, 2186038.923934805672616 ], [ 3251688.557897434569895, 2186045.035186756867915 ], [ 3251687.594610499218106, 2186053.657735782675445 ], [ 3251670.246112042106688, 2186065.474081237800419 ], [ 3251608.835949796717614, 2186107.301587785128504 ], [ 3251548.86053879186511, 2186149.213379848282784 ], [ 3251524.516930487938225, 2186165.737719904631376 ], [ 3251492.09723684610799, 2186187.756736750714481 ], [ 3251484.906374412123114, 2186190.937679805327207 ], [ 3251479.818089364096522, 2186193.184020410757512 ], [ 3251475.601796966046095, 2186194.984211086295545 ], [ 3251470.589634349569678, 2186197.136170896701515 ], [ 3251463.168462181929499, 2186200.965545270126313 ], [ 3251456.759413490071893, 2186204.273629747796804 ], [ 3251439.123256082646549, 2186211.477166455239058 ], [ 3251415.31570912245661, 2186221.197171868756413 ], [ 3251369.001811878755689, 2186238.007621441036463 ], [ 3251312.038633631542325, 2186261.035588590428233 ], [ 3251302.588901313953102, 2186267.956072566565126 ], [ 3251299.88401881698519, 2186269.938564245123416 ], [ 3251301.830970793962479, 2186274.454556023702025 ], [ 3251303.766459281556308, 2186278.962411171756685 ], [ 3251308.441221443936229, 2186281.512184804771096 ], [ 3251313.881525175180286, 2186284.465638258960098 ], [ 3251331.02366653829813, 2186297.470757972449064 ], [ 3251331.941977989859879, 2186298.820956846699119 ], [ 3251333.62703735427931, 2186301.274097633548081 ], [ 3251388.975871725007892, 2186331.322814904153347 ], [ 3251406.186843859031796, 2186340.666518017183989 ], [ 3251368.196976357139647, 2186357.291554863099009 ], [ 3251330.073358150199056, 2186380.823195358738303 ], [ 3251301.113890158012509, 2186386.546072717756033 ], [ 3251276.098959411494434, 2186391.489355179481208 ], [ 3251235.489226565696299, 2186394.146352504845709 ], [ 3251230.276310588698834, 2186394.488396892789751 ], [ 3251181.571602190844715, 2186387.36655144719407 ], [ 3251153.057489555794746, 2186374.906567929312587 ], [ 3251126.368721046485007, 2186363.253283541183919 ], [ 3251106.927089426200837, 2186382.916569125838578 ], [ 3251063.128613542765379, 2186427.196465495508164 ], [ 3251049.644951932597905, 2186438.11565942550078 ], [ 3251063.20822761207819, 2186454.857454457320273 ], [ 3251072.140720915980637, 2186458.316536164376885 ], [ 3251094.259550997056067, 2186466.87459753267467 ], [ 3251148.362622659187764, 2186434.177629178389907 ], [ 3251163.430507550016046, 2186445.273944205604494 ], [ 3251186.675904067233205, 2186462.38393559679389 ], [ 3251225.471799833700061, 2186471.883797057904303 ], [ 3251264.087875312194228, 2186480.269548700191081 ], [ 3251275.402661115862429, 2186498.802719932049513 ], [ 3251287.822343544103205, 2186519.150259764865041 ], [ 3251297.304837408009917, 2186519.036291892640293 ], [ 3251306.997796184383333, 2186543.620632125064731 ], [ 3251313.446718882769346, 2186559.992197231389582 ], [ 3251328.802425555419177, 2186558.092970028053969 ], [ 3251397.601223931182176, 2186549.594124140683562 ], [ 3251459.40043271984905, 2186560.239637365564704 ], [ 3251522.415595133788884, 2186604.957362370565534 ], [ 3251599.829909448046237, 2186685.744907142594457 ], [ 3251533.71601368393749, 2186701.570593844633549 ], [ 3251485.416276246774942, 2186756.134417534805834 ], [ 3251468.321291118860245, 2186807.188902066554874 ], [ 3251461.839547466952354, 2186908.274124236777425 ], [ 3251448.239680169615895, 2186957.461735117249191 ], [ 3251451.414897400420159, 2187016.37325909268111 ], [ 3251441.672620235010982, 2187073.737630063667893 ], [ 3251423.419706635177135, 2187109.818797392304987 ], [ 3251418.432975177653134, 2187113.385608608368784 ], [ 3251385.943439775146544, 2187136.603402804583311 ], [ 3251345.520031791180372, 2187137.332355794496834 ], [ 3251284.67133921245113, 2187121.381653422955424 ], [ 3251220.759344554506242, 2187102.174247745424509 ], [ 3251185.147360928356647, 2187085.610660705249757 ], [ 3251201.722233368083835, 2187133.333877890836447 ], [ 3251210.262330518569797, 2187186.240605323109776 ], [ 3251151.62823680229485, 2187215.45083340164274 ], [ 3251106.760457190684974, 2187204.304189821705222 ], [ 3251102.373623858205974, 2187217.498245071619749 ], [ 3251097.377125084865838, 2187232.511925059370697 ], [ 3251117.927295265253633, 2187265.622757192701101 ], [ 3251053.897701099514961, 2187269.20470152888447 ], [ 3251023.890156026929617, 2187279.500405446160585 ], [ 3251005.168209684081376, 2187289.09365079831332 ], [ 3250976.512350431643426, 2187276.384866851847619 ], [ 3250966.97473506629467, 2187256.537879046052694 ], [ 3250957.735221372917295, 2187253.314898272976279 ], [ 3250942.805322301574051, 2187248.104659429751337 ], [ 3250919.712985003832728, 2187230.623373227193952 ], [ 3250903.261775497347116, 2187238.563302432652563 ], [ 3250880.713032486848533, 2187238.220751645509154 ], [ 3250849.922599140554667, 2187237.755479261744767 ], [ 3250874.800660007633269, 2187266.299257296137512 ], [ 3250921.455705215223134, 2187288.518085068557411 ], [ 3250910.607391926459968, 2187323.30735417176038 ], [ 3250907.639996803831309, 2187358.059317413251847 ], [ 3250907.101657915394753, 2187364.408062607981265 ], [ 3250956.304920655675232, 2187414.485836741980165 ], [ 3250976.87833605427295, 2187449.123370550572872 ], [ 3250977.368701803963631, 2187449.96029237145558 ], [ 3250985.355628193821758, 2187463.407519887201488 ], [ 3250989.115326089784503, 2187544.92532832827419 ], [ 3250995.890984192490578, 2187630.600311828777194 ], [ 3251031.503597484901547, 2187661.944005279801786 ], [ 3251066.389174431562424, 2187688.72097132448107 ], [ 3251172.585521735716611, 2187691.312978044617921 ], [ 3251281.431699456647038, 2187695.794617501087487 ], [ 3251318.527326441369951, 2187700.420945656020194 ], [ 3251338.965177534148097, 2187702.966886498034 ], [ 3251366.945770362392068, 2187709.417210379615426 ], [ 3251388.285126994829625, 2187712.768888420891017 ], [ 3251409.735616461373866, 2187725.549250864889473 ], [ 3251465.295248246751726, 2187785.07106850668788 ], [ 3251498.156512283720076, 2187820.372287609614432 ], [ 3251513.972570412792265, 2187837.359716127626598 ], [ 3251533.600198877044022, 2187826.838060087990016 ], [ 3251557.449794801417738, 2187814.048841228708625 ], [ 3251590.505685802549124, 2187853.573844593018293 ], [ 3251610.198351469822228, 2187851.566433742642403 ], [ 3251627.254481977783144, 2187849.826549738645554 ], [ 3251671.364096040837467, 2187842.128537744283676 ], [ 3251698.822141136508435, 2187797.364800063893199 ], [ 3251692.388828191906214, 2187707.899749831296504 ], [ 3251755.955064808949828, 2187678.559055750258267 ], [ 3251739.845061916857958, 2187640.131634789519012 ], [ 3251732.702296199277043, 2187623.110600517597049 ], [ 3251743.601164346095175, 2187495.130043235141784 ], [ 3251698.62832468142733, 2187439.944327721372247 ], [ 3251744.345166482962668, 2187369.195535050705075 ], [ 3251762.22789890691638, 2187341.511950069107115 ], [ 3251770.772264410741627, 2187328.291932739317417 ], [ 3251845.047923828475177, 2187229.780940712429583 ], [ 3251933.556220742873847, 2187181.145820184610784 ], [ 3251939.466800773050636, 2187177.894303571432829 ], [ 3251945.313048955984414, 2187174.684426399879158 ], [ 3251965.145138019695878, 2187163.792923935689032 ], [ 3252083.959408516064286, 2187201.602116273250431 ], [ 3252196.835680975113064, 2187118.860912195406854 ], [ 3252308.590670503675938, 2187112.872598697897047 ], [ 3252412.830320496112108, 2187144.21370554016903 ], [ 3252583.993267397396266, 2187087.330691447481513 ], [ 3252630.630888316780329, 2187032.530954885762185 ], [ 3252655.996872888412327, 2187002.721120505593717 ], [ 3252665.26266408059746, 2186959.318586789537221 ], [ 3252691.937538012862206, 2186834.35534484917298 ], [ 3252613.459130136296153, 2186627.422389732208103 ], [ 3252923.671438254415989, 2186510.261922771576792 ], [ 3253076.285091820638627, 2186645.727427198085934 ], [ 3253230.298085337970406, 2186649.490161078982055 ], [ 3253325.235569326207042, 2186651.811484879348427 ], [ 3253453.183360000606626, 2186713.649694584775716 ], [ 3253453.183360000606626, 2186249.153012632858008 ], [ 3253452.29636692488566, 2186248.831256343051791 ], [ 3253411.718365116976202, 2186212.189434116240591 ], [ 3253355.809334129095078, 2186170.933833989314735 ], [ 3253317.960055203177035, 2186182.332231470849365 ], [ 3253298.397355034481734, 2186188.228931797668338 ], [ 3253270.185172957368195, 2186196.759945123456419 ], [ 3253227.08649365324527, 2186209.783895578701049 ], [ 3253132.601303576957434, 2186144.290004370734096 ], [ 3253100.236850829795003, 2186171.559259463101625 ], [ 3253114.10768086835742, 2186208.572620425373316 ], [ 3253073.46026822924614, 2186274.835085942409933 ], [ 3253066.147161929868162, 2186327.384757788851857 ], [ 3253041.299047177657485, 2186341.664725742302835 ], [ 3253011.926247838884592, 2186358.53858467657119 ], [ 3252950.21835830854252, 2186416.635729843284935 ], [ 3252902.575019724667072, 2186415.085078040137887 ], [ 3252881.698831619694829, 2186371.397105732001364 ], [ 3252854.769340735394508, 2186366.931784174405038 ], [ 3252841.117342703044415, 2186364.670977134723216 ], [ 3252825.194227449595928, 2186339.470665549859405 ], [ 3252811.941317929886281, 2186318.48783060349524 ], [ 3252753.898687559179962, 2186340.049979513511062 ], [ 3252731.834977244958282, 2186348.248579386156052 ], [ 3252704.322546145878732, 2186410.232927846722305 ], [ 3252651.958966358564794, 2186452.893312599509954 ], [ 3252614.610394534654915, 2186441.670038497075438 ], [ 3252577.066348277963698, 2186404.833777214866132 ], [ 3252575.837131960317492, 2186336.024092638865113 ], [ 3252604.517913645133376, 2186293.542501712217927 ], [ 3252622.743032713420689, 2186235.145252158399671 ], [ 3252630.432927438989282, 2186172.66617688536644 ], [ 3252606.713902010582387, 2186123.564346076454967 ], [ 3252600.781599262263626, 2186108.379967708140612 ], [ 3252586.515178509987891, 2186071.871547148097306 ], [ 3252625.259390492923558, 2186006.143458248116076 ], [ 3252597.545243772678077, 2185995.621308186091483 ], [ 3252571.161587969399989, 2185985.607033517211676 ], [ 3252514.445222671143711, 2185926.266331561841071 ], [ 3252503.621010590344667, 2185911.337441394571215 ], [ 3252475.213278097566217, 2185872.177241983357817 ], [ 3252426.842762485612184, 2185761.525881549343467 ], [ 3252318.530828842893243, 2185691.805757691152394 ], [ 3252296.282242630142719, 2185689.362249041907489 ], [ 3252288.491431874688715, 2185688.511741996277124 ], [ 3252227.538529694080353, 2185645.247996794525534 ], [ 3252224.822265771217644, 2185637.662914513144642 ], [ 3252217.491348591633141, 2185617.208014441188425 ], [ 3252224.37500430829823, 2185611.242442429531366 ], [ 3252261.087532289326191, 2185564.93678603740409 ], [ 3252381.848608884960413, 2185457.62927835341543 ], [ 3252400.429189337417483, 2185441.117803438100964 ], [ 3252512.557314139790833, 2185340.82169081736356 ], [ 3252515.487489382270724, 2185346.210230693686754 ], [ 3252517.914602112956345, 2185350.682971373200417 ], [ 3252565.148131930269301, 2185314.280894962605089 ], [ 3252608.172115153167397, 2185289.155938850250095 ], [ 3252707.320292736403644, 2185231.268181482329965 ], [ 3252852.618416544049978, 2185147.24441750254482 ], [ 3252929.422731115017086, 2185104.751116061583161 ], [ 3253156.962298271246254, 2184973.992493114434183 ], [ 3253195.473712216131389, 2184944.678335556294769 ], [ 3253220.162570524960756, 2184925.885319574270397 ], [ 3253278.481491606682539, 2184891.686339339707047 ], [ 3253309.046010820195079, 2184873.763957542832941 ], [ 3253331.824559088796377, 2184861.122939134016633 ], [ 3253349.324437263421714, 2184812.058174086734653 ], [ 3253393.928228796925396, 2184774.51460583973676 ], [ 3253433.720325270667672, 2184734.830264747608453 ], [ 3253453.183360000606626, 2184689.967625357210636 ], [ 3253453.183360000606626, 2184519.738387574441731 ], [ 3253423.396872696466744, 2184475.969440345652401 ], [ 3253400.922882840037346, 2184442.940897269640118 ], [ 3253410.203980716876686, 2184395.340619719587266 ], [ 3253430.573455324396491, 2184387.458671325352043 ], [ 3253453.183360000606626, 2184378.719369794242084 ], [ 3253453.183360000606626, 2182926.3606400010176 ], [ 3246949.252257680986077, 2182926.3606400010176 ], [ 3246954.594778490252793, 2182939.966133926529437 ], [ 3246998.567683047614992, 2183001.932930619921535 ], [ 3247007.435056888032705, 2183014.425096648745239 ], [ 3247041.538834578357637, 2183096.503880414180458 ], [ 3247051.696186113171279, 2183114.599812772125006 ], [ 3247065.833003810606897, 2183139.806772007606924 ], [ 3247078.571447141934186, 2183191.574316531419754 ], [ 3247080.508542521856725, 2183199.427103084512055 ], [ 3247079.26817944413051, 2183208.787494430318475 ], [ 3247078.132051807828248, 2183217.409940693061799 ], [ 3247073.652912145014852, 2183251.361181897576898 ], [ 3247015.07456815848127, 2183281.872208396904171 ], [ 3246940.654402501881123, 2183277.113663812167943 ], [ 3246924.231997151859105, 2183275.925691477023065 ], [ 3246899.532630244735628, 2183274.145085006020963 ], [ 3246852.519160171039402, 2183297.568722219206393 ], [ 3246839.6794793009758, 2183308.203970672097057 ], [ 3246794.261946399696171, 2183345.794798812828958 ], [ 3246753.786189556121826, 2183299.589280046988279 ], [ 3246753.938496773131192, 2183271.786357088945806 ], [ 3246753.971782837063074, 2183265.57649012375623 ], [ 3246754.114440323784947, 2183238.657209734432399 ], [ 3246753.665846247226, 2183191.404279571026564 ], [ 3246753.326361406128854, 2183155.080643742345273 ], [ 3246755.587357152719051, 2183131.349778956733644 ], [ 3246769.270545884035528, 2183109.649374849162996 ], [ 3246765.902440381236374, 2183088.776646777056158 ], [ 3246739.350597325712442, 2183044.063507743645459 ], [ 3246694.737210650928319, 2182993.917225532233715 ], [ 3246686.245410190429538, 2182954.62739895330742 ], [ 3246665.490350558422506, 2182932.501990802120417 ], [ 3246632.389701897744089, 2182940.429780882783234 ], [ 3246606.904009724035859, 2182955.604356117546558 ], [ 3246566.259279893711209, 2182943.38851939374581 ], [ 3246548.184267536737025, 2182952.717707631643862 ], [ 3246528.582786514423788, 2182962.840540561825037 ], [ 3246532.62384763173759, 2182987.883875924162567 ], [ 3246516.246552054770291, 2183018.742388696409762 ], [ 3246506.257863149046898, 2183037.547387166880071 ], [ 3246519.671171168796718, 2183067.391719738952816 ], [ 3246503.822674983181059, 2183102.344678390771151 ], [ 3246502.134530765004456, 2183158.435387316159904 ], [ 3246521.655081227887422, 2183182.408407994080335 ], [ 3246530.999678288120776, 2183193.894730593077838 ], [ 3246565.265922934748232, 2183248.797370799351484 ], [ 3246550.590449837036431, 2183301.083233685232699 ], [ 3246544.297752576414496, 2183323.480448067188263 ], [ 3246549.145359075628221, 2183416.485916765872389 ], [ 3246518.019555795937777, 2183432.93937327247113 ], [ 3246517.561632202938199, 2183455.82842829823494 ], [ 3246527.063139635138214, 2183501.876122135668993 ], [ 3246541.980062793474644, 2183532.167645873967558 ], [ 3246548.686361667700112, 2183545.797402031719685 ], [ 3246549.180987185798585, 2183566.097337407059968 ], [ 3246549.794454408343881, 2183591.222202024422586 ], [ 3246499.561797946225852, 2183614.508958575781435 ], [ 3246436.230591509491205, 2183633.868430451489985 ], [ 3246414.465377303771675, 2183679.140564926434308 ], [ 3246420.52190750464797, 2183694.090124712325633 ], [ 3246427.374983666464686, 2183711.019335881341249 ], [ 3246471.066476909443736, 2183695.443497283384204 ], [ 3246497.008584248833358, 2183668.632262722589076 ], [ 3246508.404637922532856, 2183667.859127929899842 ], [ 3246526.95742336474359, 2183666.586681612301618 ], [ 3246544.017337783239782, 2183675.499395179096609 ], [ 3246563.491959038190544, 2183685.663205952383578 ], [ 3246581.407753955572844, 2183690.381679784506559 ], [ 3246603.438832369633019, 2183696.196278338786215 ], [ 3246625.120910278521478, 2183741.739460682496428 ], [ 3246624.125704947859049, 2183784.885665173642337 ], [ 3246615.868893840350211, 2183832.472685598302633 ], [ 3246616.310045131947845, 2183894.456914475653321 ], [ 3246579.215856824535877, 2183931.162940882146358 ], [ 3246573.069881736766547, 2183956.920594931114465 ], [ 3246569.71174234058708, 2183971.020083117764443 ], [ 3246557.554707268252969, 2184024.062902248464525 ], [ 3246585.101927465759218, 2184036.760761612094939 ], [ 3246625.192166675813496, 2184018.620371931232512 ], [ 3246624.333402114920318, 2184082.423234943766147 ], [ 3246600.189715782180429, 2184110.502018041908741 ], [ 3246586.65041365288198, 2184109.064318058546633 ], [ 3246566.141791811678559, 2184106.897016271948814 ], [ 3246545.048582314047962, 2184144.002872226759791 ], [ 3246568.435712764970958, 2184160.610191493295133 ], [ 3246609.227096169721335, 2184206.00032784184441 ], [ 3246638.916150205302984, 2184202.408459511119872 ], [ 3246681.514347529038787, 2184199.74595852708444 ], [ 3246709.850635340902954, 2184207.521222812123597 ], [ 3246719.845138449221849, 2184203.850175934843719 ], [ 3246742.950364632997662, 2184195.37606209795922 ], [ 3246751.693642355501652, 2184206.217258051969111 ], [ 3246767.885220603086054, 2184226.290865318384022 ], [ 3246768.835681844968349, 2184227.463067543692887 ], [ 3246788.779295830987394, 2184262.168875111732632 ], [ 3246739.793962789233774, 2184254.815519361291081 ], [ 3246731.991558952257037, 2184265.717070033308119 ], [ 3246717.287150675896555, 2184312.848526417277753 ], [ 3246731.4796238001436, 2184361.291075821965933 ], [ 3246749.924385901540518, 2184386.709105307701975 ], [ 3246761.96289391675964, 2184408.156606798060238 ], [ 3246776.766351569909602, 2184434.534780452959239 ], [ 3246761.113808272406459, 2184465.916023206431419 ], [ 3246728.575806856155396, 2184479.402716371230781 ], [ 3246701.374088683631271, 2184490.670306301675737 ], [ 3246684.364707893691957, 2184500.310470147524029 ], [ 3246664.88206422328949, 2184511.355655096936971 ], [ 3246623.585681300610304, 2184512.209543155506253 ], [ 3246564.350834205746651, 2184490.719947243575007 ], [ 3246542.418342958204448, 2184443.628706133924425 ], [ 3246541.01327699329704, 2184434.922633214853704 ], [ 3246536.673970945179462, 2184408.035363687667996 ], [ 3246515.178712988272309, 2184373.590334265492857 ], [ 3246486.735798661597073, 2184335.59373100893572 ], [ 3246485.641339689493179, 2184299.188560000155121 ], [ 3246465.531693076714873, 2184297.732248452026397 ], [ 3246434.054246481042355, 2184295.462774099782109 ], [ 3246428.662913064472377, 2184285.516437462065369 ], [ 3246426.151116819120944, 2184280.89639016520232 ], [ 3246415.908764283172786, 2184262.024504322558641 ], [ 3246417.465639377944171, 2184212.423774473834783 ], [ 3246401.319605564698577, 2184195.211176112294197 ], [ 3246386.682240627706051, 2184179.610604473389685 ], [ 3246342.284353417344391, 2184180.995988563634455 ], [ 3246305.595066373236477, 2184190.585003779735416 ], [ 3246277.3951270817779, 2184203.466573805548251 ], [ 3246274.400252648629248, 2184234.219422977883369 ], [ 3246296.436239226721227, 2184262.20364458905533 ], [ 3246319.707578787580132, 2184277.715973325073719 ], [ 3246328.580690741539001, 2184283.638064422644675 ], [ 3246331.277722028084099, 2184310.22409544698894 ], [ 3246297.274082437623292, 2184346.391061492264271 ], [ 3246278.298666993156075, 2184367.434626162983477 ], [ 3246275.316731461323798, 2184360.656280412804335 ], [ 3246262.546803202480078, 2184374.929248572327197 ], [ 3246258.394308105111122, 2184379.577484730631113 ], [ 3246236.613541962578893, 2184447.95627255178988 ], [ 3246214.267327590379864, 2184506.793095961678773 ], [ 3246199.606114205904305, 2184559.47283526416868 ], [ 3246191.350828696973622, 2184588.133464068640023 ], [ 3246183.522758612409234, 2184615.290121699683368 ], [ 3246151.092473058961332, 2184659.50560231693089 ], [ 3246147.190112755633891, 2184689.099204875528812 ], [ 3246115.455467095598578, 2184719.700246767140925 ], [ 3246077.959719651378691, 2184753.598348180763423 ], [ 3246048.082076170481741, 2184780.610944939777255 ], [ 3246023.212713022716343, 2184801.548522576224059 ], [ 3246004.760070201009512, 2184817.087654221337289 ], [ 3245958.534950409084558, 2184841.551467101089656 ], [ 3245939.368702636100352, 2184846.631631245836616 ], [ 3245915.958650945685804, 2184852.838050424586982 ], [ 3245887.853075683116913, 2184868.755025704856962 ], [ 3245860.911097298376262, 2184878.23424060177058 ], [ 3245836.167797083035111, 2184886.934189161751419 ], [ 3245797.26711140293628, 2184898.54215716663748 ], [ 3245733.421071343589574, 2184917.597985388245434 ], [ 3245668.252827752381563, 2184937.077409853227437 ], [ 3245648.628822541795671, 2184923.1586993499659 ], [ 3245623.595994755625725, 2184940.252572877332568 ], [ 3245612.259596466086805, 2184956.110491395927966 ], [ 3245582.760414181277156, 2184967.040058128535748 ], [ 3245566.304223077371716, 2184958.346639187075198 ], [ 3245562.268607875332236, 2184960.511153907049447 ], [ 3245543.922039713710546, 2184970.35497129149735 ], [ 3245535.790398252662271, 2184984.497618810273707 ], [ 3245529.792367988266051, 2184995.256828063167632 ], [ 3245501.021166154183447, 2185010.25631083548069 ], [ 3245481.937965177930892, 2185017.359854848589748 ], [ 3245450.295047083869576, 2185028.025204024277627 ], [ 3245331.185309037566185, 2185079.876254497561604 ], [ 3245158.626350184902549, 2185147.275909135583788 ], [ 3245077.949665290303528, 2185167.578976107295603 ], [ 3245111.658509259112179, 2185223.79561919067055 ], [ 3245158.739847412332892, 2185279.096295160241425 ], [ 3245176.397797684185207, 2185349.064663130789995 ], [ 3245134.289409429766238, 2185423.113912066910416 ], [ 3245087.577796295285225, 2185428.209771438967437 ], [ 3245037.413856278173625, 2185433.675409883726388 ], [ 3245000.59712866647169, 2185481.395754599943757 ], [ 3244918.98557050107047, 2185527.409637833479792 ], [ 3244878.435831016860902, 2185592.813469470478594 ], [ 3244866.002449592575431, 2185612.877909633796662 ], [ 3244797.561525831930339, 2185701.056107852142304 ], [ 3244777.510081288870424, 2185596.581036707852036 ], [ 3244743.395761727355421, 2185523.140236300881952 ], [ 3244687.127180630341172, 2185647.300454459618777 ], [ 3244660.8466428918764, 2185687.47368230111897 ], [ 3244640.62335703894496, 2185718.387641079258174 ], [ 3244639.645924079697579, 2185753.016541596967727 ], [ 3244638.947496062144637, 2185777.803660498000681 ], [ 3244676.8756087818183, 2185855.627093979623169 ], [ 3244676.6876813005656, 2185890.493242301978171 ], [ 3244676.514243625104427, 2185923.248217479325831 ], [ 3244666.654956095851958, 2185950.203010807745159 ], [ 3244658.915643034502864, 2185971.363861355464906 ], [ 3244586.313989219255745, 2185975.598926726728678 ], [ 3244522.830635364167392, 2185896.602087312843651 ], [ 3244459.266026509460062, 2185834.519160058815032 ], [ 3244395.316119077149779, 2185729.428218665532768 ], [ 3244362.379779705777764, 2185675.296854722313583 ], [ 3244355.413911209907383, 2185744.385789396241307 ], [ 3244351.429751109331846, 2185803.900979479774833 ], [ 3244368.689930197782815, 2185868.758838376961648 ], [ 3244369.748420455493033, 2185945.489321067463607 ], [ 3244320.506744007114321, 2185963.142666573636234 ], [ 3244284.00677300337702, 2185929.44290830893442 ], [ 3244256.621535643003881, 2185904.167359034530818 ], [ 3244209.862383063416928, 2185867.089196249842644 ], [ 3244197.3495013108477, 2185864.02328373119235 ], [ 3244172.133311490528286, 2185857.843623509630561 ], [ 3244127.930568125098944, 2185822.579744266346097 ], [ 3244086.213944244198501, 2185802.71690132515505 ], [ 3244062.972769218496978, 2185827.132881892845035 ], [ 3244085.782472329679877, 2185884.239326839335263 ], [ 3244102.626778325997293, 2185899.109424669295549 ], [ 3244130.695108596701175, 2185923.900651132687926 ], [ 3244125.360147315077484, 2185961.024411408696324 ], [ 3244081.199201362207532, 2185955.446896910201758 ], [ 3244065.241943665780127, 2185953.428679456934333 ], [ 3244010.380785500630736, 2185992.420608771964908 ], [ 3243961.987390365451574, 2185917.175309075973928 ], [ 3243933.193077600561082, 2185917.754105762578547 ], [ 3243903.288981171324849, 2185918.374690695665777 ], [ 3243892.276477446779609, 2185928.753119810018688 ], [ 3243867.895804535597563, 2185951.705702321603894 ], [ 3243883.167801851406693, 2186046.310680530499667 ], [ 3243887.334886253811419, 2186093.250931968912482 ], [ 3243891.482285619713366, 2186139.880366916768253 ], [ 3243844.220444122329354, 2186197.902126222848892 ], [ 3243823.476373552344739, 2186195.280531657859683 ], [ 3243814.162209226749837, 2186194.109372084960341 ], [ 3243805.545393495820463, 2186176.068678609095514 ], [ 3243790.21714004362002, 2186143.993488465901464 ], [ 3243810.045752035453916, 2186070.396462088916451 ], [ 3243801.165804867167026, 2186015.388497892767191 ], [ 3243799.706551550887525, 2186001.004347230307758 ], [ 3243751.631832064129412, 2186026.199827673844993 ], [ 3243722.345890503376722, 2186061.019037849269807 ], [ 3243691.321481744758785, 2186097.89579775556922 ], [ 3243657.093308824580163, 2186109.896328023634851 ], [ 3243630.847463651560247, 2186119.093441699165851 ], [ 3243605.951355539262295, 2186179.281437552534044 ], [ 3243601.79578855773434, 2186200.759515594691038 ], [ 3243589.986272901296616, 2186261.845010803546757 ], [ 3243569.35800944454968, 2186331.932446470949799 ], [ 3243500.026477543637156, 2186397.226340896449983 ], [ 3243505.340694508515298, 2186437.437656278721988 ], [ 3243512.044148166663945, 2186488.203182543162256 ], [ 3243510.973979013040662, 2186548.659967569168657 ], [ 3243510.203322232700884, 2186592.235532784368843 ], [ 3243537.35084729315713, 2186677.903385509736836 ], [ 3243524.420504269190133, 2186721.291590268723667 ], [ 3243511.448164502624422, 2186764.859505287371576 ], [ 3243473.021122170612216, 2186774.238224210217595 ], [ 3243472.194204611238092, 2186686.628755397163332 ], [ 3243438.531212661881, 2186692.509014453273267 ], [ 3243415.977000715676695, 2186717.718183287419379 ], [ 3243404.988708111923188, 2186726.987635837402195 ], [ 3243389.882478784769773, 2186739.733941083773971 ], [ 3243351.684148773550987, 2186780.26724483538419 ], [ 3243276.756900363136083, 2186812.405050954781473 ], [ 3243187.571199459955096, 2186850.845654296688735 ], [ 3243116.580606049858034, 2186950.179984961636364 ], [ 3243069.935939999762923, 2186929.835541065316647 ], [ 3243069.935939999762923, 2187187.028047379106283 ], [ 3243081.990708386525512, 2187189.406442560255527 ], [ 3243172.960096750408411, 2187162.079200270585716 ], [ 3243175.719476715661585, 2187201.865279078483582 ], [ 3243175.830883057788014, 2187203.498310923576355 ], [ 3243217.603801805991679, 2187249.547121124342084 ], [ 3243245.567323320079595, 2187245.899009158834815 ], [ 3243303.553764305077493, 2187238.344463006593287 ], [ 3243329.554375061765313, 2187236.306548318825662 ], [ 3243345.702976616099477, 2187235.04683675756678 ], [ 3243353.888842760585248, 2187289.771190678700805 ], [ 3243360.021679244935513, 2187358.875057780183852 ], [ 3243368.920938387513161, 2187451.461945150978863 ], [ 3243415.862018677406013, 2187497.834757516626269 ], [ 3243378.041934783570468, 2187559.754504960495979 ], [ 3243393.551632133312523, 2187574.96913278568536 ], [ 3243411.533981753978878, 2187592.610738437157124 ], [ 3243426.855129770003259, 2187595.844761908054352 ], [ 3243454.032545127905905, 2187598.518197648227215 ], [ 3243481.014441202394664, 2187601.175111637916416 ], [ 3243531.812514065764844, 2187597.066189177334309 ], [ 3243563.510516310110688, 2187588.447020466439426 ], [ 3243565.280114786699414, 2187587.965550024528056 ], [ 3243566.2727075163275, 2187587.700915797613561 ], [ 3243580.859078761655837, 2187583.743699179962277 ], [ 3243606.83284374512732, 2187572.109859347343445 ], [ 3243633.03239833842963, 2187560.365630604326725 ], [ 3243675.269827481359243, 2187556.545862841885537 ], [ 3243686.780912484042346, 2187568.809360546991229 ], [ 3243682.597193865571171, 2187594.510068384930491 ], [ 3243685.539608518593013, 2187620.152108745183796 ], [ 3243710.566179342102259, 2187627.672245979309082 ], [ 3243728.722984206862748, 2187622.1282650064677 ], [ 3243762.15477260062471, 2187607.965019763447344 ], [ 3243821.242048397660255, 2187590.506420779973269 ], [ 3243835.568673714529723, 2187595.941877955570817 ], [ 3243849.139004342257977, 2187601.093790717422962 ], [ 3243865.869511485099792, 2187572.005173658952117 ], [ 3243883.58024910511449, 2187541.569346408359706 ], [ 3243909.270017976872623, 2187531.130898528732359 ], [ 3243940.081491161137819, 2187537.640648290049285 ], [ 3243973.402741798199713, 2187562.964018021710217 ], [ 3244001.147530665621161, 2187584.05056533915922 ], [ 3244018.061462691053748, 2187591.680133871268481 ], [ 3244048.658758480101824, 2187605.475993094965816 ], [ 3244065.800006935372949, 2187615.204978167079389 ], [ 3244077.488626786042005, 2187621.841359755955637 ], [ 3244098.817623501643538, 2187647.637469115667045 ], [ 3244118.639848492108285, 2187657.688927109818906 ], [ 3244116.983689585700631, 2187667.234183293767273 ], [ 3244127.040102838538587, 2187668.853520609904081 ], [ 3244124.980898052453995, 2187699.099951133131981 ], [ 3244128.585114093031734, 2187721.422754460014403 ], [ 3244139.969739406369627, 2187762.13529150467366 ], [ 3244152.726839864160866, 2187804.747215368319303 ], [ 3244172.193615353666246, 2187859.619961050339043 ], [ 3244174.299347977153957, 2187865.557966484222561 ], [ 3244181.51592396851629, 2187893.657010283321142 ], [ 3244185.035839533433318, 2187915.457255805842578 ], [ 3244184.997452116571367, 2187938.416369885671884 ], [ 3244182.302862807177007, 2187949.765116146765649 ], [ 3244179.223244458436966, 2187962.752508841454983 ], [ 3244193.09783989097923, 2187961.930744392797351 ], [ 3244231.209990072064102, 2187952.363862256519496 ], [ 3244304.817823811434209, 2188081.225374444853514 ], [ 3244348.513762616552413, 2188110.201090913265944 ], [ 3244426.768374029546976, 2188162.104592238552868 ], [ 3244482.260679169092327, 2188178.770369844511151 ], [ 3244503.600018170196563, 2188172.569311648607254 ], [ 3244567.362992477137595, 2188154.020890969783068 ], [ 3244624.712153724394739, 2188223.110390597954392 ], [ 3244723.890097011812031, 2188265.104415074922144 ], [ 3244784.559811717364937, 2188313.834837531205267 ], [ 3244807.751534891314805, 2188273.530599929392338 ], [ 3244881.25460139522329, 2188320.019546876661479 ], [ 3244830.212865242734551, 2188371.777909534052014 ], [ 3244771.721319895237684, 2188418.258078343700618 ], [ 3244715.082190615125, 2188517.132431090343744 ], [ 3244706.680843960493803, 2188482.011840744875371 ], [ 3244669.389823109377176, 2188460.078255279920995 ], [ 3244648.50728543754667, 2188435.288733133114874 ], [ 3244634.942180370911956, 2188416.591398647986352 ], [ 3244624.105404493864626, 2188426.797438036650419 ], [ 3244615.716857637278736, 2188434.69017618149519 ], [ 3244621.376479194033891, 2188463.20319812418893 ], [ 3244596.756296404637396, 2188467.503664487041533 ], [ 3244576.441550135612488, 2188465.780334030278027 ], [ 3244567.503149944357574, 2188443.111785983201116 ], [ 3244566.282931106630713, 2188415.942163383588195 ], [ 3244569.4025699198246, 2188404.083231817465276 ], [ 3244574.127255626954138, 2188386.134868296328932 ], [ 3244548.833247034810483, 2188389.782552203163505 ], [ 3244539.083129431121051, 2188391.191632981412113 ], [ 3244512.312050986103714, 2188382.171380093786865 ], [ 3244456.608977728523314, 2188362.125932482071221 ], [ 3244447.157986440230161, 2188356.335481632500887 ], [ 3244438.811346758157015, 2188351.223998460453004 ], [ 3244417.509907221421599, 2188317.616673012729734 ], [ 3244386.380526323802769, 2188294.617088911123574 ], [ 3244384.959973669145256, 2188272.744089670013636 ], [ 3244390.419872525613755, 2188241.244569409638643 ], [ 3244365.497233293019235, 2188221.733071384951472 ], [ 3244340.91182673163712, 2188202.487091625109315 ], [ 3244306.005379459355026, 2188182.245869148056954 ], [ 3244267.255384809803218, 2188177.426841790322214 ], [ 3244248.132889972534031, 2188176.549692070111632 ], [ 3244230.16486928332597, 2188150.196832269430161 ], [ 3244213.809649187140167, 2188149.170865388587117 ], [ 3244203.534457550384104, 2188148.522453563287854 ], [ 3244186.746799300424755, 2188147.207063973415643 ], [ 3244161.870064311195165, 2188145.266928646713495 ], [ 3244129.735056000761688, 2188125.028308702632785 ], [ 3244112.378204004373401, 2188170.477655640803277 ], [ 3244098.756312844343483, 2188202.095183664467186 ], [ 3244087.502469344995916, 2188228.199650672730058 ], [ 3244064.341852247714996, 2188270.141334780026227 ], [ 3244023.553101101890206, 2188325.300436159130186 ], [ 3244021.253909072838724, 2188328.348095296882093 ], [ 3244018.405076617375016, 2188332.140602462459356 ], [ 3244034.292067568283528, 2188340.010352429468185 ], [ 3244043.173370582982898, 2188344.409968166146427 ], [ 3244063.094175246544182, 2188370.158114308491349 ], [ 3244085.546998839825392, 2188362.870166382286698 ], [ 3244101.505987050011754, 2188343.21272212266922 ], [ 3244117.638895016629249, 2188345.250717228744179 ], [ 3244131.378394088707864, 2188346.987000223249197 ], [ 3244165.810581186786294, 2188351.090110447257757 ], [ 3244193.179703695233911, 2188381.163814621046185 ], [ 3244219.478633156046271, 2188404.672540876083076 ], [ 3244241.587904510553926, 2188395.194030689075589 ], [ 3244243.485254387371242, 2188415.493496005423367 ], [ 3244244.691679083742201, 2188428.370958347339183 ], [ 3244264.435788576491177, 2188453.024695170111954 ], [ 3244245.541384047828615, 2188475.435363000724465 ], [ 3244240.669896051287651, 2188501.023130988702178 ], [ 3244237.27317673061043, 2188521.852002766914666 ], [ 3244224.523304229136556, 2188529.513152490835637 ], [ 3244218.804682803340256, 2188532.945218198932707 ], [ 3244190.697939540725201, 2188540.105592012871057 ], [ 3244183.821394972968847, 2188551.201535697095096 ], [ 3244178.2014449685812, 2188560.273404747247696 ], [ 3244174.572382244747132, 2188571.177184122148901 ], [ 3244169.866005390882492, 2188585.340983824338764 ], [ 3244170.122554627712816, 2188599.438755265437067 ], [ 3244170.434810637030751, 2188616.710147325415164 ], [ 3244185.550773272290826, 2188638.72540309978649 ], [ 3244207.562995173968375, 2188650.898381079081446 ], [ 3244217.319344663992524, 2188662.099865585565567 ], [ 3244227.248927133157849, 2188673.494128046091646 ], [ 3244235.677747185342014, 2188677.040101937483996 ], [ 3244247.659870537929237, 2188662.801649743691087 ], [ 3244261.635908235795796, 2188672.728720138780773 ], [ 3244265.140168260782957, 2188701.344607342034578 ], [ 3244248.070548799820244, 2188728.140665372367948 ], [ 3244254.725824669469148, 2188756.784010452684015 ], [ 3244268.126590068917722, 2188802.497561794705689 ], [ 3244279.886451162863523, 2188850.494964840356261 ], [ 3244288.17663659574464, 2188889.325373460073024 ], [ 3244296.363992851227522, 2188927.707403810229152 ], [ 3244290.148944723419845, 2188937.116430504713207 ], [ 3244275.415880989283323, 2188959.398483084049076 ], [ 3244231.926280410494655, 2188988.021828117314726 ], [ 3244224.415190432686359, 2189028.375689687207341 ], [ 3244228.725003018975258, 2189073.670050819870085 ], [ 3244210.412731131538749, 2189086.043929123785347 ], [ 3244190.764289355836809, 2189099.320344878360629 ], [ 3244133.037960299290717, 2189120.424539482221007 ], [ 3244072.278486942406744, 2189129.031204309780151 ], [ 3244000.026086293160915, 2189103.614790260326117 ], [ 3243944.98957901308313, 2189080.594594698864967 ], [ 3243913.429492695257068, 2189058.197651902213693 ], [ 3243896.279518150724471, 2189046.026997230947018 ], [ 3243865.128966549877077, 2189027.046045581344515 ], [ 3243841.703806727658957, 2189015.049066531937569 ], [ 3243823.020239328499883, 2189006.958271038718522 ], [ 3243804.174268847331405, 2188998.804608482867479 ], [ 3243815.942832200787961, 2188971.930596645455807 ], [ 3243828.611015846487135, 2188951.570321043021977 ], [ 3243854.325409522280097, 2188910.236306420061737 ], [ 3243869.718856212683022, 2188876.707075246609747 ], [ 3243881.407901355065405, 2188847.768713815137744 ], [ 3243892.740630657412112, 2188819.703660833649337 ], [ 3243917.97205161023885, 2188797.189340337645262 ], [ 3243947.843863856978714, 2188761.80009496351704 ], [ 3243957.441438300535083, 2188743.040831442922354 ], [ 3243963.666062409523875, 2188730.862397524528205 ], [ 3243980.236622406635433, 2188700.47324316482991 ], [ 3243983.820707635954022, 2188695.325564695522189 ], [ 3244000.401451639831066, 2188671.473715252242982 ], [ 3244032.805492140352726, 2188662.63994678389281 ], [ 3244041.556285550817847, 2188660.259706694632769 ], [ 3244103.525669181719422, 2188665.1789815495722 ], [ 3244120.17667465377599, 2188665.585455009248108 ], [ 3244153.161712779663503, 2188686.435911853332072 ], [ 3244131.131261684466153, 2188638.194907942321151 ], [ 3244130.323072148952633, 2188635.892812771722674 ], [ 3244124.842798612080514, 2188620.183155798818916 ], [ 3244123.400221664458513, 2188583.339992764871567 ], [ 3244140.274954542517662, 2188527.552723682485521 ], [ 3244135.716723286546767, 2188499.323732025921345 ], [ 3244133.037196926772594, 2188482.729464366100729 ], [ 3244122.938553456217051, 2188471.293784154113382 ], [ 3244112.382315608672798, 2188459.35003257682547 ], [ 3244101.50186197180301, 2188482.611528598237783 ], [ 3244104.543179091066122, 2188529.293166619259864 ], [ 3244097.054372889455408, 2188566.581298680976033 ], [ 3244068.203768378123641, 2188576.112207809463143 ], [ 3244072.620592838153243, 2188533.75434099836275 ], [ 3244077.424725151620805, 2188486.817404925823212 ], [ 3244072.87167349550873, 2188451.64294679928571 ], [ 3244062.333481905981898, 2188450.057135056238621 ], [ 3244055.571372456848621, 2188449.038408807013184 ], [ 3244048.294653424061835, 2188480.662861009594053 ], [ 3244047.30854116845876, 2188503.534222896210849 ], [ 3244046.636487109120935, 2188519.172984363511205 ], [ 3244025.198794604279101, 2188539.787556042894721 ], [ 3244006.383554799947888, 2188513.846275340300053 ], [ 3243994.526673185639083, 2188515.47142644925043 ], [ 3243976.650915465317667, 2188517.914818564429879 ], [ 3243993.000255217775702, 2188493.697928143665195 ], [ 3244021.87641063099727, 2188477.410588387865573 ], [ 3244025.429404387250543, 2188463.458393860608339 ], [ 3244028.764261206611991, 2188450.35535141127184 ], [ 3244026.542460266966373, 2188422.640789121389389 ], [ 3244007.550544295459986, 2188395.605059581343085 ], [ 3243988.881189339794219, 2188371.321228945627809 ], [ 3243959.728141642641276, 2188342.583156072534621 ], [ 3244028.121376656927168, 2188238.116233630571514 ], [ 3244092.657008971087635, 2188133.644212119281292 ], [ 3244116.00360152637586, 2188064.125169866252691 ], [ 3244093.419605873525143, 2188030.620322522707283 ], [ 3244041.587680046446621, 2187959.867914848029613 ], [ 3244049.058274894021451, 2187932.396772203501314 ], [ 3244045.052571227774024, 2187917.331895200535655 ], [ 3244044.404590213671327, 2187914.890308134257793 ], [ 3244043.015013070777059, 2187909.678794766776264 ], [ 3244004.129368758760393, 2187860.580529002472758 ], [ 3243959.086370356380939, 2187810.185562008991838 ], [ 3243900.934696307871491, 2187759.698026868049055 ], [ 3243872.870339230168611, 2187730.597498113289475 ], [ 3243850.889382338151336, 2187707.804645844735205 ], [ 3243825.469846830703318, 2187686.535014177206904 ], [ 3243794.453156775794923, 2187660.586112827062607 ], [ 3243721.731105655431747, 2187667.338401257060468 ], [ 3243655.890342469327152, 2187687.163055200595409 ], [ 3243653.189711211249232, 2187697.468682928010821 ], [ 3243651.274524253793061, 2187700.631742350291461 ], [ 3243649.613452019169927, 2187703.922758047934622 ], [ 3243648.203310530632734, 2187707.322010157629848 ], [ 3243647.063843318261206, 2187710.826049746479839 ], [ 3243646.210017933510244, 2187714.401848148088902 ], [ 3243645.630370612256229, 2187718.04126986535266 ], [ 3243645.328405135311186, 2187721.703150774817914 ], [ 3243645.310809263028204, 2187725.366046582348645 ], [ 3243645.587454737629741, 2187729.028232796117663 ], [ 3243646.140509799588472, 2187732.642134296707809 ], [ 3243646.979846188332886, 2187736.206026622559875 ], [ 3243648.099095888435841, 2187739.680470095481724 ], [ 3243649.478515353053808, 2187743.068913637194782 ], [ 3243651.120016326196492, 2187746.320333217270672 ], [ 3243653.013727018609643, 2187749.43645329400897 ], [ 3243654.518323227763176, 2187751.525640781037509 ], [ 3243655.146591647062451, 2187752.399278515018523 ], [ 3243657.502370427362621, 2187755.171093679964542 ], [ 3243660.071191574446857, 2187757.753623270895332 ], [ 3243660.835440003778785, 2187758.400747017934918 ], [ 3243636.630217992700636, 2187747.229415320791304 ], [ 3243600.93156522186473, 2187730.756331773940474 ], [ 3243587.124351494014263, 2187724.388748606201261 ], [ 3243518.364192735869437, 2187686.967318906914443 ], [ 3243421.589457777794451, 2187633.200653797015548 ], [ 3243381.71587838139385, 2187611.049770780839026 ], [ 3243319.581841726787388, 2187578.330792873632163 ], [ 3243288.582098527811468, 2187593.286067413631827 ], [ 3243264.078661329112947, 2187605.099182986654341 ], [ 3243240.723867077380419, 2187616.356824740767479 ], [ 3243164.829109674785286, 2187653.875515218358487 ], [ 3243132.725010523106903, 2187672.866174687165767 ], [ 3243106.632862759754062, 2187688.292362526059151 ], [ 3243069.935939999762923, 2187737.117482522502542 ], [ 3243069.935939999762923, 2189951.619810603559017 ], [ 3243093.815785232465714, 2189961.286367852706462 ], [ 3243113.002423851750791, 2189979.782092002220452 ], [ 3243133.317637261934578, 2189999.358061608392745 ], [ 3243234.35724985320121, 2190098.31513490062207 ], [ 3243252.642456178087741, 2190106.201548669021577 ], [ 3243275.585502730682492, 2190116.092609995044768 ], [ 3243315.303832011763006, 2190114.151393656618893 ], [ 3243414.609792537987232, 2190181.759938809555024 ], [ 3243458.298372408375144, 2190245.753829361870885 ], [ 3243495.396363677456975, 2190279.247536579146981 ], [ 3243553.916305351536721, 2190334.141503837425262 ], [ 3243532.167800716124475, 2190349.306223484687507 ], [ 3243511.230435233563185, 2190387.08967108046636 ], [ 3243403.084019144531339, 2190396.028572314418852 ], [ 3243336.063853284809738, 2190386.417237145826221 ], [ 3243282.130405930802226, 2190431.375059767160565 ], [ 3243305.029041718691587, 2190436.214855901896954 ], [ 3243318.962663144804537, 2190439.153706189244986 ], [ 3243323.746305577456951, 2190451.112450884655118 ], [ 3243299.407460789196193, 2190476.695858304854482 ], [ 3243315.884800254367292, 2190499.406043313909322 ], [ 3243271.325840633362532, 2190514.29826729092747 ], [ 3243245.387532033026218, 2190494.66046388912946 ], [ 3243229.389728704467416, 2190480.261023222468793 ], [ 3243200.42255718447268, 2190454.187420729547739 ], [ 3243149.652466165367514, 2190421.825493053998798 ], [ 3243093.834693898446858, 2190384.668086989782751 ], [ 3243069.935939999762923, 2190344.334127376321703 ], [ 3243069.935939999762923, 2190896.605429239571095 ], [ 3243081.441436746157706, 2190927.308078637346625 ], [ 3243122.466809967532754, 2190949.987195441033691 ], [ 3243126.703184312209487, 2190976.215029454790056 ], [ 3243133.019545968621969, 2191015.320143926888704 ], [ 3243207.650036814622581, 2191091.842579909600317 ], [ 3243272.109653649386019, 2191105.459422571584582 ], [ 3243255.394102340564132, 2191140.721427837852389 ], [ 3243364.871533400379121, 2191186.275855586864054 ], [ 3243412.918804132845253, 2191175.386873655486852 ], [ 3243433.786269231699407, 2191196.6204032311216 ], [ 3243433.555658538360149, 2191241.441839603707194 ], [ 3243437.846315935254097, 2191255.625976935960352 ], [ 3243439.323459054343402, 2191260.49789981963113 ], [ 3243440.952520958147943, 2191265.870474277064204 ], [ 3243458.227370599284768, 2191286.038616995792836 ], [ 3243471.485052809119225, 2191297.611769378650934 ], [ 3243473.243877816479653, 2191312.522152768447995 ], [ 3243474.914463406428695, 2191326.69771600374952 ], [ 3243477.351651749573648, 2191349.640827524475753 ], [ 3243485.124723536893725, 2191338.25585148204118 ], [ 3243494.72803252376616, 2191324.188857313245535 ], [ 3243523.456680128350854, 2191292.606836129445583 ], [ 3243522.824422480538487, 2191276.31343630515039 ], [ 3243522.193116404116154, 2191259.837382115423679 ], [ 3243515.484710045158863, 2191235.14652722934261 ], [ 3243510.287558608222753, 2191216.041460480540991 ], [ 3243499.08062048163265, 2191204.596636136528105 ], [ 3243488.091186105273664, 2191193.367270033806562 ], [ 3243455.843198512680829, 2191173.250245232600719 ], [ 3243485.110557815991342, 2191164.92277009319514 ], [ 3243519.359984705690295, 2191152.500855460297316 ], [ 3243550.500339104793966, 2191135.786194486077875 ], [ 3243643.140772866085172, 2191192.160358771216124 ], [ 3243720.152157075237483, 2191181.371576270088553 ], [ 3243723.726338210515678, 2191182.511181225068867 ], [ 3243752.526458580512553, 2191191.713579516857862 ], [ 3243772.360969178378582, 2191227.666040735784918 ], [ 3243782.721213889308274, 2191246.436774940695614 ], [ 3243809.773717020638287, 2191281.706044930033386 ], [ 3243894.059095919132233, 2191316.51612149970606 ], [ 3243941.357067655306309, 2191336.051868868991733 ], [ 3243986.665931361261755, 2191352.133295422419906 ], [ 3244040.730534360744059, 2191348.020367369987071 ], [ 3244080.646100237499923, 2191405.049974072724581 ], [ 3244145.429236380849034, 2191459.063124328386039 ], [ 3244150.778393428772688, 2191460.257625887170434 ], [ 3244157.043702880386263, 2191461.657047539949417 ], [ 3244158.061415862292051, 2191467.957636758685112 ], [ 3244217.992634922266006, 2191510.155750885140151 ], [ 3244276.28610482160002, 2191551.200398253742605 ], [ 3244453.189705166500062, 2191729.650729368906468 ], [ 3244505.158466278575361, 2191811.593482757452875 ], [ 3244545.969497193116695, 2191838.599377412348986 ], [ 3244633.462418637704104, 2191900.679663537070155 ], [ 3244767.334713670425117, 2192052.512720190919936 ], [ 3244801.002585414797068, 2192105.798242908902466 ], [ 3244780.792482359334826, 2192156.999493683688343 ], [ 3244741.195190220605582, 2192257.332084302790463 ], [ 3244697.09788384847343, 2192294.619851699098945 ], [ 3244791.159056103788316, 2192369.20917331147939 ], [ 3244868.290672696661204, 2192508.204941803589463 ], [ 3244918.046626115217805, 2192661.077616586349905 ], [ 3244941.339572505094111, 2192721.387006210628897 ], [ 3244961.120866029057652, 2192772.587200693786144 ], [ 3244967.575343448668718, 2192787.660729408729821 ], [ 3244973.539352185092866, 2192801.583062369842082 ], [ 3244966.527810702100396, 2192811.962983178906143 ], [ 3244945.956757750362158, 2192846.286341039463878 ], [ 3244936.513591023162007, 2192842.43096188781783 ], [ 3244921.995367763563991, 2192836.501812224276364 ], [ 3244906.083194257225841, 2192828.352565204259008 ], [ 3244897.595938015729189, 2192824.005759131163359 ], [ 3244856.342280243057758, 2192832.713534441776574 ], [ 3244820.948398421052843, 2192840.184692242648453 ], [ 3244802.311408701818436, 2192880.699401677120477 ], [ 3244786.319002280943096, 2192937.521061608102173 ], [ 3244764.932839312590659, 2193012.976678991690278 ], [ 3244752.622717628721148, 2193057.972418484278023 ], [ 3244741.025845452677459, 2193105.874969336204231 ], [ 3244739.1986179407686, 2193113.41277969814837 ], [ 3244719.623748762533069, 2193116.832752131856978 ], [ 3244694.757845899555832, 2193121.177146126516163 ], [ 3244665.937801689840853, 2193087.098262474872172 ], [ 3244671.066646813414991, 2193051.934241869021207 ], [ 3244676.112131093628705, 2193017.322137583047152 ], [ 3244679.692759325262159, 2192998.396676149684936 ], [ 3244686.675147409085184, 2192961.448922883253545 ], [ 3244692.04622367490083, 2192885.060343719087541 ], [ 3244702.696577715687454, 2192841.287371900863945 ], [ 3244715.966447252780199, 2192815.48841266753152 ], [ 3244737.340239801444113, 2192794.741944684181362 ], [ 3244766.323176166974008, 2192766.623621859122068 ], [ 3244769.899492918979377, 2192752.697218610905111 ], [ 3244773.475814191624522, 2192738.770817393437028 ], [ 3244727.357157417573035, 2192638.76288974750787 ], [ 3244726.47721754014492, 2192637.274201705120504 ], [ 3244734.850420811213553, 2192627.092313831206411 ], [ 3244753.8096804022789, 2192602.519772899337113 ], [ 3244787.596272596158087, 2192558.709588538855314 ], [ 3244782.37596658244729, 2192498.182997946627438 ], [ 3244723.685753153637052, 2192431.060407821089029 ], [ 3244680.372221822384745, 2192388.5642478344962 ], [ 3244606.685527150519192, 2192378.83941492298618 ], [ 3244561.654500473756343, 2192372.898245373740792 ], [ 3244531.216673623770475, 2192365.684973067138344 ], [ 3244495.323328383732587, 2192357.184267098084092 ], [ 3244531.770745954476297, 2192300.753200087230653 ], [ 3244541.23273906018585, 2192295.551671796478331 ], [ 3244542.211541364900768, 2192294.447935406584293 ], [ 3244543.656501893885434, 2192292.836945165880024 ], [ 3244545.869130922481418, 2192289.946199755650014 ], [ 3244546.876564314123243, 2192288.391372797079384 ], [ 3244547.862347559072077, 2192286.891020263545215 ], [ 3244548.889504169579595, 2192285.018457869067788 ], [ 3244549.609723199158907, 2192283.696300731506199 ], [ 3244549.992112190462649, 2192282.858977330848575 ], [ 3244551.114443448372185, 2192280.381761342752725 ], [ 3244552.348486890085042, 2192276.96243602456525 ], [ 3244553.326503319200128, 2192273.466180441901088 ], [ 3244554.040214123670012, 2192269.904579292051494 ], [ 3244554.473062071017921, 2192266.300801989156753 ], [ 3244554.629825531505048, 2192262.684428801294416 ], [ 3244554.50222587864846, 2192259.067044445313513 ], [ 3244554.104912881273776, 2192255.476504593156278 ], [ 3244553.419736489653587, 2192251.926118542440236 ], [ 3244552.4712178776972, 2192248.442017376888543 ], [ 3244551.262542601674795, 2192245.04392128251493 ], [ 3244550.882277604192495, 2192244.19790294021368 ], [ 3244549.788617599755526, 2192241.76313517941162 ], [ 3244548.069185661617666, 2192238.596209837123752 ], [ 3244546.023997373413295, 2192235.486196864861995 ], [ 3244545.624009106773883, 2192234.957913988735527 ], [ 3244525.552696955390275, 2192219.911314012017101 ], [ 3244445.069683078676462, 2192158.877481530420482 ], [ 3244431.200649423524737, 2192129.445763858966529 ], [ 3244433.630381088238209, 2192088.062248225789517 ], [ 3244374.232139060739428, 2192087.054311448708177 ], [ 3244340.760518318973482, 2192067.971899434458464 ], [ 3244303.96846110234037, 2192046.995857986621559 ], [ 3244242.077879045624286, 2191987.266068329103291 ], [ 3244161.414295917376876, 2191933.219017159659415 ], [ 3244122.690251127816737, 2191910.775980083271861 ], [ 3244111.065598485525697, 2191886.001106921583414 ], [ 3244095.618625074159354, 2191853.083805441856384 ], [ 3244045.192138963378966, 2191780.564022414851934 ], [ 3244007.418626211583614, 2191728.503009473904967 ], [ 3243997.335959694813937, 2191704.665225520730019 ], [ 3243987.980703983921558, 2191682.565814880188555 ], [ 3243955.899819365702569, 2191616.168172078672796 ], [ 3243918.252167648635805, 2191581.411689608823508 ], [ 3243872.433623544406146, 2191537.417256673797965 ], [ 3243840.773348505608737, 2191473.622723306994885 ], [ 3243757.89209416275844, 2191365.439491251017898 ], [ 3243740.843397769145668, 2191333.978206714149565 ], [ 3243725.556461175903678, 2191305.757541917264462 ], [ 3243685.941872611641884, 2191275.349488081410527 ], [ 3243638.199097752571106, 2191269.020807520020753 ], [ 3243604.902119060978293, 2191294.314189271535724 ], [ 3243635.137214299291372, 2191325.407966277562082 ], [ 3243636.464840727392584, 2191326.777865314856172 ], [ 3243692.373830064665526, 2191383.223142807837576 ], [ 3243720.327545590698719, 2191411.440864925272763 ], [ 3243745.106966095045209, 2191474.298372199758887 ], [ 3243757.21781550347805, 2191513.080549464561045 ], [ 3243767.554190865252167, 2191542.510905011557043 ], [ 3243784.292427929583937, 2191590.146478209644556 ], [ 3243819.444374111481011, 2191628.491975009441376 ], [ 3243830.447931738570333, 2191640.499581648502499 ], [ 3243901.094459959305823, 2191715.792510124389082 ], [ 3243901.504000726621598, 2191716.379950747825205 ], [ 3243902.207163274753839, 2191717.402732649818063 ], [ 3243876.415488697588444, 2191746.241085497662425 ], [ 3243841.024516222067177, 2191773.461670817807317 ], [ 3243821.217432328499854, 2191788.703146310988814 ], [ 3243808.063279088586569, 2191784.746045801322907 ], [ 3243795.645998902618885, 2191781.01504541747272 ], [ 3243776.858748649712652, 2191755.129407686181366 ], [ 3243754.604869882576168, 2191715.260328443255275 ], [ 3243695.459477010183036, 2191567.587549445219338 ], [ 3243663.411528031807393, 2191550.406037992797792 ], [ 3243592.880203229375184, 2191512.584918595850468 ], [ 3243558.884703396353871, 2191554.414547067135572 ], [ 3243619.644546971656382, 2191633.097353802993894 ], [ 3243605.79233583342284, 2191645.240356160327792 ], [ 3243590.099375559017062, 2191630.970051256008446 ], [ 3243581.777878277003765, 2191639.713507795706391 ], [ 3243565.747669226489961, 2191653.453679230064154 ], [ 3243536.999215106014162, 2191611.079721823334694 ], [ 3243508.524702860508114, 2191592.959637336432934 ], [ 3243499.323689346667379, 2191618.879143378231674 ], [ 3243482.221263520419598, 2191648.602311239112169 ], [ 3243478.758808288257569, 2191652.238670119084418 ], [ 3243472.027178696822375, 2191659.32554246392101 ], [ 3243468.78321999264881, 2191658.219507907517254 ], [ 3243432.160061361268163, 2191630.685281667392701 ], [ 3243374.33624008204788, 2191615.797464726958424 ], [ 3243371.756637731567025, 2191610.824144521262497 ], [ 3243382.803404098376632, 2191592.875303488224745 ], [ 3243394.664534666575491, 2191571.296571081504226 ], [ 3243408.339389419183135, 2191548.001847066916525 ], [ 3243403.498455399647355, 2191546.434744151774794 ], [ 3243395.090031253173947, 2191543.70661643287167 ], [ 3243385.030547815840691, 2191541.439325493294746 ], [ 3243375.910141510888934, 2191539.393213951960206 ], [ 3243379.896581280045211, 2191526.936139764264226 ], [ 3243388.656509092543274, 2191499.542512917891145 ], [ 3243384.151501033920795, 2191497.54159521497786 ], [ 3243352.178264627233148, 2191489.116888799704611 ], [ 3243339.432427879422903, 2191492.023194623179734 ], [ 3243321.869688296690583, 2191496.024606330320239 ], [ 3243292.92880342155695, 2191497.198359590489417 ], [ 3243273.850782005116343, 2191497.976941721048206 ], [ 3243246.448197767604142, 2191497.928928143810481 ], [ 3243241.875987408682704, 2191524.479370300192386 ], [ 3243235.839202120434493, 2191531.972058999352157 ], [ 3243222.640262222383171, 2191535.089371216949075 ], [ 3243207.22763376776129, 2191539.394418867304921 ], [ 3243203.76191281247884, 2191552.875764451920986 ], [ 3243173.422873117029667, 2191543.760087572038174 ], [ 3243156.343034177087247, 2191538.623588810674846 ], [ 3243149.300780983176082, 2191565.402893361169845 ], [ 3243148.358419715426862, 2191568.994338002521545 ], [ 3243208.531743384432048, 2191619.979843709617853 ], [ 3243212.364606564864516, 2191623.223555165342987 ], [ 3243223.869390585459769, 2191602.203793707303703 ], [ 3243230.578531773760915, 2191591.835965981706977 ], [ 3243237.02913064090535, 2191581.878298942465335 ], [ 3243257.725929591804743, 2191618.014674177393317 ], [ 3243269.666519355028868, 2191633.498173976317048 ], [ 3243272.492836751043797, 2191637.171221813187003 ], [ 3243306.199020433239639, 2191668.388369722757488 ], [ 3243320.048519386909902, 2191681.865498512983322 ], [ 3243325.097923349589109, 2191676.1776152709499 ], [ 3243366.435965190175921, 2191743.958683832082897 ], [ 3243391.005065223202109, 2191807.52220643684268 ], [ 3243389.944286298006773, 2191816.852410880383104 ], [ 3243388.914067537989467, 2191825.994784967042506 ], [ 3243357.11739842267707, 2191809.489367933012545 ], [ 3243345.24760950403288, 2191827.997754167765379 ], [ 3243310.307513716630638, 2191808.746620884165168 ], [ 3243190.03569807484746, 2191742.490232055075467 ], [ 3243161.168373501859605, 2191726.588283052667975 ], [ 3243158.20170484110713, 2191724.30844914726913 ], [ 3243146.01753612048924, 2191714.920161462854594 ], [ 3243110.999827211722732, 2191696.382239633239806 ], [ 3243089.698787738569081, 2191679.81723751174286 ], [ 3243069.935939999762923, 2191685.702978208661079 ], [ 3243069.935939999762923, 2191827.013815617188811 ], [ 3243109.797935358248651, 2191824.914459128398448 ], [ 3243149.732597869820893, 2191833.174598851241171 ], [ 3243169.538165949750692, 2191837.27718273550272 ], [ 3243175.124849416315556, 2191864.070195601321757 ], [ 3243181.172674144618213, 2191901.509112135972828 ], [ 3243183.577794515527785, 2191916.397911298088729 ], [ 3243190.408197812736034, 2191970.996297203935683 ], [ 3243191.538149061612785, 2192002.684292141348124 ], [ 3243204.429923357442021, 2192070.174105690326542 ], [ 3243215.378185250796378, 2192077.943296378012747 ], [ 3243231.472258784808218, 2192089.355369512457401 ], [ 3243256.382900582160801, 2192144.789138626307249 ], [ 3243290.803603929467499, 2192110.873639943543822 ], [ 3243358.271203018724918, 2192059.230620495043695 ], [ 3243403.202006018720567, 2191991.603581098839641 ], [ 3243449.576384810730815, 2192019.370407080277801 ], [ 3243471.451443392317742, 2192047.656633498612791 ], [ 3243484.881568640470505, 2192065.008990189991891 ], [ 3243476.498208956792951, 2192124.262924612499774 ], [ 3243482.145573241636157, 2192132.95837923977524 ], [ 3243487.023205300793052, 2192140.470331315882504 ], [ 3243509.411121532786638, 2192122.60801394097507 ], [ 3243552.477093129884452, 2192088.236592375207692 ], [ 3243553.077584558166564, 2192052.495074662845582 ], [ 3243520.520487791858613, 2192011.678702932782471 ], [ 3243517.542796517722309, 2191971.128211020957679 ], [ 3243590.064363108016551, 2191888.815995962824672 ], [ 3243631.844668265432119, 2191815.443959118798375 ], [ 3243715.211906658019871, 2191869.514796281699091 ], [ 3243730.46702129021287, 2191888.363082338124514 ], [ 3243747.028112251777202, 2191924.218477063812315 ], [ 3243758.677280077710748, 2191942.987120801582932 ], [ 3243794.023412736132741, 2191992.775391168892384 ], [ 3243809.393618625123054, 2192008.12611426319927 ], [ 3243811.146710231900215, 2192009.867770169861615 ], [ 3243838.302654677070677, 2192022.338068865705281 ], [ 3243858.608282732777297, 2192032.426411729771644 ], [ 3243861.925967115908861, 2192036.125151784159243 ], [ 3243868.697144910693169, 2192030.602850217372179 ], [ 3243868.816584308166057, 2192031.028071590699255 ], [ 3243883.560597270727158, 2192043.821817287243903 ], [ 3243905.594129618722945, 2192065.297856609802693 ], [ 3243994.712299432605505, 2192171.367799517698586 ], [ 3243981.6426449152641, 2192189.234058489091694 ], [ 3243995.041785690933466, 2192214.499867857899517 ], [ 3244033.033425868488848, 2192289.648596696555614 ], [ 3244067.62952387239784, 2192348.175589695107192 ], [ 3244079.171309795230627, 2192359.430213314946741 ], [ 3244071.030379304196686, 2192376.202162110712379 ], [ 3244031.321845036931336, 2192384.924391775391996 ], [ 3243983.596252922900021, 2192377.1936304429546 ], [ 3243928.015034721232951, 2192376.188553990796208 ], [ 3243906.905471932608634, 2192386.821699890308082 ], [ 3243889.990187573246658, 2192395.333054366521537 ], [ 3243875.572606345638633, 2192393.168184133246541 ], [ 3243851.512099816463888, 2192389.555388875771314 ], [ 3243846.743109263945371, 2192360.034154511988163 ], [ 3243710.504462339915335, 2192335.620036544278264 ], [ 3243682.77017886377871, 2192261.639539394993335 ], [ 3243584.89205751568079, 2192255.595452496316284 ], [ 3243589.941472392529249, 2192241.614301892463118 ], [ 3243616.439202039968222, 2192168.266053107567132 ], [ 3243569.119120650924742, 2192108.130116695072502 ], [ 3243530.369044326245785, 2192159.165268649812788 ], [ 3243502.916170479729772, 2192201.342538729310036 ], [ 3243529.45773527957499, 2192254.494119157548994 ], [ 3243526.327895485796034, 2192296.88240088429302 ], [ 3243544.24363905005157, 2192338.482864873949438 ], [ 3243561.444727867376059, 2192378.423842408694327 ], [ 3243573.094729338772595, 2192438.161904649809003 ], [ 3243587.36234207265079, 2192489.47377733560279 ], [ 3243588.415238264482468, 2192495.991334085352719 ], [ 3243589.358226124197245, 2192501.828540882095695 ], [ 3243595.188198514282703, 2192537.916680825408548 ], [ 3243620.735086702741683, 2192597.223877064883709 ], [ 3243623.86725765792653, 2192678.372484661638737 ], [ 3243632.946910575032234, 2192734.575370050501078 ], [ 3243630.947826651856303, 2192808.651809231843799 ], [ 3243624.386732259765267, 2192891.494303161278367 ], [ 3243620.592892198823392, 2192914.816779781132936 ], [ 3243616.373210774268955, 2192940.717884549871087 ], [ 3243607.357888728380203, 2192962.0024393661879 ], [ 3243599.046495218761265, 2192981.61280897539109 ], [ 3243591.511384222656488, 2192950.050245404243469 ], [ 3243586.713195972610265, 2192929.962760997470468 ], [ 3243575.256133024580777, 2192912.13377348985523 ], [ 3243536.068075759336352, 2192851.134368143044412 ], [ 3243527.568532705307007, 2192815.989102414809167 ], [ 3243518.043957935180515, 2192776.572150319814682 ], [ 3243498.47812343807891, 2192743.48222725931555 ], [ 3243479.606578800827265, 2192711.548446851782501 ], [ 3243470.032191114500165, 2192694.252290668897331 ], [ 3243451.443630985915661, 2192660.677330352831632 ], [ 3243426.3337861308828, 2192579.384469591081142 ], [ 3243405.302179860882461, 2192523.272740759886801 ], [ 3243335.886447658762336, 2192451.708877306431532 ], [ 3243282.871501602232456, 2192395.21425465028733 ], [ 3243262.75206311326474, 2192374.84357385057956 ], [ 3243237.560259488411248, 2192349.336965675465763 ], [ 3243249.387019192799926, 2192311.400453474372625 ], [ 3243273.230958145111799, 2192261.398021450731903 ], [ 3243266.091645754873753, 2192247.174198602326214 ], [ 3243258.51952608441934, 2192232.093264280818403 ], [ 3243234.451235897839069, 2192243.699927558656782 ], [ 3243219.648729666136205, 2192250.838629429228604 ], [ 3243189.361206102184951, 2192236.198708817362785 ], [ 3243149.303367926273495, 2192173.45570064894855 ], [ 3243124.451098308898509, 2192106.068611719179899 ], [ 3243118.965967703610659, 2192094.921731991227716 ], [ 3243103.666978557594121, 2192063.864341162145138 ], [ 3243088.595927594229579, 2192060.293065209407359 ], [ 3243074.623171808198094, 2192056.986111135222018 ], [ 3243069.935939999762923, 2192045.52073844242841 ], [ 3243069.935939999762923, 2192810.461676013190299 ], [ 3243076.668080621398985, 2192819.946702836081386 ], [ 3243114.160784141160548, 2192872.776526094414294 ], [ 3243137.932900951709598, 2192932.718382763210684 ], [ 3243144.767578704282641, 2192949.955945870839059 ], [ 3243175.801222734153271, 2192952.81621169205755 ], [ 3243209.884198888204992, 2192955.954730534460396 ], [ 3243258.886122819036245, 2192975.293303513899446 ], [ 3243278.607896382920444, 2193035.608394222799689 ], [ 3243294.540839870460331, 2193067.822510074358433 ], [ 3243334.234323924407363, 2193130.629492210224271 ], [ 3243368.851043935399503, 2193163.583530578296632 ], [ 3243381.84191183000803, 2193175.953562595881522 ], [ 3243417.224321676418185, 2193228.787331937812269 ], [ 3243486.07933987909928, 2193252.585247674956918 ], [ 3243469.469305547885597, 2193302.814457267057151 ], [ 3243429.283724925480783, 2193336.663152387365699 ], [ 3243425.364424163475633, 2193360.77824199013412 ], [ 3243422.546924321446568, 2193378.080322332214564 ], [ 3243449.819333396852016, 2193402.767235613428056 ], [ 3243469.734099346213043, 2193420.801343544386327 ], [ 3243508.240821432322264, 2193459.675921323243529 ], [ 3243549.18296309420839, 2193447.158371856436133 ], [ 3243557.418568048626184, 2193436.817623913288116 ], [ 3243571.509146135300398, 2193419.117184405215085 ], [ 3243593.988663672935218, 2193420.734928712248802 ], [ 3243625.8537044711411, 2193423.02426387462765 ], [ 3243608.673164885491133, 2193466.266311291605234 ], [ 3243614.599374117795378, 2193502.946231409907341 ], [ 3243615.838783313520253, 2193510.617462754715234 ], [ 3243648.779307606630027, 2193531.688118920661509 ], [ 3243687.53602894442156, 2193522.229119831696153 ], [ 3243725.277869788464159, 2193539.784261309076101 ], [ 3243715.512989086098969, 2193579.043790051247925 ], [ 3243738.107309801969677, 2193585.832455758005381 ], [ 3243760.668833109550178, 2193592.606583328451961 ], [ 3243759.662252218462527, 2193619.609112819191068 ], [ 3243738.601063268259168, 2193655.479248319286853 ], [ 3243762.362801945768297, 2193686.203861243091524 ], [ 3243795.317049246281385, 2193727.022121727466583 ], [ 3243770.371323601342738, 2193735.771082881838083 ], [ 3243737.430743284057826, 2193714.700387437362224 ], [ 3243708.111322772689164, 2193749.337037034332752 ], [ 3243683.265326660592109, 2193761.718516178429127 ], [ 3243637.677452830597758, 2193745.544586061965674 ], [ 3243615.351473863702267, 2193773.585835756734014 ], [ 3243603.901292649097741, 2193802.413379517383873 ], [ 3243590.37729184422642, 2193803.265942140016705 ], [ 3243579.977399092167616, 2193803.917306112591177 ], [ 3243520.065018579363823, 2193782.196529094595462 ], [ 3243481.480414198711514, 2193759.425487939734012 ], [ 3243463.402788472827524, 2193746.606015741825104 ], [ 3243448.109399316366762, 2193735.753558850381523 ], [ 3243408.723968952894211, 2193735.792412295006216 ], [ 3243386.356120610609651, 2193735.807873805984855 ], [ 3243366.988985753618181, 2193740.449393666815013 ], [ 3243344.993590916506946, 2193745.722558935172856 ], [ 3243333.533587487414479, 2193774.551927545107901 ], [ 3243331.941370759159327, 2193831.160313866101205 ], [ 3243296.89065829012543, 2193880.202162934467196 ], [ 3243288.902383612003177, 2193891.381882898043841 ], [ 3243270.608007817994803, 2193916.985190911218524 ], [ 3243258.303961107507348, 2193920.990694575943053 ], [ 3243252.748815019614995, 2193922.792826260440052 ], [ 3243249.89340572943911, 2193971.582133542746305 ], [ 3243213.587784067261964, 2194012.793383655603975 ], [ 3243219.488951141946018, 2194049.315688507631421 ], [ 3243217.236886825412512, 2194063.14295163191855 ], [ 3243212.752824981696904, 2194090.733146308455616 ], [ 3243181.782544376328588, 2194074.57024344895035 ], [ 3243151.154917963780463, 2194058.580663172993809 ], [ 3243116.957869402132928, 2194088.970628721639514 ], [ 3243113.586022669449449, 2194091.972876168321818 ], [ 3243125.404795943759382, 2194150.607658345717937 ], [ 3243127.161561989225447, 2194159.34434369392693 ], [ 3243141.65752319432795, 2194215.828281909227371 ], [ 3243163.224306382238865, 2194249.613007361534983 ], [ 3243170.875391530804336, 2194271.523914968129247 ], [ 3243178.228341769892722, 2194292.594723058398813 ], [ 3243170.227400101255625, 2194326.183229144662619 ], [ 3243156.582456784322858, 2194358.071325361728668 ], [ 3243153.600551282986999, 2194413.361609185580164 ], [ 3243153.219548568129539, 2194420.363054675981402 ], [ 3243174.416764656547457, 2194459.900203771423548 ], [ 3243203.194871194660664, 2194513.563919600099325 ], [ 3243207.940600950736552, 2194556.564150192774832 ], [ 3243209.009089910425246, 2194566.191683410666883 ], [ 3243186.685403743758798, 2194594.243299950379878 ], [ 3243180.648916849866509, 2194607.57619415037334 ], [ 3243174.813628692179918, 2194620.45824382500723 ], [ 3243176.060586122795939, 2194636.654893348924816 ], [ 3243177.256525711156428, 2194652.22172222379595 ], [ 3243185.119235345628113, 2194717.337313884869218 ], [ 3243185.190312246792018, 2194717.90279926545918 ], [ 3243189.241648836061358, 2194776.202123106922954 ], [ 3243155.381502646952868, 2194849.187189947348088 ], [ 3243105.83541328413412, 2194841.745627365075052 ], [ 3243069.935939999762923, 2194816.27120283106342 ], [ 3243069.935939999762923, 2195595.199159999843687 ], [ 3248693.135915461927652, 2195595.199159999843687 ], [ 3248690.740433190949261, 2195583.847944845911115 ] ], [ [ 3246261.782222920563072, 2186705.515048193745315 ], [ 3246255.719306671060622, 2186715.55578156420961 ], [ 3246254.3579061627388, 2186721.521321664564312 ], [ 3246252.43270699121058, 2186729.967677544802427 ], [ 3246249.778333033435047, 2186748.233023811131716 ], [ 3246251.640606329310685, 2186759.768961193040013 ], [ 3246259.553678158670664, 2186778.165854195132852 ], [ 3246270.477686834987253, 2186774.281422411557287 ], [ 3246264.552867222577333, 2186764.113847191911191 ], [ 3246260.599687131121755, 2186751.949532382655889 ], [ 3246260.04998951498419, 2186736.220543850678951 ], [ 3246263.165203392971307, 2186722.821934326551855 ], [ 3246268.535556321032345, 2186711.634923662990332 ], [ 3246271.811529585160315, 2186704.828173828311265 ], [ 3246280.399533760268241, 2186693.200949480757117 ], [ 3246337.711770471651107, 2186707.432308838237077 ], [ 3246413.394032458774745, 2186811.753297985065728 ], [ 3246451.477145239710808, 2186885.627112400718033 ], [ 3246468.016155357472599, 2186961.10365210659802 ], [ 3246515.81003509182483, 2186933.161710475571454 ], [ 3246540.414602258242667, 2187018.107640403788537 ], [ 3246533.847993738483638, 2187039.174923183396459 ], [ 3246524.626031161285937, 2187068.755246326792985 ], [ 3246498.159124813973904, 2187066.838059174828231 ], [ 3246508.753736977931112, 2187132.46477912273258 ], [ 3246524.073982962407172, 2187202.842095116153359 ], [ 3246539.499075268395245, 2187215.081447382923216 ], [ 3246560.266634238883853, 2187250.039252603892237 ], [ 3246612.853705469984561, 2187265.369555032346398 ], [ 3246623.339140266180038, 2187307.810114427935332 ], [ 3246627.231896235141903, 2187394.355548373423517 ], [ 3246618.001527467742562, 2187431.175783931743354 ], [ 3246603.712160052265972, 2187464.134977385401726 ], [ 3246589.414540962316096, 2187497.105770901311189 ], [ 3246616.76207855110988, 2187531.512751285452396 ], [ 3246674.146184653043747, 2187563.60453029954806 ], [ 3246716.155021493788809, 2187586.469316916074604 ], [ 3246729.434202999807894, 2187604.780852223280817 ], [ 3246752.464370121713728, 2187636.525356303434819 ], [ 3246789.979289923794568, 2187644.066003707237542 ], [ 3246823.226398508995771, 2187635.796950268093497 ], [ 3246844.255434951744974, 2187630.56367896264419 ], [ 3246886.638797530904412, 2187580.868091684766114 ], [ 3246929.588674671016634, 2187547.192684157285839 ], [ 3246939.520341290161014, 2187529.491517309099436 ], [ 3246954.647638252936304, 2187502.539765558205545 ], [ 3246969.577091731596738, 2187457.638238904997706 ], [ 3246987.215724498964846, 2187437.628282434307039 ], [ 3246996.840451157651842, 2187426.702069710940123 ], [ 3247044.292660806328058, 2187408.339422358665615 ], [ 3247091.929820246994495, 2187353.712348691187799 ], [ 3247127.413125544786453, 2187373.692177303601056 ], [ 3247160.747282234020531, 2187373.254840582143515 ], [ 3247189.785862234421074, 2187372.868068274576217 ], [ 3247222.367418156471103, 2187387.32268182747066 ], [ 3247235.397894712164998, 2187455.52480675606057 ], [ 3247226.352083479519933, 2187499.398827560245991 ], [ 3247259.686494114343077, 2187493.618903882335871 ], [ 3247262.599657411687076, 2187507.262490430381149 ], [ 3247266.594039485789835, 2187525.968625320121646 ], [ 3247269.589254186954349, 2187575.769269390031695 ], [ 3247298.891727401874959, 2187590.786320039071143 ], [ 3247317.854657701216638, 2187656.249541235156357 ], [ 3247330.28146514063701, 2187665.069009627681226 ], [ 3247346.307921560481191, 2187676.443197659682482 ], [ 3247373.290233366191387, 2187718.710089737549424 ], [ 3247433.259885663166642, 2187746.823126334697008 ], [ 3247451.810010522603989, 2187759.682854899205267 ], [ 3247469.806478683836758, 2187755.344303992111236 ], [ 3247495.884157445747405, 2187732.279510564170778 ], [ 3247513.96318261930719, 2187719.461573556531221 ], [ 3247517.452647026628256, 2187701.151846094056964 ], [ 3247544.678379945922643, 2187685.135115388780832 ], [ 3247605.396430889610201, 2187638.412904864177108 ], [ 3247620.128655754961073, 2187604.423899864777923 ], [ 3247686.396354395896196, 2187503.864885726477951 ], [ 3247672.364182325080037, 2187471.268932122737169 ], [ 3247659.994779205881059, 2187442.559390315320343 ], [ 3247697.915884121321142, 2187384.145038049668074 ], [ 3247715.498420036397874, 2187357.059032201301306 ], [ 3247724.089951552450657, 2187246.802162213250995 ], [ 3247720.238275265321136, 2187207.349821190815419 ], [ 3247713.956682004034519, 2187143.099281961098313 ], [ 3247822.659425957128406, 2187203.224397765938193 ], [ 3247850.638062721118331, 2187213.373630931600928 ], [ 3247871.72744813002646, 2187221.025451626162976 ], [ 3247927.428850453812629, 2187300.288614462129772 ], [ 3247986.431909668259323, 2187359.196840362157673 ], [ 3248054.76048334594816, 2187373.635283196810633 ], [ 3248055.059618048369884, 2187518.591974724084139 ], [ 3248057.957648712210357, 2187577.411574394907802 ], [ 3248130.116058426909149, 2187676.875009624753147 ], [ 3248144.398684279527515, 2187806.211636394262314 ], [ 3248055.25770006608218, 2187785.522735097445548 ], [ 3248001.004800672642887, 2187837.836885008960962 ], [ 3248030.993878840003163, 2187896.590023503638804 ], [ 3248039.620286042336375, 2187913.493940260261297 ], [ 3247952.963285523001105, 2187928.623975716065615 ], [ 3247917.453387890942395, 2187872.203350692987442 ], [ 3247860.416459201835096, 2187845.909494492225349 ], [ 3247789.282678508199751, 2187855.024541495367885 ], [ 3247681.832919393666089, 2187659.565557989757508 ], [ 3247617.220412686467171, 2187749.941399678122252 ], [ 3247625.501008022110909, 2187801.231963231228292 ], [ 3247614.426810873206705, 2187875.670527826994658 ], [ 3247629.16343573667109, 2187897.853770812042058 ], [ 3247651.302617751993239, 2187931.183489781804383 ], [ 3247653.662505387328565, 2187934.735294505022466 ], [ 3247689.05462752841413, 2187991.997585921082646 ], [ 3247716.186413747258484, 2188035.880824530031532 ], [ 3247763.306316466070712, 2188066.197182311210781 ], [ 3247805.458687580190599, 2188187.586470572743565 ], [ 3247772.497925145085901, 2188252.890648521482944 ], [ 3247777.805301120504737, 2188285.763209702912718 ], [ 3247722.078844096511602, 2188338.06178903253749 ], [ 3247681.283152794465423, 2188405.383048613555729 ], [ 3247643.91174113471061, 2188467.068038557656109 ], [ 3247686.873766071163118, 2188528.777098077815026 ], [ 3247640.146614439319819, 2188564.389220807235688 ], [ 3247638.729998236056417, 2188659.029556083027273 ], [ 3247593.54170515248552, 2188795.639686525799334 ], [ 3247573.852594299707562, 2188864.993762555532157 ], [ 3247489.61188079835847, 2188980.199821119196713 ], [ 3247457.89426548127085, 2189021.261273455806077 ], [ 3247451.280906073749065, 2189045.743271713610739 ], [ 3247430.460828912910074, 2189042.839934613090008 ], [ 3247366.009984601289034, 2189124.957948962692171 ], [ 3247332.55338775459677, 2189135.007400543894619 ], [ 3247285.446486170403659, 2189149.153833780437708 ], [ 3247208.433435169514269, 2189195.023081286810338 ], [ 3247205.303708772640675, 2189196.887534216046333 ], [ 3247130.578959919512272, 2189257.17897677840665 ], [ 3247063.057205180637538, 2189299.343307789880782 ], [ 3247020.754086726345122, 2189330.35199903184548 ], [ 3247025.990292499773204, 2189395.465812463313341 ], [ 3247027.439058625139296, 2189413.552301096729934 ], [ 3247005.533509146422148, 2189443.401725736446679 ], [ 3246972.212233245372772, 2189406.327136907726526 ], [ 3246932.781546073500067, 2189308.599834016989917 ], [ 3246897.590814804658294, 2189237.129410173278302 ], [ 3246827.416035327594727, 2189158.264672474004328 ], [ 3246774.447091808542609, 2189096.630553357768804 ], [ 3246744.201530321501195, 2189061.441920970100909 ], [ 3246697.959088679868728, 2188967.225979818031192 ], [ 3246706.998367685824633, 2188956.574002572335303 ], [ 3246695.447647139430046, 2188864.105983233079314 ], [ 3246691.888408313505352, 2188826.91322505986318 ], [ 3246685.593976062722504, 2188761.213930501136929 ], [ 3246723.009782983455807, 2188720.930972549133003 ], [ 3246820.638401314616203, 2188676.884999989531934 ], [ 3246863.393649977166206, 2188669.418746124953032 ], [ 3246896.217766998335719, 2188663.686771489679813 ], [ 3246972.219210437498987, 2188674.036150934174657 ], [ 3247000.999517315067351, 2188636.092815924435854 ], [ 3247022.362653968855739, 2188607.909832494333386 ], [ 3247043.648160431534052, 2188590.435846289619803 ], [ 3247045.036623143590987, 2188589.291121718473732 ], [ 3247064.127989219035953, 2188573.629733909852803 ], [ 3247107.466343033127487, 2188569.711533090099692 ], [ 3247118.471940709277987, 2188568.722402882762253 ], [ 3247144.053590133786201, 2188566.414672392420471 ], [ 3247188.143547965679318, 2188609.333837173879147 ], [ 3247253.656226455233991, 2188638.394661428872496 ], [ 3247327.115344979800284, 2188612.063801562413573 ], [ 3247343.228180212900043, 2188589.52204319043085 ], [ 3247376.730610624887049, 2188542.664546268992126 ], [ 3247390.201570535544306, 2188489.866610119584948 ], [ 3247400.303957086987793, 2188450.278468008618802 ], [ 3247377.222116803750396, 2188368.614127519540489 ], [ 3247493.177290209569037, 2188269.271990105044097 ], [ 3247453.526508346199989, 2188187.206109287217259 ], [ 3247438.360387238673866, 2188150.732642414513975 ], [ 3247404.974871517624706, 2188070.441830476745963 ], [ 3247331.367978717200458, 2187941.578710549511015 ], [ 3247399.186612182762474, 2187850.632100459188223 ], [ 3247403.360392964445055, 2187846.557869571261108 ], [ 3247396.653574065305293, 2187800.426266949158162 ], [ 3247378.204221796244383, 2187755.05752970231697 ], [ 3247342.883001055568457, 2187725.834097361657768 ], [ 3247317.237866745330393, 2187704.61281915102154 ], [ 3247293.601532177999616, 2187704.573333650361747 ], [ 3247298.877824394963682, 2187728.641552641522139 ], [ 3247274.350958575960249, 2187724.783583563286811 ], [ 3247236.119369868189096, 2187718.776909535750747 ], [ 3247190.0706986207515, 2187700.439128370024264 ], [ 3247153.959592446684837, 2187674.810677260626107 ], [ 3247102.477151015307754, 2187643.877735999412835 ], [ 3247035.675614394247532, 2187679.700446819886565 ], [ 3247018.906096506863832, 2187700.754951449111104 ], [ 3247025.490015094168484, 2187753.984211800154299 ], [ 3247038.929953183047473, 2187767.067056937143207 ], [ 3247051.804031576029956, 2187779.599895814899355 ], [ 3247053.193444134201854, 2187825.676704244222492 ], [ 3247061.352662320248783, 2187867.601051072590053 ], [ 3247064.950727495364845, 2187886.052046336233616 ], [ 3247058.568891101051122, 2187921.401660612784326 ], [ 3247038.569430633448064, 2187934.960705800447613 ], [ 3247003.987985384650528, 2187928.803479722701013 ], [ 3246992.899339981377125, 2187926.826571801677346 ], [ 3246962.98287299554795, 2187903.857370676472783 ], [ 3246895.866672903299332, 2187875.299730050377548 ], [ 3246850.00400990433991, 2187841.013441109564155 ], [ 3246817.942172097973526, 2187842.729319191072136 ], [ 3246777.158534488640726, 2187831.2887206338346 ], [ 3246757.947084307670593, 2187832.879480283241719 ], [ 3246768.99058273434639, 2187857.461353220045567 ], [ 3246799.812563048675656, 2187883.901680453680456 ], [ 3246797.053266368340701, 2187890.638527217786759 ], [ 3246794.735382504761219, 2187896.274378032423556 ], [ 3246801.337820701301098, 2187920.759916954208165 ], [ 3246819.021315067075193, 2187937.116277690511197 ], [ 3246810.586298828944564, 2187961.571587399113923 ], [ 3246825.100167937576771, 2188007.647871899884194 ], [ 3246829.126068436075002, 2188032.583349863067269 ], [ 3246823.665234254673123, 2188043.836936832405627 ], [ 3246813.192302321549505, 2188065.414183865766972 ], [ 3246817.24236903199926, 2188073.587665229104459 ], [ 3246825.25226111523807, 2188074.916025205049664 ], [ 3246868.776526599191129, 2188057.248891641385853 ], [ 3246924.643084046430886, 2188053.535546068102121 ], [ 3246969.431362342089415, 2188043.697203609161079 ], [ 3247000.591607461683452, 2188061.167431424371898 ], [ 3247015.983213894534856, 2188069.803677628748119 ], [ 3247033.003266408108175, 2188108.518247033003718 ], [ 3247041.472702584695071, 2188127.781245326623321 ], [ 3247088.73500720737502, 2188145.714299100451171 ], [ 3247106.376338258385658, 2188205.062326790764928 ], [ 3247142.875727244652808, 2188281.251088135875762 ], [ 3247161.916646935045719, 2188324.245808204170316 ], [ 3247163.239600696600974, 2188382.418682326097041 ], [ 3247148.377894915174693, 2188415.224483201745898 ], [ 3247092.895107688382268, 2188408.803879770450294 ], [ 3247082.480387939605862, 2188414.961485520005226 ], [ 3247054.248814482241869, 2188431.661310368217528 ], [ 3247056.01263918261975, 2188467.606156720314175 ], [ 3247036.598261371720582, 2188497.172193138860166 ], [ 3247014.046739367768168, 2188496.244035203941166 ], [ 3246989.912534680217505, 2188495.257711350917816 ], [ 3246985.339889165014029, 2188473.600908240769058 ], [ 3246981.306314740329981, 2188454.465533704962581 ], [ 3246951.446726195979863, 2188419.402120229788125 ], [ 3246928.528592606540769, 2188410.042506452649832 ], [ 3246916.91205595433712, 2188405.298960031941533 ], [ 3246904.27297357423231, 2188400.88604402821511 ], [ 3246878.446767184883356, 2188391.872061651665717 ], [ 3246864.60039627365768, 2188356.029814138542861 ], [ 3246859.980338257737458, 2188302.457299316767603 ], [ 3246800.070422723889351, 2188268.616751965135336 ], [ 3246782.89454706851393, 2188249.495360173285007 ], [ 3246765.659765283577144, 2188230.323432212229818 ], [ 3246714.488227650523186, 2188213.073302928823978 ], [ 3246697.978498512879014, 2188185.755758395884186 ], [ 3246680.971641451586038, 2188139.83088965434581 ], [ 3246656.566360254772007, 2188121.637424876913428 ], [ 3246653.268957384396344, 2188088.51512994337827 ], [ 3246639.110224648378789, 2188075.507172249257565 ], [ 3246619.659365912433714, 2188057.634670555125922 ], [ 3246617.269292493350804, 2188051.695630383677781 ], [ 3246619.935494642704725, 2188075.753420033492148 ], [ 3246608.536027875263244, 2188084.739170772954822 ], [ 3246587.495289283804595, 2188091.911010283045471 ], [ 3246581.1101991571486, 2188098.257141342852265 ], [ 3246572.239862827118486, 2188107.064833112061024 ], [ 3246551.472220250405371, 2188098.891023894306272 ], [ 3246541.436140362173319, 2188094.946152608841658 ], [ 3246514.399594855494797, 2188114.772884049452841 ], [ 3246504.642126102931798, 2188121.920842118561268 ], [ 3246467.348729223944247, 2188121.032774426043034 ], [ 3246439.274779038969427, 2188108.092759786173701 ], [ 3246408.942752684466541, 2188094.117652874439955 ], [ 3246384.567373314872384, 2188047.756152399349958 ], [ 3246338.222791231237352, 2188035.695383050478995 ], [ 3246268.175726224668324, 2188017.463713516015559 ], [ 3246201.421754108741879, 2188059.737555933184922 ], [ 3246190.302428310737014, 2188062.977030948735774 ], [ 3246187.755482577718794, 2188063.107545438222587 ], [ 3246186.578180868178606, 2188063.171214573550969 ], [ 3246182.847255127504468, 2188063.072567085269839 ], [ 3246179.14913874771446, 2188062.674192493781447 ], [ 3246175.495295568369329, 2188061.984226621687412 ], [ 3246171.905469418037683, 2188060.999221466481686 ], [ 3246168.414051847532392, 2188059.743584530428052 ], [ 3246165.039194760844111, 2188058.204007959458977 ], [ 3246163.298591796308756, 2188057.230611031875014 ], [ 3246161.793953948654234, 2188056.398487413302064 ], [ 3246158.711129042319953, 2188054.34157056408003 ], [ 3246155.793903921730816, 2188052.052977073006332 ], [ 3246153.081766276154667, 2188049.525810919702053 ], [ 3246150.581083860248327, 2188046.799511462450027 ], [ 3246148.301728615537286, 2188043.87235468486324 ], [ 3246148.086468369700015, 2188043.544984318781644 ], [ 3246146.258348281495273, 2188040.772196095436811 ], [ 3246145.206576514057815, 2188038.847200758289546 ], [ 3246144.483742509968579, 2188037.51358338445425 ], [ 3246142.962943282909691, 2188034.129544062074274 ], [ 3246142.703749720007181, 2188033.404332051519305 ], [ 3246142.536897872108966, 2188032.936715778429061 ], [ 3246132.186456519179046, 2187865.726153193041682 ], [ 3246104.757190871983767, 2187831.820154742803425 ], [ 3246082.820286056958139, 2187804.710448361933231 ], [ 3246060.424529454670846, 2187777.021922233048826 ], [ 3245958.242650602012873, 2187751.000223303679377 ], [ 3245904.382755724713206, 2187731.118001332506537 ], [ 3245889.974794034846127, 2187725.807777578011155 ], [ 3245850.083837871439755, 2187690.661711885593832 ], [ 3245849.562158091925085, 2187606.20326362689957 ], [ 3245840.209828155115247, 2187560.472597585525364 ], [ 3245832.62330381385982, 2187523.415682539343834 ], [ 3245828.104048044420779, 2187495.423633743077517 ], [ 3245824.396645208820701, 2187472.460099273361266 ], [ 3245817.768376368097961, 2187459.130700591020286 ], [ 3245812.462515416555107, 2187448.459639117587358 ], [ 3245804.083236807025969, 2187416.488452978432178 ], [ 3245789.756325303111225, 2187361.823331849183887 ], [ 3245787.285365453921258, 2187357.206223546992987 ], [ 3245786.502363851293921, 2187355.75132847763598 ], [ 3245782.787377933971584, 2187355.122740658931434 ], [ 3245780.513684343546629, 2187354.55672116857022 ], [ 3245779.254555044695735, 2187354.239308625459671 ], [ 3245775.79880833113566, 2187353.078833227045834 ], [ 3245772.451345478184521, 2187351.646002203226089 ], [ 3245769.235094039700925, 2187349.957087133079767 ], [ 3245766.151645846199244, 2187348.021947809029371 ], [ 3245763.243672371841967, 2187345.853407772257924 ], [ 3245760.502893495839089, 2187343.463050843216479 ], [ 3245757.971980700269341, 2187340.863700560759753 ], [ 3245757.356133825145662, 2187340.129812370520085 ], [ 3245741.099024970084429, 2187303.62407306348905 ], [ 3245715.290325936861336, 2187254.542793428059667 ], [ 3245688.206907000392675, 2187227.115469687152654 ], [ 3245717.753310771193355, 2187180.897434853948653 ], [ 3245711.986168833915144, 2187181.955283490009606 ], [ 3245710.319398202002048, 2187182.256502198055387 ], [ 3245696.04649060824886, 2187183.755587046034634 ], [ 3245680.081865691579878, 2187180.937413812614977 ], [ 3245655.197290246374905, 2187176.057816761545837 ], [ 3245628.955054099671543, 2187166.792491029016674 ], [ 3245598.890729423612356, 2187152.274184511974454 ], [ 3245555.158270679879934, 2187124.642188766505569 ], [ 3245531.400170532055199, 2187110.330367065500468 ], [ 3245508.559485184494406, 2187103.775964206084609 ], [ 3245492.177288212813437, 2187103.149565954227 ], [ 3245486.928005057387054, 2187102.951149635948241 ], [ 3245485.284499041736126, 2187102.893488589208573 ], [ 3245480.667970717418939, 2187102.716359109152108 ], [ 3245455.425756940618157, 2187105.806794269476086 ], [ 3245430.444432403426617, 2187114.285550476051867 ], [ 3245429.462961950339377, 2187114.61916239419952 ], [ 3245371.666843974031508, 2187138.885558714158833 ], [ 3245304.505100625567138, 2187166.440181341953576 ], [ 3245225.187159185297787, 2187198.419270016252995 ], [ 3245224.533056986983865, 2187198.705850919242948 ], [ 3245180.240084746852517, 2187218.465034673456103 ], [ 3245160.349093347322196, 2187230.181052722036839 ], [ 3245147.738836751785129, 2187239.966542523354292 ], [ 3245140.932257446460426, 2187242.381991677451879 ], [ 3245134.940914331935346, 2187244.502993057481945 ], [ 3245122.372383798006922, 2187246.373680457938462 ], [ 3245119.486625801771879, 2187246.22885707905516 ], [ 3245123.599061076529324, 2187277.485411088913679 ], [ 3245138.557575283572078, 2187330.844007585197687 ], [ 3245148.779891432262957, 2187359.016049137338996 ], [ 3245158.347323984839022, 2187391.682029320858419 ], [ 3245212.131279739551246, 2187418.764658609870821 ], [ 3245254.195235748309642, 2187426.442506793420762 ], [ 3245262.323346481658518, 2187432.778400538954884 ], [ 3245304.481582509353757, 2187465.622259724419564 ], [ 3245333.359666333533823, 2187498.129379452206194 ], [ 3245336.560920246411115, 2187517.957525796256959 ], [ 3245310.368694776669145, 2187535.407057274598628 ], [ 3245284.150057262741029, 2187526.03642366733402 ], [ 3245277.154793534427881, 2187524.642575040925294 ], [ 3245258.024578077252954, 2187520.826332506723702 ], [ 3245237.797115891240537, 2187531.526542656123638 ], [ 3245184.581398209091276, 2187581.645975437946618 ], [ 3245142.414290619082749, 2187621.360571959521621 ], [ 3245099.077848413959146, 2187663.073880612850189 ], [ 3245057.713149175513536, 2187709.329361530486494 ], [ 3245017.213451543357223, 2187776.155735917855054 ], [ 3245009.764441288076341, 2187795.715144816786051 ], [ 3245028.893076282460243, 2187808.888842453248799 ], [ 3245030.752837102860212, 2187807.519815934356302 ], [ 3245034.782531146425754, 2187804.565382732078433 ], [ 3245085.232613498345017, 2187771.078260944224894 ], [ 3245107.682415113784373, 2187770.370987283997238 ], [ 3245102.019449210260063, 2187782.572580083273351 ], [ 3245094.135188181418926, 2187799.561990855727345 ], [ 3245118.092231259681284, 2187808.252893086988479 ], [ 3245123.350923094898462, 2187834.159337446559221 ], [ 3245111.018897781148553, 2187864.212733555119485 ], [ 3245086.750994680915028, 2187880.25181963853538 ], [ 3244994.644691724330187, 2187862.001785636413842 ], [ 3244966.061505281366408, 2187834.02557530393824 ], [ 3244925.332743612118065, 2187797.840176191180944 ], [ 3244900.898032916709781, 2187778.709617530927062 ], [ 3244875.708629629574716, 2187758.991089464630932 ], [ 3244849.046102300286293, 2187783.71093688160181 ], [ 3244831.295348574407399, 2187772.030210798140615 ], [ 3244786.620081120170653, 2187704.863313958980143 ], [ 3244780.951333426870406, 2187676.291247720830142 ], [ 3244793.561735850293189, 2187656.134443260263652 ], [ 3244779.709508987609297, 2187641.126810252666473 ], [ 3244744.872132382821292, 2187603.395482536405325 ], [ 3244722.128174719400704, 2187581.911676421761513 ], [ 3244706.196836615446955, 2187566.851544963661581 ], [ 3244685.299077878706157, 2187520.653468645177782 ], [ 3244679.665550305508077, 2187508.20469888811931 ], [ 3244671.66455708257854, 2187490.522620396688581 ], [ 3244648.410290162079036, 2187418.286361177451909 ], [ 3244648.022146774921566, 2187417.076778959482908 ], [ 3244646.765376463066787, 2187413.190437230281532 ], [ 3244644.142007313668728, 2187404.423146461136639 ], [ 3244644.821574253961444, 2187404.294314074795693 ], [ 3244645.264216386713088, 2187404.206863436847925 ], [ 3244646.987017490901053, 2187403.875542004592717 ], [ 3244647.732824301347136, 2187403.654036846011877 ], [ 3244636.450430936180055, 2187381.678912321105599 ], [ 3244628.567704320885241, 2187361.522819485515356 ], [ 3244645.934330814518034, 2187346.871502231806517 ], [ 3244672.759244118351489, 2187302.597755118273199 ], [ 3244683.71508123120293, 2187284.514269238337874 ], [ 3244691.561565906740725, 2187226.047224635258317 ], [ 3244722.758613931015134, 2187188.735024670604616 ], [ 3244756.039421583525836, 2187164.329405666794628 ], [ 3244915.151182615663856, 2187131.298368441872299 ], [ 3244968.782376616261899, 2187100.662296093534678 ], [ 3245013.220575996674597, 2187073.00048919627443 ], [ 3245034.102974376175553, 2187060.006267203018069 ], [ 3245109.279719231650233, 2187030.919711794238538 ], [ 3245162.818669741041958, 2187016.246869609691203 ], [ 3245197.986528131179512, 2187034.273479383438826 ], [ 3245232.488854332827032, 2187051.949999711941928 ], [ 3245267.312492976896465, 2187069.793453361839056 ], [ 3245298.938631240278482, 2187051.861396224237978 ], [ 3245328.296109726652503, 2187035.217706531751901 ], [ 3245383.423941809684038, 2187046.859111420344561 ], [ 3245444.19455032935366, 2187027.121949383988976 ], [ 3245471.971584545448422, 2187018.104289121925831 ], [ 3245510.365859156474471, 2187018.769267603754997 ], [ 3245520.130318895913661, 2187014.367345136590302 ], [ 3245529.525691028684378, 2187010.13126075733453 ], [ 3245548.05944687128067, 2187001.764806580264121 ], [ 3245605.890743684954941, 2186972.119560553692281 ], [ 3245650.172193153761327, 2186947.446123700588942 ], [ 3245655.940591535530984, 2186940.54869749257341 ], [ 3245673.134969843551517, 2186919.987297241576016 ], [ 3245702.881053760647774, 2186886.133077197708189 ], [ 3245735.869627868290991, 2186839.983253522310406 ], [ 3245744.595536636654288, 2186832.103034668602049 ], [ 3245761.977936112321913, 2186816.41555558051914 ], [ 3245773.440733706578612, 2186806.060256103985012 ], [ 3245771.115263663232327, 2186767.38529661949724 ], [ 3245751.380104125011712, 2186748.315741511527449 ], [ 3245744.83982391981408, 2186742.006637763697654 ], [ 3245712.143869113642722, 2186733.381647253874689 ], [ 3245704.697939882986248, 2186703.417110579553992 ], [ 3245714.393321432173252, 2186688.149520271923393 ], [ 3245722.38135536108166, 2186675.572604588232934 ], [ 3245738.469012695830315, 2186665.382892893627286 ], [ 3245743.994299633894116, 2186661.883562041446567 ], [ 3245750.781327316071838, 2186657.586040171328932 ], [ 3245750.469510149210691, 2186647.229025998152792 ], [ 3245749.877018644474447, 2186627.776780254207551 ], [ 3245762.523079109378159, 2186625.568378369323909 ], [ 3245776.521608327515423, 2186623.123796885367483 ], [ 3245791.33865121146664, 2186658.319653464481235 ], [ 3245799.639096854720265, 2186685.529546468984336 ], [ 3245818.589638450182974, 2186697.852599192410707 ], [ 3245835.337525160051882, 2186697.725920688360929 ], [ 3245857.66974260751158, 2186697.546589667443186 ], [ 3245882.472748510539532, 2186681.485877219587564 ], [ 3245921.885640436783433, 2186658.970852263271809 ], [ 3245931.870219864882529, 2186688.502178391907364 ], [ 3245949.510851334780455, 2186708.87021112209186 ], [ 3245966.825142479036003, 2186711.057445619255304 ], [ 3245986.303909065201879, 2186702.445116132497787 ], [ 3246024.277870052494109, 2186711.446217482443899 ], [ 3246068.725185759365559, 2186655.479657848365605 ], [ 3246056.660489806439728, 2186621.110931765753776 ], [ 3246030.870405115187168, 2186623.009145077317953 ], [ 3246015.482219553086907, 2186656.961072438862175 ], [ 3245987.61040423810482, 2186654.01204771688208 ], [ 3245986.510684540960938, 2186622.929194936994463 ], [ 3246007.511263103224337, 2186567.154040949419141 ], [ 3246011.266231639310718, 2186554.322925568092614 ], [ 3246016.755518786609173, 2186535.572661463636905 ], [ 3246022.054838521406054, 2186530.359012444037944 ], [ 3246039.273177349939942, 2186513.402766576036811 ], [ 3246061.712922473903745, 2186584.878421055153012 ], [ 3246098.68115462269634, 2186600.665012507233769 ], [ 3246128.763508131727576, 2186611.774186546914279 ], [ 3246139.599805770907551, 2186615.771925771143287 ], [ 3246155.443656486924738, 2186615.641025363001972 ], [ 3246176.002163861878216, 2186615.477584948763251 ], [ 3246182.834344612434506, 2186612.905802561435848 ], [ 3246180.080602413974702, 2186641.559372687712312 ], [ 3246192.893142129294574, 2186652.01442936854437 ], [ 3246242.048497195355594, 2186651.368641424924135 ], [ 3246252.213944982737303, 2186674.978362815920264 ], [ 3246261.881086729001254, 2186681.228099276311696 ], [ 3246272.55735919624567, 2186688.132913559675217 ], [ 3246271.082181707024574, 2186690.124059893190861 ], [ 3246261.782222920563072, 2186705.515048193745315 ] ], [ [ 3246706.5888382201083, 2190377.542039453517646 ], [ 3246691.380941508337855, 2190353.514742764644325 ], [ 3246636.105424004606903, 2190266.228585221804678 ], [ 3246631.431311230175197, 2190079.086041380185634 ], [ 3246539.831646400969476, 2189950.900771765038371 ], [ 3246479.513627449050546, 2189974.938931232318282 ], [ 3246414.75027303956449, 2190013.247264796867967 ], [ 3246352.321312224492431, 2190024.150462585967034 ], [ 3246306.099751583300531, 2189968.100080314092338 ], [ 3246320.305326525587589, 2189867.756782684009522 ], [ 3246320.097786479629576, 2189803.680254676844925 ], [ 3246289.880416896659881, 2189721.213261654600501 ], [ 3246267.742444689385593, 2189693.114519871305674 ], [ 3246243.140359078533947, 2189661.887703734450042 ], [ 3246203.803877376951277, 2189654.128673960454762 ], [ 3246152.39963795337826, 2189643.98617971688509 ], [ 3246120.185803737491369, 2189621.124574424698949 ], [ 3246091.342391930520535, 2189600.654905831906945 ], [ 3246043.119462740141898, 2189511.21500010881573 ], [ 3245984.809522088617086, 2189464.028035091236234 ], [ 3245917.825541787780821, 2189404.862391726113856 ], [ 3245845.953843812458217, 2189336.422611174173653 ], [ 3245816.90820618160069, 2189344.871529452502728 ], [ 3245736.559726040810347, 2189328.531419004313648 ], [ 3245710.06411556340754, 2189269.046320548746735 ], [ 3245655.266990886069834, 2189180.754906734451652 ], [ 3245647.52111733937636, 2189132.786427810788155 ], [ 3245642.572696157731116, 2189102.14182207826525 ], [ 3245617.943093009293079, 2189081.240504797548056 ], [ 3245583.511929830070585, 2189134.659434822387993 ], [ 3245572.797786720097065, 2189151.281540270429105 ], [ 3245543.076990508940071, 2189171.578170021064579 ], [ 3245499.762767651118338, 2189201.16318653896451 ], [ 3245430.21909764688462, 2189209.933818326797336 ], [ 3245309.382590610533953, 2189193.914084935095161 ], [ 3245214.198316301219165, 2189190.293845296371728 ], [ 3245119.10749226808548, 2189149.035197434946895 ], [ 3245108.837398107163608, 2189144.584025324322283 ], [ 3245095.057083213236183, 2189059.246333446353674 ], [ 3245042.26169950235635, 2189004.344968713354319 ], [ 3244955.350376802496612, 2188989.162294053006917 ], [ 3244933.935290515422821, 2188898.406291142106056 ], [ 3244976.865928060840815, 2188850.416383509524167 ], [ 3245044.701364221982658, 2188852.061432064510882 ], [ 3245107.034057796932757, 2188861.429760065395385 ], [ 3245145.725976876914501, 2188891.786872419528663 ], [ 3245190.03165818285197, 2188894.176104811951518 ], [ 3245219.919476486742496, 2188828.208885189145803 ], [ 3245192.786258301697671, 2188785.704993811435997 ], [ 3245190.881279118359089, 2188732.042773419991136 ], [ 3245206.035295889247209, 2188713.246119230985641 ], [ 3245216.217380249872804, 2188700.620049986056983 ], [ 3245205.322651045396924, 2188684.568573046475649 ], [ 3245189.604543863795698, 2188661.401242158841342 ], [ 3245190.485498527530581, 2188626.940442005172372 ], [ 3245190.987002442590892, 2188607.164892697706819 ], [ 3245184.62823595944792, 2188567.784445200115442 ], [ 3245176.677429175470024, 2188518.544105520006269 ], [ 3245259.468727962113917, 2188487.214197544381022 ], [ 3245261.128586828708649, 2188479.766887656413019 ], [ 3245279.073101975023746, 2188399.422052879352123 ], [ 3245307.647915332112461, 2188393.02207232825458 ], [ 3245347.548599473200738, 2188384.096526116598397 ], [ 3245414.045252093113959, 2188372.482519163750112 ], [ 3245419.849890557583421, 2188371.468711763154715 ], [ 3245408.118141400162131, 2188335.774176036007702 ], [ 3245399.918379954062402, 2188310.827394853811711 ], [ 3245336.427370080724359, 2188210.551219007000327 ], [ 3245325.907521936111152, 2188156.021686242427677 ], [ 3245315.653595615644008, 2188102.824487908743322 ], [ 3245370.811176616698503, 2188104.717821279074997 ], [ 3245380.202128386124969, 2188105.044418023899198 ], [ 3245410.932481515686959, 2188116.394699413329363 ], [ 3245448.471463496331125, 2188130.246055731549859 ], [ 3245493.620861975476146, 2188284.334146768786013 ], [ 3245492.141357730142772, 2188358.842730516567826 ], [ 3245496.370951517019421, 2188489.704586138948798 ], [ 3245497.755250316113234, 2188561.705823993775994 ], [ 3245516.07740384619683, 2188634.317385512404144 ], [ 3245519.461176312528551, 2188678.343545821495354 ], [ 3245522.082129934802651, 2188712.364989439025521 ], [ 3245524.362794782966375, 2188787.778372791595757 ], [ 3245560.391220048535615, 2188847.402878025081009 ], [ 3245656.766789705958217, 2188912.961671330966055 ], [ 3245689.049628101289272, 2188924.497055827639997 ], [ 3245726.568000887986273, 2188937.905993545427918 ], [ 3245726.642354751937091, 2188923.405850398354232 ], [ 3245726.814354616682976, 2188891.532458012923598 ], [ 3245715.281155338510871, 2188820.107368578203022 ], [ 3245701.90600757393986, 2188737.274406971875578 ], [ 3245742.188069404102862, 2188672.878583079669625 ], [ 3245730.951571910642087, 2188624.222305847797543 ], [ 3245714.055933657102287, 2188617.460993782617152 ], [ 3245683.996495963539928, 2188605.4257174548693 ], [ 3245680.40963494963944, 2188599.178643725812435 ], [ 3245655.803159581497312, 2188556.355056784115732 ], [ 3245658.872890661004931, 2188491.696487148758024 ], [ 3245686.750660106074065, 2188392.342166081536561 ], [ 3245672.44166330434382, 2188303.721626814454794 ], [ 3245601.00448670424521, 2188258.837766377720982 ], [ 3245569.652555590029806, 2188218.114910806529224 ], [ 3245536.875330701936036, 2188175.542451525107026 ], [ 3245474.868377501145005, 2188105.390388840809464 ], [ 3245513.635072978213429, 2188019.848269079811871 ], [ 3245514.727727833203971, 2188017.437238017097116 ], [ 3245568.786995832342654, 2187933.756093562580645 ], [ 3245633.834844299592078, 2187899.524643423035741 ], [ 3245663.548300812020898, 2187883.893311879597604 ], [ 3245684.009470231831074, 2187873.132123583462089 ], [ 3245775.810519446618855, 2187897.600430411752313 ], [ 3245778.664827633649111, 2187978.083246371243149 ], [ 3245832.303230481222272, 2188080.080219078809023 ], [ 3245873.322567245457321, 2188187.657015688717365 ], [ 3245826.043026035651565, 2188229.653010220266879 ], [ 3245779.404458701610565, 2188359.290861496701837 ], [ 3245766.462469729129225, 2188530.276529524009675 ], [ 3245797.630587879568338, 2188639.574152207467705 ], [ 3245826.520314808934927, 2188675.293227721471339 ], [ 3245869.383808916900307, 2188728.279968431219459 ], [ 3245929.802492808550596, 2188788.592147051356733 ], [ 3245947.291608976665884, 2188896.903019219636917 ], [ 3245951.643667143769562, 2188907.385924126487225 ], [ 3246013.009881567209959, 2189055.094211080111563 ], [ 3246081.650252794846892, 2188907.967506260611117 ], [ 3246083.302045784890652, 2188906.75647518131882 ], [ 3246087.0049665896222, 2188904.041636587120593 ], [ 3246134.761785848531872, 2188869.02824180200696 ], [ 3246159.202880535740405, 2188886.373817775864154 ], [ 3246194.387276280671358, 2188911.352533169556409 ], [ 3246210.648221619427204, 2188971.13467732258141 ], [ 3246152.662505145184696, 2189020.809667492285371 ], [ 3246172.131923004053533, 2189080.031520353630185 ], [ 3246227.4106037421152, 2189136.294314258731902 ], [ 3246192.429421964101493, 2189166.947598135098815 ], [ 3246152.256314367521554, 2189202.157350954599679 ], [ 3246133.844755105208606, 2189204.865980107802898 ], [ 3246072.49212494539097, 2189213.888059110380709 ], [ 3246032.990911263041198, 2189219.692013756372035 ], [ 3246030.247449868358672, 2189228.474158669821918 ], [ 3246022.115477959159762, 2189254.549963702447712 ], [ 3246079.475580612197518, 2189323.6386703341268 ], [ 3246121.317378207109869, 2189375.323930599726737 ], [ 3246148.16276709921658, 2189408.500768647529185 ], [ 3246165.902357126120478, 2189410.745286789722741 ], [ 3246237.833263861015439, 2189419.837425998412073 ], [ 3246283.524168950971216, 2189472.604406563565135 ], [ 3246267.304645545780659, 2189539.549697956070304 ], [ 3246286.125613560900092, 2189582.055946094915271 ], [ 3246299.20856443233788, 2189611.594186786562204 ], [ 3246368.746039671357721, 2189707.439537465106696 ], [ 3246444.003145433962345, 2189755.042998701334 ], [ 3246545.028505742549896, 2189794.770301493350416 ], [ 3246612.649054313078523, 2189836.945582869462669 ], [ 3246618.709810206666589, 2189885.350364099722356 ], [ 3246644.808003293816, 2189903.653659114614129 ], [ 3246644.466463848482817, 2189947.296541859395802 ], [ 3246661.819181878585368, 2189955.002140670083463 ], [ 3246678.476780508179218, 2189973.362518724054098 ], [ 3246763.887871825136244, 2189989.184524212963879 ], [ 3246831.309344152454287, 2189988.642876059282571 ], [ 3246898.271393265575171, 2189845.844401230104268 ], [ 3247010.170839302241802, 2189702.680548382923007 ], [ 3247086.183588932268322, 2189569.535318843554705 ], [ 3247170.515137116890401, 2189697.094277548138052 ], [ 3247254.915391120128334, 2189824.763023559004068 ], [ 3247336.753996158018708, 2189989.679979857057333 ], [ 3247354.644006914459169, 2190025.728886473923922 ], [ 3247388.359912388026714, 2190093.655516469385475 ], [ 3247456.723070031963289, 2190145.39380956813693 ], [ 3247482.298032949212939, 2190215.390970774926245 ], [ 3247517.199861200526357, 2190310.898752339184284 ], [ 3247574.511039993725717, 2190503.183627946302295 ], [ 3247705.121022062376142, 2190615.230789542663842 ], [ 3247766.431220906786621, 2190739.379777684342116 ], [ 3247818.792134016752243, 2190947.513584282714874 ], [ 3247943.294221360236406, 2191068.119779081083834 ], [ 3247983.795708333142102, 2191120.800538484472781 ], [ 3248052.486426210962236, 2191210.134722518734634 ], [ 3248010.134455200284719, 2191296.201505363918841 ], [ 3248021.328637161757797, 2191386.816990866325796 ], [ 3248022.369837389327586, 2191395.211940286681056 ], [ 3248053.016812392510474, 2191402.147411739453673 ], [ 3248069.082441207021475, 2191405.779557867906988 ], [ 3248098.081952255219221, 2191495.212021538056433 ], [ 3248090.49969912879169, 2191491.943563694134355 ], [ 3247928.474697673693299, 2191464.052866050973535 ], [ 3247812.452280432451516, 2191349.447665065061301 ], [ 3247763.452501262538135, 2191306.178955278359354 ], [ 3247738.082135788165033, 2191283.774064801167697 ], [ 3247700.18652825942263, 2191211.720719046425074 ], [ 3247654.995574831962585, 2191189.269434553105384 ], [ 3247594.168206003960222, 2191159.055971854366362 ], [ 3247555.593707019928843, 2191170.030147220008075 ], [ 3247528.616884143091738, 2191177.711723990738392 ], [ 3247526.045464599970728, 2191178.444653093349189 ], [ 3247514.202296590432525, 2191235.836244424805045 ], [ 3247509.212237009778619, 2191260.055634630843997 ], [ 3247548.872402630746365, 2191343.033774658106267 ], [ 3247555.489694320596755, 2191344.098382263444364 ], [ 3247660.541935907676816, 2191360.992315333336592 ], [ 3247659.096729215234518, 2191381.267357620410621 ], [ 3247655.955507093574852, 2191425.480542953591794 ], [ 3247627.65080681303516, 2191455.231417926028371 ], [ 3247591.830777212046087, 2191492.874399397987872 ], [ 3247580.310264670755714, 2191497.775671927258372 ], [ 3247472.510235045105219, 2191543.680646840948611 ], [ 3247401.678831268101931, 2191499.855343700852245 ], [ 3247346.838820556178689, 2191415.777102186344564 ], [ 3247231.292847884818912, 2191443.44853748800233 ], [ 3247190.932752617634833, 2191379.327825554646552 ], [ 3247170.094283058773726, 2191350.606384427286685 ], [ 3247142.686726657673717, 2191312.823158233892173 ], [ 3247091.266936655156314, 2191273.110185640398413 ], [ 3247079.012536569498479, 2191293.326590739190578 ], [ 3247055.723987788427621, 2191331.762013198807836 ], [ 3247003.06295339204371, 2191401.443108592648059 ], [ 3246997.016610496211797, 2191409.443704042118043 ], [ 3247008.785358705557883, 2191482.308940600603819 ], [ 3247013.138803264126182, 2191578.955660795327276 ], [ 3246988.907787011936307, 2191684.325630950275809 ], [ 3247030.446730198338628, 2191755.742708293255419 ], [ 3247003.695803677663207, 2191767.146550107747316 ], [ 3246982.338568661361933, 2191776.249873489607126 ], [ 3246969.908711583353579, 2191781.553478718269616 ], [ 3246954.717314479872584, 2191761.527679835446179 ], [ 3246940.954524002969265, 2191743.371245226822793 ], [ 3246886.423409039154649, 2191730.145344545599073 ], [ 3246863.050924758426845, 2191684.165296306833625 ], [ 3246806.082354666665196, 2191641.77191842161119 ], [ 3246755.253623648546636, 2191552.806234547868371 ], [ 3246716.663566239643842, 2191525.411109609529376 ], [ 3246707.747867661528289, 2191498.804540512152016 ], [ 3246693.085955456830561, 2191455.034047657623887 ], [ 3246654.480435185134411, 2191401.84009920200333 ], [ 3246620.358890718780458, 2191306.651520228944719 ], [ 3246625.453338203020394, 2191286.347229726612568 ], [ 3246677.424578425474465, 2191079.41477880673483 ], [ 3246677.782656942494214, 2191010.301651146728545 ], [ 3246678.125621204264462, 2190944.425258948467672 ], [ 3246697.621299212332815, 2190887.217489500995725 ], [ 3246718.834952459670603, 2190824.934697438031435 ], [ 3246711.809220053255558, 2190646.119824507273734 ], [ 3246704.355016257613897, 2190456.603329702280462 ], [ 3246706.5888382201083, 2190377.542039453517646 ] ], [ [ 3244574.983869539108127, 2190604.883017729502171 ], [ 3244639.159328420646489, 2190640.368688655085862 ], [ 3244676.934681409038603, 2190657.128106886986643 ], [ 3244675.179591378197074, 2190704.14146678103134 ], [ 3244675.648697079624981, 2190705.600527190603316 ], [ 3244693.807207857258618, 2190761.59504252532497 ], [ 3244739.653351395390928, 2190755.928056475706398 ], [ 3244787.4104422647506, 2190819.972237593494356 ], [ 3244846.718387575354427, 2190827.079905076418072 ], [ 3244928.762570531573147, 2190832.993765601422638 ], [ 3244975.938554595224559, 2190915.874983661808074 ], [ 3244999.475075677037239, 2191019.745628260076046 ], [ 3244978.670454653911293, 2191063.628707158379257 ], [ 3244976.792443438898772, 2191067.586260431911796 ], [ 3244917.077680316753685, 2191055.571734450291842 ], [ 3244851.068943911232054, 2191042.294559033587575 ], [ 3244767.975700078066438, 2191029.822268160060048 ], [ 3244739.795714884996414, 2191019.243735043331981 ], [ 3244721.350855673663318, 2191012.317544377874583 ], [ 3244720.5941072544083, 2190999.776938667520881 ], [ 3244734.292799134738743, 2190948.912948483601213 ], [ 3244741.0491953631863, 2190923.816559784580022 ], [ 3244713.710626495070755, 2190897.457880550995469 ], [ 3244685.676893211901188, 2190870.440007880330086 ], [ 3244677.891296678222716, 2190849.070177801884711 ], [ 3244668.872282164171338, 2190824.337024556472898 ], [ 3244635.281704023480415, 2190822.804156966041774 ], [ 3244584.082396331243217, 2190820.464510711841285 ], [ 3244486.16699814517051, 2190793.204943219199777 ], [ 3244432.403825535438955, 2190748.09400293789804 ], [ 3244423.963696115650237, 2190741.021931231021881 ], [ 3244371.218400125857443, 2190689.518474273383617 ], [ 3244336.527167833410203, 2190662.883136776741594 ], [ 3244332.549931100569665, 2190644.730965645052493 ], [ 3244327.654192883055657, 2190622.400091774761677 ], [ 3244270.517200805712491, 2190616.039000754710287 ], [ 3244253.378813173621893, 2190645.230286298785359 ], [ 3244243.013575992546976, 2190662.877032644115388 ], [ 3244227.538861894980073, 2190666.421944353729486 ], [ 3244200.172162835486233, 2190672.693250954151154 ], [ 3244166.869777965825051, 2190669.173894713632762 ], [ 3244150.738068889826536, 2190641.628066107165068 ], [ 3244156.807729854248464, 2190609.199939816258848 ], [ 3244162.032101403456181, 2190581.278945495840162 ], [ 3244132.248098119162023, 2190556.118203121237457 ], [ 3244068.72582333907485, 2190539.193559011444449 ], [ 3244011.677746366243809, 2190563.171111525036395 ], [ 3243987.836051958613098, 2190585.423010561149567 ], [ 3243967.363662146963179, 2190614.081699165981263 ], [ 3243944.579867688007653, 2190645.962667540181428 ], [ 3243937.575844326987863, 2190655.763290010858327 ], [ 3243935.178565492853522, 2190690.378499892540276 ], [ 3243929.845173384528607, 2190720.954596254043281 ], [ 3243920.456997470930219, 2190747.66674170922488 ], [ 3243912.155274068936706, 2190781.042566860094666 ], [ 3243894.323718776926398, 2190797.834434912540019 ], [ 3243882.219912125729024, 2190814.771253339014947 ], [ 3243873.989371237810701, 2190834.447988747153431 ], [ 3243873.231923333369195, 2190845.783134844619781 ], [ 3243871.9811827307567, 2190864.433069069404155 ], [ 3243857.129498473834246, 2190878.433388125151396 ], [ 3243845.35185062373057, 2190904.427588537801057 ], [ 3243843.200840806588531, 2190905.249478031415492 ], [ 3243795.89838417712599, 2190923.32762588141486 ], [ 3243757.309178383089602, 2190952.87069287057966 ], [ 3243718.743187640793622, 2191010.898434136994183 ], [ 3243686.556428829673678, 2191051.864130256697536 ], [ 3243647.639621336944401, 2191072.34011522680521 ], [ 3243611.489729982800782, 2191092.728112836834043 ], [ 3243562.569580130279064, 2191105.188730067573488 ], [ 3243550.605724250432104, 2191107.532494979910553 ], [ 3243514.879340065643191, 2191119.482461283914745 ], [ 3243496.940660422667861, 2191121.47106765024364 ], [ 3243471.874658668413758, 2191107.611712360288948 ], [ 3243464.976231875829399, 2191097.391089105978608 ], [ 3243455.366778276395053, 2191083.142712090164423 ], [ 3243445.640366951003671, 2191059.749706848990172 ], [ 3243438.571598800830543, 2191042.756020005792379 ], [ 3243447.052981339395046, 2191010.494143879041076 ], [ 3243438.103408757597208, 2190990.402317399624735 ], [ 3243411.824506625533104, 2190961.932643300388008 ], [ 3243401.579511113930494, 2190940.92152798967436 ], [ 3243409.835633523762226, 2190926.745267410762608 ], [ 3243423.029075969941914, 2190904.112754414323717 ], [ 3243453.670973394997418, 2190874.822437986731529 ], [ 3243497.143159159924835, 2190833.030506001785398 ], [ 3243517.473673395812511, 2190815.497680434491485 ], [ 3243545.226070923730731, 2190791.568578542675823 ], [ 3243557.768608261365443, 2190774.017660242971033 ], [ 3243557.242818585596979, 2190772.710437051020563 ], [ 3243554.96100112143904, 2190767.066673227585852 ], [ 3243562.010893763042986, 2190725.940711944829673 ], [ 3243548.730903870426118, 2190686.075442400760949 ], [ 3243545.790923405904323, 2190646.694888418074697 ], [ 3243570.065251207910478, 2190634.47497952869162 ], [ 3243601.110047860071063, 2190635.894381624646485 ], [ 3243608.197295661084354, 2190621.141803006175905 ], [ 3243613.066159897483885, 2190611.004475588910282 ], [ 3243616.36220869095996, 2190599.235942715313286 ], [ 3243622.483407223597169, 2190577.43369569722563 ], [ 3243661.042204269673675, 2190554.73936253041029 ], [ 3243665.141501887701452, 2190546.875681749545038 ], [ 3243679.345450833905488, 2190519.626284903846681 ], [ 3243716.827287884894758, 2190454.944988423027098 ], [ 3243743.397693851031363, 2190463.979422727134079 ], [ 3243791.30483548110351, 2190456.74513922771439 ], [ 3243825.496453872416168, 2190456.469316895119846 ], [ 3243858.511242711916566, 2190470.08576425164938 ], [ 3243886.305773738771677, 2190480.16354269720614 ], [ 3243917.906640820205212, 2190491.624273311346769 ], [ 3243969.216992259025574, 2190505.461039686575532 ], [ 3243999.187154453247786, 2190485.960614198353142 ], [ 3244055.154625424183905, 2190455.16635504225269 ], [ 3244074.309088971465826, 2190435.94355122698471 ], [ 3244125.567958114668727, 2190384.478971763979644 ], [ 3244131.728657347150147, 2190219.944159532897174 ], [ 3244175.878206267487258, 2190174.861893922556192 ], [ 3244212.921527905389667, 2190114.68850676342845 ], [ 3244210.017492685001343, 2190091.239271927624941 ], [ 3244205.287228561006486, 2190052.962615818716586 ], [ 3244240.573558765463531, 2190039.792784665245563 ], [ 3244257.00147822778672, 2190083.629555200226605 ], [ 3244315.317877762485296, 2190155.176118474453688 ], [ 3244359.110548425465822, 2190180.221489071846008 ], [ 3244411.408028897829354, 2190243.472183088771999 ], [ 3244402.144497571513057, 2190278.688440081197768 ], [ 3244397.97714435774833, 2190294.552780728321522 ], [ 3244394.026314695365727, 2190309.558105404954404 ], [ 3244363.439742927439511, 2190366.28183281281963 ], [ 3244395.203964268323034, 2190447.130629439838231 ], [ 3244392.199170883279294, 2190515.378851416055113 ], [ 3244400.486993353348225, 2190595.665374456439167 ], [ 3244433.640299531631172, 2190627.232997597660869 ], [ 3244464.103190458379686, 2190598.025609256699681 ], [ 3244484.246112959459424, 2190578.701260074041784 ], [ 3244520.771992923691869, 2190544.298381707631052 ], [ 3244530.372110432945192, 2190548.93741437792778 ], [ 3244556.275265784934163, 2190561.444517081603408 ], [ 3244569.57226539356634, 2190592.304005193524063 ], [ 3244574.983869539108127, 2190604.883017729502171 ] ], [ [ 3244869.198180391453207, 2192118.915964275598526 ], [ 3244866.303892824798822, 2192113.125689204316586 ], [ 3244838.890667775645852, 2192058.220264250412583 ], [ 3244864.113419176079333, 2191960.510807666927576 ], [ 3244922.356384790502489, 2191898.001866545062512 ], [ 3244926.436636074446142, 2191894.105627640150487 ], [ 3244904.606532499194145, 2191809.543635151349008 ], [ 3244854.008229998871684, 2191793.706380532123148 ], [ 3244837.876248084474355, 2191788.657275734469295 ], [ 3244858.105433895718306, 2191734.492584648542106 ], [ 3244878.421405245549977, 2191714.671475784853101 ], [ 3244875.411541147623211, 2191688.999925379641354 ], [ 3244868.877674821298569, 2191633.154011595062912 ], [ 3244868.067690826021135, 2191554.744051630608737 ], [ 3244839.355655239429325, 2191539.300855142995715 ], [ 3244791.216728794388473, 2191504.06521562486887 ], [ 3244751.514476720243692, 2191475.000013470649719 ], [ 3244703.412451497744769, 2191431.069473615847528 ], [ 3244688.278577465098351, 2191428.492109346203506 ], [ 3244630.794387568254024, 2191418.724290317855775 ], [ 3244551.44972580159083, 2191350.658241407480091 ], [ 3244522.923782699741423, 2191336.743957494851202 ], [ 3244489.626590569969267, 2191320.500080222263932 ], [ 3244411.070298027712852, 2191313.744650677312165 ], [ 3244362.759071302600205, 2191310.809598937164992 ], [ 3244440.518801768776029, 2191256.26607095869258 ], [ 3244507.447908157482743, 2191260.66296638501808 ], [ 3244525.718645662069321, 2191261.860947281122208 ], [ 3244556.66892509162426, 2191270.110217364970595 ], [ 3244608.631469312123954, 2191281.511756457854062 ], [ 3244647.322546483948827, 2191286.847475782502443 ], [ 3244725.128567527513951, 2191297.566604972817004 ], [ 3244786.812689661979675, 2191284.509575364179909 ], [ 3244882.951141451485455, 2191244.964576550759375 ], [ 3244965.358547932934016, 2191219.193615596275777 ], [ 3245113.812054966576397, 2191263.80233293864876 ], [ 3245193.298594002611935, 2191304.5317641380243 ], [ 3245233.68075622105971, 2191413.529986987356097 ], [ 3245261.127213989384472, 2191456.517014389391989 ], [ 3245264.13651573099196, 2191517.439254225697368 ], [ 3245226.399217714555562, 2191537.677565690129995 ], [ 3245176.938547912053764, 2191541.765682830475271 ], [ 3245143.129412196576595, 2191515.817351748235524 ], [ 3245097.251057553105056, 2191552.452152776066214 ], [ 3245048.279567492194474, 2191591.553650259971619 ], [ 3245011.866124282591045, 2191625.014418059494346 ], [ 3244974.886249884963036, 2191658.98986238706857 ], [ 3244945.692809554748237, 2191618.761508058290929 ], [ 3244926.182632152922451, 2191662.925749389920384 ], [ 3244943.953957824036479, 2191701.185418467968702 ], [ 3244965.035182705149055, 2191746.551702587865293 ], [ 3245044.795388020109385, 2191837.924519554246217 ], [ 3245059.875602828338742, 2191917.207569231279194 ], [ 3245062.385654916055501, 2192003.248851841315627 ], [ 3245106.635909974575043, 2192150.25968324765563 ], [ 3245108.943157225381583, 2192153.232678801752627 ], [ 3245144.020969177596271, 2192198.343833193648607 ], [ 3245187.847588284406811, 2192356.804071822669357 ], [ 3245230.655029263347387, 2192371.599726281594485 ], [ 3245257.820516523905098, 2192380.986891398206353 ], [ 3245263.321735651232302, 2192457.391511038411409 ], [ 3245280.766704706475139, 2192508.959209464024752 ], [ 3245274.280565816909075, 2192545.84012043941766 ], [ 3245271.271155953407288, 2192562.962330769281834 ], [ 3245250.732064006850123, 2192603.768333585932851 ], [ 3245202.540568835102022, 2192624.444543219171464 ], [ 3245161.662844496779144, 2192614.431709362193942 ], [ 3245105.020057346206158, 2192605.662439175881445 ], [ 3245104.839711635373533, 2192603.980561492033303 ], [ 3245100.794638530351222, 2192565.431483651511371 ], [ 3245051.479984563775361, 2192471.649293023627251 ], [ 3245029.60273396782577, 2192420.855915677268058 ], [ 3244981.200620142742991, 2192290.497449475340545 ], [ 3244914.722762941848487, 2192161.02593257278204 ], [ 3244869.198180391453207, 2192118.915964275598526 ] ], [ [ 3245607.583235601894557, 2194699.899872994981706 ], [ 3245597.744023052975535, 2194718.783402320928872 ], [ 3245598.769077942240983, 2194731.094987552147359 ], [ 3245600.035811162553728, 2194746.284248374868184 ], [ 3245624.306074262596667, 2194763.507289815694094 ], [ 3245629.026755435392261, 2194792.723023872822523 ], [ 3245609.280693643726408, 2194843.388026637025177 ], [ 3245601.405513104982674, 2194887.680362266488373 ], [ 3245597.238817968405783, 2194902.409663327503949 ], [ 3245591.834857624024153, 2194921.54235312435776 ], [ 3245581.798935164231807, 2194949.007112196646631 ], [ 3245578.426465746946633, 2194958.224232143722475 ], [ 3245592.77957381401211, 2194981.975439285393804 ], [ 3245596.021493216045201, 2194987.340094554703683 ], [ 3245603.923881076276302, 2194994.536676292773336 ], [ 3245591.716016395017505, 2195019.552260549273342 ], [ 3245586.400349940173328, 2195030.437038692645729 ], [ 3245599.612133453600109, 2195098.946653988212347 ], [ 3245629.741202716715634, 2195103.871998322661966 ], [ 3245650.372524386737496, 2195107.242798163555562 ], [ 3245661.292378691956401, 2195148.251524052582681 ], [ 3245662.712620036676526, 2195210.244076168164611 ], [ 3245645.643858399242163, 2195242.425300301983953 ], [ 3245625.754701219499111, 2195227.001884566154331 ], [ 3245618.089969717431813, 2195187.482550027314574 ], [ 3245587.526364614255726, 2195172.393184446264058 ], [ 3245564.033469224348664, 2195167.707567372359335 ], [ 3245546.581696876324713, 2195164.227392393164337 ], [ 3245534.084744051098824, 2195166.410788784734905 ], [ 3245509.278395654633641, 2195170.744822975248098 ], [ 3245470.699028014205396, 2195145.558834243565798 ], [ 3245432.151969874277711, 2195152.293621873017401 ], [ 3245418.452921596821398, 2195162.615447883494198 ], [ 3245396.825283644720912, 2195178.895046536345035 ], [ 3245387.917321997694671, 2195197.007744650356472 ], [ 3245382.392867650836706, 2195208.233222506009042 ], [ 3245353.09983300883323, 2195261.621124502271414 ], [ 3245331.895699259825051, 2195200.874810307752341 ], [ 3245282.888700102921575, 2195123.593777297995985 ], [ 3245232.870058131404221, 2195040.051539364736527 ], [ 3245187.971110147424042, 2194974.938986820634454 ], [ 3245193.830920095089823, 2194918.112395910080522 ], [ 3245199.414029051549733, 2194846.31895664986223 ], [ 3245195.159729091450572, 2194793.419077868107706 ], [ 3245165.493732467293739, 2194676.280471738893539 ], [ 3245123.429516622330993, 2194602.075270883738995 ], [ 3245096.924466611817479, 2194571.900515624787658 ], [ 3245076.041072078514844, 2194548.124432340729982 ], [ 3245021.570219490211457, 2194516.864239343442023 ], [ 3244976.75026932079345, 2194505.381209242157638 ], [ 3244935.362590842880309, 2194501.885883637703955 ], [ 3244930.865016692318022, 2194474.050547938793898 ], [ 3244927.606952765025198, 2194453.886447485070676 ], [ 3244931.289301072712988, 2194438.420496733859181 ], [ 3244934.013908881694078, 2194427.015090575441718 ], [ 3244894.300469966605306, 2194300.895495552569628 ], [ 3244868.344781630672514, 2194273.240592244081199 ], [ 3244820.887184457853436, 2194232.177968602161855 ], [ 3244807.866509258747101, 2194216.609113614540547 ], [ 3244794.267495147883892, 2194200.350502747111022 ], [ 3244795.408098574727774, 2194180.837292672134936 ], [ 3244804.648842276539654, 2194169.368083087727427 ], [ 3244811.514052713289857, 2194160.84856611629948 ], [ 3244806.863035219721496, 2194118.744768413249403 ], [ 3244772.011461346410215, 2194062.603721623308957 ], [ 3244766.323516464326531, 2194025.263737206347287 ], [ 3244766.536281550303102, 2193999.190824765712023 ], [ 3244766.79534862563014, 2193967.624887834303081 ], [ 3244764.375755528453737, 2193925.699034532066435 ], [ 3244750.8214400280267, 2193855.313236015383154 ], [ 3244722.64264901028946, 2193754.907615017145872 ], [ 3244702.962924424558878, 2193713.827850070316344 ], [ 3244674.270894301589578, 2193643.917350032366812 ], [ 3244681.432875176426023, 2193587.289556507021189 ], [ 3244670.372697135433555, 2193561.614850578829646 ], [ 3244664.036173852160573, 2193546.895768680144101 ], [ 3244633.400140835903585, 2193512.069594183005393 ], [ 3244611.778569762129337, 2193472.413987945299596 ], [ 3244616.548980784136802, 2193434.6561473836191 ], [ 3244628.695789558812976, 2193410.137981588952243 ], [ 3244635.402777353767306, 2193396.617488495074213 ], [ 3244661.718500314746052, 2193377.876520849764347 ], [ 3244663.675160714425147, 2193376.480259262025356 ], [ 3244707.370871069841087, 2193371.015566844493151 ], [ 3244756.611093625891954, 2193360.729593425989151 ], [ 3244746.467742926441133, 2193346.006496495567262 ], [ 3244749.967600644566119, 2193337.639096540398896 ], [ 3244754.214678947813809, 2193327.48857867019251 ], [ 3244770.658755179494619, 2193309.590375490020961 ], [ 3244768.299556153826416, 2193294.987500590272248 ], [ 3244760.751658388413489, 2193274.843102419748902 ], [ 3244776.418568916618824, 2193254.333177142776549 ], [ 3244789.118311835452914, 2193237.697493310086429 ], [ 3244816.215322617441416, 2193179.310661379713565 ], [ 3244820.659759028814733, 2193127.030887573026121 ], [ 3244816.277582242153585, 2193099.905658179428428 ], [ 3244883.335504034534097, 2193049.562575772870332 ], [ 3244914.746791293378919, 2193031.198967244941741 ], [ 3244932.45325106009841, 2193058.936456473078579 ], [ 3244940.632276995107532, 2193071.74186546029523 ], [ 3244952.492545393295586, 2193131.89944791328162 ], [ 3244972.39416275639087, 2193165.559547971002758 ], [ 3244973.190992416348308, 2193166.910684945993125 ], [ 3244974.806639502756298, 2193190.230688366107643 ], [ 3244969.854646575637162, 2193190.1124133374542 ], [ 3244942.453578351065516, 2193189.445131755433977 ], [ 3244940.392964639700949, 2193197.297443061135709 ], [ 3244937.136986459605396, 2193209.687708930578083 ], [ 3244952.372059748508036, 2193224.200520429760218 ], [ 3244931.541744870599359, 2193281.482263240963221 ], [ 3244889.964650369249284, 2193316.647220395039767 ], [ 3244853.366414256393909, 2193329.479265581350774 ], [ 3244844.618727453052998, 2193345.383922551292926 ], [ 3244887.098061600700021, 2193339.614856467582285 ], [ 3244951.519861167296767, 2193338.609665761701763 ], [ 3245003.124383250251412, 2193337.806018274277449 ], [ 3245015.661249337717891, 2193334.926305601373315 ], [ 3245023.040522540919483, 2193333.23154698126018 ], [ 3245048.582719618454576, 2193296.194315544795245 ], [ 3245070.199077017139643, 2193268.531630983576179 ], [ 3245085.281731839291751, 2193276.258070157840848 ], [ 3245098.649545154999942, 2193283.10804794402793 ], [ 3245134.907525470945984, 2193319.121793202124536 ], [ 3245134.810583234298974, 2193337.306803463958204 ], [ 3245134.702724594157189, 2193358.251378852874041 ], [ 3245112.640003251843154, 2193421.53742479160428 ], [ 3245112.02231234870851, 2193422.426000121049583 ], [ 3245109.684917219914496, 2193425.298002263531089 ], [ 3245107.124921261332929, 2193427.985848909243941 ], [ 3245104.368752502370626, 2193430.464645993430167 ], [ 3245101.424689278937876, 2193432.722808814141899 ], [ 3245099.762229770421982, 2193433.80405196826905 ], [ 3245098.319159610196948, 2193434.735443299170583 ], [ 3245095.065220780670643, 2193436.520545156206936 ], [ 3245093.437442003749311, 2193437.251022443175316 ], [ 3245091.68611483508721, 2193438.033500018063933 ], [ 3245088.203177404589951, 2193439.280718831345439 ], [ 3245086.374446740373969, 2193439.772566212806851 ], [ 3245084.644429487641901, 2193440.247167653404176 ], [ 3245083.186657563783228, 2193440.522128981538117 ], [ 3245081.01146404305473, 2193440.942706611007452 ], [ 3245078.21881596930325, 2193441.248112791683525 ], [ 3245077.352044745348394, 2193441.348852543625981 ], [ 3245073.666171568445861, 2193441.465605433098972 ], [ 3245069.994922826066613, 2193441.29592698533088 ], [ 3245066.348169840872288, 2193440.838092581368983 ], [ 3245062.74565526470542, 2193440.088652974925935 ], [ 3245059.22017907910049, 2193439.062154620885849 ], [ 3245058.322801805566996, 2193438.722150005865842 ], [ 3245055.793076932895929, 2193437.765008399728686 ], [ 3245052.475813153199852, 2193436.20534983696416 ], [ 3245049.298001749906689, 2193434.378005074802786 ], [ 3245038.226390454918146, 2193427.228260637260973 ], [ 3245029.382377659901977, 2193433.426938173361123 ], [ 3245019.672274780459702, 2193440.2331628408283 ], [ 3245019.883831173181534, 2193468.431798729114234 ], [ 3245008.562029012478888, 2193489.135559860616922 ], [ 3245004.77705988753587, 2193496.052261685021222 ], [ 3245023.700125766452402, 2193512.283024546224624 ], [ 3245024.14762166980654, 2193528.49734913231805 ], [ 3245011.857823365367949, 2193530.644502204842865 ], [ 3245005.115709703415632, 2193531.822419635020196 ], [ 3244989.18705144431442, 2193547.633254195563495 ], [ 3244987.563768405467272, 2193559.951219672802836 ], [ 3244986.261901030316949, 2193569.860907294321805 ], [ 3244995.434741217643023, 2193599.748395089991391 ], [ 3244988.038945461623371, 2193634.700254797004163 ], [ 3244965.324851599521935, 2193669.073975935578346 ], [ 3244968.605955524370074, 2193683.100137008354068 ], [ 3244972.395159678533673, 2193699.328824778087437 ], [ 3244965.816237117629498, 2193712.887749779503793 ], [ 3244962.601595050655305, 2193719.502064585220069 ], [ 3244970.248690036125481, 2193739.882652237080038 ], [ 3244973.596102614887059, 2193747.408604272641242 ], [ 3244978.771692970767617, 2193759.025391867849976 ], [ 3244968.102254056371748, 2193780.436490695923567 ], [ 3244965.678714703768492, 2193805.83101998269558 ], [ 3244958.859818004071712, 2193830.908668431453407 ], [ 3244984.644754159264266, 2193849.215293786954135 ], [ 3244995.15154486708343, 2193860.407579506281763 ], [ 3244981.824845626018941, 2193885.53741988260299 ], [ 3244991.347934344317764, 2193882.160195942036808 ], [ 3244995.013084827922285, 2193881.915244502946734 ], [ 3244996.77338935341686, 2193881.942265301477164 ], [ 3244998.67507809959352, 2193881.964861371554434 ], [ 3245002.320856704376638, 2193882.291050846222788 ], [ 3245005.932271121069789, 2193882.907122364267707 ], [ 3245009.478114394471049, 2193883.80838968558237 ], [ 3245012.935457789804786, 2193884.978581744246185 ], [ 3245016.292836942709982, 2193886.409563011024147 ], [ 3245019.522231055889279, 2193888.116367552429438 ], [ 3245021.488355175592005, 2193889.354464687407017 ], [ 3245022.607396549545228, 2193890.061279334127903 ], [ 3245025.526997780427337, 2193892.237887458875775 ], [ 3245028.261292180046439, 2193894.649641187861562 ], [ 3245036.11421941453591, 2193905.372856742702425 ], [ 3245047.344216417521238, 2193947.928972472902387 ], [ 3245047.674305748194456, 2193953.427199497818947 ], [ 3245049.294120915234089, 2193980.163302563130856 ], [ 3245048.754499292932451, 2193998.496750026941299 ], [ 3245048.548193400725722, 2194005.700717523694038 ], [ 3245048.220567379146814, 2194070.137486660853028 ], [ 3245073.570491339080036, 2194147.252554553560913 ], [ 3245085.779543481767178, 2194209.499050166457891 ], [ 3245112.063080905936658, 2194239.24610069161281 ], [ 3245165.651209682691842, 2194238.470822498667985 ], [ 3245221.191608911845833, 2194263.096205642912537 ], [ 3245274.849676641635597, 2194315.961835038848221 ], [ 3245285.849857121706009, 2194324.553614647593349 ], [ 3245326.482894617132843, 2194356.295211904216558 ], [ 3245396.713709802366793, 2194365.488376923836768 ], [ 3245522.69382611149922, 2194427.171934238635004 ], [ 3245628.460303833242506, 2194496.675754090305418 ], [ 3245634.133332123048604, 2194507.475725239142776 ], [ 3245640.858030735049397, 2194520.261604739818722 ], [ 3245633.444701074622571, 2194521.556760939769447 ], [ 3245613.702147848438472, 2194525.005917488131672 ], [ 3245606.283448718488216, 2194545.615884538274258 ], [ 3245579.12757938914001, 2194550.360220686066896 ], [ 3245588.29207449965179, 2194593.824825788848102 ], [ 3245606.165190272033215, 2194637.917343816254288 ], [ 3245612.494261537212878, 2194667.602301944978535 ], [ 3245614.991993861738592, 2194679.291604592930526 ], [ 3245607.583235601894557, 2194699.899872994981706 ] ], [ [ 3248468.285979234147817, 2194873.384512365330011 ], [ 3248449.445217622444034, 2194827.635985920205712 ], [ 3248443.550260716117918, 2194813.326261137612164 ], [ 3248436.924073731526732, 2194805.044751801993698 ], [ 3248405.860693661496043, 2194766.256780747324228 ], [ 3248359.889458639547229, 2194707.758062325883657 ], [ 3248354.099352087359875, 2194751.705111112911254 ], [ 3248364.75386490765959, 2194817.649408748373389 ], [ 3248369.271860889624804, 2194845.612636336591095 ], [ 3248388.820387994870543, 2194900.139011963270605 ], [ 3248381.073519350960851, 2194918.656231297645718 ], [ 3248343.442844562232494, 2194893.059610107913613 ], [ 3248318.320278252009302, 2194875.96422413457185 ], [ 3248295.387193981558084, 2194829.764532283879817 ], [ 3248292.83125551789999, 2194824.624714149162173 ], [ 3248291.958698763512075, 2194792.587896509096026 ], [ 3248289.169489468447864, 2194789.019709453452379 ], [ 3248259.466239713132381, 2194751.048620364628732 ], [ 3248219.755104542244226, 2194691.466754611581564 ], [ 3248172.305353999137878, 2194650.390554798766971 ], [ 3248157.777013714425266, 2194644.462499790359288 ], [ 3248135.499823329038918, 2194635.36613283585757 ], [ 3248151.347692232578993, 2194733.454358451999724 ], [ 3248167.265247894451022, 2194818.654785447753966 ], [ 3248175.488679676316679, 2194850.705466249957681 ], [ 3248182.937086978927255, 2194879.718213895801455 ], [ 3248184.661416495218873, 2194886.432786142919213 ], [ 3248179.881559285335243, 2194936.631264117080718 ], [ 3248174.800629981327802, 2194940.80351439723745 ], [ 3248164.145231984555721, 2194949.548507610335946 ], [ 3248140.990514907985926, 2194968.567028688266873 ], [ 3248140.049603098072112, 2194969.339668778236955 ], [ 3248139.246045343577862, 2194957.770209716167301 ], [ 3248135.190030813217163, 2194899.371998311020434 ], [ 3248127.197630498558283, 2194859.139853813685477 ], [ 3248123.654947660397738, 2194841.296672966331244 ], [ 3248119.367206772789359, 2194834.735809613019228 ], [ 3248080.847634820267558, 2194775.807610333897173 ], [ 3248054.625133643858135, 2194733.183441615197808 ], [ 3248039.658001355826855, 2194667.120435440447181 ], [ 3248050.499572253320366, 2194587.97275006538257 ], [ 3248024.277198009658605, 2194545.348603172693402 ], [ 3248020.527139153331518, 2194507.123087383806705 ], [ 3248017.661539224442095, 2194477.827045026700944 ], [ 3247991.673910235054791, 2194472.339160829782486 ], [ 3247988.657602770254016, 2194471.700073149986565 ], [ 3247973.178648246452212, 2194468.432112356647849 ], [ 3247931.392784823197871, 2194475.730346728581935 ], [ 3247932.034943494014442, 2194481.589665187057108 ], [ 3247936.923038801178336, 2194526.419246161356568 ], [ 3247940.357916080392897, 2194557.856457427144051 ], [ 3247934.264243122190237, 2194582.837115671951324 ], [ 3247926.143825148232281, 2194616.13037368003279 ], [ 3247882.394510284997523, 2194598.020241253077984 ], [ 3247877.000394112430513, 2194564.63394508138299 ], [ 3247880.709246201440692, 2194521.060420305468142 ], [ 3247870.822091012261808, 2194492.281051016412675 ], [ 3247856.37121604103595, 2194450.206500605680048 ], [ 3247857.303691414184868, 2194402.82942439429462 ], [ 3247864.048988288268447, 2194378.049269360955805 ], [ 3247851.641579889692366, 2194354.464986861217767 ], [ 3247820.077760973013937, 2194341.100337244104594 ], [ 3247787.064043605234474, 2194327.117045463994145 ], [ 3247780.994644011836499, 2194289.550104789901525 ], [ 3247772.897306474857032, 2194265.62871385877952 ], [ 3247768.656892341561615, 2194253.078003202099353 ], [ 3247745.537438672035933, 2194216.339716495014727 ], [ 3247730.524237097706646, 2194207.53603582456708 ], [ 3247700.440515881869942, 2194189.888003423810005 ], [ 3247699.934389081783593, 2194184.430742373224348 ], [ 3247697.475499238818884, 2194158.216709973756224 ], [ 3247677.520179447717965, 2194114.487972116563469 ], [ 3247650.830933373887092, 2194095.547532431781292 ], [ 3247640.982240098528564, 2194071.465701023582369 ], [ 3247629.526402656920254, 2194043.467316967900842 ], [ 3247627.720487114973366, 2194026.760514062363654 ], [ 3247625.203939329832792, 2194003.456133745145053 ], [ 3247588.069109621457756, 2193986.330008463934064 ], [ 3247553.485972727648914, 2193945.166372977662832 ], [ 3247532.519267573021352, 2193895.176524962298572 ], [ 3247529.614242423325777, 2193850.619160461705178 ], [ 3247575.655456028878689, 2193829.701941326260567 ], [ 3247595.195029533468187, 2193831.5914939311333 ], [ 3247622.890212922822684, 2193834.266750435344875 ], [ 3247620.138305543921888, 2193839.096723642200232 ], [ 3247637.603126768022776, 2193893.986692488659173 ], [ 3247653.511272577568889, 2193979.198499266989529 ], [ 3247670.876544180326164, 2194033.974108969792724 ], [ 3247675.428171302191913, 2194048.325756106059998 ], [ 3247732.120796314906329, 2194119.97641758993268 ], [ 3247812.933662844821811, 2194168.090701686218381 ], [ 3247872.323996849823743, 2194189.906862295232713 ], [ 3247896.603340022265911, 2194205.050752667710185 ], [ 3247915.329782755114138, 2194216.734060254879296 ], [ 3247933.657931781373918, 2194237.134913193527609 ], [ 3247981.185366405174136, 2194265.311598418746144 ], [ 3248028.937717483378947, 2194275.027732021175325 ], [ 3248032.274379421025515, 2194275.702118525281549 ], [ 3248082.75921333860606, 2194269.034062145277858 ], [ 3248108.489101034589112, 2194292.339470815379173 ], [ 3248069.279899254441261, 2194318.602348756045103 ], [ 3248077.104300003033131, 2194353.713410871103406 ], [ 3248132.577305569313467, 2194391.238932232838124 ], [ 3248127.34748971927911, 2194401.651932924054563 ], [ 3248119.573451669421047, 2194417.112087355460972 ], [ 3248111.329919415526092, 2194427.341770440340042 ], [ 3248103.465292635839432, 2194437.089608667418361 ], [ 3248059.180895777884871, 2194455.560580043587834 ], [ 3248058.981880615465343, 2194459.417485479265451 ], [ 3248058.92147893179208, 2194460.614218346774578 ], [ 3248056.08448494784534, 2194516.181082582566887 ], [ 3248062.899433971382678, 2194527.70426929416135 ], [ 3248070.077777032274753, 2194539.843255823478103 ], [ 3248071.815548053011298, 2194540.421777811367065 ], [ 3248111.567426526919007, 2194553.704841399565339 ], [ 3248154.839902403764427, 2194595.500444310717285 ], [ 3248199.660552535671741, 2194606.985822916496545 ], [ 3248219.528011310845613, 2194622.150129723362625 ], [ 3248233.977508913259953, 2194633.181408537086099 ], [ 3248251.564566979650408, 2194643.968854246661067 ], [ 3248272.124096191953868, 2194656.568967030383646 ], [ 3248292.554994869045913, 2194676.602664574980736 ], [ 3248310.952836811542511, 2194684.115777294617146 ], [ 3248309.211853731889278, 2194661.466686478815973 ], [ 3248307.035730511881411, 2194633.297246991656721 ], [ 3248296.919876651372761, 2194570.685703916475177 ], [ 3248287.547695725690573, 2194560.98793967301026 ], [ 3248268.545059817377478, 2194541.313096981495619 ], [ 3248226.411927914246917, 2194479.994830962270498 ], [ 3248211.654028924182057, 2194432.752692291513085 ], [ 3248208.610528660006821, 2194423.024281950201839 ], [ 3248195.062186061404645, 2194418.952708129771054 ], [ 3248177.621201737318188, 2194364.463947338517755 ], [ 3248182.45631806878373, 2194367.502452576067299 ], [ 3248214.794028942473233, 2194373.594760221429169 ], [ 3248235.638129101134837, 2194377.527617289219052 ], [ 3248247.906832261011004, 2194360.359919845126569 ], [ 3248237.256086073815823, 2194334.329632880166173 ], [ 3248230.868824245408177, 2194330.416579879820347 ], [ 3248218.172959802672267, 2194322.637567414902151 ], [ 3248204.69426365243271, 2194305.678187561687082 ], [ 3248211.092092525213957, 2194278.809538471046835 ], [ 3248297.104506372474134, 2194265.936796621419489 ], [ 3248391.344441642984748, 2194264.158212599344552 ], [ 3248393.201858283486217, 2194275.655049900524318 ], [ 3248393.757809354458004, 2194279.096213145181537 ], [ 3248418.294586122501642, 2194311.288461016491055 ], [ 3248430.828024110756814, 2194326.669172121211886 ], [ 3248439.738533806987107, 2194337.593201888725162 ], [ 3248429.214957968331873, 2194352.306726175826043 ], [ 3248326.55973580153659, 2194355.210324686951935 ], [ 3248273.99196663685143, 2194362.241953428834677 ], [ 3248271.906735165975988, 2194384.454165241215378 ], [ 3248268.466479752212763, 2194421.147348625585437 ], [ 3248270.26100005209446, 2194422.516891703009605 ], [ 3248302.773510423488915, 2194447.34470220701769 ], [ 3248330.615270898677409, 2194446.780771786347032 ], [ 3248376.922906836494803, 2194440.832351289689541 ], [ 3248412.778244206681848, 2194436.719588157255203 ], [ 3248450.259237371385098, 2194455.924870354589075 ], [ 3248489.962384601123631, 2194448.990832054056227 ], [ 3248514.863739443942904, 2194437.200401841197163 ], [ 3248525.887387722730637, 2194431.990363995078951 ], [ 3248535.026847916189581, 2194419.201536534354091 ], [ 3248543.40309796622023, 2194407.468588161282241 ], [ 3248559.17365422938019, 2194385.400926166214049 ], [ 3248604.341987509280443, 2194398.975262485444546 ], [ 3248630.644036089535803, 2194420.670316479168832 ], [ 3248636.556272930465639, 2194425.53825753973797 ], [ 3248641.465429806150496, 2194418.668911259621382 ], [ 3248645.32321686251089, 2194413.270741134881973 ], [ 3248640.603177082724869, 2194384.05537226004526 ], [ 3248666.407313697040081, 2194379.548870220314711 ], [ 3248671.945233629085124, 2194378.581715309992433 ], [ 3248698.497614490799606, 2194356.780480060726404 ], [ 3248698.989150018431246, 2194351.027350057847798 ], [ 3248699.276430319529027, 2194347.591000222600996 ], [ 3248699.974757054820657, 2194339.348297833930701 ], [ 3248687.357533962000161, 2194331.616293066646904 ], [ 3248680.90307027567178, 2194327.664242492988706 ], [ 3248622.394582848530263, 2194337.882293947972357 ], [ 3248574.131812689825892, 2194318.410555148497224 ], [ 3248570.942024809774011, 2194314.750112655572593 ], [ 3248553.03545802179724, 2194294.194394026417285 ], [ 3248561.267392755486071, 2194269.002785312943161 ], [ 3248596.984033640474081, 2194273.643473503179848 ], [ 3248671.729535264894366, 2194284.201767414808273 ], [ 3248720.875226721633226, 2194269.181135368067771 ], [ 3248735.748700076714158, 2194261.72741038678214 ], [ 3248739.610792700666934, 2194278.784733279142529 ], [ 3248732.721145705319941, 2194341.750182202085853 ], [ 3248732.666092921514064, 2194342.226156457792968 ], [ 3248733.984007513616234, 2194356.980339254252613 ], [ 3248735.303205573000014, 2194371.805267511866987 ], [ 3248705.111278605181724, 2194424.29191802861169 ], [ 3248708.680480455048382, 2194473.021677456796169 ], [ 3248743.869715756271034, 2194531.254181115888059 ], [ 3248759.105667861178517, 2194548.849614934064448 ], [ 3248772.929842901881784, 2194564.805888317525387 ], [ 3248774.139888389036059, 2194598.932905795518309 ], [ 3248737.073976142331958, 2194635.445922737941146 ], [ 3248742.340272974222898, 2194694.615825267508626 ], [ 3248765.199912950396538, 2194747.712251917924732 ], [ 3248766.401946673169732, 2194750.503259058110416 ], [ 3248804.149594760034233, 2194784.676957205869257 ], [ 3248795.120973104611039, 2194793.188339046668261 ], [ 3248787.369192607700825, 2194800.493317282758653 ], [ 3248792.703622707165778, 2194846.765608467161655 ], [ 3248804.018438310362399, 2194861.325112382881343 ], [ 3248827.952874849550426, 2194892.112112598959357 ], [ 3248882.354927679523826, 2194936.263050181791186 ], [ 3248898.938138012774289, 2194959.118198125157505 ], [ 3248888.969279102049768, 2195003.774637695867568 ], [ 3248873.874449105933309, 2195030.0229785554111 ], [ 3248839.219589893706143, 2195001.736789150163531 ], [ 3248822.731834145262837, 2194978.216123762074858 ], [ 3248805.715408154763281, 2194953.936174466274679 ], [ 3248775.583817819133401, 2194927.009371312335134 ], [ 3248784.481434504501522, 2194888.977819671388716 ], [ 3248759.320385229773819, 2194869.13137748464942 ], [ 3248737.697136287111789, 2194852.083692598156631 ], [ 3248687.142918163910508, 2194805.111530828755349 ], [ 3248665.517673715949059, 2194765.121234942227602 ], [ 3248659.571126901078969, 2194754.135748967528343 ], [ 3248630.113474889658391, 2194731.379807449877262 ], [ 3248621.397737521212548, 2194738.18403545813635 ], [ 3248605.308081058785319, 2194750.736952575389296 ], [ 3248617.976641507819295, 2194773.424106276594102 ], [ 3248644.613543959334493, 2194821.12627569725737 ], [ 3248652.300695421174169, 2194882.022833222523332 ], [ 3248652.086592005565763, 2194887.85934177134186 ], [ 3248651.49603324290365, 2194903.616040762048215 ], [ 3248694.77031800430268, 2194945.421772611327469 ], [ 3248720.656767117790878, 2194985.965609435923398 ], [ 3248727.340740235056728, 2195040.58945652609691 ], [ 3248713.653370067477226, 2195062.293429708108306 ], [ 3248679.890888333786279, 2195066.040653871838003 ], [ 3248624.745398592669517, 2195030.606867963913828 ], [ 3248585.310546053107828, 2194985.99142403434962 ], [ 3248583.427681954577565, 2194983.258490016683936 ], [ 3248574.411465308163315, 2194970.173145190812647 ], [ 3248540.421850970946252, 2194920.875815046019852 ], [ 3248539.273229455575347, 2194913.766688393894583 ], [ 3248538.298256014008075, 2194907.732311986852437 ], [ 3248535.056314748711884, 2194887.667025564238429 ], [ 3248531.991213338449597, 2194868.696210912428796 ], [ 3248522.248627936001867, 2194855.261235283222049 ], [ 3248515.408024234697223, 2194845.841122115962207 ], [ 3248512.428942169528455, 2194862.582734014373273 ], [ 3248507.522061605006456, 2194890.133930315263569 ], [ 3248468.285979234147817, 2194873.384512365330011 ] ], [ [ 3251754.625139750074595, 2183846.452722324989736 ], [ 3251749.666721763089299, 2183934.557073996402323 ], [ 3251698.857007022947073, 2183949.80879278993234 ], [ 3251673.78816201724112, 2183992.480600136332214 ], [ 3251692.229936836753041, 2184027.570676546078175 ], [ 3251718.15601164335385, 2184082.622386291623116 ], [ 3251705.517008671537042, 2184123.125443456694484 ], [ 3251677.27943500969559, 2184160.186917121522129 ], [ 3251649.593273510690778, 2184196.51358697284013 ], [ 3251619.340768859256059, 2184175.040538865141571 ], [ 3251600.608602458611131, 2184150.229400820564479 ], [ 3251586.204443080350757, 2184127.329133971594274 ], [ 3251539.982394963502884, 2184131.380019778385758 ], [ 3251489.232234418392181, 2184132.21691501326859 ], [ 3251478.69365543499589, 2184075.210132382344455 ], [ 3251470.289802556391805, 2184063.011752638034523 ], [ 3251464.709523050114512, 2184054.91278018290177 ], [ 3251444.418833122588694, 2184045.731269794516265 ], [ 3251419.923395653720945, 2184034.647813518997282 ], [ 3251396.69487379770726, 2183998.578464594203979 ], [ 3251374.345003629103303, 2183980.409910220187157 ], [ 3251351.995138299651444, 2183962.241361705586314 ], [ 3251278.007381088100374, 2183968.471233251970261 ], [ 3251227.675666116178036, 2183971.901359011884779 ], [ 3251201.368511113338172, 2183983.182244881987572 ], [ 3251152.970027707517147, 2183990.289398137480021 ], [ 3251098.835121713578701, 2183985.624861812684685 ], [ 3251008.429168143309653, 2183975.15548075735569 ], [ 3251007.435654641129076, 2183972.206623699050397 ], [ 3251002.655581019818783, 2183958.0581213706173 ], [ 3250992.631936859805137, 2183960.04037555353716 ], [ 3250983.406387674156576, 2183961.873229083139449 ], [ 3250961.225133968517184, 2183913.547955920919776 ], [ 3250915.502668134868145, 2183820.672606371808797 ], [ 3250880.525389889255166, 2183767.149783594999462 ], [ 3250877.651906183920801, 2183762.55225196480751 ], [ 3250802.406535477377474, 2183642.217744735069573 ], [ 3250792.188042536377907, 2183626.321808325126767 ], [ 3250761.364796962123364, 2183578.349036924075335 ], [ 3250742.712189516983926, 2183555.288072607014328 ], [ 3250725.088690777309239, 2183535.585370887536556 ], [ 3250722.363080425187945, 2183532.533289014361799 ], [ 3250665.137650200631469, 2183488.143887630663812 ], [ 3250638.482168722897768, 2183464.239161341451108 ], [ 3250604.883492607157677, 2183434.105431622825563 ], [ 3250608.811796797439456, 2183416.805290666874498 ], [ 3250611.478785898070782, 2183405.087759708054364 ], [ 3250668.734346986748278, 2183396.819974789395928 ], [ 3250726.217007585801184, 2183388.512633481994271 ], [ 3250810.725790031254292, 2183347.774731087498367 ], [ 3250838.359180395491421, 2183334.457992064300925 ], [ 3250895.560385738499463, 2183320.127914296463132 ], [ 3250974.43949362821877, 2183300.36295605963096 ], [ 3251087.775323174893856, 2183232.314469508826733 ], [ 3251207.603385092690587, 2183204.5026695872657 ], [ 3251250.632365204393864, 2183190.537465750705451 ], [ 3251272.03571334015578, 2183183.5894795935601 ], [ 3251305.56277523888275, 2183172.701454168651253 ], [ 3251322.452270989771932, 2183167.220267977565527 ], [ 3251337.995772602967918, 2183164.721064494922757 ], [ 3251330.186136583797634, 2183143.873585395514965 ], [ 3251337.783418284729123, 2183126.349095405079424 ], [ 3251344.160527474246919, 2183111.642713245470077 ], [ 3251405.990483223460615, 2183114.549565429799259 ], [ 3251492.431141450069845, 2183084.900566567666829 ], [ 3251590.114300454035401, 2183062.018121727742255 ], [ 3251587.153473048470914, 2183064.17690409347415 ], [ 3251584.360760466195643, 2183066.559778459835798 ], [ 3251581.762599599547684, 2183069.141858288086951 ], [ 3251579.35899046715349, 2183071.92314354935661 ], [ 3251577.186242735944688, 2183074.877025124616921 ], [ 3251576.007289018016309, 2183076.755323411896825 ], [ 3251575.241174935363233, 2183077.983784157782793 ], [ 3251573.541941897943616, 2183081.230116075370461 ], [ 3251573.039211516268551, 2183082.392348545603454 ], [ 3251572.105107706040144, 2183084.592856880277395 ], [ 3251571.057806927710772, 2183087.664620035793632 ], [ 3251570.919208839535713, 2183088.063869703561068 ], [ 3251570.007500663399696, 2183091.598549153190106 ], [ 3251569.369983172975481, 2183095.196895219385624 ], [ 3251569.023220420815051, 2183098.835743884555995 ], [ 3251568.950976641848683, 2183102.477380068972707 ], [ 3251569.151661069132388, 2183106.111944348551333 ], [ 3251569.641837744042277, 2183109.716272716410458 ], [ 3251570.121410584077239, 2183111.933687814511359 ], [ 3251570.418325148988515, 2183113.270646350458264 ], [ 3251571.456605467014015, 2183116.748932157177478 ], [ 3251578.253437363076955, 2183126.034516707062721 ], [ 3251600.754039999097586, 2183308.334898442961276 ], [ 3251641.444536652415991, 2183375.691374378278852 ], [ 3251685.568251332268119, 2183448.723654070869088 ], [ 3251711.877848590258509, 2183501.751820027828217 ], [ 3251726.512599973473698, 2183531.241389614995569 ], [ 3251746.371110592037439, 2183584.046940120868385 ], [ 3251778.425808442290872, 2183690.609801641199738 ], [ 3251787.728341463021934, 2183721.526479068677872 ], [ 3251785.316194115206599, 2183785.780068753752857 ], [ 3251754.625139750074595, 2183846.452722324989736 ] ], [ [ 3249562.517624024301767, 2184120.731860521715134 ], [ 3249536.962296681012958, 2184140.884423397947103 ], [ 3249502.632075366564095, 2184168.681242228019983 ], [ 3249468.58757902495563, 2184196.235630603507161 ], [ 3249484.699170612730086, 2184124.166150009259582 ], [ 3249517.899795901961625, 2184050.117785171605647 ], [ 3249477.393141177017242, 2184061.718735457863659 ], [ 3249418.292150402441621, 2184108.05122932465747 ], [ 3249378.694971568882465, 2184120.507280786521733 ], [ 3249371.532093637622893, 2184096.059571224264801 ], [ 3249366.337086888030171, 2184078.334052302874625 ], [ 3249300.800398285500705, 2184067.612415567040443 ], [ 3249200.812567859422415, 2184032.421145419590175 ], [ 3249159.299778085201979, 2183981.489051793701947 ], [ 3249133.977961462922394, 2183927.731070891488343 ], [ 3249192.993050383403897, 2183898.038339740596712 ], [ 3249218.875524981878698, 2183891.990238418802619 ], [ 3249286.555150618776679, 2183876.173691325355321 ], [ 3249308.005991197191179, 2183867.320674733258784 ], [ 3249356.06610240181908, 2183847.48777278047055 ], [ 3249406.522993267979473, 2183846.659494751133025 ], [ 3249470.198550055734813, 2183810.872340322937816 ], [ 3249568.812918295152485, 2183768.734151170123369 ], [ 3249579.689443301409483, 2183758.827550825662911 ], [ 3249602.671606699470431, 2183737.887508718296885 ], [ 3249666.785298419184983, 2183743.627206144388765 ], [ 3249718.076267812401056, 2183748.219015394337475 ], [ 3249770.204976729117334, 2183744.666449790820479 ], [ 3249798.948266207240522, 2183746.219024289399385 ], [ 3249842.96875262260437, 2183748.592621511779726 ], [ 3249947.485293750651181, 2183777.439597873017192 ], [ 3249991.780753028579056, 2183811.271578672342002 ], [ 3250026.766543759033084, 2183820.057439764030278 ], [ 3250069.847394409589469, 2183830.887371581979096 ], [ 3250069.067025147378445, 2183834.166073380969465 ], [ 3250028.485025970265269, 2184004.32473992370069 ], [ 3249986.776528377085924, 2184158.440647535026073 ], [ 3249940.205029334872961, 2184213.665737180970609 ], [ 3249899.332200453616679, 2184283.761106051038951 ], [ 3249888.05999255226925, 2184303.103540016338229 ], [ 3249832.263828662224114, 2184404.25873870914802 ], [ 3249677.212252595461905, 2184079.487170655280352 ], [ 3249642.784821755252779, 2184036.482310071587563 ], [ 3249618.415793971158564, 2184065.622188815381378 ], [ 3249591.315242526121438, 2184098.026557939127088 ], [ 3249562.517624024301767, 2184120.731860521715134 ] ] ], [ [ [ 3243086.973024333827198, 2184180.096257931552827 ], [ 3243096.947893346194178, 2184164.607261081691831 ], [ 3243156.367929491680115, 2184072.346502868458629 ], [ 3243132.232485251501203, 2184057.391677595674992 ], [ 3243113.594440440647304, 2184028.449725334066898 ], [ 3243103.244159979280084, 2183977.653035265393555 ], [ 3243134.304368204437196, 2183930.359331517014652 ], [ 3243156.898622472770512, 2183917.086317512206733 ], [ 3243186.336103409528732, 2183899.799803897738457 ], [ 3243215.375792217440903, 2183873.256134953349829 ], [ 3243245.691109984647483, 2183834.67931671673432 ], [ 3243277.604799158405513, 2183792.609741707332432 ], [ 3243278.010706277564168, 2183748.521127654705197 ], [ 3243269.950189001858234, 2183725.24375866074115 ], [ 3243272.138240067753941, 2183693.455146791413426 ], [ 3243254.025184124708176, 2183664.431667437776923 ], [ 3243229.928584269247949, 2183665.943692058324814 ], [ 3243206.162542071659118, 2183667.428407143801451 ], [ 3243152.154896216001362, 2183682.224118367768824 ], [ 3243132.060375924222171, 2183673.061734957620502 ], [ 3243088.3736542603001, 2183653.127743113320321 ], [ 3243069.935939999762923, 2183647.04867543745786 ], [ 3243069.935939999762923, 2184185.832982011605054 ], [ 3243086.973024333827198, 2184180.096257931552827 ] ] ], [ [ [ 3243103.619352569803596, 2183558.911747647449374 ], [ 3243111.466782023198903, 2183563.258760581724346 ], [ 3243119.465998328756541, 2183612.82361620105803 ], [ 3243142.05039101280272, 2183619.614829126745462 ], [ 3243184.680808841716498, 2183617.531894608866423 ], [ 3243200.858738822862506, 2183601.294185084290802 ], [ 3243240.041170776356012, 2183594.450704976916313 ], [ 3243283.182524112053216, 2183578.866524820216 ], [ 3243300.032090380322188, 2183600.061383448541164 ], [ 3243292.852526945993304, 2183623.060577601194382 ], [ 3243289.407372439280152, 2183634.104067943058908 ], [ 3243297.40820246655494, 2183683.678770173341036 ], [ 3243312.646219211630523, 2183716.712028434034437 ], [ 3243320.368664423003793, 2183729.089638544246554 ], [ 3243327.144194374326617, 2183739.939646098762751 ], [ 3243343.363121079746634, 2183733.893282015342265 ], [ 3243364.244373994879425, 2183703.401768401730806 ], [ 3243384.984848062507808, 2183698.704759445041418 ], [ 3243390.102397038601339, 2183717.143447317183018 ], [ 3243415.751980730332434, 2183723.115553732030094 ], [ 3243426.96370301162824, 2183725.729461529292166 ], [ 3243463.178035618271679, 2183723.702869129367173 ], [ 3243486.157134830951691, 2183723.065342246554792 ], [ 3243507.053250617347658, 2183722.477356330957264 ], [ 3243549.714951382949948, 2183720.39937207987532 ], [ 3243591.467951159458607, 2183751.559225069358945 ], [ 3243662.509530953131616, 2183731.7412298489362 ], [ 3243785.722183671779931, 2183810.0881541473791 ], [ 3243801.937992929015309, 2183822.827506332658231 ], [ 3243829.686216922942549, 2183844.633191213943064 ], [ 3243850.898873344995081, 2183860.22038169298321 ], [ 3243867.552929441444576, 2183872.46756772743538 ], [ 3243894.792677517049015, 2183899.92763671092689 ], [ 3243910.943124839104712, 2183910.438013032078743 ], [ 3243919.14414946269244, 2183926.787138500250876 ], [ 3243922.450598716270179, 2183933.437810487579554 ], [ 3243931.655644432641566, 2183937.517402309924364 ], [ 3243942.216911652125418, 2183942.201561168301851 ], [ 3243948.496822694782168, 2183947.96797976270318 ], [ 3243955.934832607395947, 2183954.809483921620995 ], [ 3243959.43240704620257, 2183964.153800063300878 ], [ 3243960.819850221276283, 2183967.84488960634917 ], [ 3243952.664490162394941, 2183975.929602649994195 ], [ 3243945.685461566783488, 2183981.051442748401314 ], [ 3243939.731282204855233, 2183985.416454502847046 ], [ 3243910.171149102970958, 2183988.358862245455384 ], [ 3243916.991753505542874, 2184027.160637809894979 ], [ 3243924.019354672636837, 2184043.157138305250555 ], [ 3243929.048858224414289, 2184063.942886299919337 ], [ 3243945.586927930824459, 2184087.169133169110864 ], [ 3243956.157739822752774, 2184095.308557275217026 ], [ 3243963.018881259951741, 2184100.588238310068846 ], [ 3244007.671926756389439, 2184167.828592581674457 ], [ 3244078.31384960655123, 2184240.941516815219074 ], [ 3244088.409374924376607, 2184240.790272435173392 ], [ 3244105.534382175654173, 2184240.54678718559444 ], [ 3244135.008555770851672, 2184271.033111554104835 ], [ 3244146.069813484326005, 2184282.462744718417525 ], [ 3244155.858310487121344, 2184303.238538632169366 ], [ 3244164.48977018892765, 2184321.813782779499888 ], [ 3244170.980793651659042, 2184348.761446590069681 ], [ 3244178.771877428516746, 2184353.513783729635179 ], [ 3244207.11809154599905, 2184370.78502428997308 ], [ 3244264.793534916825593, 2184405.946599335875362 ], [ 3244430.513614467345178, 2184488.803004935383797 ], [ 3244474.051755454391241, 2184482.973625502083451 ], [ 3244506.601316502317786, 2184478.617253782227635 ], [ 3244526.509047948755324, 2184477.502680222969502 ], [ 3244558.979414035566151, 2184475.674307857174426 ], [ 3244607.983653960283846, 2184450.946875871159136 ], [ 3244662.478293807245791, 2184423.446069274097681 ], [ 3244764.311401897575706, 2184399.448285831138492 ], [ 3244844.599269898142666, 2184357.488315812777728 ], [ 3244876.015198627486825, 2184320.950722955632955 ], [ 3244896.896244969218969, 2184276.936423072591424 ], [ 3244916.65364296361804, 2184283.380514727905393 ], [ 3244952.686283430084586, 2184295.133130428381264 ], [ 3244992.093416505493224, 2184269.618730375543237 ], [ 3245066.233848975040019, 2184247.365661353804171 ], [ 3245129.9339704150334, 2184198.976449104491621 ], [ 3245133.934285033494234, 2184127.913127090781927 ], [ 3245137.167099108919501, 2184070.395853126421571 ], [ 3245127.515409307554364, 2183991.345841490663588 ], [ 3245151.403869070112705, 2183904.137891440652311 ], [ 3245168.603290893137455, 2183841.333281905855983 ], [ 3245240.894350214395672, 2183692.076648244634271 ], [ 3245262.771277118474245, 2183688.256604975089431 ], [ 3245274.766074191778898, 2183686.162136051803827 ], [ 3245295.329996850341558, 2183682.571378634311259 ], [ 3245329.468679282814264, 2183701.457295416854322 ], [ 3245354.137948619667441, 2183796.517480039503425 ], [ 3245417.538403006270528, 2183804.069503992795944 ], [ 3245456.170198271982372, 2183831.487285404000431 ], [ 3245548.931970951613039, 2183809.075764096342027 ], [ 3245610.491125775501132, 2183785.908541979733855 ], [ 3245651.944444610737264, 2183753.823497981298715 ], [ 3245653.032630944624543, 2183728.299940195865929 ], [ 3245657.13359978236258, 2183631.815205235499889 ], [ 3245714.89114979095757, 2183565.842618540860713 ], [ 3245718.992680199444294, 2183534.774940828792751 ], [ 3245727.486810344271362, 2183470.480209565721452 ], [ 3245723.970385374967009, 2183430.889091202989221 ], [ 3245719.883457655087113, 2183384.86908776499331 ], [ 3245725.414059794042259, 2183348.189249534159899 ], [ 3245731.896060827653855, 2183305.139205801300704 ], [ 3245792.867029360029846, 2183250.081582492683083 ], [ 3245850.229970118962228, 2183192.856141474097967 ], [ 3245880.636697381734848, 2183168.235440696589649 ], [ 3245897.157952712848783, 2183137.452752389013767 ], [ 3245895.429380268324167, 2183102.334487747400999 ], [ 3245895.232127918861806, 2183098.344381140545011 ], [ 3245894.33419472631067, 2183080.010548797436059 ], [ 3245875.950430316384882, 2183032.259610789828002 ], [ 3245861.047531680203974, 2182993.561873168684542 ], [ 3245817.552206527907401, 2182926.3606400010176 ], [ 3243069.935939999762923, 2182926.3606400010176 ], [ 3243069.935939999762923, 2183540.287519002333283 ], [ 3243103.619352569803596, 2183558.911747647449374 ] ] ], [ [ [ 3246288.380017494782805, 2182939.876874424982816 ], [ 3246290.653925365768373, 2183003.852073159068823 ], [ 3246340.3685123892501, 2183021.448593610431999 ], [ 3246344.016353298444301, 2182990.774755989201367 ], [ 3246334.490090742707253, 2182951.868233841843903 ], [ 3246331.420877316966653, 2182939.326896443963051 ], [ 3246324.144956270698458, 2182926.3606400010176 ], [ 3246243.407844479661435, 2182926.3606400010176 ], [ 3246288.380017494782805, 2182939.876874424982816 ] ] ], [ [ [ 3243092.451566669158638, 2191920.357440627645701 ], [ 3243101.638411906547844, 2191860.861618731636554 ], [ 3243069.935939999762923, 2191847.142821161542088 ], [ 3243069.935939999762923, 2191959.088745936285704 ], [ 3243092.451566669158638, 2191920.357440627645701 ] ] ], [ [ [ 3253435.410289924126118, 2186803.694159958977252 ], [ 3253331.028892683796585, 2186819.523799221497029 ], [ 3253237.369468978140503, 2186833.736362844705582 ], [ 3252942.002315385267138, 2187042.865584361366928 ], [ 3252759.5256079249084, 2187169.265836115926504 ], [ 3252753.2789062471129, 2187381.981463199947029 ], [ 3252886.229253698140383, 2187507.364815479144454 ], [ 3252985.517850582953542, 2187647.634090908803046 ], [ 3252965.416158476378769, 2187858.26694051688537 ], [ 3252988.176957666873932, 2188110.941859810613096 ], [ 3253010.568102756515145, 2188081.823195079807192 ], [ 3253071.850565107539296, 2188002.114960052538663 ], [ 3253114.184211332350969, 2187891.733076841570437 ], [ 3253104.309091965202242, 2187874.134492508135736 ], [ 3253090.05827134475112, 2187848.733409566339105 ], [ 3253116.400754768401384, 2187840.822019085288048 ], [ 3253141.292618437670171, 2187833.356371459085494 ], [ 3253160.29366812761873, 2187857.938732246868312 ], [ 3253160.611501122824848, 2187857.832587505225092 ], [ 3253213.283590032253414, 2187840.106336560100317 ], [ 3253283.520406337454915, 2187782.79074249509722 ], [ 3253398.664180693682283, 2187657.566441815346479 ], [ 3253409.946765475906432, 2187683.7591344229877 ], [ 3253415.855997717939317, 2187697.477790803648531 ], [ 3253419.549664439167827, 2187786.953576651401818 ], [ 3253373.305150978267193, 2187913.040644469670951 ], [ 3253402.820144657045603, 2187989.424909085035324 ], [ 3253395.467692694161087, 2188063.66589089250192 ], [ 3253383.939316056668758, 2188138.635577480774373 ], [ 3253420.000209807883948, 2188162.380270484834909 ], [ 3253419.25283625908196, 2188237.60784425586462 ], [ 3253434.4747443664819, 2188318.635340991895646 ], [ 3253453.183360000606626, 2188330.803213208913803 ], [ 3253453.183360000606626, 2186793.309813134837896 ], [ 3253435.410289924126118, 2186803.694159958977252 ] ] ] ] } },
{ "type": "Feature", "properties": { "CODE_18": "313", "Uso": "Bosque mixto", "color": "#4DFF00" }, "geometry": { "type": "MultiPolygon", "coordinates": [ [ [ [ 3246753.938496773131192, 2183271.786357088945806 ], [ 3246753.786189556121826, 2183299.589280046988279 ], [ 3246794.261946399696171, 2183345.794798812828958 ], [ 3246839.6794793009758, 2183308.203970672097057 ], [ 3246852.519160171039402, 2183297.568722219206393 ], [ 3246899.532630244735628, 2183274.145085006020963 ], [ 3246924.231997151859105, 2183275.925691477023065 ], [ 3246940.654402501881123, 2183277.113663812167943 ], [ 3247015.07456815848127, 2183281.872208396904171 ], [ 3247073.652912145014852, 2183251.361181897576898 ], [ 3247078.132051807828248, 2183217.409940693061799 ], [ 3247079.26817944413051, 2183208.787494430318475 ], [ 3247080.508542521856725, 2183199.427103084512055 ], [ 3247078.571447141934186, 2183191.574316531419754 ], [ 3247065.833003810606897, 2183139.806772007606924 ], [ 3247051.696186113171279, 2183114.599812772125006 ], [ 3247041.538834578357637, 2183096.503880414180458 ], [ 3247007.435056888032705, 2183014.425096648745239 ], [ 3246998.567683047614992, 2183001.932930619921535 ], [ 3246954.594778490252793, 2182939.966133926529437 ], [ 3246949.252257680986077, 2182926.3606400010176 ], [ 3246324.144956270698458, 2182926.3606400010176 ], [ 3246331.420877316966653, 2182939.326896443963051 ], [ 3246334.490090742707253, 2182951.868233841843903 ], [ 3246344.016353298444301, 2182990.774755989201367 ], [ 3246340.3685123892501, 2183021.448593610431999 ], [ 3246366.584678563289344, 2183064.081277059391141 ], [ 3246394.528311007656157, 2183088.672007824294269 ], [ 3246399.14222564548254, 2183092.732415469363332 ], [ 3246393.011328237131238, 2183116.824723035097122 ], [ 3246385.987360301427543, 2183144.377737136092037 ], [ 3246388.899636945687234, 2183151.857535016722977 ], [ 3246395.293406659271568, 2183168.26877111941576 ], [ 3246415.95266392827034, 2183217.791878140997142 ], [ 3246430.585731557570398, 2183252.867053918540478 ], [ 3246435.18930581305176, 2183308.254784031771123 ], [ 3246472.245747965760529, 2183390.385890380013734 ], [ 3246470.611320027150214, 2183403.971483055967838 ], [ 3246469.353377236053348, 2183414.480545868165791 ], [ 3246518.019555795937777, 2183432.93937327247113 ], [ 3246549.145359075628221, 2183416.485916765872389 ], [ 3246544.297752576414496, 2183323.480448067188263 ], [ 3246550.590449837036431, 2183301.083233685232699 ], [ 3246565.265922934748232, 2183248.797370799351484 ], [ 3246530.999678288120776, 2183193.894730593077838 ], [ 3246521.655081227887422, 2183182.408407994080335 ], [ 3246502.134530765004456, 2183158.435387316159904 ], [ 3246503.822674983181059, 2183102.344678390771151 ], [ 3246519.671171168796718, 2183067.391719738952816 ], [ 3246506.257863149046898, 2183037.547387166880071 ], [ 3246516.246552054770291, 2183018.742388696409762 ], [ 3246532.62384763173759, 2182987.883875924162567 ], [ 3246528.582786514423788, 2182962.840540561825037 ], [ 3246548.184267536737025, 2182952.717707631643862 ], [ 3246566.259279893711209, 2182943.38851939374581 ], [ 3246606.904009724035859, 2182955.604356117546558 ], [ 3246632.389701897744089, 2182940.429780882783234 ], [ 3246665.490350558422506, 2182932.501990802120417 ], [ 3246686.245410190429538, 2182954.62739895330742 ], [ 3246694.737210650928319, 2182993.917225532233715 ], [ 3246739.350597325712442, 2183044.063507743645459 ], [ 3246765.902440381236374, 2183088.776646777056158 ], [ 3246769.270545884035528, 2183109.649374849162996 ], [ 3246755.587357152719051, 2183131.349778956733644 ], [ 3246753.326361406128854, 2183155.080643742345273 ], [ 3246753.665846247226, 2183191.404279571026564 ], [ 3246754.114440323784947, 2183238.657209734432399 ], [ 3246753.971782837063074, 2183265.57649012375623 ], [ 3246753.938496773131192, 2183271.786357088945806 ] ] ], [ [ [ 3244197.3495013108477, 2185864.02328373119235 ], [ 3244209.862383063416928, 2185867.089196249842644 ], [ 3244256.621535643003881, 2185904.167359034530818 ], [ 3244284.00677300337702, 2185929.44290830893442 ], [ 3244320.506744007114321, 2185963.142666573636234 ], [ 3244369.748420455493033, 2185945.489321067463607 ], [ 3244368.689930197782815, 2185868.758838376961648 ], [ 3244351.429751109331846, 2185803.900979479774833 ], [ 3244355.413911209907383, 2185744.385789396241307 ], [ 3244362.379779705777764, 2185675.296854722313583 ], [ 3244395.316119077149779, 2185729.428218665532768 ], [ 3244459.266026509460062, 2185834.519160058815032 ], [ 3244522.830635364167392, 2185896.602087312843651 ], [ 3244586.313989219255745, 2185975.598926726728678 ], [ 3244658.915643034502864, 2185971.363861355464906 ], [ 3244666.654956095851958, 2185950.203010807745159 ], [ 3244676.514243625104427, 2185923.248217479325831 ], [ 3244676.6876813005656, 2185890.493242301978171 ], [ 3244676.8756087818183, 2185855.627093979623169 ], [ 3244638.947496062144637, 2185777.803660498000681 ], [ 3244639.645924079697579, 2185753.016541596967727 ], [ 3244640.62335703894496, 2185718.387641079258174 ], [ 3244660.8466428918764, 2185687.47368230111897 ], [ 3244687.127180630341172, 2185647.300454459618777 ], [ 3244743.395761727355421, 2185523.140236300881952 ], [ 3244777.510081288870424, 2185596.581036707852036 ], [ 3244797.561525831930339, 2185701.056107852142304 ], [ 3244866.002449592575431, 2185612.877909633796662 ], [ 3244878.435831016860902, 2185592.813469470478594 ], [ 3244918.98557050107047, 2185527.409637833479792 ], [ 3245000.59712866647169, 2185481.395754599943757 ], [ 3245037.413856278173625, 2185433.675409883726388 ], [ 3245087.577796295285225, 2185428.209771438967437 ], [ 3245134.289409429766238, 2185423.113912066910416 ], [ 3245176.397797684185207, 2185349.064663130789995 ], [ 3245158.739847412332892, 2185279.096295160241425 ], [ 3245111.658509259112179, 2185223.79561919067055 ], [ 3245077.949665290303528, 2185167.578976107295603 ], [ 3245013.572499519679695, 2185153.973951161839068 ], [ 3245002.089340175502002, 2185140.245648329146206 ], [ 3244993.647725695744157, 2185130.142631429713219 ], [ 3244975.047582227736712, 2185107.914908529259264 ], [ 3244960.319797723088413, 2185078.046374001540244 ], [ 3244949.898538873065263, 2185027.819556374102831 ], [ 3244927.914465863257647, 2184999.279057020321488 ], [ 3244911.582070600241423, 2184980.598876539617777 ], [ 3244898.097628162242472, 2184965.162143079098314 ], [ 3244886.276021830737591, 2184951.097598640248179 ], [ 3244879.454542905092239, 2184942.982500385027379 ], [ 3244879.263843229506165, 2184942.366993487812579 ], [ 3244867.654345056042075, 2184905.719279687851667 ], [ 3244854.319135316647589, 2184873.346900358330458 ], [ 3244838.319589306600392, 2184865.344379770569503 ], [ 3244811.496375895570964, 2184851.912672588601708 ], [ 3244744.586907715070993, 2184827.649349064100534 ], [ 3244673.731664863880724, 2184801.956405007280409 ], [ 3244628.777507356368005, 2184788.447067284956574 ], [ 3244588.548402613960207, 2184776.353005141951144 ], [ 3244458.888379481621087, 2184719.193194952327758 ], [ 3244456.990197232924402, 2184707.0553731424734 ], [ 3244454.15247720759362, 2184688.907800076995045 ], [ 3244432.201053570955992, 2184667.235073598101735 ], [ 3244413.639564556069672, 2184648.893604083918035 ], [ 3244412.421279278118163, 2184647.69723283033818 ], [ 3244411.273366353474557, 2184646.55953526776284 ], [ 3244400.291258905082941, 2184639.708394228946418 ], [ 3244390.573966536205262, 2184633.650131021626294 ], [ 3244364.91848467476666, 2184617.642449342645705 ], [ 3244291.896619524341077, 2184559.847221993841231 ], [ 3244219.138353523332626, 2184489.283270623534918 ], [ 3244191.882390262559056, 2184466.063435002230108 ], [ 3244188.125440678559244, 2184447.062649528495967 ], [ 3244181.106528331525624, 2184411.498915390111506 ], [ 3244170.980793651659042, 2184348.761446590069681 ], [ 3244164.48977018892765, 2184321.813782779499888 ], [ 3244155.858310487121344, 2184303.238538632169366 ], [ 3244146.069813484326005, 2184282.462744718417525 ], [ 3244135.008555770851672, 2184271.033111554104835 ], [ 3244105.534382175654173, 2184240.54678718559444 ], [ 3244088.409374924376607, 2184240.790272435173392 ], [ 3244078.31384960655123, 2184240.941516815219074 ], [ 3244007.671926756389439, 2184167.828592581674457 ], [ 3243963.018881259951741, 2184100.588238310068846 ], [ 3243956.157739822752774, 2184095.308557275217026 ], [ 3243945.586927930824459, 2184087.169133169110864 ], [ 3243929.048858224414289, 2184063.942886299919337 ], [ 3243924.019354672636837, 2184043.157138305250555 ], [ 3243916.991753505542874, 2184027.160637809894979 ], [ 3243910.171149102970958, 2183988.358862245455384 ], [ 3243939.731282204855233, 2183985.416454502847046 ], [ 3243945.685461566783488, 2183981.051442748401314 ], [ 3243952.664490162394941, 2183975.929602649994195 ], [ 3243960.819850221276283, 2183967.84488960634917 ], [ 3243959.43240704620257, 2183964.153800063300878 ], [ 3243955.934832607395947, 2183954.809483921620995 ], [ 3243948.496822694782168, 2183947.96797976270318 ], [ 3243942.216911652125418, 2183942.201561168301851 ], [ 3243931.655644432641566, 2183937.517402309924364 ], [ 3243922.450598716270179, 2183933.437810487579554 ], [ 3243919.14414946269244, 2183926.787138500250876 ], [ 3243910.943124839104712, 2183910.438013032078743 ], [ 3243894.792677517049015, 2183899.92763671092689 ], [ 3243867.552929441444576, 2183872.46756772743538 ], [ 3243850.898873344995081, 2183860.22038169298321 ], [ 3243829.686216922942549, 2183844.633191213943064 ], [ 3243801.937992929015309, 2183822.827506332658231 ], [ 3243785.722183671779931, 2183810.0881541473791 ], [ 3243662.509530953131616, 2183731.7412298489362 ], [ 3243591.467951159458607, 2183751.559225069358945 ], [ 3243549.714951382949948, 2183720.39937207987532 ], [ 3243507.053250617347658, 2183722.477356330957264 ], [ 3243486.157134830951691, 2183723.065342246554792 ], [ 3243463.178035618271679, 2183723.702869129367173 ], [ 3243426.96370301162824, 2183725.729461529292166 ], [ 3243415.751980730332434, 2183723.115553732030094 ], [ 3243390.102397038601339, 2183717.143447317183018 ], [ 3243384.984848062507808, 2183698.704759445041418 ], [ 3243364.244373994879425, 2183703.401768401730806 ], [ 3243343.363121079746634, 2183733.893282015342265 ], [ 3243327.144194374326617, 2183739.939646098762751 ], [ 3243320.368664423003793, 2183729.089638544246554 ], [ 3243312.646219211630523, 2183716.712028434034437 ], [ 3243297.40820246655494, 2183683.678770173341036 ], [ 3243289.407372439280152, 2183634.104067943058908 ], [ 3243292.852526945993304, 2183623.060577601194382 ], [ 3243300.032090380322188, 2183600.061383448541164 ], [ 3243283.182524112053216, 2183578.866524820216 ], [ 3243240.041170776356012, 2183594.450704976916313 ], [ 3243200.858738822862506, 2183601.294185084290802 ], [ 3243184.680808841716498, 2183617.531894608866423 ], [ 3243142.05039101280272, 2183619.614829126745462 ], [ 3243119.465998328756541, 2183612.82361620105803 ], [ 3243111.466782023198903, 2183563.258760581724346 ], [ 3243103.619352569803596, 2183558.911747647449374 ], [ 3243069.935939999762923, 2183540.287519002333283 ], [ 3243069.935939999762923, 2183647.04867543745786 ], [ 3243088.3736542603001, 2183653.127743113320321 ], [ 3243132.060375924222171, 2183673.061734957620502 ], [ 3243152.154896216001362, 2183682.224118367768824 ], [ 3243206.162542071659118, 2183667.428407143801451 ], [ 3243229.928584269247949, 2183665.943692058324814 ], [ 3243254.025184124708176, 2183664.431667437776923 ], [ 3243272.138240067753941, 2183693.455146791413426 ], [ 3243269.950189001858234, 2183725.24375866074115 ], [ 3243278.010706277564168, 2183748.521127654705197 ], [ 3243277.604799158405513, 2183792.609741707332432 ], [ 3243245.691109984647483, 2183834.67931671673432 ], [ 3243215.375792217440903, 2183873.256134953349829 ], [ 3243186.336103409528732, 2183899.799803897738457 ], [ 3243156.898622472770512, 2183917.086317512206733 ], [ 3243134.304368204437196, 2183930.359331517014652 ], [ 3243103.244159979280084, 2183977.653035265393555 ], [ 3243113.594440440647304, 2184028.449725334066898 ], [ 3243132.232485251501203, 2184057.391677595674992 ], [ 3243156.367929491680115, 2184072.346502868458629 ], [ 3243096.947893346194178, 2184164.607261081691831 ], [ 3243086.973024333827198, 2184180.096257931552827 ], [ 3243069.935939999762923, 2184185.832982011605054 ], [ 3243069.935939999762923, 2184645.553764784708619 ], [ 3243087.994659032672644, 2184642.299947787076235 ], [ 3243122.199963916093111, 2184631.601154671050608 ], [ 3243158.536129452753812, 2184603.792773952707648 ], [ 3243170.108571358490735, 2184591.410669766366482 ], [ 3243189.677626471966505, 2184570.464446079451591 ], [ 3243244.208808081224561, 2184522.314938355702907 ], [ 3243331.440020777285099, 2184477.030583107843995 ], [ 3243463.688665844500065, 2184404.581523516681045 ], [ 3243540.405339640565217, 2184374.019197267945856 ], [ 3243610.300441649276763, 2184381.123869354836643 ], [ 3243714.844798199832439, 2184416.503205334767699 ], [ 3243806.637775944545865, 2184492.744495339691639 ], [ 3243821.352774290367961, 2184546.621142706368119 ], [ 3243832.923482925165445, 2184589.003386215306818 ], [ 3243841.539020219817758, 2184669.046310897916555 ], [ 3243860.884788819588721, 2184695.705519781447947 ], [ 3243905.704887102358043, 2184707.189876159653068 ], [ 3243934.554827152751386, 2184779.400464583188295 ], [ 3243988.499489746522158, 2184860.559319898486137 ], [ 3244032.616381329949945, 2185049.677977615967393 ], [ 3244065.075738647952676, 2185222.726918696425855 ], [ 3244020.380299842916429, 2185282.570231874939054 ], [ 3244036.787750487681478, 2185370.194152250885963 ], [ 3244020.296069060452282, 2185436.42539099091664 ], [ 3244018.508498852141201, 2185525.899270900525153 ], [ 3244018.300481729675084, 2185536.306544135324657 ], [ 3244065.051187816075981, 2185573.396197836846113 ], [ 3244095.450637741014361, 2185571.756596191320568 ], [ 3244121.191822118125856, 2185570.373030276503414 ], [ 3244194.039835435338318, 2185530.500819603912532 ], [ 3244245.769337962381542, 2185528.258371436037123 ], [ 3244275.616634972393513, 2185572.811696825083345 ], [ 3244267.340495362412184, 2185605.298968141898513 ], [ 3244261.75183527264744, 2185627.270352423191071 ], [ 3244210.593137764371932, 2185661.093658917583525 ], [ 3244159.920185558032244, 2185669.943973924964666 ], [ 3244147.900482507422566, 2185721.809646532405168 ], [ 3244064.621157063171268, 2185725.041261575184762 ], [ 3243970.599528559483588, 2185745.984510870184749 ], [ 3243899.109287729952484, 2185738.114405347499996 ], [ 3243822.787455149460584, 2185672.26875769905746 ], [ 3243756.9856838285923, 2185629.463875727728009 ], [ 3243750.947169627062976, 2185592.055772729218006 ], [ 3243722.104150449857116, 2185567.683861313387752 ], [ 3243670.081948597915471, 2185554.152880567125976 ], [ 3243624.826394670642912, 2185570.593513465952128 ], [ 3243610.176542824134231, 2185575.919975011609495 ], [ 3243566.755712687037885, 2185531.476935313083231 ], [ 3243544.580892724450678, 2185562.49921309761703 ], [ 3243512.59788074856624, 2185645.001262838486582 ], [ 3243500.682559303939342, 2185645.196872293017805 ], [ 3243469.674449921585619, 2185645.706353489775211 ], [ 3243452.550094611942768, 2185623.819249988999218 ], [ 3243424.551180375739932, 2185646.805867241695523 ], [ 3243422.413767674937844, 2185703.73817572882399 ], [ 3243385.529040870256722, 2185741.851526787038893 ], [ 3243342.402674549259245, 2185713.192459841724485 ], [ 3243329.814093088265508, 2185725.377130703534931 ], [ 3243311.055909777991474, 2185743.546198091469705 ], [ 3243287.847003073431551, 2185747.914483728818595 ], [ 3243265.42626332025975, 2185752.134970212355256 ], [ 3243243.539520341902971, 2185833.796521067619324 ], [ 3243231.385512288659811, 2185888.159960669931024 ], [ 3243206.668478252366185, 2185927.199686300940812 ], [ 3243226.188936276361346, 2186001.466279877349734 ], [ 3243243.940999860409647, 2185971.783867173828185 ], [ 3243262.9335479401052, 2185940.039700015913695 ], [ 3243265.822902979329228, 2185984.597832619212568 ], [ 3243272.100538651458919, 2186023.485047689173371 ], [ 3243278.62650733999908, 2186063.910405077505857 ], [ 3243263.260342652443796, 2186141.695993985515088 ], [ 3243245.598426884505898, 2186191.993332860991359 ], [ 3243262.310434952843934, 2186255.588819948025048 ], [ 3243302.005236665718257, 2186248.654938144609332 ], [ 3243328.461981320753694, 2186235.294633944053203 ], [ 3243340.844667197205126, 2186223.470233738422394 ], [ 3243348.345362093299627, 2186216.300325130112469 ], [ 3243352.925220250152051, 2186210.340138965286314 ], [ 3243412.15838597016409, 2186133.357165075838566 ], [ 3243472.478314948268235, 2186061.659001926891506 ], [ 3243517.413907677400857, 2186043.175323711708188 ], [ 3243556.504782889038324, 2186070.917315222788602 ], [ 3243584.056845447979867, 2186039.442176800221205 ], [ 3243605.959670134820044, 2186014.407995828427374 ], [ 3243615.331131, 2185993.235441060736775 ], [ 3243639.124980671331286, 2185939.485035244375467 ], [ 3243646.22146178688854, 2185924.529000167734921 ], [ 3243657.005055060610175, 2185901.791909333318472 ], [ 3243699.272915164008737, 2185861.248210197780281 ], [ 3243742.400957827456295, 2185889.917339305859059 ], [ 3243793.492750190664083, 2185939.812990330159664 ], [ 3243795.961523188278079, 2185964.097808303311467 ], [ 3243799.706551550887525, 2186001.004347230307758 ], [ 3243801.165804867167026, 2186015.388497892767191 ], [ 3243810.045752035453916, 2186070.396462088916451 ], [ 3243790.21714004362002, 2186143.993488465901464 ], [ 3243805.545393495820463, 2186176.068678609095514 ], [ 3243814.162209226749837, 2186194.109372084960341 ], [ 3243823.476373552344739, 2186195.280531657859683 ], [ 3243844.220444122329354, 2186197.902126222848892 ], [ 3243891.482285619713366, 2186139.880366916768253 ], [ 3243887.334886253811419, 2186093.250931968912482 ], [ 3243883.167801851406693, 2186046.310680530499667 ], [ 3243867.895804535597563, 2185951.705702321603894 ], [ 3243892.276477446779609, 2185928.753119810018688 ], [ 3243903.288981171324849, 2185918.374690695665777 ], [ 3243933.193077600561082, 2185917.754105762578547 ], [ 3243961.987390365451574, 2185917.175309075973928 ], [ 3244010.380785500630736, 2185992.420608771964908 ], [ 3244065.241943665780127, 2185953.428679456934333 ], [ 3244081.199201362207532, 2185955.446896910201758 ], [ 3244125.360147315077484, 2185961.024411408696324 ], [ 3244130.695108596701175, 2185923.900651132687926 ], [ 3244102.626778325997293, 2185899.109424669295549 ], [ 3244085.782472329679877, 2185884.239326839335263 ], [ 3244062.972769218496978, 2185827.132881892845035 ], [ 3244086.213944244198501, 2185802.71690132515505 ], [ 3244127.930568125098944, 2185822.579744266346097 ], [ 3244172.133311490528286, 2185857.843623509630561 ], [ 3244197.3495013108477, 2185864.02328373119235 ] ] ], [ [ [ 3243093.815785232465714, 2189961.286367852706462 ], [ 3243069.935939999762923, 2189951.619810603559017 ], [ 3243069.935939999762923, 2190344.334127376321703 ], [ 3243093.834693898446858, 2190384.668086989782751 ], [ 3243149.652466165367514, 2190421.825493053998798 ], [ 3243200.42255718447268, 2190454.187420729547739 ], [ 3243229.389728704467416, 2190480.261023222468793 ], [ 3243245.387532033026218, 2190494.66046388912946 ], [ 3243271.325840633362532, 2190514.29826729092747 ], [ 3243315.884800254367292, 2190499.406043313909322 ], [ 3243299.407460789196193, 2190476.695858304854482 ], [ 3243323.746305577456951, 2190451.112450884655118 ], [ 3243318.962663144804537, 2190439.153706189244986 ], [ 3243305.029041718691587, 2190436.214855901896954 ], [ 3243282.130405930802226, 2190431.375059767160565 ], [ 3243336.063853284809738, 2190386.417237145826221 ], [ 3243403.084019144531339, 2190396.028572314418852 ], [ 3243511.230435233563185, 2190387.08967108046636 ], [ 3243532.167800716124475, 2190349.306223484687507 ], [ 3243553.916305351536721, 2190334.141503837425262 ], [ 3243495.396363677456975, 2190279.247536579146981 ], [ 3243458.298372408375144, 2190245.753829361870885 ], [ 3243414.609792537987232, 2190181.759938809555024 ], [ 3243315.303832011763006, 2190114.151393656618893 ], [ 3243275.585502730682492, 2190116.092609995044768 ], [ 3243252.642456178087741, 2190106.201548669021577 ], [ 3243234.35724985320121, 2190098.31513490062207 ], [ 3243133.317637261934578, 2189999.358061608392745 ], [ 3243113.002423851750791, 2189979.782092002220452 ], [ 3243093.815785232465714, 2189961.286367852706462 ] ] ], [ [ [ 3244741.195190220605582, 2192257.332084302790463 ], [ 3244780.792482359334826, 2192156.999493683688343 ], [ 3244801.002585414797068, 2192105.798242908902466 ], [ 3244767.334713670425117, 2192052.512720190919936 ], [ 3244633.462418637704104, 2191900.679663537070155 ], [ 3244545.969497193116695, 2191838.599377412348986 ], [ 3244505.158466278575361, 2191811.593482757452875 ], [ 3244453.189705166500062, 2191729.650729368906468 ], [ 3244276.28610482160002, 2191551.200398253742605 ], [ 3244217.992634922266006, 2191510.155750885140151 ], [ 3244158.061415862292051, 2191467.957636758685112 ], [ 3244157.043702880386263, 2191461.657047539949417 ], [ 3244150.778393428772688, 2191460.257625887170434 ], [ 3244145.429236380849034, 2191459.063124328386039 ], [ 3244080.646100237499923, 2191405.049974072724581 ], [ 3244040.730534360744059, 2191348.020367369987071 ], [ 3243986.665931361261755, 2191352.133295422419906 ], [ 3243941.357067655306309, 2191336.051868868991733 ], [ 3243894.059095919132233, 2191316.51612149970606 ], [ 3243809.773717020638287, 2191281.706044930033386 ], [ 3243782.721213889308274, 2191246.436774940695614 ], [ 3243772.360969178378582, 2191227.666040735784918 ], [ 3243752.526458580512553, 2191191.713579516857862 ], [ 3243723.726338210515678, 2191182.511181225068867 ], [ 3243720.152157075237483, 2191181.371576270088553 ], [ 3243643.140772866085172, 2191192.160358771216124 ], [ 3243617.306123648770154, 2191214.010702309198678 ], [ 3243622.009110311511904, 2191227.605735553428531 ], [ 3243627.314662770368159, 2191242.920393663458526 ], [ 3243638.199097752571106, 2191269.020807520020753 ], [ 3243685.941872611641884, 2191275.349488081410527 ], [ 3243725.556461175903678, 2191305.757541917264462 ], [ 3243740.843397769145668, 2191333.978206714149565 ], [ 3243757.89209416275844, 2191365.439491251017898 ], [ 3243840.773348505608737, 2191473.622723306994885 ], [ 3243872.433623544406146, 2191537.417256673797965 ], [ 3243918.252167648635805, 2191581.411689608823508 ], [ 3243955.899819365702569, 2191616.168172078672796 ], [ 3243987.980703983921558, 2191682.565814880188555 ], [ 3243997.335959694813937, 2191704.665225520730019 ], [ 3244007.418626211583614, 2191728.503009473904967 ], [ 3244045.192138963378966, 2191780.564022414851934 ], [ 3244095.618625074159354, 2191853.083805441856384 ], [ 3244111.065598485525697, 2191886.001106921583414 ], [ 3244122.690251127816737, 2191910.775980083271861 ], [ 3244161.414295917376876, 2191933.219017159659415 ], [ 3244242.077879045624286, 2191987.266068329103291 ], [ 3244303.96846110234037, 2192046.995857986621559 ], [ 3244340.760518318973482, 2192067.971899434458464 ], [ 3244374.232139060739428, 2192087.054311448708177 ], [ 3244433.630381088238209, 2192088.062248225789517 ], [ 3244431.200649423524737, 2192129.445763858966529 ], [ 3244445.069683078676462, 2192158.877481530420482 ], [ 3244525.552696955390275, 2192219.911314012017101 ], [ 3244545.624009106773883, 2192234.957913988735527 ], [ 3244546.023997373413295, 2192235.486196864861995 ], [ 3244548.069185661617666, 2192238.596209837123752 ], [ 3244549.788617599755526, 2192241.76313517941162 ], [ 3244550.882277604192495, 2192244.19790294021368 ], [ 3244551.262542601674795, 2192245.04392128251493 ], [ 3244552.4712178776972, 2192248.442017376888543 ], [ 3244553.419736489653587, 2192251.926118542440236 ], [ 3244554.104912881273776, 2192255.476504593156278 ], [ 3244554.50222587864846, 2192259.067044445313513 ], [ 3244554.629825531505048, 2192262.684428801294416 ], [ 3244554.473062071017921, 2192266.300801989156753 ], [ 3244554.040214123670012, 2192269.904579292051494 ], [ 3244553.326503319200128, 2192273.466180441901088 ], [ 3244552.348486890085042, 2192276.96243602456525 ], [ 3244551.114443448372185, 2192280.381761342752725 ], [ 3244549.992112190462649, 2192282.858977330848575 ], [ 3244549.609723199158907, 2192283.696300731506199 ], [ 3244548.889504169579595, 2192285.018457869067788 ], [ 3244547.862347559072077, 2192286.891020263545215 ], [ 3244546.876564314123243, 2192288.391372797079384 ], [ 3244545.869130922481418, 2192289.946199755650014 ], [ 3244543.656501893885434, 2192292.836945165880024 ], [ 3244542.211541364900768, 2192294.447935406584293 ], [ 3244541.23273906018585, 2192295.551671796478331 ], [ 3244531.770745954476297, 2192300.753200087230653 ], [ 3244495.323328383732587, 2192357.184267098084092 ], [ 3244531.216673623770475, 2192365.684973067138344 ], [ 3244561.654500473756343, 2192372.898245373740792 ], [ 3244606.685527150519192, 2192378.83941492298618 ], [ 3244680.372221822384745, 2192388.5642478344962 ], [ 3244723.685753153637052, 2192431.060407821089029 ], [ 3244782.37596658244729, 2192498.182997946627438 ], [ 3244787.596272596158087, 2192558.709588538855314 ], [ 3244753.8096804022789, 2192602.519772899337113 ], [ 3244734.850420811213553, 2192627.092313831206411 ], [ 3244726.47721754014492, 2192637.274201705120504 ], [ 3244727.357157417573035, 2192638.76288974750787 ], [ 3244773.475814191624522, 2192738.770817393437028 ], [ 3244769.899492918979377, 2192752.697218610905111 ], [ 3244766.323176166974008, 2192766.623621859122068 ], [ 3244737.340239801444113, 2192794.741944684181362 ], [ 3244715.966447252780199, 2192815.48841266753152 ], [ 3244702.696577715687454, 2192841.287371900863945 ], [ 3244692.04622367490083, 2192885.060343719087541 ], [ 3244686.675147409085184, 2192961.448922883253545 ], [ 3244679.692759325262159, 2192998.396676149684936 ], [ 3244676.112131093628705, 2193017.322137583047152 ], [ 3244671.066646813414991, 2193051.934241869021207 ], [ 3244665.937801689840853, 2193087.098262474872172 ], [ 3244694.757845899555832, 2193121.177146126516163 ], [ 3244719.623748762533069, 2193116.832752131856978 ], [ 3244739.1986179407686, 2193113.41277969814837 ], [ 3244741.025845452677459, 2193105.874969336204231 ], [ 3244752.622717628721148, 2193057.972418484278023 ], [ 3244764.932839312590659, 2193012.976678991690278 ], [ 3244786.319002280943096, 2192937.521061608102173 ], [ 3244802.311408701818436, 2192880.699401677120477 ], [ 3244820.948398421052843, 2192840.184692242648453 ], [ 3244856.342280243057758, 2192832.713534441776574 ], [ 3244897.595938015729189, 2192824.005759131163359 ], [ 3244906.083194257225841, 2192828.352565204259008 ], [ 3244921.995367763563991, 2192836.501812224276364 ], [ 3244936.513591023162007, 2192842.43096188781783 ], [ 3244945.956757750362158, 2192846.286341039463878 ], [ 3244966.527810702100396, 2192811.962983178906143 ], [ 3244973.539352185092866, 2192801.583062369842082 ], [ 3244967.575343448668718, 2192787.660729408729821 ], [ 3244961.120866029057652, 2192772.587200693786144 ], [ 3244941.339572505094111, 2192721.387006210628897 ], [ 3244918.046626115217805, 2192661.077616586349905 ], [ 3244868.290672696661204, 2192508.204941803589463 ], [ 3244791.159056103788316, 2192369.20917331147939 ], [ 3244697.09788384847343, 2192294.619851699098945 ], [ 3244741.195190220605582, 2192257.332084302790463 ] ] ], [ [ [ 3250752.471717974171042, 2195555.570514929480851 ], [ 3250743.633748239837587, 2195514.188504930585623 ], [ 3250681.018879659473896, 2195512.246178400237113 ], [ 3250632.012184485793114, 2195501.490001990925521 ], [ 3250624.985430702567101, 2195497.891164124943316 ], [ 3250623.459066685289145, 2195497.113448886200786 ], [ 3250594.530752785038203, 2195482.283635373227298 ], [ 3250566.362492369487882, 2195480.764403717126697 ], [ 3250559.562387912999839, 2195493.833792790770531 ], [ 3250556.524341483134776, 2195499.65643110871315 ], [ 3250561.398551913443953, 2195539.561008569318801 ], [ 3250563.198462564498186, 2195554.281716565135866 ], [ 3250525.121008584275842, 2195584.532400270458311 ], [ 3250525.941175903659314, 2195595.199159999843687 ], [ 3250756.944306310731918, 2195595.199159999843687 ], [ 3250752.471717974171042, 2195555.570514929480851 ] ] ], [ [ [ 3253071.242122044786811, 2185684.968017664272338 ], [ 3253023.627794686239213, 2185638.626260831020772 ], [ 3252977.21776339598, 2185588.425067277159542 ], [ 3252971.160851540975273, 2185562.152234360110015 ], [ 3253013.803427886217833, 2185543.784574514720589 ], [ 3253013.232112485915422, 2185483.761233600322157 ], [ 3252975.238795684184879, 2185463.070503891445696 ], [ 3252945.82314134016633, 2185439.048431892879307 ], [ 3252949.933196759782732, 2185413.819898351095617 ], [ 3252952.23809749353677, 2185399.671889405697584 ], [ 3252986.976719386875629, 2185366.291650020517409 ], [ 3252947.680008914321661, 2185312.112443233840168 ], [ 3252910.298588062170893, 2185300.874231732916087 ], [ 3252876.471137291751802, 2185328.641786430496722 ], [ 3252861.672983039170504, 2185328.587999725714326 ], [ 3252838.139313025400043, 2185328.497208788525313 ], [ 3252811.603971105068922, 2185316.72509713191539 ], [ 3252806.667104817461222, 2185298.964635834563524 ], [ 3252801.825422763824463, 2185281.542367239482701 ], [ 3252780.4081188775599, 2185267.518941606394947 ], [ 3252741.815891139674932, 2185274.252241288311779 ], [ 3252732.262928361073136, 2185296.699992735404521 ], [ 3252722.964828745927662, 2185318.525473251473159 ], [ 3252684.551705249585211, 2185334.796998661011457 ], [ 3252652.229692692868412, 2185329.498477580491453 ], [ 3252608.277080486528575, 2185303.01530100684613 ], [ 3252608.213720174040645, 2185295.200522230006754 ], [ 3252608.172115153167397, 2185289.155938850250095 ], [ 3252565.148131930269301, 2185314.280894962605089 ], [ 3252517.914602112956345, 2185350.682971373200417 ], [ 3252515.487489382270724, 2185346.210230693686754 ], [ 3252512.557314139790833, 2185340.82169081736356 ], [ 3252400.429189337417483, 2185441.117803438100964 ], [ 3252381.848608884960413, 2185457.62927835341543 ], [ 3252261.087532289326191, 2185564.93678603740409 ], [ 3252224.37500430829823, 2185611.242442429531366 ], [ 3252217.491348591633141, 2185617.208014441188425 ], [ 3252224.822265771217644, 2185637.662914513144642 ], [ 3252227.538529694080353, 2185645.247996794525534 ], [ 3252288.491431874688715, 2185688.511741996277124 ], [ 3252296.282242630142719, 2185689.362249041907489 ], [ 3252318.530828842893243, 2185691.805757691152394 ], [ 3252426.842762485612184, 2185761.525881549343467 ], [ 3252475.213278097566217, 2185872.177241983357817 ], [ 3252503.621010590344667, 2185911.337441394571215 ], [ 3252514.445222671143711, 2185926.266331561841071 ], [ 3252571.161587969399989, 2185985.607033517211676 ], [ 3252597.545243772678077, 2185995.621308186091483 ], [ 3252625.259390492923558, 2186006.143458248116076 ], [ 3252586.515178509987891, 2186071.871547148097306 ], [ 3252600.781599262263626, 2186108.379967708140612 ], [ 3252606.713902010582387, 2186123.564346076454967 ], [ 3252630.432927438989282, 2186172.66617688536644 ], [ 3252622.743032713420689, 2186235.145252158399671 ], [ 3252604.517913645133376, 2186293.542501712217927 ], [ 3252575.837131960317492, 2186336.024092638865113 ], [ 3252577.066348277963698, 2186404.833777214866132 ], [ 3252614.610394534654915, 2186441.670038497075438 ], [ 3252651.958966358564794, 2186452.893312599509954 ], [ 3252704.322546145878732, 2186410.232927846722305 ], [ 3252731.834977244958282, 2186348.248579386156052 ], [ 3252753.898687559179962, 2186340.049979513511062 ], [ 3252811.941317929886281, 2186318.48783060349524 ], [ 3252825.194227449595928, 2186339.470665549859405 ], [ 3252841.117342703044415, 2186364.670977134723216 ], [ 3252854.769340735394508, 2186366.931784174405038 ], [ 3252881.698831619694829, 2186371.397105732001364 ], [ 3252902.575019724667072, 2186415.085078040137887 ], [ 3252950.21835830854252, 2186416.635729843284935 ], [ 3253011.926247838884592, 2186358.53858467657119 ], [ 3253041.299047177657485, 2186341.664725742302835 ], [ 3253066.147161929868162, 2186327.384757788851857 ], [ 3253073.46026822924614, 2186274.835085942409933 ], [ 3253114.10768086835742, 2186208.572620425373316 ], [ 3253100.236850829795003, 2186171.559259463101625 ], [ 3253132.601303576957434, 2186144.290004370734096 ], [ 3253105.995474372990429, 2186092.45806478895247 ], [ 3253086.661848658695817, 2186006.563744925893843 ], [ 3253071.270057626068592, 2185956.414529438130558 ], [ 3253140.804537757765502, 2185991.653434118255973 ], [ 3253168.217034158762544, 2186003.262449419125915 ], [ 3253207.427190431393683, 2185963.627871592063457 ], [ 3253205.140144221950322, 2185892.975927079096437 ], [ 3253175.214897003956139, 2185854.475659483112395 ], [ 3253164.573383875656873, 2185799.858509856276214 ], [ 3253193.079232279211283, 2185773.019412339664996 ], [ 3253157.770893522538245, 2185746.38613011687994 ], [ 3253071.242122044786811, 2185684.968017664272338 ] ] ], [ [ [ 3253376.44825862115249, 2191469.754979338496923 ], [ 3253339.240391006693244, 2191398.999737 ], [ 3253303.446030394174159, 2191313.551744217053056 ], [ 3253268.193951821886003, 2191278.352540425956249 ], [ 3253222.634459649212658, 2191209.054904518648982 ], [ 3253201.672652390785515, 2191159.075038046576083 ], [ 3253190.683244698680937, 2191064.432214980013669 ], [ 3253145.787583037279546, 2190999.307025334332138 ], [ 3253128.735226429998875, 2190933.621044166851789 ], [ 3253114.575958110392094, 2190918.097867043223232 ], [ 3253100.022769934032112, 2190902.146696995478123 ], [ 3253084.454941277392209, 2190952.074349211528897 ], [ 3253071.933213041163981, 2190977.870100195519626 ], [ 3253065.108195702079684, 2190991.92581640323624 ], [ 3253030.795032130554318, 2191032.250233155209571 ], [ 3253015.22737190220505, 2191082.177980267442763 ], [ 3252983.474960870109499, 2191098.445077064447105 ], [ 3252970.72883240506053, 2191124.107745640445501 ], [ 3252954.2879330473952, 2191157.187187701463699 ], [ 3252975.995678834617138, 2191198.460428880061954 ], [ 3253000.032707284204662, 2191230.649355165660381 ], [ 3253017.112537704408169, 2191253.509346820414066 ], [ 3253047.509703076444566, 2191295.415289989672601 ], [ 3253051.004001508466899, 2191357.658794748596847 ], [ 3253075.283860788680613, 2191374.254239025525749 ], [ 3253087.954962565563619, 2191412.806286225095391 ], [ 3253040.360373397357762, 2191464.035474834963679 ], [ 3253034.971041208133101, 2191497.163090821355581 ], [ 3253039.618124149739742, 2191539.264750821515918 ], [ 3253063.81741707213223, 2191569.377606285270303 ], [ 3253096.040829141158611, 2191595.940878301858902 ], [ 3253094.358365488238633, 2191652.022057023830712 ], [ 3253097.925364735536277, 2191700.759818360209465 ], [ 3253121.520293170586228, 2191713.804971319623291 ], [ 3253151.782382685691118, 2191714.960896003525704 ], [ 3253160.613126765936613, 2191689.819233806338161 ], [ 3253181.583050900138915, 2191673.284649101085961 ], [ 3253199.578961484134197, 2191640.156753615941852 ], [ 3253204.765967613551766, 2191630.604083446785808 ], [ 3253204.96826845780015, 2191591.944327239412814 ], [ 3253204.159525698982179, 2191547.023630143608898 ], [ 3253200.185987728647888, 2191509.092679374851286 ], [ 3253257.003554538358003, 2191488.451190270483494 ], [ 3253312.14835346955806, 2191523.889102339744568 ], [ 3253330.344053786247969, 2191570.063605317380279 ], [ 3253308.639664077199996, 2191595.312839103396982 ], [ 3253291.784719804301858, 2191624.003990158438683 ], [ 3253249.723107397556305, 2191682.843916730023921 ], [ 3253256.800738833379, 2191726.670592034701258 ], [ 3253294.886328593827784, 2191762.946646034251899 ], [ 3253307.965914728119969, 2191790.701852111611515 ], [ 3253304.806540230289102, 2191804.827561552636325 ], [ 3253300.483863527886569, 2191824.194715198129416 ], [ 3253258.756120722740889, 2191818.60233528772369 ], [ 3253253.735067274421453, 2191828.805281609296799 ], [ 3253242.584752971306443, 2191851.462537142913789 ], [ 3253271.839744784869254, 2191912.880244641564786 ], [ 3253268.402268789708614, 2191971.416995854582638 ], [ 3253294.684759104158729, 2192001.16638046130538 ], [ 3253312.292486032471061, 2192015.540353201795369 ], [ 3253329.33718635328114, 2192029.444881543517113 ], [ 3253358.705354447476566, 2192028.962497864384204 ], [ 3253370.043919016607106, 2192028.778023609425873 ], [ 3253398.437409164384007, 2192048.092309231404215 ], [ 3253432.806405803654343, 2192071.473136005923152 ], [ 3253442.755294089205563, 2192081.161996802315116 ], [ 3253451.354884777218103, 2192089.535276387818158 ], [ 3253453.183360000606626, 2192091.314116622786969 ], [ 3253453.183360000606626, 2191492.181184296961874 ], [ 3253376.44825862115249, 2191469.754979338496923 ] ] ] ] } },
{ "type": "Feature", "properties": { "CODE_18": "321", "Uso": "Pastizales naturales", "color": "#CCF24D" }, "geometry": { "type": "MultiPolygon", "coordinates": [ [ [ [ 3249356.06610240181908, 2183847.48777278047055 ], [ 3249308.005991197191179, 2183867.320674733258784 ], [ 3249286.555150618776679, 2183876.173691325355321 ], [ 3249218.875524981878698, 2183891.990238418802619 ], [ 3249192.993050383403897, 2183898.038339740596712 ], [ 3249133.977961462922394, 2183927.731070891488343 ], [ 3249159.299778085201979, 2183981.489051793701947 ], [ 3249200.812567859422415, 2184032.421145419590175 ], [ 3249300.800398285500705, 2184067.612415567040443 ], [ 3249366.337086888030171, 2184078.334052302874625 ], [ 3249371.532093637622893, 2184096.059571224264801 ], [ 3249378.694971568882465, 2184120.507280786521733 ], [ 3249418.292150402441621, 2184108.05122932465747 ], [ 3249477.393141177017242, 2184061.718735457863659 ], [ 3249517.899795901961625, 2184050.117785171605647 ], [ 3249484.699170612730086, 2184124.166150009259582 ], [ 3249468.58757902495563, 2184196.235630603507161 ], [ 3249502.632075366564095, 2184168.681242228019983 ], [ 3249536.962296681012958, 2184140.884423397947103 ], [ 3249562.517624024301767, 2184120.731860521715134 ], [ 3249591.315242526121438, 2184098.026557939127088 ], [ 3249618.415793971158564, 2184065.622188815381378 ], [ 3249642.784821755252779, 2184036.482310071587563 ], [ 3249677.212252595461905, 2184079.487170655280352 ], [ 3249832.263828662224114, 2184404.25873870914802 ], [ 3249888.05999255226925, 2184303.103540016338229 ], [ 3249899.332200453616679, 2184283.761106051038951 ], [ 3249940.205029334872961, 2184213.665737180970609 ], [ 3249986.776528377085924, 2184158.440647535026073 ], [ 3250028.485025970265269, 2184004.32473992370069 ], [ 3250069.067025147378445, 2183834.166073380969465 ], [ 3250069.847394409589469, 2183830.887371581979096 ], [ 3250026.766543759033084, 2183820.057439764030278 ], [ 3249991.780753028579056, 2183811.271578672342002 ], [ 3249947.485293750651181, 2183777.439597873017192 ], [ 3249842.96875262260437, 2183748.592621511779726 ], [ 3249798.948266207240522, 2183746.219024289399385 ], [ 3249770.204976729117334, 2183744.666449790820479 ], [ 3249718.076267812401056, 2183748.219015394337475 ], [ 3249666.785298419184983, 2183743.627206144388765 ], [ 3249602.671606699470431, 2183737.887508718296885 ], [ 3249579.689443301409483, 2183758.827550825662911 ], [ 3249568.812918295152485, 2183768.734151170123369 ], [ 3249470.198550055734813, 2183810.872340322937816 ], [ 3249406.522993267979473, 2183846.659494751133025 ], [ 3249356.06610240181908, 2183847.48777278047055 ] ] ], [ [ [ 3250960.065874228719622, 2186116.054879503324628 ], [ 3250928.242700458038598, 2186135.983310332521796 ], [ 3250916.999418795108795, 2186116.69769747601822 ], [ 3250962.540768217295408, 2186088.74899610504508 ], [ 3250951.591284377966076, 2186032.542785241268575 ], [ 3250941.779884233139455, 2185987.349819105584174 ], [ 3250970.837724132463336, 2185953.934887010138482 ], [ 3250984.500953565351665, 2185929.096358324401081 ], [ 3250999.373147655278444, 2185925.39596042688936 ], [ 3251006.117052175570279, 2185923.722316859755665 ], [ 3251038.416617693379521, 2185890.015449565835297 ], [ 3251037.357400757260621, 2185868.547094449400902 ], [ 3251022.815985610708594, 2185866.938641185406595 ], [ 3251012.017085207160562, 2185865.751617298461497 ], [ 3251008.031364205293357, 2185861.307590192183852 ], [ 3251005.161720600910485, 2185858.118420403916389 ], [ 3251025.806243696250021, 2185767.102035116869956 ], [ 3251029.955794588662684, 2185689.101596326101571 ], [ 3251054.441204320639372, 2185607.856488628312945 ], [ 3251151.886069522239268, 2185424.702242345549166 ], [ 3251232.186954799573869, 2185484.640128703787923 ], [ 3251242.607130849268287, 2185492.411542820278555 ], [ 3251253.776454581879079, 2185484.886955414898694 ], [ 3251379.912626166827977, 2185399.883019994013011 ], [ 3251407.890492349863052, 2185381.031758412718773 ], [ 3251415.552353695034981, 2185375.862889604642987 ], [ 3251523.621163845062256, 2185265.009932511486113 ], [ 3251491.431398136541247, 2185252.542299351189286 ], [ 3251483.516034490428865, 2185249.473306208383292 ], [ 3251477.521795143373311, 2185228.998081254772842 ], [ 3251470.95423854328692, 2185206.605605815537274 ], [ 3251436.457203042693436, 2185167.57574019394815 ], [ 3251434.815087358467281, 2185134.064974354580045 ], [ 3251452.388904029503465, 2185091.564799532294273 ], [ 3251444.622773149050772, 2185068.600933614186943 ], [ 3251438.000797044485807, 2185049.015834213234484 ], [ 3251437.03637224342674, 2185036.938440039753914 ], [ 3251434.296683914028108, 2185002.727169211022556 ], [ 3251406.103398718871176, 2184979.485839768312871 ], [ 3251340.214287094771862, 2185002.245823293924332 ], [ 3251278.341008567716926, 2185014.918134005740285 ], [ 3251212.100544600747526, 2185047.136801678221673 ], [ 3251200.004455267917365, 2185088.671091224066913 ], [ 3251178.303309173788875, 2185105.595816659275442 ], [ 3251139.546027405187488, 2185121.746185078751296 ], [ 3251111.3470917949453, 2185156.713694063480943 ], [ 3251102.814062295947224, 2185157.868234809488058 ], [ 3251093.02913632709533, 2185159.190555473789573 ], [ 3251063.516402409411967, 2185163.185094442684203 ], [ 3251031.721739836968482, 2185187.507603685837239 ], [ 3251008.884903030004352, 2185244.064377393573523 ], [ 3250985.820674880407751, 2185287.512925108894706 ], [ 3250996.487724754493684, 2185341.973792994394898 ], [ 3251000.145125102251768, 2185399.543465465307236 ], [ 3250990.091658746358007, 2185418.825169863644987 ], [ 3250974.303067043423653, 2185449.113175974227488 ], [ 3250973.17064791964367, 2185546.942516796290874 ], [ 3250957.480806935578585, 2185577.841860179789364 ], [ 3250942.364907138980925, 2185670.599948497023433 ], [ 3250925.84246719814837, 2185742.943863256368786 ], [ 3250898.76479169819504, 2185796.490431733429432 ], [ 3250872.631969339214265, 2185857.21155953174457 ], [ 3250867.317181474994868, 2185869.563798688817769 ], [ 3250839.649315102957189, 2185919.452578553929925 ], [ 3250842.062312223017216, 2185985.785518660675734 ], [ 3250842.21155115403235, 2185990.16919613070786 ], [ 3250842.425291569903493, 2185996.021661918610334 ], [ 3250838.345169575884938, 2186012.061314041726291 ], [ 3250835.521648340858519, 2186012.554074839223176 ], [ 3250811.729042170569301, 2186016.706366474274546 ], [ 3250793.039488194976002, 2186004.427601032890379 ], [ 3250752.277432215865701, 2185992.179200088605285 ], [ 3250708.723934728186578, 2185984.584425749257207 ], [ 3250702.719465840607882, 2185983.544055716134608 ], [ 3250701.454267664346844, 2186038.029862356372178 ], [ 3250714.174327694810927, 2186066.150887549389154 ], [ 3250706.071113169193268, 2186095.564343736041337 ], [ 3250697.558156418148428, 2186107.471215476747602 ], [ 3250689.865031075198203, 2186118.231416802853346 ], [ 3250692.82017314620316, 2186136.540673653129488 ], [ 3250695.544574446976185, 2186153.420291387476027 ], [ 3250692.130045293830335, 2186190.186176632530987 ], [ 3250717.862165589816868, 2186201.195261889602989 ], [ 3250741.549441480543464, 2186235.948036921676248 ], [ 3250755.854457046370953, 2186275.460547836497426 ], [ 3250796.314983098767698, 2186304.204263832420111 ], [ 3250805.854458353016526, 2186310.983795390464365 ], [ 3250795.970090817660093, 2186287.162785849533975 ], [ 3250789.197018166072667, 2186270.857959306798875 ], [ 3250768.135813308879733, 2186248.916615034453571 ], [ 3250758.958955773152411, 2186106.781160849146545 ], [ 3250777.937270170077682, 2186100.346731619443744 ], [ 3250800.652041720692068, 2186097.629398818127811 ], [ 3250828.913689089938998, 2186214.557749511674047 ], [ 3250838.719167434144765, 2186233.739487664308399 ], [ 3250844.458985992241651, 2186244.963368226308376 ], [ 3250898.667319567874074, 2186228.011383011937141 ], [ 3250895.686599756591022, 2186217.279164240695536 ], [ 3250931.960843714419752, 2186217.193156908266246 ], [ 3250991.338674659375101, 2186181.831999108660966 ], [ 3250986.939640276134014, 2186170.11055744253099 ], [ 3251013.773735202848911, 2186154.175125944428146 ], [ 3251024.377407155930996, 2186142.329227557405829 ], [ 3250993.407974619418383, 2186117.109168817289174 ], [ 3250989.147401060909033, 2186119.200974532403052 ], [ 3250983.551775746047497, 2186121.951537609100342 ], [ 3250960.065874228719622, 2186116.054879503324628 ] ] ], [ [ [ 3243646.979846188332886, 2187736.206026622559875 ], [ 3243646.140509799588472, 2187732.642134296707809 ], [ 3243645.587454737629741, 2187729.028232796117663 ], [ 3243645.310809263028204, 2187725.366046582348645 ], [ 3243645.328405135311186, 2187721.703150774817914 ], [ 3243645.630370612256229, 2187718.04126986535266 ], [ 3243646.210017933510244, 2187714.401848148088902 ], [ 3243647.063843318261206, 2187710.826049746479839 ], [ 3243648.203310530632734, 2187707.322010157629848 ], [ 3243649.613452019169927, 2187703.922758047934622 ], [ 3243651.274524253793061, 2187700.631742350291461 ], [ 3243653.189711211249232, 2187697.468682928010821 ], [ 3243655.890342469327152, 2187687.163055200595409 ], [ 3243615.136377394199371, 2187700.233199245296419 ], [ 3243576.216631560586393, 2187658.278253633994609 ], [ 3243560.539606295526028, 2187634.860755095258355 ], [ 3243537.689796879887581, 2187632.901305664330721 ], [ 3243531.812514065764844, 2187597.066189177334309 ], [ 3243481.014441202394664, 2187601.175111637916416 ], [ 3243454.032545127905905, 2187598.518197648227215 ], [ 3243426.855129770003259, 2187595.844761908054352 ], [ 3243411.533981753978878, 2187592.610738437157124 ], [ 3243393.551632133312523, 2187574.96913278568536 ], [ 3243378.041934783570468, 2187559.754504960495979 ], [ 3243415.862018677406013, 2187497.834757516626269 ], [ 3243368.920938387513161, 2187451.461945150978863 ], [ 3243360.021679244935513, 2187358.875057780183852 ], [ 3243353.888842760585248, 2187289.771190678700805 ], [ 3243345.702976616099477, 2187235.04683675756678 ], [ 3243329.554375061765313, 2187236.306548318825662 ], [ 3243303.553764305077493, 2187238.344463006593287 ], [ 3243245.567323320079595, 2187245.899009158834815 ], [ 3243217.603801805991679, 2187249.547121124342084 ], [ 3243175.830883057788014, 2187203.498310923576355 ], [ 3243175.719476715661585, 2187201.865279078483582 ], [ 3243172.960096750408411, 2187162.079200270585716 ], [ 3243081.990708386525512, 2187189.406442560255527 ], [ 3243069.935939999762923, 2187187.028047379106283 ], [ 3243069.935939999762923, 2187737.117482522502542 ], [ 3243106.632862759754062, 2187688.292362526059151 ], [ 3243132.725010523106903, 2187672.866174687165767 ], [ 3243164.829109674785286, 2187653.875515218358487 ], [ 3243240.723867077380419, 2187616.356824740767479 ], [ 3243264.078661329112947, 2187605.099182986654341 ], [ 3243288.582098527811468, 2187593.286067413631827 ], [ 3243319.581841726787388, 2187578.330792873632163 ], [ 3243381.71587838139385, 2187611.049770780839026 ], [ 3243421.589457777794451, 2187633.200653797015548 ], [ 3243518.364192735869437, 2187686.967318906914443 ], [ 3243587.124351494014263, 2187724.388748606201261 ], [ 3243600.93156522186473, 2187730.756331773940474 ], [ 3243636.630217992700636, 2187747.229415320791304 ], [ 3243660.835440003778785, 2187758.400747017934918 ], [ 3243660.071191574446857, 2187757.753623270895332 ], [ 3243657.502370427362621, 2187755.171093679964542 ], [ 3243655.146591647062451, 2187752.399278515018523 ], [ 3243654.518323227763176, 2187751.525640781037509 ], [ 3243653.013727018609643, 2187749.43645329400897 ], [ 3243651.120016326196492, 2187746.320333217270672 ], [ 3243649.478515353053808, 2187743.068913637194782 ], [ 3243648.099095888435841, 2187739.680470095481724 ], [ 3243646.979846188332886, 2187736.206026622559875 ] ] ], [ [ [ 3246538.956115218810737, 2187889.094945322256535 ], [ 3246527.202375401742756, 2187883.878657897934318 ], [ 3246499.049088811501861, 2187855.107056804932654 ], [ 3246482.821146111469716, 2187824.252972757443786 ], [ 3246454.507105011027306, 2187794.485544006340206 ], [ 3246432.249584904871881, 2187808.581101944670081 ], [ 3246430.670771015807986, 2187807.163793868385255 ], [ 3246430.651003659237176, 2187807.795789850875735 ], [ 3246440.989249732345343, 2187821.156598881352693 ], [ 3246402.47117492556572, 2187843.049128062557429 ], [ 3246375.058643157128245, 2187839.675226879771799 ], [ 3246363.739322012290359, 2187798.485110061243176 ], [ 3246341.670733201317489, 2187784.830944288056344 ], [ 3246259.174745512194932, 2187787.568668447434902 ], [ 3246250.6817646920681, 2187804.309232429601252 ], [ 3246239.685614628717303, 2187825.977992950007319 ], [ 3246221.456926764454693, 2187837.616265255026519 ], [ 3246219.561800836585462, 2187838.829207753762603 ], [ 3246199.987199380993843, 2187855.082076038699597 ], [ 3246185.556001904420555, 2187830.767416574526578 ], [ 3246160.26466697268188, 2187818.841962099075317 ], [ 3246142.950097267981619, 2187763.654273832216859 ], [ 3246109.765871856827289, 2187730.378197942860425 ], [ 3246129.046306015923619, 2187704.444385341368616 ], [ 3246125.335139760281891, 2187686.864680431783199 ], [ 3246097.110724372789264, 2187646.649912528228015 ], [ 3246103.736519595608115, 2187617.715211137197912 ], [ 3246076.475971933454275, 2187556.498934682458639 ], [ 3246036.845872739329934, 2187569.492244571447372 ], [ 3246011.546813734807074, 2187536.582903552800417 ], [ 3245996.84820459317416, 2187520.922003375831991 ], [ 3245983.595830135978758, 2187524.969897333998233 ], [ 3245966.747186646796763, 2187490.584834428504109 ], [ 3245964.330798188224435, 2187459.711398731451482 ], [ 3245958.48426450509578, 2187455.562125116586685 ], [ 3245910.958991586230695, 2187419.589902830310166 ], [ 3245940.355560198426247, 2187397.090161619707942 ], [ 3245927.171128605492413, 2187368.299977017566562 ], [ 3245913.494437053333968, 2187338.409640891943127 ], [ 3245894.26714263157919, 2187353.922627945896238 ], [ 3245880.542490344494581, 2187358.063142920378596 ], [ 3245866.914968091994524, 2187362.176562371198088 ], [ 3245848.567257326096296, 2187332.777548760175705 ], [ 3245842.625747655052692, 2187323.26169550511986 ], [ 3245778.586338753812015, 2187334.445340753998607 ], [ 3245758.093354446813464, 2187237.436854925006628 ], [ 3245898.38352301903069, 2187133.274467408657074 ], [ 3245923.493810134939849, 2187264.228841873351485 ], [ 3245943.141857098788023, 2187268.988965867552906 ], [ 3245950.297571059316397, 2187272.068175573367625 ], [ 3245961.815943411085755, 2187277.021346440073103 ], [ 3245969.534805329982191, 2187284.280362011864781 ], [ 3245981.284099799580872, 2187295.316435747314245 ], [ 3245982.746158068533987, 2187293.935817143879831 ], [ 3245999.390250460710377, 2187278.265734824351966 ], [ 3246010.447439158335328, 2187277.784495209343731 ], [ 3246019.247142902575433, 2187277.403491501230747 ], [ 3246070.163049519993365, 2187267.670533086173236 ], [ 3246131.671538350172341, 2187217.16893559647724 ], [ 3246122.730834293179214, 2187182.284952718298882 ], [ 3246077.642420024611056, 2187193.220331221353263 ], [ 3246057.81398240569979, 2187198.03130213636905 ], [ 3246045.216192185878754, 2187150.302716853097081 ], [ 3246032.185114207677543, 2187100.895978113636374 ], [ 3246089.90522098261863, 2187088.606308799702674 ], [ 3246077.389445048756897, 2187052.136634462978691 ], [ 3246053.344204449560493, 2187060.755697963293642 ], [ 3246030.510124060790986, 2187029.281304520554841 ], [ 3246050.933836260344833, 2187016.965837389696389 ], [ 3246114.34593356307596, 2186980.517492535989732 ], [ 3246147.630693952552974, 2186959.843135560397059 ], [ 3246152.741654117126018, 2186956.669633727520704 ], [ 3246184.861188024748117, 2186936.888163088820875 ], [ 3246206.079841713421047, 2186924.089297124184668 ], [ 3246238.683768105693161, 2186904.415912286378443 ], [ 3246266.187207812443376, 2186888.735371121671051 ], [ 3246285.671809094492346, 2186872.488405820913613 ], [ 3246286.67914795409888, 2186870.994596796110272 ], [ 3246293.946132451761514, 2186860.1758773913607 ], [ 3246294.388495487160981, 2186859.520780425518751 ], [ 3246295.839476849883795, 2186851.532321450300515 ], [ 3246297.376803247258067, 2186842.758318453095853 ], [ 3246297.737667468842119, 2186824.558915609493852 ], [ 3246293.158189792186022, 2186810.527105724439025 ], [ 3246287.822521731257439, 2186799.92210405273363 ], [ 3246282.864033048041165, 2186792.59668717160821 ], [ 3246270.477686834987253, 2186774.281422411557287 ], [ 3246259.553678158670664, 2186778.165854195132852 ], [ 3246251.640606329310685, 2186759.768961193040013 ], [ 3246249.778333033435047, 2186748.233023811131716 ], [ 3246252.43270699121058, 2186729.967677544802427 ], [ 3246254.3579061627388, 2186721.521321664564312 ], [ 3246255.719306671060622, 2186715.55578156420961 ], [ 3246261.782222920563072, 2186705.515048193745315 ], [ 3246271.082181707024574, 2186690.124059893190861 ], [ 3246272.55735919624567, 2186688.132913559675217 ], [ 3246261.881086729001254, 2186681.228099276311696 ], [ 3246252.213944982737303, 2186674.978362815920264 ], [ 3246242.048497195355594, 2186651.368641424924135 ], [ 3246192.893142129294574, 2186652.01442936854437 ], [ 3246180.080602413974702, 2186641.559372687712312 ], [ 3246182.834344612434506, 2186612.905802561435848 ], [ 3246176.002163861878216, 2186615.477584948763251 ], [ 3246155.443656486924738, 2186615.641025363001972 ], [ 3246139.599805770907551, 2186615.771925771143287 ], [ 3246128.763508131727576, 2186611.774186546914279 ], [ 3246098.68115462269634, 2186600.665012507233769 ], [ 3246061.712922473903745, 2186584.878421055153012 ], [ 3246039.273177349939942, 2186513.402766576036811 ], [ 3246022.054838521406054, 2186530.359012444037944 ], [ 3246016.755518786609173, 2186535.572661463636905 ], [ 3246011.266231639310718, 2186554.322925568092614 ], [ 3246007.511263103224337, 2186567.154040949419141 ], [ 3245986.510684540960938, 2186622.929194936994463 ], [ 3245987.61040423810482, 2186654.01204771688208 ], [ 3246015.482219553086907, 2186656.961072438862175 ], [ 3246030.870405115187168, 2186623.009145077317953 ], [ 3246056.660489806439728, 2186621.110931765753776 ], [ 3246068.725185759365559, 2186655.479657848365605 ], [ 3246024.277870052494109, 2186711.446217482443899 ], [ 3245986.303909065201879, 2186702.445116132497787 ], [ 3245966.825142479036003, 2186711.057445619255304 ], [ 3245949.510851334780455, 2186708.87021112209186 ], [ 3245931.870219864882529, 2186688.502178391907364 ], [ 3245921.885640436783433, 2186658.970852263271809 ], [ 3245882.472748510539532, 2186681.485877219587564 ], [ 3245857.66974260751158, 2186697.546589667443186 ], [ 3245835.337525160051882, 2186697.725920688360929 ], [ 3245818.589638450182974, 2186697.852599192410707 ], [ 3245799.639096854720265, 2186685.529546468984336 ], [ 3245791.33865121146664, 2186658.319653464481235 ], [ 3245776.521608327515423, 2186623.123796885367483 ], [ 3245762.523079109378159, 2186625.568378369323909 ], [ 3245749.877018644474447, 2186627.776780254207551 ], [ 3245750.469510149210691, 2186647.229025998152792 ], [ 3245750.781327316071838, 2186657.586040171328932 ], [ 3245743.994299633894116, 2186661.883562041446567 ], [ 3245738.469012695830315, 2186665.382892893627286 ], [ 3245722.38135536108166, 2186675.572604588232934 ], [ 3245714.393321432173252, 2186688.149520271923393 ], [ 3245704.697939882986248, 2186703.417110579553992 ], [ 3245712.143869113642722, 2186733.381647253874689 ], [ 3245744.83982391981408, 2186742.006637763697654 ], [ 3245751.380104125011712, 2186748.315741511527449 ], [ 3245771.115263663232327, 2186767.38529661949724 ], [ 3245773.440733706578612, 2186806.060256103985012 ], [ 3245761.977936112321913, 2186816.41555558051914 ], [ 3245744.595536636654288, 2186832.103034668602049 ], [ 3245735.869627868290991, 2186839.983253522310406 ], [ 3245702.881053760647774, 2186886.133077197708189 ], [ 3245673.134969843551517, 2186919.987297241576016 ], [ 3245655.940591535530984, 2186940.54869749257341 ], [ 3245650.172193153761327, 2186947.446123700588942 ], [ 3245605.890743684954941, 2186972.119560553692281 ], [ 3245548.05944687128067, 2187001.764806580264121 ], [ 3245529.525691028684378, 2187010.13126075733453 ], [ 3245520.130318895913661, 2187014.367345136590302 ], [ 3245528.563887776341289, 2187025.424827902577817 ], [ 3245554.046101142186671, 2187031.994408566039056 ], [ 3245571.563393172807992, 2187036.50813541887328 ], [ 3245619.236549395136535, 2187018.886200926732272 ], [ 3245656.730318561196327, 2187012.338377291336656 ], [ 3245692.259624079335481, 2187051.277225551195443 ], [ 3245737.551312512718141, 2187076.558770116884261 ], [ 3245741.960850926116109, 2187083.56439045490697 ], [ 3245751.857478127349168, 2187099.283220032695681 ], [ 3245758.287463224958628, 2187156.401935291476548 ], [ 3245734.877545935567468, 2187166.75532528012991 ], [ 3245719.891138932667673, 2187172.008337244391441 ], [ 3245711.986168833915144, 2187181.955283490009606 ], [ 3245717.753310771193355, 2187180.897434853948653 ], [ 3245688.206907000392675, 2187227.115469687152654 ], [ 3245715.290325936861336, 2187254.542793428059667 ], [ 3245741.099024970084429, 2187303.62407306348905 ], [ 3245757.356133825145662, 2187340.129812370520085 ], [ 3245757.971980700269341, 2187340.863700560759753 ], [ 3245760.502893495839089, 2187343.463050843216479 ], [ 3245763.243672371841967, 2187345.853407772257924 ], [ 3245766.151645846199244, 2187348.021947809029371 ], [ 3245769.235094039700925, 2187349.957087133079767 ], [ 3245772.451345478184521, 2187351.646002203226089 ], [ 3245775.79880833113566, 2187353.078833227045834 ], [ 3245779.254555044695735, 2187354.239308625459671 ], [ 3245780.513684343546629, 2187354.55672116857022 ], [ 3245782.787377933971584, 2187355.122740658931434 ], [ 3245786.502363851293921, 2187355.75132847763598 ], [ 3245787.285365453921258, 2187357.206223546992987 ], [ 3245789.756325303111225, 2187361.823331849183887 ], [ 3245804.083236807025969, 2187416.488452978432178 ], [ 3245812.462515416555107, 2187448.459639117587358 ], [ 3245817.768376368097961, 2187459.130700591020286 ], [ 3245824.396645208820701, 2187472.460099273361266 ], [ 3245828.104048044420779, 2187495.423633743077517 ], [ 3245832.62330381385982, 2187523.415682539343834 ], [ 3245840.209828155115247, 2187560.472597585525364 ], [ 3245849.562158091925085, 2187606.20326362689957 ], [ 3245850.083837871439755, 2187690.661711885593832 ], [ 3245889.974794034846127, 2187725.807777578011155 ], [ 3245904.382755724713206, 2187731.118001332506537 ], [ 3245958.242650602012873, 2187751.000223303679377 ], [ 3246060.424529454670846, 2187777.021922233048826 ], [ 3246082.820286056958139, 2187804.710448361933231 ], [ 3246104.757190871983767, 2187831.820154742803425 ], [ 3246132.186456519179046, 2187865.726153193041682 ], [ 3246142.536897872108966, 2188032.936715778429061 ], [ 3246142.703749720007181, 2188033.404332051519305 ], [ 3246142.962943282909691, 2188034.129544062074274 ], [ 3246144.483742509968579, 2188037.51358338445425 ], [ 3246145.206576514057815, 2188038.847200758289546 ], [ 3246146.258348281495273, 2188040.772196095436811 ], [ 3246148.086468369700015, 2188043.544984318781644 ], [ 3246148.301728615537286, 2188043.87235468486324 ], [ 3246150.581083860248327, 2188046.799511462450027 ], [ 3246153.081766276154667, 2188049.525810919702053 ], [ 3246155.793903921730816, 2188052.052977073006332 ], [ 3246158.711129042319953, 2188054.34157056408003 ], [ 3246161.793953948654234, 2188056.398487413302064 ], [ 3246163.298591796308756, 2188057.230611031875014 ], [ 3246165.039194760844111, 2188058.204007959458977 ], [ 3246168.414051847532392, 2188059.743584530428052 ], [ 3246171.905469418037683, 2188060.999221466481686 ], [ 3246175.495295568369329, 2188061.984226621687412 ], [ 3246179.14913874771446, 2188062.674192493781447 ], [ 3246182.847255127504468, 2188063.072567085269839 ], [ 3246186.578180868178606, 2188063.171214573550969 ], [ 3246187.755482577718794, 2188063.107545438222587 ], [ 3246190.302428310737014, 2188062.977030948735774 ], [ 3246201.421754108741879, 2188059.737555933184922 ], [ 3246268.175726224668324, 2188017.463713516015559 ], [ 3246338.222791231237352, 2188035.695383050478995 ], [ 3246384.567373314872384, 2188047.756152399349958 ], [ 3246408.942752684466541, 2188094.117652874439955 ], [ 3246439.274779038969427, 2188108.092759786173701 ], [ 3246467.348729223944247, 2188121.032774426043034 ], [ 3246504.642126102931798, 2188121.920842118561268 ], [ 3246514.399594855494797, 2188114.772884049452841 ], [ 3246541.436140362173319, 2188094.946152608841658 ], [ 3246551.472220250405371, 2188098.891023894306272 ], [ 3246572.239862827118486, 2188107.064833112061024 ], [ 3246581.1101991571486, 2188098.257141342852265 ], [ 3246587.495289283804595, 2188091.911010283045471 ], [ 3246608.536027875263244, 2188084.739170772954822 ], [ 3246619.935494642704725, 2188075.753420033492148 ], [ 3246617.269292493350804, 2188051.695630383677781 ], [ 3246593.680688926018775, 2187991.723568799439818 ], [ 3246573.079698877874762, 2187980.62122652400285 ], [ 3246542.183154359459877, 2187963.966861612629145 ], [ 3246546.938494908623397, 2187956.20218466501683 ], [ 3246563.217236556112766, 2187929.657275064382702 ], [ 3246567.706627015955746, 2187923.3887535110116 ], [ 3246572.393148625735193, 2187916.83236365718767 ], [ 3246547.024830395355821, 2187892.673732109367847 ], [ 3246538.956115218810737, 2187889.094945322256535 ] ] ], [ [ [ 3246817.24236903199926, 2188073.587665229104459 ], [ 3246813.192302321549505, 2188065.414183865766972 ], [ 3246823.665234254673123, 2188043.836936832405627 ], [ 3246829.126068436075002, 2188032.583349863067269 ], [ 3246825.100167937576771, 2188007.647871899884194 ], [ 3246810.586298828944564, 2187961.571587399113923 ], [ 3246819.021315067075193, 2187937.116277690511197 ], [ 3246801.337820701301098, 2187920.759916954208165 ], [ 3246794.735382504761219, 2187896.274378032423556 ], [ 3246797.053266368340701, 2187890.638527217786759 ], [ 3246799.812563048675656, 2187883.901680453680456 ], [ 3246768.99058273434639, 2187857.461353220045567 ], [ 3246757.947084307670593, 2187832.879480283241719 ], [ 3246777.158534488640726, 2187831.2887206338346 ], [ 3246817.942172097973526, 2187842.729319191072136 ], [ 3246850.00400990433991, 2187841.013441109564155 ], [ 3246895.866672903299332, 2187875.299730050377548 ], [ 3246962.98287299554795, 2187903.857370676472783 ], [ 3246992.899339981377125, 2187926.826571801677346 ], [ 3247003.987985384650528, 2187928.803479722701013 ], [ 3247038.569430633448064, 2187934.960705800447613 ], [ 3247058.568891101051122, 2187921.401660612784326 ], [ 3247064.950727495364845, 2187886.052046336233616 ], [ 3247061.352662320248783, 2187867.601051072590053 ], [ 3247053.193444134201854, 2187825.676704244222492 ], [ 3247051.804031576029956, 2187779.599895814899355 ], [ 3247038.929953183047473, 2187767.067056937143207 ], [ 3247025.490015094168484, 2187753.984211800154299 ], [ 3247018.906096506863832, 2187700.754951449111104 ], [ 3247035.675614394247532, 2187679.700446819886565 ], [ 3247102.477151015307754, 2187643.877735999412835 ], [ 3247153.959592446684837, 2187674.810677260626107 ], [ 3247190.0706986207515, 2187700.439128370024264 ], [ 3247236.119369868189096, 2187718.776909535750747 ], [ 3247274.350958575960249, 2187724.783583563286811 ], [ 3247298.877824394963682, 2187728.641552641522139 ], [ 3247293.601532177999616, 2187704.573333650361747 ], [ 3247317.237866745330393, 2187704.61281915102154 ], [ 3247342.883001055568457, 2187725.834097361657768 ], [ 3247378.204221796244383, 2187755.05752970231697 ], [ 3247396.653574065305293, 2187800.426266949158162 ], [ 3247403.360392964445055, 2187846.557869571261108 ], [ 3247426.39039957197383, 2187824.10624189581722 ], [ 3247454.178747125901282, 2187898.085205974057317 ], [ 3247464.582822284195572, 2187952.593852683901787 ], [ 3247468.422376635484397, 2188016.298113802447915 ], [ 3247487.330553621519357, 2188043.572032257448882 ], [ 3247546.533385613001883, 2188001.047421316616237 ], [ 3247581.867774151265621, 2188030.288928082678467 ], [ 3247611.135598042048514, 2188021.954786459449679 ], [ 3247601.834375784732401, 2188004.266444861888885 ], [ 3247625.500729001127183, 2187971.170666329562664 ], [ 3247643.549238805659115, 2187963.193750840611756 ], [ 3247651.302617751993239, 2187931.183489781804383 ], [ 3247629.16343573667109, 2187897.853770812042058 ], [ 3247614.426810873206705, 2187875.670527826994658 ], [ 3247625.501008022110909, 2187801.231963231228292 ], [ 3247617.220412686467171, 2187749.941399678122252 ], [ 3247681.832919393666089, 2187659.565557989757508 ], [ 3247789.282678508199751, 2187855.024541495367885 ], [ 3247860.416459201835096, 2187845.909494492225349 ], [ 3247917.453387890942395, 2187872.203350692987442 ], [ 3247952.963285523001105, 2187928.623975716065615 ], [ 3248039.620286042336375, 2187913.493940260261297 ], [ 3248030.993878840003163, 2187896.590023503638804 ], [ 3248001.004800672642887, 2187837.836885008960962 ], [ 3248055.25770006608218, 2187785.522735097445548 ], [ 3248144.398684279527515, 2187806.211636394262314 ], [ 3248130.116058426909149, 2187676.875009624753147 ], [ 3248057.957648712210357, 2187577.411574394907802 ], [ 3248055.059618048369884, 2187518.591974724084139 ], [ 3248054.76048334594816, 2187373.635283196810633 ], [ 3247986.431909668259323, 2187359.196840362157673 ], [ 3247927.428850453812629, 2187300.288614462129772 ], [ 3247871.72744813002646, 2187221.025451626162976 ], [ 3247850.638062721118331, 2187213.373630931600928 ], [ 3247822.659425957128406, 2187203.224397765938193 ], [ 3247713.956682004034519, 2187143.099281961098313 ], [ 3247720.238275265321136, 2187207.349821190815419 ], [ 3247724.089951552450657, 2187246.802162213250995 ], [ 3247715.498420036397874, 2187357.059032201301306 ], [ 3247697.915884121321142, 2187384.145038049668074 ], [ 3247659.994779205881059, 2187442.559390315320343 ], [ 3247672.364182325080037, 2187471.268932122737169 ], [ 3247686.396354395896196, 2187503.864885726477951 ], [ 3247620.128655754961073, 2187604.423899864777923 ], [ 3247605.396430889610201, 2187638.412904864177108 ], [ 3247544.678379945922643, 2187685.135115388780832 ], [ 3247517.452647026628256, 2187701.151846094056964 ], [ 3247513.96318261930719, 2187719.461573556531221 ], [ 3247495.884157445747405, 2187732.279510564170778 ], [ 3247469.806478683836758, 2187755.344303992111236 ], [ 3247451.810010522603989, 2187759.682854899205267 ], [ 3247433.259885663166642, 2187746.823126334697008 ], [ 3247373.290233366191387, 2187718.710089737549424 ], [ 3247346.307921560481191, 2187676.443197659682482 ], [ 3247330.28146514063701, 2187665.069009627681226 ], [ 3247317.854657701216638, 2187656.249541235156357 ], [ 3247298.891727401874959, 2187590.786320039071143 ], [ 3247269.589254186954349, 2187575.769269390031695 ], [ 3247266.594039485789835, 2187525.968625320121646 ], [ 3247262.599657411687076, 2187507.262490430381149 ], [ 3247259.686494114343077, 2187493.618903882335871 ], [ 3247226.352083479519933, 2187499.398827560245991 ], [ 3247235.397894712164998, 2187455.52480675606057 ], [ 3247222.367418156471103, 2187387.32268182747066 ], [ 3247189.785862234421074, 2187372.868068274576217 ], [ 3247160.747282234020531, 2187373.254840582143515 ], [ 3247127.413125544786453, 2187373.692177303601056 ], [ 3247091.929820246994495, 2187353.712348691187799 ], [ 3247044.292660806328058, 2187408.339422358665615 ], [ 3246996.840451157651842, 2187426.702069710940123 ], [ 3246987.215724498964846, 2187437.628282434307039 ], [ 3246969.577091731596738, 2187457.638238904997706 ], [ 3246954.647638252936304, 2187502.539765558205545 ], [ 3246939.520341290161014, 2187529.491517309099436 ], [ 3246929.588674671016634, 2187547.192684157285839 ], [ 3246886.638797530904412, 2187580.868091684766114 ], [ 3246844.255434951744974, 2187630.56367896264419 ], [ 3246823.226398508995771, 2187635.796950268093497 ], [ 3246789.979289923794568, 2187644.066003707237542 ], [ 3246752.464370121713728, 2187636.525356303434819 ], [ 3246729.434202999807894, 2187604.780852223280817 ], [ 3246716.155021493788809, 2187586.469316916074604 ], [ 3246674.146184653043747, 2187563.60453029954806 ], [ 3246648.847575521562248, 2187594.197926475666463 ], [ 3246641.31571204867214, 2187659.958983007352799 ], [ 3246703.56389340525493, 2187683.324343048967421 ], [ 3246735.377760039642453, 2187718.046340751461685 ], [ 3246773.209446988068521, 2187727.549062172882259 ], [ 3246833.934150374960154, 2187729.029544377233833 ], [ 3246846.459030397236347, 2187769.137235625647008 ], [ 3246832.041935742367059, 2187767.731423853430897 ], [ 3246822.502827591262758, 2187766.801870675291866 ], [ 3246782.185892214532942, 2187774.724012572318316 ], [ 3246770.204750590957701, 2187762.126530646812171 ], [ 3246757.674309704452753, 2187748.95587669685483 ], [ 3246742.39191107545048, 2187741.750312341377139 ], [ 3246738.513912192545831, 2187739.92346268799156 ], [ 3246732.0319879129529, 2187753.088888325728476 ], [ 3246728.516024423763156, 2187760.231581644620746 ], [ 3246708.920675891451538, 2187757.935651224572212 ], [ 3246686.116971613839269, 2187755.257165173999965 ], [ 3246647.553992814384401, 2187757.571074160281569 ], [ 3246630.617694565095007, 2187763.509061008226126 ], [ 3246627.447493068408221, 2187764.62023214250803 ], [ 3246621.007421430200338, 2187774.838419699110091 ], [ 3246613.944110692478716, 2187786.03729279153049 ], [ 3246620.902672997210175, 2187790.661526194307953 ], [ 3246627.327210776507854, 2187794.932951055467129 ], [ 3246641.60066641587764, 2187804.565259927418083 ], [ 3246652.570303626358509, 2187811.966328858397901 ], [ 3246671.680076095275581, 2187829.046820387244225 ], [ 3246692.142469477839768, 2187841.805588132701814 ], [ 3246709.680914031341672, 2187836.705275820102543 ], [ 3246718.503637607209384, 2187834.140711084939539 ], [ 3246730.80421191547066, 2187846.327585197985172 ], [ 3246740.409857672639191, 2187855.842341889627278 ], [ 3246723.733719993382692, 2187879.171882047317922 ], [ 3246745.308522721286863, 2187898.883555052801967 ], [ 3246733.538328878581524, 2187933.613010879140347 ], [ 3246758.525427829008549, 2187968.047033515758812 ], [ 3246765.479576049372554, 2187998.482885932084173 ], [ 3246740.552912957035005, 2188010.317363959271461 ], [ 3246724.656972077675164, 2188017.857944439165294 ], [ 3246706.159118885174394, 2188030.97248281352222 ], [ 3246701.722387147136033, 2188034.10935524944216 ], [ 3246688.609585084952414, 2188073.158880946226418 ], [ 3246673.917845044285059, 2188096.141994971781969 ], [ 3246678.190553528256714, 2188122.605770397931337 ], [ 3246680.971641451586038, 2188139.83088965434581 ], [ 3246697.978498512879014, 2188185.755758395884186 ], [ 3246714.488227650523186, 2188213.073302928823978 ], [ 3246765.659765283577144, 2188230.323432212229818 ], [ 3246782.89454706851393, 2188249.495360173285007 ], [ 3246800.070422723889351, 2188268.616751965135336 ], [ 3246859.980338257737458, 2188302.457299316767603 ], [ 3246864.60039627365768, 2188356.029814138542861 ], [ 3246878.446767184883356, 2188391.872061651665717 ], [ 3246904.27297357423231, 2188400.88604402821511 ], [ 3246916.91205595433712, 2188405.298960031941533 ], [ 3246928.528592606540769, 2188410.042506452649832 ], [ 3246951.446726195979863, 2188419.402120229788125 ], [ 3246981.306314740329981, 2188454.465533704962581 ], [ 3246985.339889165014029, 2188473.600908240769058 ], [ 3246989.912534680217505, 2188495.257711350917816 ], [ 3247014.046739367768168, 2188496.244035203941166 ], [ 3247036.598261371720582, 2188497.172193138860166 ], [ 3247056.01263918261975, 2188467.606156720314175 ], [ 3247054.248814482241869, 2188431.661310368217528 ], [ 3247082.480387939605862, 2188414.961485520005226 ], [ 3247092.895107688382268, 2188408.803879770450294 ], [ 3247148.377894915174693, 2188415.224483201745898 ], [ 3247163.239600696600974, 2188382.418682326097041 ], [ 3247161.916646935045719, 2188324.245808204170316 ], [ 3247142.875727244652808, 2188281.251088135875762 ], [ 3247106.376338258385658, 2188205.062326790764928 ], [ 3247088.73500720737502, 2188145.714299100451171 ], [ 3247041.472702584695071, 2188127.781245326623321 ], [ 3247033.003266408108175, 2188108.518247033003718 ], [ 3247015.983213894534856, 2188069.803677628748119 ], [ 3247000.591607461683452, 2188061.167431424371898 ], [ 3246969.431362342089415, 2188043.697203609161079 ], [ 3246924.643084046430886, 2188053.535546068102121 ], [ 3246868.776526599191129, 2188057.248891641385853 ], [ 3246825.25226111523807, 2188074.916025205049664 ], [ 3246817.24236903199926, 2188073.587665229104459 ] ] ], [ [ [ 3253402.820144657045603, 2187989.424909085035324 ], [ 3253373.305150978267193, 2187913.040644469670951 ], [ 3253419.549664439167827, 2187786.953576651401818 ], [ 3253415.855997717939317, 2187697.477790803648531 ], [ 3253409.946765475906432, 2187683.7591344229877 ], [ 3253398.664180693682283, 2187657.566441815346479 ], [ 3253283.520406337454915, 2187782.79074249509722 ], [ 3253213.283590032253414, 2187840.106336560100317 ], [ 3253160.611501122824848, 2187857.832587505225092 ], [ 3253160.29366812761873, 2187857.938732246868312 ], [ 3253141.292618437670171, 2187833.356371459085494 ], [ 3253116.400754768401384, 2187840.822019085288048 ], [ 3253090.05827134475112, 2187848.733409566339105 ], [ 3253104.309091965202242, 2187874.134492508135736 ], [ 3253114.184211332350969, 2187891.733076841570437 ], [ 3253071.850565107539296, 2188002.114960052538663 ], [ 3253010.568102756515145, 2188081.823195079807192 ], [ 3252988.176957666873932, 2188110.941859810613096 ], [ 3252954.205605565570295, 2188117.873288386035711 ], [ 3252882.705040868371725, 2188132.458434525877237 ], [ 3252896.509923744015396, 2188193.64108097506687 ], [ 3252833.075387205928564, 2188213.296621557325125 ], [ 3252807.590526114217937, 2188228.469030379783362 ], [ 3252774.223725184798241, 2188287.93845558911562 ], [ 3252850.053001111373305, 2188291.868802565149963 ], [ 3252917.939251444302499, 2188286.459976353682578 ], [ 3252930.610435815528035, 2188258.500012472737581 ], [ 3252929.733008561655879, 2188226.46703906962648 ], [ 3253000.448836290277541, 2188211.988420118577778 ], [ 3253026.463845617603511, 2188226.760559979360551 ], [ 3253074.653026584070176, 2188325.635289800353348 ], [ 3253099.67472062073648, 2188404.111539957113564 ], [ 3253105.117694864049554, 2188421.165704192128032 ], [ 3253150.336298058275133, 2188554.894148298539221 ], [ 3253195.565069978125393, 2188688.620934906415641 ], [ 3253256.223128645680845, 2188731.683354857843369 ], [ 3253324.109565200284123, 2188659.753432848956436 ], [ 3253353.432941037230194, 2188641.762284434400499 ], [ 3253357.211827551014721, 2188585.317055625841022 ], [ 3253451.583854701370001, 2188570.999164189212024 ], [ 3253432.919878250919282, 2188550.078275572508574 ], [ 3253420.106250216718763, 2188535.719295972958207 ], [ 3253393.815397056285292, 2188505.971615565475076 ], [ 3253453.183360000606626, 2188439.635176008567214 ], [ 3253453.183360000606626, 2188330.803213208913803 ], [ 3253434.4747443664819, 2188318.635340991895646 ], [ 3253419.25283625908196, 2188237.60784425586462 ], [ 3253420.000209807883948, 2188162.380270484834909 ], [ 3253383.939316056668758, 2188138.635577480774373 ], [ 3253395.467692694161087, 2188063.66589089250192 ], [ 3253402.820144657045603, 2187989.424909085035324 ] ] ], [ [ [ 3244359.110548425465822, 2190180.221489071846008 ], [ 3244315.317877762485296, 2190155.176118474453688 ], [ 3244257.00147822778672, 2190083.629555200226605 ], [ 3244240.573558765463531, 2190039.792784665245563 ], [ 3244205.287228561006486, 2190052.962615818716586 ], [ 3244210.017492685001343, 2190091.239271927624941 ], [ 3244212.921527905389667, 2190114.68850676342845 ], [ 3244175.878206267487258, 2190174.861893922556192 ], [ 3244131.728657347150147, 2190219.944159532897174 ], [ 3244125.567958114668727, 2190384.478971763979644 ], [ 3244074.309088971465826, 2190435.94355122698471 ], [ 3244055.154625424183905, 2190455.16635504225269 ], [ 3243999.187154453247786, 2190485.960614198353142 ], [ 3243969.216992259025574, 2190505.461039686575532 ], [ 3243917.906640820205212, 2190491.624273311346769 ], [ 3243886.305773738771677, 2190480.16354269720614 ], [ 3243858.511242711916566, 2190470.08576425164938 ], [ 3243825.496453872416168, 2190456.469316895119846 ], [ 3243791.30483548110351, 2190456.74513922771439 ], [ 3243743.397693851031363, 2190463.979422727134079 ], [ 3243716.827287884894758, 2190454.944988423027098 ], [ 3243679.345450833905488, 2190519.626284903846681 ], [ 3243665.141501887701452, 2190546.875681749545038 ], [ 3243661.042204269673675, 2190554.73936253041029 ], [ 3243622.483407223597169, 2190577.43369569722563 ], [ 3243616.36220869095996, 2190599.235942715313286 ], [ 3243613.066159897483885, 2190611.004475588910282 ], [ 3243608.197295661084354, 2190621.141803006175905 ], [ 3243601.110047860071063, 2190635.894381624646485 ], [ 3243570.065251207910478, 2190634.47497952869162 ], [ 3243545.790923405904323, 2190646.694888418074697 ], [ 3243548.730903870426118, 2190686.075442400760949 ], [ 3243562.010893763042986, 2190725.940711944829673 ], [ 3243554.96100112143904, 2190767.066673227585852 ], [ 3243557.242818585596979, 2190772.710437051020563 ], [ 3243557.768608261365443, 2190774.017660242971033 ], [ 3243545.226070923730731, 2190791.568578542675823 ], [ 3243517.473673395812511, 2190815.497680434491485 ], [ 3243497.143159159924835, 2190833.030506001785398 ], [ 3243453.670973394997418, 2190874.822437986731529 ], [ 3243423.029075969941914, 2190904.112754414323717 ], [ 3243409.835633523762226, 2190926.745267410762608 ], [ 3243401.579511113930494, 2190940.92152798967436 ], [ 3243411.824506625533104, 2190961.932643300388008 ], [ 3243438.103408757597208, 2190990.402317399624735 ], [ 3243447.052981339395046, 2191010.494143879041076 ], [ 3243438.571598800830543, 2191042.756020005792379 ], [ 3243445.640366951003671, 2191059.749706848990172 ], [ 3243455.366778276395053, 2191083.142712090164423 ], [ 3243464.976231875829399, 2191097.391089105978608 ], [ 3243471.874658668413758, 2191107.611712360288948 ], [ 3243496.940660422667861, 2191121.47106765024364 ], [ 3243514.879340065643191, 2191119.482461283914745 ], [ 3243550.605724250432104, 2191107.532494979910553 ], [ 3243562.569580130279064, 2191105.188730067573488 ], [ 3243611.489729982800782, 2191092.728112836834043 ], [ 3243647.639621336944401, 2191072.34011522680521 ], [ 3243686.556428829673678, 2191051.864130256697536 ], [ 3243718.743187640793622, 2191010.898434136994183 ], [ 3243757.309178383089602, 2190952.87069287057966 ], [ 3243795.89838417712599, 2190923.32762588141486 ], [ 3243843.200840806588531, 2190905.249478031415492 ], [ 3243845.35185062373057, 2190904.427588537801057 ], [ 3243857.129498473834246, 2190878.433388125151396 ], [ 3243871.9811827307567, 2190864.433069069404155 ], [ 3243873.231923333369195, 2190845.783134844619781 ], [ 3243873.989371237810701, 2190834.447988747153431 ], [ 3243882.219912125729024, 2190814.771253339014947 ], [ 3243894.323718776926398, 2190797.834434912540019 ], [ 3243912.155274068936706, 2190781.042566860094666 ], [ 3243920.456997470930219, 2190747.66674170922488 ], [ 3243929.845173384528607, 2190720.954596254043281 ], [ 3243935.178565492853522, 2190690.378499892540276 ], [ 3243937.575844326987863, 2190655.763290010858327 ], [ 3243944.579867688007653, 2190645.962667540181428 ], [ 3243967.363662146963179, 2190614.081699165981263 ], [ 3243987.836051958613098, 2190585.423010561149567 ], [ 3244011.677746366243809, 2190563.171111525036395 ], [ 3244068.72582333907485, 2190539.193559011444449 ], [ 3244132.248098119162023, 2190556.118203121237457 ], [ 3244162.032101403456181, 2190581.278945495840162 ], [ 3244156.807729854248464, 2190609.199939816258848 ], [ 3244150.738068889826536, 2190641.628066107165068 ], [ 3244166.869777965825051, 2190669.173894713632762 ], [ 3244200.172162835486233, 2190672.693250954151154 ], [ 3244227.538861894980073, 2190666.421944353729486 ], [ 3244243.013575992546976, 2190662.877032644115388 ], [ 3244253.378813173621893, 2190645.230286298785359 ], [ 3244270.517200805712491, 2190616.039000754710287 ], [ 3244327.654192883055657, 2190622.400091774761677 ], [ 3244332.549931100569665, 2190644.730965645052493 ], [ 3244336.527167833410203, 2190662.883136776741594 ], [ 3244371.218400125857443, 2190689.518474273383617 ], [ 3244423.963696115650237, 2190741.021931231021881 ], [ 3244432.403825535438955, 2190748.09400293789804 ], [ 3244486.16699814517051, 2190793.204943219199777 ], [ 3244584.082396331243217, 2190820.464510711841285 ], [ 3244635.281704023480415, 2190822.804156966041774 ], [ 3244668.872282164171338, 2190824.337024556472898 ], [ 3244677.891296678222716, 2190849.070177801884711 ], [ 3244685.676893211901188, 2190870.440007880330086 ], [ 3244713.710626495070755, 2190897.457880550995469 ], [ 3244741.0491953631863, 2190923.816559784580022 ], [ 3244734.292799134738743, 2190948.912948483601213 ], [ 3244720.5941072544083, 2190999.776938667520881 ], [ 3244721.350855673663318, 2191012.317544377874583 ], [ 3244739.795714884996414, 2191019.243735043331981 ], [ 3244767.975700078066438, 2191029.822268160060048 ], [ 3244851.068943911232054, 2191042.294559033587575 ], [ 3244917.077680316753685, 2191055.571734450291842 ], [ 3244976.792443438898772, 2191067.586260431911796 ], [ 3244978.670454653911293, 2191063.628707158379257 ], [ 3244999.475075677037239, 2191019.745628260076046 ], [ 3244975.938554595224559, 2190915.874983661808074 ], [ 3244928.762570531573147, 2190832.993765601422638 ], [ 3244846.718387575354427, 2190827.079905076418072 ], [ 3244787.4104422647506, 2190819.972237593494356 ], [ 3244739.653351395390928, 2190755.928056475706398 ], [ 3244693.807207857258618, 2190761.59504252532497 ], [ 3244675.648697079624981, 2190705.600527190603316 ], [ 3244675.179591378197074, 2190704.14146678103134 ], [ 3244676.934681409038603, 2190657.128106886986643 ], [ 3244639.159328420646489, 2190640.368688655085862 ], [ 3244574.983869539108127, 2190604.883017729502171 ], [ 3244569.57226539356634, 2190592.304005193524063 ], [ 3244556.275265784934163, 2190561.444517081603408 ], [ 3244530.372110432945192, 2190548.93741437792778 ], [ 3244520.771992923691869, 2190544.298381707631052 ], [ 3244484.246112959459424, 2190578.701260074041784 ], [ 3244464.103190458379686, 2190598.025609256699681 ], [ 3244433.640299531631172, 2190627.232997597660869 ], [ 3244400.486993353348225, 2190595.665374456439167 ], [ 3244392.199170883279294, 2190515.378851416055113 ], [ 3244395.203964268323034, 2190447.130629439838231 ], [ 3244363.439742927439511, 2190366.28183281281963 ], [ 3244394.026314695365727, 2190309.558105404954404 ], [ 3244397.97714435774833, 2190294.552780728321522 ], [ 3244402.144497571513057, 2190278.688440081197768 ], [ 3244411.408028897829354, 2190243.472183088771999 ], [ 3244359.110548425465822, 2190180.221489071846008 ] ] ], [ [ [ 3248888.969279102049768, 2195003.774637695867568 ], [ 3248898.938138012774289, 2194959.118198125157505 ], [ 3248882.354927679523826, 2194936.263050181791186 ], [ 3248827.952874849550426, 2194892.112112598959357 ], [ 3248804.018438310362399, 2194861.325112382881343 ], [ 3248792.703622707165778, 2194846.765608467161655 ], [ 3248787.369192607700825, 2194800.493317282758653 ], [ 3248795.120973104611039, 2194793.188339046668261 ], [ 3248804.149594760034233, 2194784.676957205869257 ], [ 3248766.401946673169732, 2194750.503259058110416 ], [ 3248765.199912950396538, 2194747.712251917924732 ], [ 3248742.340272974222898, 2194694.615825267508626 ], [ 3248737.073976142331958, 2194635.445922737941146 ], [ 3248774.139888389036059, 2194598.932905795518309 ], [ 3248772.929842901881784, 2194564.805888317525387 ], [ 3248759.105667861178517, 2194548.849614934064448 ], [ 3248743.869715756271034, 2194531.254181115888059 ], [ 3248708.680480455048382, 2194473.021677456796169 ], [ 3248705.111278605181724, 2194424.29191802861169 ], [ 3248735.303205573000014, 2194371.805267511866987 ], [ 3248733.984007513616234, 2194356.980339254252613 ], [ 3248732.666092921514064, 2194342.226156457792968 ], [ 3248732.721145705319941, 2194341.750182202085853 ], [ 3248739.610792700666934, 2194278.784733279142529 ], [ 3248735.748700076714158, 2194261.72741038678214 ], [ 3248720.875226721633226, 2194269.181135368067771 ], [ 3248671.729535264894366, 2194284.201767414808273 ], [ 3248596.984033640474081, 2194273.643473503179848 ], [ 3248561.267392755486071, 2194269.002785312943161 ], [ 3248553.03545802179724, 2194294.194394026417285 ], [ 3248570.942024809774011, 2194314.750112655572593 ], [ 3248574.131812689825892, 2194318.410555148497224 ], [ 3248622.394582848530263, 2194337.882293947972357 ], [ 3248680.90307027567178, 2194327.664242492988706 ], [ 3248687.357533962000161, 2194331.616293066646904 ], [ 3248699.974757054820657, 2194339.348297833930701 ], [ 3248699.276430319529027, 2194347.591000222600996 ], [ 3248698.989150018431246, 2194351.027350057847798 ], [ 3248698.497614490799606, 2194356.780480060726404 ], [ 3248671.945233629085124, 2194378.581715309992433 ], [ 3248666.407313697040081, 2194379.548870220314711 ], [ 3248640.603177082724869, 2194384.05537226004526 ], [ 3248645.32321686251089, 2194413.270741134881973 ], [ 3248641.465429806150496, 2194418.668911259621382 ], [ 3248636.556272930465639, 2194425.53825753973797 ], [ 3248630.644036089535803, 2194420.670316479168832 ], [ 3248604.341987509280443, 2194398.975262485444546 ], [ 3248559.17365422938019, 2194385.400926166214049 ], [ 3248543.40309796622023, 2194407.468588161282241 ], [ 3248535.026847916189581, 2194419.201536534354091 ], [ 3248525.887387722730637, 2194431.990363995078951 ], [ 3248514.863739443942904, 2194437.200401841197163 ], [ 3248489.962384601123631, 2194448.990832054056227 ], [ 3248450.259237371385098, 2194455.924870354589075 ], [ 3248412.778244206681848, 2194436.719588157255203 ], [ 3248376.922906836494803, 2194440.832351289689541 ], [ 3248330.615270898677409, 2194446.780771786347032 ], [ 3248302.773510423488915, 2194447.34470220701769 ], [ 3248270.26100005209446, 2194422.516891703009605 ], [ 3248268.466479752212763, 2194421.147348625585437 ], [ 3248271.906735165975988, 2194384.454165241215378 ], [ 3248273.99196663685143, 2194362.241953428834677 ], [ 3248326.55973580153659, 2194355.210324686951935 ], [ 3248429.214957968331873, 2194352.306726175826043 ], [ 3248439.738533806987107, 2194337.593201888725162 ], [ 3248430.828024110756814, 2194326.669172121211886 ], [ 3248418.294586122501642, 2194311.288461016491055 ], [ 3248393.757809354458004, 2194279.096213145181537 ], [ 3248393.201858283486217, 2194275.655049900524318 ], [ 3248391.344441642984748, 2194264.158212599344552 ], [ 3248297.104506372474134, 2194265.936796621419489 ], [ 3248211.092092525213957, 2194278.809538471046835 ], [ 3248204.69426365243271, 2194305.678187561687082 ], [ 3248218.172959802672267, 2194322.637567414902151 ], [ 3248230.868824245408177, 2194330.416579879820347 ], [ 3248237.256086073815823, 2194334.329632880166173 ], [ 3248247.906832261011004, 2194360.359919845126569 ], [ 3248235.638129101134837, 2194377.527617289219052 ], [ 3248214.794028942473233, 2194373.594760221429169 ], [ 3248182.45631806878373, 2194367.502452576067299 ], [ 3248177.621201737318188, 2194364.463947338517755 ], [ 3248195.062186061404645, 2194418.952708129771054 ], [ 3248208.610528660006821, 2194423.024281950201839 ], [ 3248211.654028924182057, 2194432.752692291513085 ], [ 3248226.411927914246917, 2194479.994830962270498 ], [ 3248268.545059817377478, 2194541.313096981495619 ], [ 3248287.547695725690573, 2194560.98793967301026 ], [ 3248296.919876651372761, 2194570.685703916475177 ], [ 3248307.035730511881411, 2194633.297246991656721 ], [ 3248309.211853731889278, 2194661.466686478815973 ], [ 3248310.952836811542511, 2194684.115777294617146 ], [ 3248292.554994869045913, 2194676.602664574980736 ], [ 3248272.124096191953868, 2194656.568967030383646 ], [ 3248251.564566979650408, 2194643.968854246661067 ], [ 3248233.977508913259953, 2194633.181408537086099 ], [ 3248219.528011310845613, 2194622.150129723362625 ], [ 3248199.660552535671741, 2194606.985822916496545 ], [ 3248154.839902403764427, 2194595.500444310717285 ], [ 3248111.567426526919007, 2194553.704841399565339 ], [ 3248071.815548053011298, 2194540.421777811367065 ], [ 3248070.077777032274753, 2194539.843255823478103 ], [ 3248062.899433971382678, 2194527.70426929416135 ], [ 3248056.08448494784534, 2194516.181082582566887 ], [ 3248058.92147893179208, 2194460.614218346774578 ], [ 3248058.981880615465343, 2194459.417485479265451 ], [ 3248059.180895777884871, 2194455.560580043587834 ], [ 3248103.465292635839432, 2194437.089608667418361 ], [ 3248111.329919415526092, 2194427.341770440340042 ], [ 3248119.573451669421047, 2194417.112087355460972 ], [ 3248127.34748971927911, 2194401.651932924054563 ], [ 3248132.577305569313467, 2194391.238932232838124 ], [ 3248077.104300003033131, 2194353.713410871103406 ], [ 3248069.279899254441261, 2194318.602348756045103 ], [ 3248108.489101034589112, 2194292.339470815379173 ], [ 3248082.75921333860606, 2194269.034062145277858 ], [ 3248032.274379421025515, 2194275.702118525281549 ], [ 3248028.937717483378947, 2194275.027732021175325 ], [ 3247981.185366405174136, 2194265.311598418746144 ], [ 3247933.657931781373918, 2194237.134913193527609 ], [ 3247915.329782755114138, 2194216.734060254879296 ], [ 3247896.603340022265911, 2194205.050752667710185 ], [ 3247872.323996849823743, 2194189.906862295232713 ], [ 3247812.933662844821811, 2194168.090701686218381 ], [ 3247732.120796314906329, 2194119.97641758993268 ], [ 3247675.428171302191913, 2194048.325756106059998 ], [ 3247670.876544180326164, 2194033.974108969792724 ], [ 3247653.511272577568889, 2193979.198499266989529 ], [ 3247637.603126768022776, 2193893.986692488659173 ], [ 3247620.138305543921888, 2193839.096723642200232 ], [ 3247622.890212922822684, 2193834.266750435344875 ], [ 3247595.195029533468187, 2193831.5914939311333 ], [ 3247575.655456028878689, 2193829.701941326260567 ], [ 3247529.614242423325777, 2193850.619160461705178 ], [ 3247532.519267573021352, 2193895.176524962298572 ], [ 3247553.485972727648914, 2193945.166372977662832 ], [ 3247588.069109621457756, 2193986.330008463934064 ], [ 3247625.203939329832792, 2194003.456133745145053 ], [ 3247627.720487114973366, 2194026.760514062363654 ], [ 3247629.526402656920254, 2194043.467316967900842 ], [ 3247640.982240098528564, 2194071.465701023582369 ], [ 3247650.830933373887092, 2194095.547532431781292 ], [ 3247677.520179447717965, 2194114.487972116563469 ], [ 3247697.475499238818884, 2194158.216709973756224 ], [ 3247699.934389081783593, 2194184.430742373224348 ], [ 3247700.440515881869942, 2194189.888003423810005 ], [ 3247730.524237097706646, 2194207.53603582456708 ], [ 3247745.537438672035933, 2194216.339716495014727 ], [ 3247768.656892341561615, 2194253.078003202099353 ], [ 3247772.897306474857032, 2194265.62871385877952 ], [ 3247780.994644011836499, 2194289.550104789901525 ], [ 3247787.064043605234474, 2194327.117045463994145 ], [ 3247820.077760973013937, 2194341.100337244104594 ], [ 3247851.641579889692366, 2194354.464986861217767 ], [ 3247864.048988288268447, 2194378.049269360955805 ], [ 3247857.303691414184868, 2194402.82942439429462 ], [ 3247856.37121604103595, 2194450.206500605680048 ], [ 3247870.822091012261808, 2194492.281051016412675 ], [ 3247880.709246201440692, 2194521.060420305468142 ], [ 3247877.000394112430513, 2194564.63394508138299 ], [ 3247882.394510284997523, 2194598.020241253077984 ], [ 3247926.143825148232281, 2194616.13037368003279 ], [ 3247934.264243122190237, 2194582.837115671951324 ], [ 3247940.357916080392897, 2194557.856457427144051 ], [ 3247936.923038801178336, 2194526.419246161356568 ], [ 3247932.034943494014442, 2194481.589665187057108 ], [ 3247931.392784823197871, 2194475.730346728581935 ], [ 3247973.178648246452212, 2194468.432112356647849 ], [ 3247988.657602770254016, 2194471.700073149986565 ], [ 3247991.673910235054791, 2194472.339160829782486 ], [ 3248017.661539224442095, 2194477.827045026700944 ], [ 3248020.527139153331518, 2194507.123087383806705 ], [ 3248024.277198009658605, 2194545.348603172693402 ], [ 3248050.499572253320366, 2194587.97275006538257 ], [ 3248039.658001355826855, 2194667.120435440447181 ], [ 3248054.625133643858135, 2194733.183441615197808 ], [ 3248080.847634820267558, 2194775.807610333897173 ], [ 3248119.367206772789359, 2194834.735809613019228 ], [ 3248123.654947660397738, 2194841.296672966331244 ], [ 3248127.197630498558283, 2194859.139853813685477 ], [ 3248135.190030813217163, 2194899.371998311020434 ], [ 3248139.246045343577862, 2194957.770209716167301 ], [ 3248140.049603098072112, 2194969.339668778236955 ], [ 3248140.990514907985926, 2194968.567028688266873 ], [ 3248164.145231984555721, 2194949.548507610335946 ], [ 3248174.800629981327802, 2194940.80351439723745 ], [ 3248179.881559285335243, 2194936.631264117080718 ], [ 3248184.661416495218873, 2194886.432786142919213 ], [ 3248182.937086978927255, 2194879.718213895801455 ], [ 3248175.488679676316679, 2194850.705466249957681 ], [ 3248167.265247894451022, 2194818.654785447753966 ], [ 3248151.347692232578993, 2194733.454358451999724 ], [ 3248135.499823329038918, 2194635.36613283585757 ], [ 3248157.777013714425266, 2194644.462499790359288 ], [ 3248172.305353999137878, 2194650.390554798766971 ], [ 3248219.755104542244226, 2194691.466754611581564 ], [ 3248259.466239713132381, 2194751.048620364628732 ], [ 3248289.169489468447864, 2194789.019709453452379 ], [ 3248291.958698763512075, 2194792.587896509096026 ], [ 3248292.83125551789999, 2194824.624714149162173 ], [ 3248295.387193981558084, 2194829.764532283879817 ], [ 3248318.320278252009302, 2194875.96422413457185 ], [ 3248343.442844562232494, 2194893.059610107913613 ], [ 3248381.073519350960851, 2194918.656231297645718 ], [ 3248388.820387994870543, 2194900.139011963270605 ], [ 3248369.271860889624804, 2194845.612636336591095 ], [ 3248364.75386490765959, 2194817.649408748373389 ], [ 3248354.099352087359875, 2194751.705111112911254 ], [ 3248359.889458639547229, 2194707.758062325883657 ], [ 3248405.860693661496043, 2194766.256780747324228 ], [ 3248436.924073731526732, 2194805.044751801993698 ], [ 3248443.550260716117918, 2194813.326261137612164 ], [ 3248449.445217622444034, 2194827.635985920205712 ], [ 3248468.285979234147817, 2194873.384512365330011 ], [ 3248507.522061605006456, 2194890.133930315263569 ], [ 3248512.428942169528455, 2194862.582734014373273 ], [ 3248515.408024234697223, 2194845.841122115962207 ], [ 3248522.248627936001867, 2194855.261235283222049 ], [ 3248531.991213338449597, 2194868.696210912428796 ], [ 3248535.056314748711884, 2194887.667025564238429 ], [ 3248538.298256014008075, 2194907.732311986852437 ], [ 3248539.273229455575347, 2194913.766688393894583 ], [ 3248540.421850970946252, 2194920.875815046019852 ], [ 3248574.411465308163315, 2194970.173145190812647 ], [ 3248583.427681954577565, 2194983.258490016683936 ], [ 3248585.310546053107828, 2194985.99142403434962 ], [ 3248624.745398592669517, 2195030.606867963913828 ], [ 3248679.890888333786279, 2195066.040653871838003 ], [ 3248713.653370067477226, 2195062.293429708108306 ], [ 3248727.340740235056728, 2195040.58945652609691 ], [ 3248720.656767117790878, 2194985.965609435923398 ], [ 3248694.77031800430268, 2194945.421772611327469 ], [ 3248651.49603324290365, 2194903.616040762048215 ], [ 3248652.086592005565763, 2194887.85934177134186 ], [ 3248652.300695421174169, 2194882.022833222523332 ], [ 3248644.613543959334493, 2194821.12627569725737 ], [ 3248617.976641507819295, 2194773.424106276594102 ], [ 3248605.308081058785319, 2194750.736952575389296 ], [ 3248621.397737521212548, 2194738.18403545813635 ], [ 3248630.113474889658391, 2194731.379807449877262 ], [ 3248659.571126901078969, 2194754.135748967528343 ], [ 3248665.517673715949059, 2194765.121234942227602 ], [ 3248687.142918163910508, 2194805.111530828755349 ], [ 3248737.697136287111789, 2194852.083692598156631 ], [ 3248759.320385229773819, 2194869.13137748464942 ], [ 3248784.481434504501522, 2194888.977819671388716 ], [ 3248775.583817819133401, 2194927.009371312335134 ], [ 3248805.715408154763281, 2194953.936174466274679 ], [ 3248822.731834145262837, 2194978.216123762074858 ], [ 3248839.219589893706143, 2195001.736789150163531 ], [ 3248873.874449105933309, 2195030.0229785554111 ], [ 3248888.969279102049768, 2195003.774637695867568 ] ] ], [ [ [ 3250525.121008584275842, 2195584.532400270458311 ], [ 3250563.198462564498186, 2195554.281716565135866 ], [ 3250561.398551913443953, 2195539.561008569318801 ], [ 3250556.524341483134776, 2195499.65643110871315 ], [ 3250559.562387912999839, 2195493.833792790770531 ], [ 3250556.570454519242048, 2195491.963603045791388 ], [ 3250552.744474723935127, 2195489.580064442008734 ], [ 3250524.70540626719594, 2195462.287199893500656 ], [ 3250481.829771852120757, 2195409.694763546809554 ], [ 3250470.968645865563303, 2195355.790493179112673 ], [ 3250470.763058644719422, 2195339.189573424868286 ], [ 3250470.014849808067083, 2195278.835625232663006 ], [ 3250438.432330271694809, 2195197.131327813025564 ], [ 3250437.567364213988185, 2195196.238126911688596 ], [ 3250436.216258184518665, 2195204.209500605240464 ], [ 3250434.763618936296552, 2195212.746067461557686 ], [ 3250427.31297243013978, 2195271.104912288021296 ], [ 3250385.073800095357001, 2195307.009440065361559 ], [ 3250333.917923553846776, 2195360.033225742168725 ], [ 3250329.688063645735383, 2195406.160703144036233 ], [ 3250333.356947490014136, 2195410.964285153895617 ], [ 3250341.814808906521648, 2195422.038532897830009 ], [ 3250334.15406971424818, 2195436.25179276894778 ], [ 3250332.061304921749979, 2195440.135195109993219 ], [ 3250285.217010126449168, 2195482.653294382616878 ], [ 3250274.979945501312613, 2195512.331204052083194 ], [ 3250301.808793575502932, 2195572.024265750311315 ], [ 3250291.307858075015247, 2195595.199159999843687 ], [ 3250525.941175903659314, 2195595.199159999843687 ], [ 3250525.121008584275842, 2195584.532400270458311 ] ] ], [ [ [ 3250152.019953347742558, 2195591.154742259066552 ], [ 3250155.322456393390894, 2195580.561443058308214 ], [ 3250165.880559765733778, 2195555.572104835882783 ], [ 3250171.290307430550456, 2195542.755539149977267 ], [ 3250169.166663274168968, 2195529.612072485499084 ], [ 3250161.916345820762217, 2195484.738922239281237 ], [ 3250161.730145579203963, 2195468.509674947708845 ], [ 3250161.621938589029014, 2195458.85667560948059 ], [ 3250165.156221954151988, 2195454.346425267402083 ], [ 3250199.294567422010005, 2195410.772258825600147 ], [ 3250214.017197319306433, 2195387.559929501730949 ], [ 3250226.92530005145818, 2195367.188887431751937 ], [ 3250245.502062561921775, 2195326.180102332960814 ], [ 3250257.413271692581475, 2195299.890089064370841 ], [ 3250276.510493318550289, 2195288.424517265055329 ], [ 3250332.81794821890071, 2195254.595120892394334 ], [ 3250331.885658206418157, 2195241.223389013204724 ], [ 3250329.354699381627142, 2195204.701389995403588 ], [ 3250319.786528066731989, 2195183.236732060089707 ], [ 3250311.32834690483287, 2195164.244605955667794 ], [ 3250285.64241614099592, 2195137.443243176676333 ], [ 3250269.869526003487408, 2195120.985525714233518 ], [ 3250266.768009613733739, 2195073.330043872818351 ], [ 3250274.888846227433532, 2195045.75544610992074 ], [ 3250284.572492740117013, 2195012.838869549334049 ], [ 3250290.89906531618908, 2194986.723218289203942 ], [ 3250295.598322696518153, 2194967.309206880629063 ], [ 3250292.221235521137714, 2194959.474052457604557 ], [ 3250280.883171638473868, 2194933.147995995357633 ], [ 3250253.319763785228133, 2194921.739847400225699 ], [ 3250234.098879269324243, 2194913.781868456862867 ], [ 3250187.781435880810022, 2194921.869603070896119 ], [ 3250164.820152929984033, 2194925.87901229551062 ], [ 3250120.549351581372321, 2194922.132989797275513 ], [ 3250090.841744426637888, 2194908.950027175713331 ], [ 3250077.107364375144243, 2194909.381482950411737 ], [ 3250058.838698425795883, 2194909.955866547767073 ], [ 3250004.190878408960998, 2194898.836734902579337 ], [ 3250007.287077661603689, 2194875.343168769963086 ], [ 3250011.301042729057372, 2194859.728948666714132 ], [ 3250017.163623680360615, 2194836.897949334233999 ], [ 3250008.868851719424129, 2194785.55674444232136 ], [ 3249982.259118120186031, 2194748.890125948004425 ], [ 3249984.239292558282614, 2194746.131459463387728 ], [ 3250006.623006083071232, 2194714.799036400858313 ], [ 3250043.372391148004681, 2194700.575552701950073 ], [ 3250049.878295827656984, 2194698.06071928748861 ], [ 3250092.989904053509235, 2194708.892992758192122 ], [ 3250090.250328016467392, 2194663.475800399202853 ], [ 3250087.051788683980703, 2194637.269513588864356 ], [ 3250083.113380377646536, 2194605.038550101220608 ], [ 3250100.572025266475976, 2194592.602059834636748 ], [ 3250142.872365483082831, 2194562.475906169041991 ], [ 3250171.678955772425979, 2194544.134485238231719 ], [ 3250207.463285286910832, 2194521.36089873034507 ], [ 3250216.782135161571205, 2194494.226112113334239 ], [ 3250241.84824522677809, 2194421.254558471497148 ], [ 3250193.327046453487128, 2194376.937525821849704 ], [ 3250253.446371093392372, 2194336.603540790267289 ], [ 3250317.320322231389582, 2194362.170941260177642 ], [ 3250350.700479135848582, 2194383.887825355865061 ], [ 3250371.371690222062171, 2194380.278481802903116 ], [ 3250402.102108100429177, 2194374.912745324429125 ], [ 3250433.338458860293031, 2194368.343497003428638 ], [ 3250442.193303163163364, 2194366.48311018012464 ], [ 3250466.557741723954678, 2194361.357074561528862 ], [ 3250525.023864838760346, 2194353.449995248578489 ], [ 3250564.02372111659497, 2194367.291842429898679 ], [ 3250568.643784291576594, 2194410.089221390895545 ], [ 3250548.88359247893095, 2194436.238681397400796 ], [ 3250532.668648513965309, 2194457.693618889898062 ], [ 3250522.439919704571366, 2194493.898560215719044 ], [ 3250508.988402896560729, 2194532.207235210575163 ], [ 3250507.068260574713349, 2194537.662263036705554 ], [ 3250503.553045850247145, 2194547.694371717516333 ], [ 3250499.567517936695367, 2194558.082331461831927 ], [ 3250496.625017114914954, 2194565.753638454712927 ], [ 3250488.755538730882108, 2194586.278653256595135 ], [ 3250480.952614449895918, 2194606.650120810605586 ], [ 3250462.171479193028063, 2194632.953179930802435 ], [ 3250460.012928122188896, 2194690.712035207077861 ], [ 3250440.772040935233235, 2194713.100980055052787 ], [ 3250425.195808911696076, 2194731.220597917214036 ], [ 3250427.481721503194422, 2194745.369722847826779 ], [ 3250428.080678991042078, 2194749.077089526224881 ], [ 3250431.619453414343297, 2194785.179627686738968 ], [ 3250454.8405791092664, 2194829.331997112371027 ], [ 3250480.358823169022799, 2194859.30550475558266 ], [ 3250520.674456957727671, 2194852.266042625531554 ], [ 3250522.826467204838991, 2194851.890283842105418 ], [ 3250543.881161460652947, 2194882.63304519187659 ], [ 3250576.539832267910242, 2194899.883400011342019 ], [ 3250620.800884272903204, 2194903.63150960020721 ], [ 3250651.302752198651433, 2194892.516798897646368 ], [ 3250705.434069357346743, 2194872.795228304807097 ], [ 3250788.340121346525848, 2194817.006575636565685 ], [ 3250794.766656103543937, 2194808.84861597372219 ], [ 3250809.31401143502444, 2194790.391736450605094 ], [ 3250826.6137177310884, 2194755.233286328613758 ], [ 3250832.309266452677548, 2194744.749543880112469 ], [ 3250839.015423242002726, 2194732.41655934182927 ], [ 3250830.147761987522244, 2194720.187137039378285 ], [ 3250803.598049805499613, 2194723.535199384670705 ], [ 3250782.857982061803341, 2194726.152770477347076 ], [ 3250754.165764668956399, 2194733.453709095716476 ], [ 3250754.002385458908975, 2194724.651916767004877 ], [ 3250753.873517964500934, 2194717.445925042964518 ], [ 3250757.632834594231099, 2194697.050588962621987 ], [ 3250759.998568458016962, 2194684.238588828593493 ], [ 3250771.385998235084116, 2194669.405311182141304 ], [ 3250788.474638627842069, 2194647.138892159797251 ], [ 3250810.530239477753639, 2194627.219042159616947 ], [ 3250822.426543766632676, 2194629.734516412485391 ], [ 3250814.136640152428299, 2194649.542079592589289 ], [ 3250825.446621621027589, 2194659.925729787908494 ], [ 3250833.028011285699904, 2194666.895005410537124 ], [ 3250882.626487062312663, 2194646.758779655210674 ], [ 3250917.727820151019841, 2194622.270009704399854 ], [ 3250922.745158195029944, 2194616.760874418541789 ], [ 3250945.05460494523868, 2194592.254918332677335 ], [ 3250945.948398613370955, 2194568.446654801722616 ], [ 3250946.785618628375232, 2194546.047333187889308 ], [ 3250902.808313902933151, 2194558.318208910524845 ], [ 3250866.253885326907039, 2194573.875535769853741 ], [ 3250859.808195896446705, 2194564.072056205943227 ], [ 3250854.065391078591347, 2194555.352290282957256 ], [ 3250847.844446911942214, 2194526.20660491893068 ], [ 3250844.621691345237195, 2194511.09577291784808 ], [ 3250844.510750744491816, 2194509.340973598882556 ], [ 3250844.255060850642622, 2194505.05664348974824 ], [ 3250841.880886968690902, 2194465.668956269044429 ], [ 3250818.593819964677095, 2194435.305827435106039 ], [ 3250812.999827773310244, 2194390.123742298223078 ], [ 3250811.089076225180179, 2194374.652056113351136 ], [ 3250846.560434053651989, 2194352.389963890891522 ], [ 3250872.259482847992331, 2194379.777165467850864 ], [ 3250874.319330733269453, 2194381.972323160618544 ], [ 3250888.212112374603748, 2194376.991892525460571 ], [ 3250924.278012208640575, 2194364.064622872043401 ], [ 3250937.689928848296404, 2194349.07063069799915 ], [ 3250953.476007574237883, 2194331.431752582080662 ], [ 3250992.460053009912372, 2194296.796338154934347 ], [ 3250988.360082169063389, 2194277.134628741536289 ], [ 3251006.449731813743711, 2194232.663650337606668 ], [ 3250995.858455565758049, 2194195.501512582413852 ], [ 3250959.515856780577451, 2194169.708984169643372 ], [ 3250911.86423877440393, 2194173.436096881516278 ], [ 3250871.560880303848535, 2194194.250484506133944 ], [ 3250860.971866267267615, 2194228.226852750405669 ], [ 3250877.307817263528705, 2194263.564830181188881 ], [ 3250878.63751167897135, 2194266.455201634205878 ], [ 3250865.799398132134229, 2194300.834417497273535 ], [ 3250837.906352558173239, 2194298.82067805994302 ], [ 3250822.907842327840626, 2194248.640197630040348 ], [ 3250767.395702118985355, 2194260.633802653290331 ], [ 3250744.756557987071574, 2194319.666835385840386 ], [ 3250761.488092503510416, 2194350.353335828520358 ], [ 3250713.329228119924664, 2194352.699248360469937 ], [ 3250673.674041517078876, 2194320.601473365910351 ], [ 3250661.989629096817225, 2194276.736238179728389 ], [ 3250596.674053608439863, 2194242.245181698352098 ], [ 3250581.331602089107037, 2194221.099447690881789 ], [ 3250575.97806734777987, 2194213.720936888828874 ], [ 3250483.989276718348265, 2194227.491176671348512 ], [ 3250451.69480524584651, 2194283.617731051985174 ], [ 3250430.477568021044135, 2194293.962830275762826 ], [ 3250385.661870967131108, 2194315.808927201200277 ], [ 3250329.638581073842943, 2194281.976735033560544 ], [ 3250270.664335043169558, 2194244.077411369420588 ], [ 3250218.934243135154247, 2194251.082295041065663 ], [ 3250153.733812615275383, 2194259.901974736247212 ], [ 3250079.164800175465643, 2194277.768598165363073 ], [ 3250047.541984367184341, 2194285.338243098463863 ], [ 3249978.762489863205701, 2194300.65311933727935 ], [ 3249952.161756729707122, 2194306.57540709991008 ], [ 3249883.457311342004687, 2194390.208595250733197 ], [ 3249861.91338866809383, 2194416.436738735530525 ], [ 3249843.186091875657439, 2194446.654147222172469 ], [ 3249798.11664094729349, 2194519.388265592046082 ], [ 3249780.695526632014662, 2194547.512240992859006 ], [ 3249764.811046127229929, 2194573.147642255295068 ], [ 3249759.843328953720629, 2194581.162543403916061 ], [ 3249696.185780628584325, 2194613.791844794526696 ], [ 3249691.672554289922118, 2194585.919245309196413 ], [ 3249690.270734662655741, 2194577.242413848172873 ], [ 3249690.040429370477796, 2194576.319500890094787 ], [ 3249670.945246339775622, 2194500.281965503003448 ], [ 3249657.818879702594131, 2194447.493295923806727 ], [ 3249664.089250552468002, 2194386.724948537535965 ], [ 3249671.2804199680686, 2194370.860085473395884 ], [ 3249687.807779773138463, 2194334.376114280894399 ], [ 3249686.283999624662101, 2194307.603667704854161 ], [ 3249684.053041765466332, 2194268.474618646781892 ], [ 3249711.873688725288957, 2194213.118346200790256 ], [ 3249751.842162271030247, 2194163.781856082845479 ], [ 3249761.683762110769749, 2194151.631171287037432 ], [ 3249836.152046670671552, 2194072.070812772959471 ], [ 3249842.638445622753352, 2194048.512613085098565 ], [ 3249852.07675988227129, 2194014.199453033972532 ], [ 3249858.288835534825921, 2193992.838459617458284 ], [ 3249866.853700826875865, 2193963.422490926459432 ], [ 3249917.033745596650988, 2193918.548390223179013 ], [ 3249921.069793290924281, 2193914.94414360076189 ], [ 3249973.923820104915649, 2193889.261056843213737 ], [ 3250016.952913017943501, 2193868.355288006830961 ], [ 3250084.633042314555496, 2193856.53773545101285 ], [ 3250142.096031717956066, 2193846.504266670439392 ], [ 3250208.86230827216059, 2193818.787725559901446 ], [ 3250223.052441705949605, 2193735.975845043547451 ], [ 3250262.995883287861943, 2193712.932715121656656 ], [ 3250300.769897330086678, 2193747.64993654936552 ], [ 3250343.390783412382007, 2193854.971314619295299 ], [ 3250402.217084403149784, 2193849.292669282760471 ], [ 3250533.711774810217321, 2193824.032351201865822 ], [ 3250594.601651454344392, 2193817.618543604388833 ], [ 3250633.12535388674587, 2193813.558738778345287 ], [ 3250684.5323849292472, 2193875.742322296369821 ], [ 3250751.290948013775051, 2193919.166674271225929 ], [ 3250785.040883267298341, 2193943.110429567750543 ], [ 3250816.46858642809093, 2193910.078238332644105 ], [ 3250835.717912508174777, 2193858.521139527205378 ], [ 3250819.837654126808047, 2193835.867490235250443 ], [ 3250799.881290681660175, 2193807.396601737476885 ], [ 3250812.711480800062418, 2193773.029081816785038 ], [ 3250817.565923649817705, 2193768.207421328406781 ], [ 3250846.380221635103226, 2193739.605742242187262 ], [ 3250852.090915400069207, 2193727.831973187625408 ], [ 3250867.062918185256422, 2193696.983577295672148 ], [ 3250899.942170004360378, 2193672.873080309014767 ], [ 3250909.23845571000129, 2193658.476135531440377 ], [ 3250918.325864513404667, 2193644.419804675504565 ], [ 3250993.587222024798393, 2193626.687548548448831 ], [ 3251089.691775959916413, 2193681.057575746439397 ], [ 3251190.910423146095127, 2193681.756424671504647 ], [ 3251224.46194885019213, 2193668.467735721264035 ], [ 3251242.740757628809661, 2193661.231512307189405 ], [ 3251221.829582065343857, 2193602.908658442087471 ], [ 3251207.271318715065718, 2193541.185536316595972 ], [ 3251236.030549516901374, 2193520.095993436872959 ], [ 3251273.539306106045842, 2193536.206079012714326 ], [ 3251285.417314103804529, 2193541.310103852301836 ], [ 3251339.637554040644318, 2193563.981746199540794 ], [ 3251374.671672408934683, 2193553.273018709383905 ], [ 3251394.643133486621082, 2193506.183005126658827 ], [ 3251443.443142876029015, 2193495.362316251732409 ], [ 3251480.935167850926518, 2193514.070770859718323 ], [ 3251569.468142369762063, 2193521.567460582591593 ], [ 3251605.806429475545883, 2193476.202755599282682 ], [ 3251620.506595015525818, 2193439.208025512285531 ], [ 3251698.077625758945942, 2193407.306516065262258 ], [ 3251762.309415034018457, 2193363.95633783005178 ], [ 3251862.651696676388383, 2193380.969579031225294 ], [ 3251875.716784539632499, 2193383.17994880862534 ], [ 3251958.335128635168076, 2193382.524906371254474 ], [ 3252009.818195910193026, 2193430.918395499233156 ], [ 3252052.425614918582141, 2193467.093993830494583 ], [ 3252096.763812134973705, 2193457.052865823730826 ], [ 3252135.888882872648537, 2193451.561306117568165 ], [ 3252164.174971039406955, 2193447.586742569692433 ], [ 3252199.852738819550723, 2193455.12607416510582 ], [ 3252234.537082441151142, 2193442.187931683380157 ], [ 3252272.38537010550499, 2193391.967930994927883 ], [ 3252308.477660824079067, 2193379.828303469344974 ], [ 3252329.049881880171597, 2193372.901904061436653 ], [ 3252387.085484968498349, 2193305.391013187356293 ], [ 3252430.983895440585911, 2193235.755535800009966 ], [ 3252480.292449234984815, 2193199.614138028584421 ], [ 3252500.198156042955816, 2193237.451329469680786 ], [ 3252502.424938663840294, 2193242.628325210418552 ], [ 3252507.554310200270265, 2193254.526963022071868 ], [ 3252563.419400213286281, 2193244.775612765923142 ], [ 3252631.695686413906515, 2193212.197023109067231 ], [ 3252681.753959874156862, 2193214.002766366116703 ], [ 3252707.972994859330356, 2193214.95140755455941 ], [ 3252710.817338566295803, 2193232.561122397426516 ], [ 3252715.905638211406767, 2193264.063387178815901 ], [ 3252737.320970870088786, 2193297.044666965957731 ], [ 3252766.054681803099811, 2193312.933504155371338 ], [ 3252787.779482786078006, 2193324.956538894213736 ], [ 3252805.37760690972209, 2193376.973906976170838 ], [ 3252811.007464459631592, 2193411.828538477420807 ], [ 3252814.751690248493105, 2193435.00908980704844 ], [ 3252866.086419873870909, 2193439.815962756518275 ], [ 3252878.474297357257456, 2193426.208068020176142 ], [ 3252893.404911495745182, 2193409.804375703912228 ], [ 3252890.518897873349488, 2193320.801097654737532 ], [ 3252891.890130443032831, 2193272.356342159677297 ], [ 3252851.98974750796333, 2193191.040498337708414 ], [ 3252842.275055341888219, 2193117.635124544613063 ], [ 3252859.535221653059125, 2193078.136451720260084 ], [ 3252863.505805883090943, 2193049.554278896190226 ], [ 3252837.016042397357523, 2192991.941847840324044 ], [ 3252832.708335366100073, 2192979.788294604048133 ], [ 3252829.132807062473148, 2192969.716988209635019 ], [ 3252826.391867763828486, 2192956.894593737088144 ], [ 3252824.146822052076459, 2192946.388306262437254 ], [ 3252763.102255532518029, 2192935.510533280670643 ], [ 3252740.240052962675691, 2192961.064135745167732 ], [ 3252747.906867699231952, 2192976.230298416223377 ], [ 3252764.032859049737453, 2193008.137617141008377 ], [ 3252769.55896547017619, 2193042.351300265174359 ], [ 3252772.078367421869189, 2193057.949586299713701 ], [ 3252735.410979572683573, 2193048.179881737101823 ], [ 3252683.834425431676209, 2192962.819501891732216 ], [ 3252615.148846972733736, 2192888.545612868852913 ], [ 3252557.906883324496448, 2192801.477563090622425 ], [ 3252477.276700844522566, 2192753.548498912714422 ], [ 3252403.854531922377646, 2192750.18431419506669 ], [ 3252369.746990480925888, 2192756.137793981004506 ], [ 3252351.35557665862143, 2192759.348030593711883 ], [ 3252362.133372351527214, 2192777.184829871170223 ], [ 3252373.453837053384632, 2192795.930553160607815 ], [ 3252367.110208889003843, 2192840.17431269492954 ], [ 3252333.820313543081284, 2192851.378454198129475 ], [ 3252314.347096382640302, 2192897.914066230412573 ], [ 3252282.422195055522025, 2192900.790000721812248 ], [ 3252244.82182808034122, 2192901.959966842085123 ], [ 3252236.998065595515072, 2192910.330895335879177 ], [ 3252205.696354393381625, 2192943.836076246574521 ], [ 3252182.326496906578541, 2192982.962007088586688 ], [ 3252166.867101591546088, 2192985.660549430642277 ], [ 3252145.573416916653514, 2192989.377515303902328 ], [ 3252119.311490490101278, 2192969.49906623410061 ], [ 3252096.368534338660538, 2192952.133321960456669 ], [ 3252062.073577486909926, 2192906.903299134690315 ], [ 3252031.832420912571251, 2192836.685493629425764 ], [ 3251942.487205303274095, 2192784.885016918648034 ], [ 3251888.030580726452172, 2192748.55770177161321 ], [ 3251869.151968424208462, 2192681.760001356713474 ], [ 3251862.627846339717507, 2192680.455631007906049 ], [ 3251782.686270506586879, 2192664.503642042167485 ], [ 3251718.315124358981848, 2192629.258326806593686 ], [ 3251696.814346637576818, 2192617.49050037143752 ], [ 3251605.351290988270193, 2192552.576769542880356 ], [ 3251542.254110886715353, 2192496.18466622941196 ], [ 3251461.209526253864169, 2192529.209036479704082 ], [ 3251456.644632621668279, 2192567.749230002053082 ], [ 3251495.246714826673269, 2192600.872694184072316 ], [ 3251519.306785031221807, 2192621.510397064033896 ], [ 3251514.149861516430974, 2192689.817401581909508 ], [ 3251517.282943282276392, 2192759.363824363797903 ], [ 3251527.362438188865781, 2192838.484385658986866 ], [ 3251552.434455767739564, 2192893.41430666577071 ], [ 3251558.41206584777683, 2192903.08656447334215 ], [ 3251578.006025194190443, 2192934.78376666456461 ], [ 3251548.537314012181014, 2192969.581470497883856 ], [ 3251555.737416008487344, 2193014.158045886084437 ], [ 3251511.276469925418496, 2193073.146516949404031 ], [ 3251490.308675958309323, 2193076.806897934991866 ], [ 3251474.52360203396529, 2193079.562529761344194 ], [ 3251447.680965006351471, 2193113.901958293281496 ], [ 3251413.977673006244004, 2193122.48234767653048 ], [ 3251422.448852275498211, 2193174.927183331921697 ], [ 3251421.346204807981849, 2193218.246476541273296 ], [ 3251425.920640071853995, 2193263.281543721444905 ], [ 3251380.284676232375205, 2193298.215412635356188 ], [ 3251320.576114867813885, 2193262.80543961096555 ], [ 3251310.8565245391801, 2193226.322724040132016 ], [ 3251299.992279932834208, 2193185.51832224894315 ], [ 3251277.554128483869135, 2193130.118372978176922 ], [ 3251230.55311918631196, 2193089.803463246673346 ], [ 3251188.632597779855132, 2193080.941689715720713 ], [ 3251149.000141177326441, 2193136.391049960628152 ], [ 3251095.13701611943543, 2193153.88456965982914 ], [ 3251043.321825212799013, 2193170.483318185899407 ], [ 3251002.750892005860806, 2193183.486864234786481 ], [ 3250923.062422179616988, 2193208.18599002296105 ], [ 3250860.907985202036798, 2193224.430660819634795 ], [ 3250873.350367280654609, 2193268.092235408723354 ], [ 3250892.201137307099998, 2193274.827622408978641 ], [ 3250939.24192825332284, 2193291.635530289262533 ], [ 3250980.101263141725212, 2193320.633890581317246 ], [ 3251027.655859180726111, 2193354.383971494622529 ], [ 3251032.507181451655924, 2193384.417317290324718 ], [ 3251033.996346355415881, 2193393.636352320667356 ], [ 3251035.702118953689933, 2193404.196338350884616 ], [ 3250988.278038850054145, 2193444.836345330812037 ], [ 3250920.278857924509794, 2193491.755162114277482 ], [ 3250848.043141890317202, 2193512.446668354794383 ], [ 3250849.080188905354589, 2193541.675996522419155 ], [ 3250849.568417109083384, 2193555.317633870057762 ], [ 3250773.013833054341376, 2193565.986611995380372 ], [ 3250706.540751431137323, 2193572.208981387317181 ], [ 3250657.844426117837429, 2193604.971350804902613 ], [ 3250588.913240374997258, 2193579.262436880264431 ], [ 3250556.141542178578675, 2193576.894068826921284 ], [ 3250512.613215730059892, 2193624.934632518328726 ], [ 3250464.774261757731438, 2193662.941020498052239 ], [ 3250396.944938085973263, 2193677.480693955440074 ], [ 3250379.749651776626706, 2193679.611120787449181 ], [ 3250344.01366435084492, 2193684.025799873284996 ], [ 3250329.824892426840961, 2193675.98999875690788 ], [ 3250289.309553813654929, 2193638.000321134459227 ], [ 3250255.340320319868624, 2193613.89231971045956 ], [ 3250209.170109244994819, 2193594.053793961182237 ], [ 3250177.159396875649691, 2193588.541784795932472 ], [ 3250147.28865954047069, 2193583.396223714575171 ], [ 3250127.166938346810639, 2193592.292887029703707 ], [ 3250099.163272771053016, 2193604.67451267875731 ], [ 3250048.141324757132679, 2193647.920958623755723 ], [ 3250022.193516807630658, 2193686.789357002824545 ], [ 3250000.428477083332837, 2193708.635523966513574 ], [ 3249983.371056943200529, 2193725.756549240555614 ], [ 3249948.188869286328554, 2193734.038830958306789 ], [ 3249888.601788072381169, 2193742.547534363344312 ], [ 3249880.982123342342675, 2193743.634698752313852 ], [ 3249839.436298861633986, 2193732.630345064215362 ], [ 3249797.944619061425328, 2193721.646979069337249 ], [ 3249779.320218902546912, 2193718.197746840305626 ], [ 3249771.789254625327885, 2193732.651754251681268 ], [ 3249779.888723019510508, 2193849.26551401335746 ], [ 3249751.856516810599715, 2193955.024671484716237 ], [ 3249756.971190483309329, 2193986.685144181828946 ], [ 3249758.261410002131015, 2193994.671748075634241 ], [ 3249742.35069250036031, 2194042.514089511707425 ], [ 3249687.361699348315597, 2194114.354289725422859 ], [ 3249641.388724777847528, 2194183.069135547615588 ], [ 3249633.710602353326976, 2194194.537927319295704 ], [ 3249625.694014105945826, 2194264.603665893897414 ], [ 3249609.723747557029128, 2194325.332146850880235 ], [ 3249620.920164698734879, 2194381.316757592372596 ], [ 3249632.106765804812312, 2194437.303104935213923 ], [ 3249628.405623157508671, 2194480.864406552165747 ], [ 3249629.485914210788906, 2194540.764897951856256 ], [ 3249643.508968752343208, 2194587.668936506845057 ], [ 3249646.204108797945082, 2194593.859104646369815 ], [ 3249662.088950558099896, 2194630.360662490129471 ], [ 3249658.99268754478544, 2194653.854261833708733 ], [ 3249655.141796263866127, 2194666.20594647526741 ], [ 3249649.905403841286898, 2194682.986660630442202 ], [ 3249615.226294997148216, 2194704.746612323448062 ], [ 3249614.442968023009598, 2194705.238239159341902 ], [ 3249588.049648518674076, 2194698.370727214496583 ], [ 3249548.26223075715825, 2194693.852333380840719 ], [ 3249524.17584000620991, 2194672.80414508190006 ], [ 3249481.141896547749639, 2194648.191014466341585 ], [ 3249473.415912174619734, 2194652.70331537630409 ], [ 3249464.336298170033842, 2194658.009602964855731 ], [ 3249444.37670601438731, 2194705.099666020367295 ], [ 3249432.34556383267045, 2194711.549960720352829 ], [ 3249416.989725494757295, 2194719.787301638629287 ], [ 3249406.315090409480035, 2194725.524221815168858 ], [ 3249398.574830322526395, 2194742.073132042307407 ], [ 3249390.731422649230808, 2194758.863102103117853 ], [ 3249384.114755405113101, 2194773.005671415477991 ], [ 3249387.232423975132406, 2194801.223442105576396 ], [ 3249389.087164534255862, 2194818.043328900821507 ], [ 3249368.901375783607364, 2194835.336155448108912 ], [ 3249360.533543386030942, 2194878.344027838669717 ], [ 3249313.733732753433287, 2194880.241237015463412 ], [ 3249268.704105106648058, 2194907.418344392906874 ], [ 3249244.512800321448594, 2194943.832010559737682 ], [ 3249205.354242662433535, 2194980.710227629169822 ], [ 3249172.257214719429612, 2194988.63951193774119 ], [ 3249139.635431282687932, 2194972.873756061308086 ], [ 3249108.223896585404873, 2194991.235041690990329 ], [ 3249108.770157916937023, 2195021.189538629725575 ], [ 3249127.643235030584037, 2195071.535276956390589 ], [ 3249145.913578661158681, 2195104.83229124546051 ], [ 3249128.664763584733009, 2195144.322219385765493 ], [ 3249111.633986373431981, 2195172.094769829884171 ], [ 3249106.556596580892801, 2195180.372313847765326 ], [ 3249073.46953628025949, 2195188.299991493113339 ], [ 3249079.132112908177078, 2195236.664380593691021 ], [ 3249053.860055955126882, 2195279.704940170515329 ], [ 3249014.701911501586437, 2195316.58349885744974 ], [ 3248980.593402121216059, 2195318.251835240982473 ], [ 3248953.56607144838199, 2195297.220653100404888 ], [ 3248903.617595945019275, 2195267.316871888935566 ], [ 3248886.835780126973987, 2195283.123429315630347 ], [ 3248876.996244009584188, 2195302.00607036659494 ], [ 3248849.973758560605347, 2195307.891368771903217 ], [ 3248827.187065546400845, 2195312.854422789998353 ], [ 3248822.640538783278316, 2195337.169420232996345 ], [ 3248816.812981622293591, 2195368.318357835523784 ], [ 3248783.853980244137347, 2195416.990253350697458 ], [ 3248744.16097899293527, 2195423.922631177119911 ], [ 3248758.045051651541144, 2195463.490861821454018 ], [ 3248771.515582958236337, 2195503.891705190762877 ], [ 3248753.437333495821804, 2195520.908231589011848 ], [ 3248741.205649889074266, 2195522.598421048372984 ], [ 3248721.765898663550615, 2195525.283916926942766 ], [ 3248712.689920171629637, 2195504.919481443241239 ], [ 3248709.457877042703331, 2195477.755526430904865 ], [ 3248699.364973511081189, 2195436.774918564595282 ], [ 3248681.476190578192472, 2195419.095298758242279 ], [ 3248672.384680211078376, 2195424.515448032412678 ], [ 3248667.754862455651164, 2195427.270620436873287 ], [ 3248672.918227492831647, 2195441.951496826019138 ], [ 3248678.465427475981414, 2195457.75152605259791 ], [ 3248682.296466334257275, 2195485.104877656325698 ], [ 3248686.054856182076037, 2195511.882897760719061 ], [ 3248690.740433190949261, 2195583.847944845911115 ], [ 3248693.135915461927652, 2195595.199159999843687 ], [ 3248950.461710635107011, 2195595.199159999843687 ], [ 3248964.937090876512229, 2195591.416347630787641 ], [ 3249008.785452308133245, 2195591.230338752735406 ], [ 3249012.326172394677997, 2195591.220266205258667 ], [ 3249040.414276570081711, 2195593.249424230307341 ], [ 3249056.449221758171916, 2195570.811007892712951 ], [ 3249060.549728656653315, 2195538.899179439991713 ], [ 3249097.41150916647166, 2195509.356195359490812 ], [ 3249124.728396251797676, 2195469.800848020240664 ], [ 3249142.732782530598342, 2195480.971840679645538 ], [ 3249173.720212107989937, 2195504.525342231616378 ], [ 3249202.206526008434594, 2195501.355062519200146 ], [ 3249223.258657394908369, 2195483.01846714457497 ], [ 3249230.804389976430684, 2195476.449020434636623 ], [ 3249245.703926561400294, 2195490.139247195795178 ], [ 3249266.553977604955435, 2195511.823526711203158 ], [ 3249274.021195345558226, 2195519.593252919614315 ], [ 3249292.138405033387244, 2195518.710386185441166 ], [ 3249302.792703285813332, 2195518.187981307972223 ], [ 3249348.391545573249459, 2195497.551739085931331 ], [ 3249357.665563066489995, 2195521.277940124738961 ], [ 3249334.298086430411786, 2195556.128624329343438 ], [ 3249356.195032213814557, 2195579.454998333007097 ], [ 3249375.729829836636782, 2195571.075684126932174 ], [ 3249391.782007374800742, 2195564.196751225274056 ], [ 3249416.346136174164712, 2195525.50760621484369 ], [ 3249466.718219700269401, 2195489.560389815829694 ], [ 3249473.701954009011388, 2195483.281762868631631 ], [ 3249514.184271899051964, 2195446.871869401074946 ], [ 3249523.063089238479733, 2195490.578709124587476 ], [ 3249541.313156276009977, 2195480.15286685153842 ], [ 3249534.140608994290233, 2195447.006180276162922 ], [ 3249534.64637466520071, 2195444.545493953861296 ], [ 3249542.274267835076898, 2195407.577286034822464 ], [ 3249568.284324118867517, 2195382.484742457978427 ], [ 3249572.06068336032331, 2195378.84460839536041 ], [ 3249595.723599120508879, 2195371.326105487532914 ], [ 3249609.991851883009076, 2195366.786477114539593 ], [ 3249624.483571941033006, 2195344.344171359203756 ], [ 3249624.36924203298986, 2195309.964944593142718 ], [ 3249634.543741209898144, 2195271.984370997641236 ], [ 3249651.393584247678518, 2195249.687912812456489 ], [ 3249662.907652459573001, 2195234.446769198402762 ], [ 3249728.638261090964079, 2195237.455890760757029 ], [ 3249768.104833103716373, 2195268.572282236069441 ], [ 3249775.550936870742589, 2195303.475737859494984 ], [ 3249818.196319917216897, 2195286.985354094300419 ], [ 3249875.173468688037246, 2195336.770286637358367 ], [ 3249898.49299168586731, 2195368.90183465834707 ], [ 3249882.234222602564842, 2195391.652598387096077 ], [ 3249893.763449171558022, 2195419.851333937142044 ], [ 3249900.203474010806531, 2195435.586679870262742 ], [ 3249947.860228936653584, 2195528.637154822703451 ], [ 3249966.176954811438918, 2195555.498565257061273 ], [ 3249978.736110758967698, 2195573.926665941253304 ], [ 3250011.83545922441408, 2195595.199159999843687 ], [ 3250150.757561972830445, 2195595.199159999843687 ], [ 3250152.019953347742558, 2195591.154742259066552 ] ] ], [ [ [ 3249875.349689225666225, 2195552.0764624257572 ], [ 3249859.225087620317936, 2195541.671949382405728 ], [ 3249846.567246030084789, 2195533.500764443073422 ], [ 3249809.085906973574311, 2195514.294840814545751 ], [ 3249774.639516282826662, 2195513.872383252717555 ], [ 3249763.415631908923388, 2195515.832409623079002 ], [ 3249740.997481045778841, 2195519.747298609465361 ], [ 3249720.316716228611767, 2195523.358797234948725 ], [ 3249661.679420251399279, 2195559.350010701920837 ], [ 3249622.567292283289135, 2195595.199159999843687 ], [ 3249878.339020654559135, 2195595.199159999843687 ], [ 3249875.349689225666225, 2195552.0764624257572 ] ] ], [ [ [ 3249240.338240533601493, 2195557.816944914869964 ], [ 3249178.061723227612674, 2195557.966676231473684 ], [ 3249160.10726079903543, 2195565.259012975264341 ], [ 3249131.683271122165024, 2195576.792719883378595 ], [ 3249086.733544119633734, 2195591.080780647695065 ], [ 3249082.036282867658883, 2195595.199159999843687 ], [ 3249283.911914569791406, 2195595.199159999843687 ], [ 3249240.338240533601493, 2195557.816944914869964 ] ] ], [ [ [ 3253048.755172160454094, 2194599.114181942306459 ], [ 3253075.93686836399138, 2194596.660701815970242 ], [ 3253086.818185437470675, 2194578.692692670039833 ], [ 3253072.826704306993634, 2194549.007800068706274 ], [ 3253047.791340617462993, 2194556.95649181259796 ], [ 3253024.74657235853374, 2194564.284008628688753 ], [ 3252987.255790622904897, 2194545.584687761031091 ], [ 3252974.713978722691536, 2194522.925805417820811 ], [ 3252971.0316943959333, 2194516.279380336403847 ], [ 3252940.537454856559634, 2194512.427452609408647 ], [ 3252904.279794317670166, 2194544.841382200364023 ], [ 3252886.320227073505521, 2194560.90223445976153 ], [ 3252861.379457735456526, 2194562.964639688841999 ], [ 3252838.163925626315176, 2194589.969433504156768 ], [ 3252864.479818511754274, 2194610.619322663173079 ], [ 3252925.831420875620097, 2194620.571140250656754 ], [ 3252924.360880020074546, 2194632.202625480014831 ], [ 3252920.785757953301072, 2194660.462775803171098 ], [ 3252879.456923286430538, 2194671.600420862436295 ], [ 3252872.345769290812314, 2194673.510835031978786 ], [ 3252860.026445912197232, 2194697.153774293139577 ], [ 3252851.294987856410444, 2194713.91530127543956 ], [ 3252833.648680394515395, 2194711.683323066681623 ], [ 3252820.799196230247617, 2194710.05361236911267 ], [ 3252798.955199342221022, 2194688.62312631867826 ], [ 3252763.478044496849179, 2194639.726248098537326 ], [ 3252763.046470245812088, 2194580.129477811511606 ], [ 3252773.635735013522208, 2194546.153805870562792 ], [ 3252790.114727982319891, 2194561.140348837710917 ], [ 3252803.274039749056101, 2194573.107396014034748 ], [ 3252828.360622975975275, 2194543.48480094736442 ], [ 3252828.237976005300879, 2194542.725586926564574 ], [ 3252824.754487799014896, 2194521.161937649827451 ], [ 3252816.820703610777855, 2194472.049673995003104 ], [ 3252800.754282008390874, 2194459.931116532534361 ], [ 3252772.333441022783518, 2194438.503095283638686 ], [ 3252758.418295961339027, 2194395.027438008226454 ], [ 3252763.170600676909089, 2194339.118408795446157 ], [ 3252762.956091505475342, 2194329.747838938143104 ], [ 3252761.656296872533858, 2194272.817004517652094 ], [ 3252799.067544348537922, 2194234.159524398855865 ], [ 3252815.507098058704287, 2194293.263111350126565 ], [ 3252826.829561327584088, 2194334.889989042654634 ], [ 3252966.044008811470121, 2194328.949306077789515 ], [ 3253020.984631107188761, 2194356.078866680152714 ], [ 3253067.983394686132669, 2194334.107864672783762 ], [ 3253081.543630599509925, 2194304.196188340894878 ], [ 3253082.562458348460495, 2194281.7250713147223 ], [ 3253084.065117676742375, 2194248.676766181830317 ], [ 3253080.745178280863911, 2194208.897235155105591 ], [ 3253079.152296082116663, 2194189.862555611878633 ], [ 3253088.377408140804619, 2194175.904350397642702 ], [ 3253103.156195485498756, 2194153.53554410347715 ], [ 3253113.339012362994254, 2194108.935663492418826 ], [ 3253123.340394170023501, 2194065.097407827619463 ], [ 3253131.651522075757384, 2194056.225788378156722 ], [ 3253109.456306256353855, 2194038.212191269733012 ], [ 3253101.932958690449595, 2194032.104434692766517 ], [ 3253091.947281554341316, 2194024.388756043277681 ], [ 3253070.423749711364508, 2194007.768475424963981 ], [ 3253049.814565280918032, 2193999.636224829591811 ], [ 3253044.404320192523301, 2193997.498653773218393 ], [ 3253013.973645554855466, 2193985.494759399443865 ], [ 3253000.533433710224926, 2193943.071799837052822 ], [ 3252990.539687574375421, 2193911.553779219277203 ], [ 3252980.855134538374841, 2193886.348388406448066 ], [ 3252970.710059524513781, 2193859.925735833123326 ], [ 3252974.098160770721734, 2193781.303081652615219 ], [ 3252895.220094318967313, 2193776.711422806605697 ], [ 3252837.046045923605561, 2193800.632947256788611 ], [ 3252809.505212702788413, 2193871.995506439357996 ], [ 3252830.056375327985734, 2193928.090079675428569 ], [ 3252803.119812288321555, 2193985.346827731002122 ], [ 3252792.422269204631448, 2194008.098215574398637 ], [ 3252762.65213873423636, 2194049.760793135501444 ], [ 3252756.815364046022296, 2194057.926862109918147 ], [ 3252691.345324485562742, 2194069.355011533014476 ], [ 3252671.887936227954924, 2194072.751422293484211 ], [ 3252608.227327715605497, 2194076.970050140749663 ], [ 3252593.391667681280524, 2194100.494572067633271 ], [ 3252578.962013982236385, 2194123.390650033950806 ], [ 3252624.454270501621068, 2194177.422811759170145 ], [ 3252642.689044822007418, 2194191.089037886820734 ], [ 3252674.125001596286893, 2194214.656978908926249 ], [ 3252686.168955557048321, 2194260.750393325928599 ], [ 3252714.365694088861346, 2194278.780739288311452 ], [ 3252737.508279040921479, 2194336.714290787931532 ], [ 3252718.830993072129786, 2194349.149403171613812 ], [ 3252707.589672899805009, 2194364.889146372210234 ], [ 3252680.767967335879803, 2194369.571112137753516 ], [ 3252668.647873007692397, 2194370.571611734107137 ], [ 3252630.884837625548244, 2194373.686199995223433 ], [ 3252582.006956085562706, 2194398.287034954875708 ], [ 3252547.322952352464199, 2194411.225219704676419 ], [ 3252544.585082365199924, 2194435.872072682250291 ], [ 3252542.63878773059696, 2194453.355136370752007 ], [ 3252540.195556279737502, 2194495.093888680450618 ], [ 3252532.139054303988814, 2194509.750598165672272 ], [ 3252520.662481983192265, 2194530.630914112087339 ], [ 3252498.035208978690207, 2194557.695435681380332 ], [ 3252493.696672548539937, 2194562.883092015050352 ], [ 3252470.559065094217658, 2194576.1071299132891 ], [ 3252457.457835789304227, 2194571.348248235415667 ], [ 3252436.379316844977438, 2194563.703698983415961 ], [ 3252417.713634198065847, 2194576.147120117675513 ], [ 3252386.275988907087594, 2194609.180036978796124 ], [ 3252385.012068824376911, 2194609.147226259112358 ], [ 3252351.679805812425911, 2194608.335712758824229 ], [ 3252346.270487006288022, 2194574.85135004343465 ], [ 3252345.399450155440718, 2194526.797219777479768 ], [ 3252344.102114731445909, 2194490.30387422721833 ], [ 3252345.103794130031019, 2194439.641819550190121 ], [ 3252343.151365638710558, 2194384.892832975834608 ], [ 3252359.088267926126719, 2194327.031149389687926 ], [ 3252376.456851940602064, 2194278.094458465464413 ], [ 3252369.957784377038479, 2194251.93755119247362 ], [ 3252366.80158176459372, 2194239.248325711116195 ], [ 3252363.329730599652976, 2194225.296266679186374 ], [ 3252338.816983576398343, 2194215.807964885607362 ], [ 3252337.748885788023472, 2194244.31990233855322 ], [ 3252337.523127897642553, 2194250.462370082736015 ], [ 3252328.223989996593446, 2194282.246146602556109 ], [ 3252321.236039307899773, 2194306.093966400250793 ], [ 3252267.524761456996202, 2194329.237542017363012 ], [ 3252250.074932578485459, 2194320.807516245171428 ], [ 3252230.899924357421696, 2194287.435075935907662 ], [ 3252198.221024892292917, 2194268.67681095842272 ], [ 3252182.693645955063403, 2194259.76927006104961 ], [ 3252172.646931016817689, 2194254.000726050697267 ], [ 3252174.445036384742707, 2194194.004539720248431 ], [ 3252149.918361560441554, 2194156.720407380256802 ], [ 3252137.888313664123416, 2194138.42286342009902 ], [ 3252119.430178373120725, 2194038.359408927150071 ], [ 3252104.929871974047273, 2193962.858779352158308 ], [ 3252057.568293239921331, 2193911.454537164419889 ], [ 3251978.081452530808747, 2193918.173045149073005 ], [ 3251955.551358020864427, 2193920.078524383716285 ], [ 3251888.651211742777377, 2193975.370909188408405 ], [ 3251814.033218699973077, 2194011.349577827379107 ], [ 3251758.168837973847985, 2194021.102067514788359 ], [ 3251728.354387022554874, 2194012.661193056497723 ], [ 3251697.96704517910257, 2194004.066895802039653 ], [ 3251622.827189201489091, 2194026.886651217937469 ], [ 3251538.060916098766029, 2194052.634099991992116 ], [ 3251453.134242841973901, 2194067.460666531696916 ], [ 3251440.689921256154776, 2194105.096029022242874 ], [ 3251434.606431855820119, 2194123.483988320454955 ], [ 3251364.966602140106261, 2194133.350752504076809 ], [ 3251327.552348061930388, 2194100.861403439659625 ], [ 3251289.340306657832116, 2194077.696414240635931 ], [ 3251267.038232977502048, 2194072.090692068450153 ], [ 3251246.228422573301941, 2194066.863145949319005 ], [ 3251242.333838757127523, 2194099.680670656263828 ], [ 3251258.050491063855588, 2194154.307939889840782 ], [ 3251282.790385872125626, 2194193.602560908999294 ], [ 3251308.668314611539245, 2194225.804635758977383 ], [ 3251323.736541828140616, 2194246.572547413408756 ], [ 3251341.182814579922706, 2194270.625677518546581 ], [ 3251345.469150852877647, 2194297.158837561961263 ], [ 3251347.307293761521578, 2194308.537235633470118 ], [ 3251350.558295750524849, 2194328.661422842182219 ], [ 3251371.468601197004318, 2194386.974569978192449 ], [ 3251371.185902351047844, 2194413.058462570421398 ], [ 3251370.920657050795853, 2194437.993713387288153 ], [ 3251370.752582041546702, 2194453.666089951992035 ], [ 3251342.647559153381735, 2194493.001753697637469 ], [ 3251336.298923161812127, 2194567.550363899208605 ], [ 3251344.954738431610167, 2194621.129484244156629 ], [ 3251348.502140377182513, 2194643.08765879785642 ], [ 3251351.445837526582181, 2194661.308902668766677 ], [ 3251331.630986863747239, 2194680.837239482440054 ], [ 3251294.494522729422897, 2194593.209031558595598 ], [ 3251275.453403513412923, 2194532.268115900456905 ], [ 3251291.379777260590345, 2194474.407373098656535 ], [ 3251268.924914294853806, 2194430.911981269251555 ], [ 3251247.902309572324157, 2194390.187690022401512 ], [ 3251218.091535162180662, 2194363.548656322993338 ], [ 3251176.761617665179074, 2194326.613145130220801 ], [ 3251172.705345187336206, 2194322.992374427616596 ], [ 3251149.383961234241724, 2194312.647724688053131 ], [ 3251128.150367636233568, 2194303.226108896546066 ], [ 3251059.895098173059523, 2194333.097426172345877 ], [ 3251065.78958718245849, 2194343.950120438355953 ], [ 3251065.705013873055577, 2194346.002639944199473 ], [ 3251062.413177829235792, 2194422.572431704495102 ], [ 3251094.817876594141126, 2194461.309478860814124 ], [ 3251119.374201430007815, 2194490.670435783453286 ], [ 3251115.302830505184829, 2194560.026283776387572 ], [ 3251114.468842221423984, 2194574.152326105162501 ], [ 3251129.936173235531896, 2194612.845682709477842 ], [ 3251150.733875547535717, 2194613.725997508037835 ], [ 3251187.548483504913747, 2194661.162142912857234 ], [ 3251208.775090708397329, 2194688.509131651837379 ], [ 3251279.069876136258245, 2194696.897677318193018 ], [ 3251310.525302698370069, 2194720.208172612823546 ], [ 3251341.726923403330147, 2194743.329816935583949 ], [ 3251364.524861462414265, 2194763.062525246292353 ], [ 3251392.480981853790581, 2194787.267865403555334 ], [ 3251410.931714368052781, 2194805.285869856365025 ], [ 3251444.315081199631095, 2194837.891013652086258 ], [ 3251439.341124995611608, 2194870.684282526373863 ], [ 3251434.304171592928469, 2194903.904225395992398 ], [ 3251410.661540735978633, 2194942.46100628329441 ], [ 3251421.624732706695795, 2194981.859732166398317 ], [ 3251437.049940269906074, 2195020.479440968483686 ], [ 3251442.459690464660525, 2195053.963987010065466 ], [ 3251447.801744508557022, 2195101.227927781641483 ], [ 3251468.564208369236439, 2195115.963119629770517 ], [ 3251480.67197551112622, 2195077.128950193058699 ], [ 3251507.997020134702325, 2195047.104227544739842 ], [ 3251535.313818398863077, 2195017.091118135955185 ], [ 3251521.68198878923431, 2194989.634639637544751 ], [ 3251518.909588625654578, 2194980.892994973808527 ], [ 3251498.246262008324265, 2194915.693284073378891 ], [ 3251503.768112716265023, 2194889.809788292273879 ], [ 3251507.401604755781591, 2194872.78212333843112 ], [ 3251523.979867313057184, 2194833.157455580309033 ], [ 3251518.570270197466016, 2194799.672955675050616 ], [ 3251520.30284786503762, 2194753.475362773519009 ], [ 3251504.612216430716217, 2194728.101839323528111 ], [ 3251498.525080642662942, 2194718.255998252425343 ], [ 3251507.162203699350357, 2194694.251675209961832 ], [ 3251514.383483299985528, 2194674.174669807776809 ], [ 3251559.955810052342713, 2194667.881042349617928 ], [ 3251577.320173189975321, 2194665.478047166019678 ], [ 3251592.337244967930019, 2194671.980560037773103 ], [ 3251641.556090260855854, 2194693.28489689482376 ], [ 3251663.760166611522436, 2194685.718178559094667 ], [ 3251682.942585150711238, 2194679.175766814500093 ], [ 3251729.362975422292948, 2194625.166479540523142 ], [ 3251709.028446988668293, 2194598.880217028781772 ], [ 3251687.250781356357038, 2194563.660831473767757 ], [ 3251690.131485410500318, 2194510.369097055867314 ], [ 3251669.153211866505444, 2194465.835241140797734 ], [ 3251688.256561084184796, 2194441.838838178664446 ], [ 3251698.288339181803167, 2194407.554528108797967 ], [ 3251704.543212890625, 2194386.206762617453933 ], [ 3251731.792640740983188, 2194369.973330192267895 ], [ 3251812.900952721014619, 2194374.173572087660432 ], [ 3251824.293181398417801, 2194402.031092155724764 ], [ 3251824.734746138565242, 2194461.626436522696167 ], [ 3251830.638212030753493, 2194488.556514041963965 ], [ 3251833.456641469150782, 2194501.41626847255975 ], [ 3251816.876387397293001, 2194541.030787564348429 ], [ 3251843.192223766818643, 2194561.68032703269273 ], [ 3251887.891424376517534, 2194553.876841362565756 ], [ 3251956.663327949121594, 2194495.976041057612747 ], [ 3251959.434181178919971, 2194491.639869780279696 ], [ 3251973.175736858509481, 2194470.140905763022602 ], [ 3251985.946124577894807, 2194429.184296116232872 ], [ 3251991.341792721301317, 2194411.87959842197597 ], [ 3252092.704782247543335, 2194385.009498652070761 ], [ 3252142.226155458949506, 2194378.655695782508701 ], [ 3252189.66591229615733, 2194416.278990997932851 ], [ 3252247.636813974007964, 2194433.703993607778102 ], [ 3252255.561142848804593, 2194482.757189785130322 ], [ 3252256.650641924701631, 2194489.501388828735799 ], [ 3252264.944560271687806, 2194540.842103481292725 ], [ 3252247.066800597123802, 2194543.963015499524772 ], [ 3252226.444038039073348, 2194572.816910876426846 ], [ 3252189.033391479868442, 2194611.47508934000507 ], [ 3252159.83675201702863, 2194644.117004349362105 ], [ 3252157.318271041382104, 2194670.560692727565765 ], [ 3252135.11204857006669, 2194675.978279733099043 ], [ 3252086.954610312357545, 2194705.036479331552982 ], [ 3252082.144261432811618, 2194716.288005565293133 ], [ 3252075.27579544717446, 2194732.329152133781463 ], [ 3252049.253916657529771, 2194736.871929728426039 ], [ 3252028.345598116982728, 2194740.522016883827746 ], [ 3252017.237072933465242, 2194728.683701825328171 ], [ 3251996.427474944852293, 2194732.31656694598496 ], [ 3251970.306893977336586, 2194736.876618128735572 ], [ 3251964.412734382785857, 2194722.130805728491396 ], [ 3251954.872076346538961, 2194698.258654307108372 ], [ 3251956.735527018085122, 2194696.787739494349808 ], [ 3251977.299407148733735, 2194680.575900410301983 ], [ 3251977.672334770672023, 2194676.161577002611011 ], [ 3251979.674451278988272, 2194652.616223410237581 ], [ 3251908.513774812221527, 2194667.33044261764735 ], [ 3251886.634303534869105, 2194682.05865740031004 ], [ 3251867.070798467379063, 2194695.22683160379529 ], [ 3251849.836971582844853, 2194716.59551147185266 ], [ 3251839.106784640811384, 2194728.586562315933406 ], [ 3251830.372153003234416, 2194738.35369378933683 ], [ 3251841.33512962795794, 2194777.752361885737628 ], [ 3251857.347685681656003, 2194848.407144538126886 ], [ 3251860.787147898226976, 2194865.487467762548476 ], [ 3251868.954657418653369, 2194906.05345559399575 ], [ 3251858.197657189331949, 2194943.009154190309346 ], [ 3251854.177958587184548, 2194956.829588403459638 ], [ 3251843.309445924125612, 2194974.937818787060678 ], [ 3251823.394689422100782, 2195008.109023444820195 ], [ 3251816.631397742312402, 2195010.475934015586972 ], [ 3251784.24919087253511, 2195021.826931613031775 ], [ 3251791.870921724941581, 2195031.181845984887332 ], [ 3251807.186360991559923, 2195049.960215948987752 ], [ 3251852.889331752434373, 2195062.632533544208854 ], [ 3251895.857512541115284, 2195101.03629905031994 ], [ 3251902.786799730267376, 2195091.340992424637079 ], [ 3251907.109885131008923, 2195085.304318271577358 ], [ 3251892.756442127749324, 2195053.381237921770662 ], [ 3251885.819092379882932, 2195027.341210581827909 ], [ 3251881.071669485419989, 2195009.515957393683493 ], [ 3251896.929928130470216, 2194965.434743425808847 ], [ 3251934.709963278844953, 2194929.002753100823611 ], [ 3251981.496158480644226, 2194948.379974689800292 ], [ 3251993.540868331678212, 2194994.473590537440032 ], [ 3251988.058108385652304, 2195045.918362549040467 ], [ 3251967.445644355379045, 2195074.770835594274104 ], [ 3251969.882873001974076, 2195089.856603818945587 ], [ 3251972.13372900057584, 2195103.788755354937166 ], [ 3252022.964060829486698, 2195133.936256286222488 ], [ 3252059.949432241264731, 2195177.967003624420613 ], [ 3252073.3698341967538, 2195246.773146794643253 ], [ 3252064.863535543903708, 2195259.460762808099389 ], [ 3252043.736158574931324, 2195290.968111388850957 ], [ 3252050.063762066885829, 2195312.542348821181804 ], [ 3252059.09379276027903, 2195343.367231534793973 ], [ 3252056.510518015362322, 2195370.978188059292734 ], [ 3252053.195139240473509, 2195406.371232689358294 ], [ 3252058.565206794533879, 2195439.609267756342888 ], [ 3252064.374970155768096, 2195475.568666155450046 ], [ 3252073.420995054766536, 2195471.059479601215571 ], [ 3252106.910533452406526, 2195454.375191573053598 ], [ 3252129.847701739519835, 2195436.897266345564276 ], [ 3252149.873832038138062, 2195421.630769053474069 ], [ 3252203.561339786276221, 2195415.370438301935792 ], [ 3252199.832373942714185, 2195403.723930310457945 ], [ 3252240.698586851358414, 2195343.800569320563227 ], [ 3252265.860418735072017, 2195300.386427768971771 ], [ 3252261.961624098010361, 2195262.0557512184605 ], [ 3252217.554883260279894, 2195285.86684332229197 ], [ 3252203.860343566164374, 2195268.011855010874569 ], [ 3252194.267480398528278, 2195255.503380151465535 ], [ 3252215.319108563475311, 2195215.108141258824617 ], [ 3252169.167562382295728, 2195071.682107331696898 ], [ 3252157.752521801739931, 2195018.554266410879791 ], [ 3252150.631605269387364, 2194985.409117590636015 ], [ 3252177.514930221252143, 2194895.789510811213404 ], [ 3252178.019411870278418, 2194841.04725510859862 ], [ 3252178.37626215768978, 2194801.537853364367038 ], [ 3252190.54692901764065, 2194786.588565573096275 ], [ 3252226.317692301701754, 2194742.681190031114966 ], [ 3252238.785996370017529, 2194706.075846428051591 ], [ 3252240.801084337756038, 2194675.887875468470156 ], [ 3252255.490003548096865, 2194669.552274942398071 ], [ 3252294.510486961342394, 2194652.734239317942411 ], [ 3252323.390653559938073, 2194660.669298748485744 ], [ 3252335.383269229903817, 2194663.969180234242231 ], [ 3252381.673715337179601, 2194708.676938699092716 ], [ 3252394.439718026667833, 2194759.237030940596014 ], [ 3252393.212513943202794, 2194780.10240151360631 ], [ 3252442.307543850503862, 2194785.309523764997721 ], [ 3252522.762353511992842, 2194771.264767161570489 ], [ 3252546.256666660308838, 2194764.710065092425793 ], [ 3252566.740118162706494, 2194758.995245771016926 ], [ 3252594.314186681993306, 2194744.205993323586881 ], [ 3252617.498616669327021, 2194731.774700831156224 ], [ 3252640.365626309067011, 2194720.331529803108424 ], [ 3252662.824843376874924, 2194736.271307135932148 ], [ 3252666.952111877501011, 2194739.200516489800066 ], [ 3252708.117038709111512, 2194766.443282670807093 ], [ 3252710.354270935989916, 2194808.439697202295065 ], [ 3252711.511316596064717, 2194830.115516676101834 ], [ 3252660.75285567715764, 2194857.336006506346166 ], [ 3252667.75358499865979, 2194943.331210092641413 ], [ 3252677.389569815248251, 2194986.955888099037111 ], [ 3252684.847682979889214, 2195020.680809431243688 ], [ 3252666.639647407457232, 2195054.993162835016847 ], [ 3252628.482322479598224, 2195126.912636006250978 ], [ 3252592.799187843222171, 2195190.523053587414324 ], [ 3252556.756158742122352, 2195251.905195978470147 ], [ 3252514.436513406224549, 2195302.896729232743382 ], [ 3252517.880528595298529, 2195324.213986258022487 ], [ 3252523.994392661377788, 2195362.056559297256172 ], [ 3252525.903325213119388, 2195360.050533661618829 ], [ 3252535.786790264770389, 2195349.667259073350579 ], [ 3252584.158539908006787, 2195350.397911524400115 ], [ 3252594.679440968669951, 2195330.201258738525212 ], [ 3252635.050466248765588, 2195295.608634743839502 ], [ 3252638.652309712022543, 2195246.783598603215069 ], [ 3252654.578399545978755, 2195188.923448565416038 ], [ 3252681.611568547319621, 2195142.89187106769532 ], [ 3252696.302944230381399, 2195099.754872941877693 ], [ 3252706.547837655059993, 2195069.681386539712548 ], [ 3252744.856349516194314, 2195068.813296169508249 ], [ 3252782.102850502356887, 2195067.968414797447622 ], [ 3252810.283537035342306, 2195072.578835931140929 ], [ 3252836.389837181661278, 2195076.851857835426927 ], [ 3252834.374880287796259, 2195107.03976624365896 ], [ 3252830.772837351541966, 2195155.864682617597282 ], [ 3252838.423329945653677, 2195188.957905134186149 ], [ 3252814.342759034596384, 2195239.066483497619629 ], [ 3252768.787967592012137, 2195269.971261886879802 ], [ 3252775.640881262719631, 2195312.388812501449138 ], [ 3252765.042309247422963, 2195346.366415732074529 ], [ 3252769.370416791178286, 2195373.155938258394599 ], [ 3252783.681990123353899, 2195376.547821359708905 ], [ 3252802.817164921201766, 2195381.084727342706174 ], [ 3252856.166275033727288, 2195355.703029993455857 ], [ 3252884.348748346790671, 2195302.587172869592905 ], [ 3252884.210241268388927, 2195259.007695793639868 ], [ 3252890.257748008705676, 2195239.581925212405622 ], [ 3252942.099195180926472, 2195219.066265911329538 ], [ 3252957.319101374596357, 2195210.488856395706534 ], [ 3252971.579567203298211, 2195202.443903218023479 ], [ 3252965.808379742316902, 2195166.721310050692409 ], [ 3253002.723174766637385, 2195153.393749187234789 ], [ 3253018.437744981609285, 2195136.883211446925998 ], [ 3253013.388199725188315, 2195105.62719 ], [ 3253001.921207875013351, 2195091.570265623740852 ], [ 3252962.053774604108185, 2195100.820698889438063 ], [ 3252942.01283844280988, 2195090.551639906596392 ], [ 3252911.728882496245205, 2195045.340626848861575 ], [ 3252910.069704717956483, 2195006.609088421799242 ], [ 3252946.474878977052867, 2194947.465675030834973 ], [ 3252980.851253745146096, 2194847.364225862547755 ], [ 3252997.69185883179307, 2194793.339324850123376 ], [ 3253008.097004181705415, 2194759.983817416708916 ], [ 3253012.059476627036929, 2194713.387437354307622 ], [ 3253013.487188168801367, 2194704.632471911609173 ], [ 3253018.984447049442679, 2194670.866457403637469 ], [ 3252983.29673562804237, 2194663.328586381860077 ], [ 3252982.28157398244366, 2194642.84462675685063 ], [ 3253022.587029259651899, 2194622.041766830254346 ], [ 3253048.755172160454094, 2194599.114181942306459 ] ] ] ] } },
{ "type": "Feature", "properties": { "CODE_18": "322", "Uso": "Landas y matorrales", "color": "#A6FF80" }, "geometry": { "type": "MultiPolygon", "coordinates": [ [ [ [ 3251536.676434125751257, 2183474.570532072335482 ], [ 3251438.641247454099357, 2183424.619715834502131 ], [ 3251420.316845427267253, 2183435.865802615880966 ], [ 3251407.676784578710794, 2183440.757596878800541 ], [ 3251410.790249115787446, 2183450.239844050258398 ], [ 3251415.593986076768488, 2183464.850464008748531 ], [ 3251442.217062662355602, 2183488.365764499641955 ], [ 3251488.889301831834018, 2183503.020355083048344 ], [ 3251508.524863214232028, 2183533.117358034010977 ], [ 3251547.221507533919066, 2183587.045580953825265 ], [ 3251576.085692775435746, 2183627.28116507967934 ], [ 3251575.398519544862211, 2183633.087926988955587 ], [ 3251574.713593190535903, 2183638.782790128141642 ], [ 3251507.121357498224825, 2183606.642683183308691 ], [ 3251474.178368579596281, 2183574.093069583177567 ], [ 3251424.374090178869665, 2183529.58409806760028 ], [ 3251369.566821333952248, 2183519.998335367068648 ], [ 3251297.700100935995579, 2183536.795656665228307 ], [ 3251264.39366280566901, 2183634.104049120098352 ], [ 3251294.193696307018399, 2183639.122410545125604 ], [ 3251338.862545606680214, 2183646.645288553088903 ], [ 3251363.712628985755146, 2183637.027875511907041 ], [ 3251378.971868436317891, 2183631.131629854440689 ], [ 3251427.095930505078286, 2183665.289874985814095 ], [ 3251480.105088964104652, 2183690.090812595561147 ], [ 3251535.659189283847809, 2183691.03122408920899 ], [ 3251551.879121942445636, 2183700.902794288471341 ], [ 3251559.634349630214274, 2183705.621708773542196 ], [ 3251518.234238144010305, 2183781.39192596450448 ], [ 3251360.828401179984212, 2183726.098375588189811 ], [ 3251301.731447833590209, 2183764.033551403321326 ], [ 3251257.563412669114769, 2183792.389594277832657 ], [ 3251156.693103591911495, 2183830.680365213658661 ], [ 3251135.133745418861508, 2183889.628514593467116 ], [ 3251122.74012393783778, 2183922.405084100551903 ], [ 3251098.835121713578701, 2183985.624861812684685 ], [ 3251152.970027707517147, 2183990.289398137480021 ], [ 3251201.368511113338172, 2183983.182244881987572 ], [ 3251227.675666116178036, 2183971.901359011884779 ], [ 3251278.007381088100374, 2183968.471233251970261 ], [ 3251351.995138299651444, 2183962.241361705586314 ], [ 3251374.345003629103303, 2183980.409910220187157 ], [ 3251396.69487379770726, 2183998.578464594203979 ], [ 3251419.923395653720945, 2184034.647813518997282 ], [ 3251444.418833122588694, 2184045.731269794516265 ], [ 3251464.709523050114512, 2184054.91278018290177 ], [ 3251470.289802556391805, 2184063.011752638034523 ], [ 3251478.69365543499589, 2184075.210132382344455 ], [ 3251489.232234418392181, 2184132.21691501326859 ], [ 3251539.982394963502884, 2184131.380019778385758 ], [ 3251586.204443080350757, 2184127.329133971594274 ], [ 3251600.608602458611131, 2184150.229400820564479 ], [ 3251619.340768859256059, 2184175.040538865141571 ], [ 3251649.593273510690778, 2184196.51358697284013 ], [ 3251677.27943500969559, 2184160.186917121522129 ], [ 3251705.517008671537042, 2184123.125443456694484 ], [ 3251718.15601164335385, 2184082.622386291623116 ], [ 3251692.229936836753041, 2184027.570676546078175 ], [ 3251673.78816201724112, 2183992.480600136332214 ], [ 3251698.857007022947073, 2183949.80879278993234 ], [ 3251749.666721763089299, 2183934.557073996402323 ], [ 3251754.625139750074595, 2183846.452722324989736 ], [ 3251785.316194115206599, 2183785.780068753752857 ], [ 3251787.728341463021934, 2183721.526479068677872 ], [ 3251778.425808442290872, 2183690.609801641199738 ], [ 3251746.371110592037439, 2183584.046940120868385 ], [ 3251726.512599973473698, 2183531.241389614995569 ], [ 3251654.67036830727011, 2183578.262423163745552 ], [ 3251624.481690796092153, 2183613.36296065337956 ], [ 3251620.744202649220824, 2183592.149566247593611 ], [ 3251613.047797968611121, 2183548.413201651070267 ], [ 3251603.087819514796138, 2183533.364158511161804 ], [ 3251589.962696639820933, 2183513.545451265759766 ], [ 3251553.940174087882042, 2183487.19971311185509 ], [ 3251536.676434125751257, 2183474.570532072335482 ] ] ], [ [ [ 3253430.573455324396491, 2184387.458671325352043 ], [ 3253410.203980716876686, 2184395.340619719587266 ], [ 3253400.922882840037346, 2184442.940897269640118 ], [ 3253423.396872696466744, 2184475.969440345652401 ], [ 3253453.183360000606626, 2184519.738387574441731 ], [ 3253453.183360000606626, 2184378.719369794242084 ], [ 3253430.573455324396491, 2184387.458671325352043 ] ] ], [ [ [ 3253433.720325270667672, 2184734.830264747608453 ], [ 3253393.928228796925396, 2184774.51460583973676 ], [ 3253349.324437263421714, 2184812.058174086734653 ], [ 3253331.824559088796377, 2184861.122939134016633 ], [ 3253309.046010820195079, 2184873.763957542832941 ], [ 3253278.481491606682539, 2184891.686339339707047 ], [ 3253220.162570524960756, 2184925.885319574270397 ], [ 3253195.473712216131389, 2184944.678335556294769 ], [ 3253156.962298271246254, 2184973.992493114434183 ], [ 3252929.422731115017086, 2185104.751116061583161 ], [ 3252852.618416544049978, 2185147.24441750254482 ], [ 3252707.320292736403644, 2185231.268181482329965 ], [ 3252608.172115153167397, 2185289.155938850250095 ], [ 3252608.213720174040645, 2185295.200522230006754 ], [ 3252608.277080486528575, 2185303.01530100684613 ], [ 3252652.229692692868412, 2185329.498477580491453 ], [ 3252684.551705249585211, 2185334.796998661011457 ], [ 3252722.964828745927662, 2185318.525473251473159 ], [ 3252732.262928361073136, 2185296.699992735404521 ], [ 3252741.815891139674932, 2185274.252241288311779 ], [ 3252780.4081188775599, 2185267.518941606394947 ], [ 3252801.825422763824463, 2185281.542367239482701 ], [ 3252806.667104817461222, 2185298.964635834563524 ], [ 3252811.603971105068922, 2185316.72509713191539 ], [ 3252838.139313025400043, 2185328.497208788525313 ], [ 3252861.672983039170504, 2185328.587999725714326 ], [ 3252876.471137291751802, 2185328.641786430496722 ], [ 3252910.298588062170893, 2185300.874231732916087 ], [ 3252947.680008914321661, 2185312.112443233840168 ], [ 3252986.976719386875629, 2185366.291650020517409 ], [ 3252952.23809749353677, 2185399.671889405697584 ], [ 3252949.933196759782732, 2185413.819898351095617 ], [ 3252945.82314134016633, 2185439.048431892879307 ], [ 3252975.238795684184879, 2185463.070503891445696 ], [ 3253013.232112485915422, 2185483.761233600322157 ], [ 3253013.803427886217833, 2185543.784574514720589 ], [ 3252971.160851540975273, 2185562.152234360110015 ], [ 3252977.21776339598, 2185588.425067277159542 ], [ 3253023.627794686239213, 2185638.626260831020772 ], [ 3253071.242122044786811, 2185684.968017664272338 ], [ 3253157.770893522538245, 2185746.38613011687994 ], [ 3253193.079232279211283, 2185773.019412339664996 ], [ 3253164.573383875656873, 2185799.858509856276214 ], [ 3253175.214897003956139, 2185854.475659483112395 ], [ 3253205.140144221950322, 2185892.975927079096437 ], [ 3253207.427190431393683, 2185963.627871592063457 ], [ 3253168.217034158762544, 2186003.262449419125915 ], [ 3253140.804537757765502, 2185991.653434118255973 ], [ 3253071.270057626068592, 2185956.414529438130558 ], [ 3253086.661848658695817, 2186006.563744925893843 ], [ 3253105.995474372990429, 2186092.45806478895247 ], [ 3253132.601303576957434, 2186144.290004370734096 ], [ 3253227.08649365324527, 2186209.783895578701049 ], [ 3253270.185172957368195, 2186196.759945123456419 ], [ 3253298.397355034481734, 2186188.228931797668338 ], [ 3253317.960055203177035, 2186182.332231470849365 ], [ 3253355.809334129095078, 2186170.933833989314735 ], [ 3253411.718365116976202, 2186212.189434116240591 ], [ 3253452.29636692488566, 2186248.831256343051791 ], [ 3253453.183360000606626, 2186249.153012632858008 ], [ 3253453.183360000606626, 2184689.967625357210636 ], [ 3253433.720325270667672, 2184734.830264747608453 ] ] ], [ [ [ 3244882.951141451485455, 2191244.964576550759375 ], [ 3244786.812689661979675, 2191284.509575364179909 ], [ 3244725.128567527513951, 2191297.566604972817004 ], [ 3244647.322546483948827, 2191286.847475782502443 ], [ 3244608.631469312123954, 2191281.511756457854062 ], [ 3244556.66892509162426, 2191270.110217364970595 ], [ 3244525.718645662069321, 2191261.860947281122208 ], [ 3244507.447908157482743, 2191260.66296638501808 ], [ 3244440.518801768776029, 2191256.26607095869258 ], [ 3244362.759071302600205, 2191310.809598937164992 ], [ 3244411.070298027712852, 2191313.744650677312165 ], [ 3244489.626590569969267, 2191320.500080222263932 ], [ 3244522.923782699741423, 2191336.743957494851202 ], [ 3244551.44972580159083, 2191350.658241407480091 ], [ 3244630.794387568254024, 2191418.724290317855775 ], [ 3244688.278577465098351, 2191428.492109346203506 ], [ 3244703.412451497744769, 2191431.069473615847528 ], [ 3244751.514476720243692, 2191475.000013470649719 ], [ 3244791.216728794388473, 2191504.06521562486887 ], [ 3244839.355655239429325, 2191539.300855142995715 ], [ 3244868.067690826021135, 2191554.744051630608737 ], [ 3244868.877674821298569, 2191633.154011595062912 ], [ 3244875.411541147623211, 2191688.999925379641354 ], [ 3244878.421405245549977, 2191714.671475784853101 ], [ 3244858.105433895718306, 2191734.492584648542106 ], [ 3244837.876248084474355, 2191788.657275734469295 ], [ 3244854.008229998871684, 2191793.706380532123148 ], [ 3244904.606532499194145, 2191809.543635151349008 ], [ 3244926.436636074446142, 2191894.105627640150487 ], [ 3244922.356384790502489, 2191898.001866545062512 ], [ 3244864.113419176079333, 2191960.510807666927576 ], [ 3244838.890667775645852, 2192058.220264250412583 ], [ 3244866.303892824798822, 2192113.125689204316586 ], [ 3244869.198180391453207, 2192118.915964275598526 ], [ 3244914.722762941848487, 2192161.02593257278204 ], [ 3244981.200620142742991, 2192290.497449475340545 ], [ 3245029.60273396782577, 2192420.855915677268058 ], [ 3245051.479984563775361, 2192471.649293023627251 ], [ 3245100.794638530351222, 2192565.431483651511371 ], [ 3245104.839711635373533, 2192603.980561492033303 ], [ 3245105.020057346206158, 2192605.662439175881445 ], [ 3245161.662844496779144, 2192614.431709362193942 ], [ 3245202.540568835102022, 2192624.444543219171464 ], [ 3245250.732064006850123, 2192603.768333585932851 ], [ 3245271.271155953407288, 2192562.962330769281834 ], [ 3245274.280565816909075, 2192545.84012043941766 ], [ 3245280.766704706475139, 2192508.959209464024752 ], [ 3245263.321735651232302, 2192457.391511038411409 ], [ 3245257.820516523905098, 2192380.986891398206353 ], [ 3245230.655029263347387, 2192371.599726281594485 ], [ 3245187.847588284406811, 2192356.804071822669357 ], [ 3245144.020969177596271, 2192198.343833193648607 ], [ 3245108.943157225381583, 2192153.232678801752627 ], [ 3245106.635909974575043, 2192150.25968324765563 ], [ 3245062.385654916055501, 2192003.248851841315627 ], [ 3245059.875602828338742, 2191917.207569231279194 ], [ 3245044.795388020109385, 2191837.924519554246217 ], [ 3244965.035182705149055, 2191746.551702587865293 ], [ 3244943.953957824036479, 2191701.185418467968702 ], [ 3244926.182632152922451, 2191662.925749389920384 ], [ 3244945.692809554748237, 2191618.761508058290929 ], [ 3244974.886249884963036, 2191658.98986238706857 ], [ 3245011.866124282591045, 2191625.014418059494346 ], [ 3245048.279567492194474, 2191591.553650259971619 ], [ 3245097.251057553105056, 2191552.452152776066214 ], [ 3245143.129412196576595, 2191515.817351748235524 ], [ 3245176.938547912053764, 2191541.765682830475271 ], [ 3245226.399217714555562, 2191537.677565690129995 ], [ 3245264.13651573099196, 2191517.439254225697368 ], [ 3245261.127213989384472, 2191456.517014389391989 ], [ 3245233.68075622105971, 2191413.529986987356097 ], [ 3245193.298594002611935, 2191304.5317641380243 ], [ 3245113.812054966576397, 2191263.80233293864876 ], [ 3244965.358547932934016, 2191219.193615596275777 ], [ 3244882.951141451485455, 2191244.964576550759375 ] ] ], [ [ [ 3244031.321845036931336, 2192384.924391775391996 ], [ 3244071.030379304196686, 2192376.202162110712379 ], [ 3244079.171309795230627, 2192359.430213314946741 ], [ 3244067.62952387239784, 2192348.175589695107192 ], [ 3244033.033425868488848, 2192289.648596696555614 ], [ 3243995.041785690933466, 2192214.499867857899517 ], [ 3243981.6426449152641, 2192189.234058489091694 ], [ 3243994.712299432605505, 2192171.367799517698586 ], [ 3243905.594129618722945, 2192065.297856609802693 ], [ 3243883.560597270727158, 2192043.821817287243903 ], [ 3243868.816584308166057, 2192031.028071590699255 ], [ 3243868.697144910693169, 2192030.602850217372179 ], [ 3243861.925967115908861, 2192036.125151784159243 ], [ 3243858.608282732777297, 2192032.426411729771644 ], [ 3243838.302654677070677, 2192022.338068865705281 ], [ 3243811.146710231900215, 2192009.867770169861615 ], [ 3243809.393618625123054, 2192008.12611426319927 ], [ 3243794.023412736132741, 2191992.775391168892384 ], [ 3243758.677280077710748, 2191942.987120801582932 ], [ 3243747.028112251777202, 2191924.218477063812315 ], [ 3243730.46702129021287, 2191888.363082338124514 ], [ 3243715.211906658019871, 2191869.514796281699091 ], [ 3243631.844668265432119, 2191815.443959118798375 ], [ 3243590.064363108016551, 2191888.815995962824672 ], [ 3243517.542796517722309, 2191971.128211020957679 ], [ 3243520.520487791858613, 2192011.678702932782471 ], [ 3243553.077584558166564, 2192052.495074662845582 ], [ 3243552.477093129884452, 2192088.236592375207692 ], [ 3243509.411121532786638, 2192122.60801394097507 ], [ 3243487.023205300793052, 2192140.470331315882504 ], [ 3243482.145573241636157, 2192132.95837923977524 ], [ 3243476.498208956792951, 2192124.262924612499774 ], [ 3243484.881568640470505, 2192065.008990189991891 ], [ 3243471.451443392317742, 2192047.656633498612791 ], [ 3243449.576384810730815, 2192019.370407080277801 ], [ 3243403.202006018720567, 2191991.603581098839641 ], [ 3243358.271203018724918, 2192059.230620495043695 ], [ 3243290.803603929467499, 2192110.873639943543822 ], [ 3243256.382900582160801, 2192144.789138626307249 ], [ 3243231.472258784808218, 2192089.355369512457401 ], [ 3243215.378185250796378, 2192077.943296378012747 ], [ 3243204.429923357442021, 2192070.174105690326542 ], [ 3243191.538149061612785, 2192002.684292141348124 ], [ 3243190.408197812736034, 2191970.996297203935683 ], [ 3243183.577794515527785, 2191916.397911298088729 ], [ 3243181.172674144618213, 2191901.509112135972828 ], [ 3243175.124849416315556, 2191864.070195601321757 ], [ 3243169.538165949750692, 2191837.27718273550272 ], [ 3243149.732597869820893, 2191833.174598851241171 ], [ 3243109.797935358248651, 2191824.914459128398448 ], [ 3243069.935939999762923, 2191827.013815617188811 ], [ 3243069.935939999762923, 2191847.142821161542088 ], [ 3243101.638411906547844, 2191860.861618731636554 ], [ 3243092.451566669158638, 2191920.357440627645701 ], [ 3243069.935939999762923, 2191959.088745936285704 ], [ 3243069.935939999762923, 2192045.52073844242841 ], [ 3243074.623171808198094, 2192056.986111135222018 ], [ 3243088.595927594229579, 2192060.293065209407359 ], [ 3243103.666978557594121, 2192063.864341162145138 ], [ 3243118.965967703610659, 2192094.921731991227716 ], [ 3243124.451098308898509, 2192106.068611719179899 ], [ 3243149.303367926273495, 2192173.45570064894855 ], [ 3243189.361206102184951, 2192236.198708817362785 ], [ 3243219.648729666136205, 2192250.838629429228604 ], [ 3243234.451235897839069, 2192243.699927558656782 ], [ 3243258.51952608441934, 2192232.093264280818403 ], [ 3243266.091645754873753, 2192247.174198602326214 ], [ 3243273.230958145111799, 2192261.398021450731903 ], [ 3243249.387019192799926, 2192311.400453474372625 ], [ 3243237.560259488411248, 2192349.336965675465763 ], [ 3243262.75206311326474, 2192374.84357385057956 ], [ 3243282.871501602232456, 2192395.21425465028733 ], [ 3243335.886447658762336, 2192451.708877306431532 ], [ 3243405.302179860882461, 2192523.272740759886801 ], [ 3243426.3337861308828, 2192579.384469591081142 ], [ 3243451.443630985915661, 2192660.677330352831632 ], [ 3243470.032191114500165, 2192694.252290668897331 ], [ 3243479.606578800827265, 2192711.548446851782501 ], [ 3243498.47812343807891, 2192743.48222725931555 ], [ 3243518.043957935180515, 2192776.572150319814682 ], [ 3243527.568532705307007, 2192815.989102414809167 ], [ 3243536.068075759336352, 2192851.134368143044412 ], [ 3243575.256133024580777, 2192912.13377348985523 ], [ 3243586.713195972610265, 2192929.962760997470468 ], [ 3243591.511384222656488, 2192950.050245404243469 ], [ 3243599.046495218761265, 2192981.61280897539109 ], [ 3243607.357888728380203, 2192962.0024393661879 ], [ 3243616.373210774268955, 2192940.717884549871087 ], [ 3243620.592892198823392, 2192914.816779781132936 ], [ 3243624.386732259765267, 2192891.494303161278367 ], [ 3243630.947826651856303, 2192808.651809231843799 ], [ 3243632.946910575032234, 2192734.575370050501078 ], [ 3243623.86725765792653, 2192678.372484661638737 ], [ 3243620.735086702741683, 2192597.223877064883709 ], [ 3243595.188198514282703, 2192537.916680825408548 ], [ 3243589.358226124197245, 2192501.828540882095695 ], [ 3243588.415238264482468, 2192495.991334085352719 ], [ 3243587.36234207265079, 2192489.47377733560279 ], [ 3243573.094729338772595, 2192438.161904649809003 ], [ 3243561.444727867376059, 2192378.423842408694327 ], [ 3243544.24363905005157, 2192338.482864873949438 ], [ 3243526.327895485796034, 2192296.88240088429302 ], [ 3243529.45773527957499, 2192254.494119157548994 ], [ 3243502.916170479729772, 2192201.342538729310036 ], [ 3243530.369044326245785, 2192159.165268649812788 ], [ 3243569.119120650924742, 2192108.130116695072502 ], [ 3243616.439202039968222, 2192168.266053107567132 ], [ 3243589.941472392529249, 2192241.614301892463118 ], [ 3243584.89205751568079, 2192255.595452496316284 ], [ 3243682.77017886377871, 2192261.639539394993335 ], [ 3243710.504462339915335, 2192335.620036544278264 ], [ 3243846.743109263945371, 2192360.034154511988163 ], [ 3243851.512099816463888, 2192389.555388875771314 ], [ 3243875.572606345638633, 2192393.168184133246541 ], [ 3243889.990187573246658, 2192395.333054366521537 ], [ 3243906.905471932608634, 2192386.821699890308082 ], [ 3243928.015034721232951, 2192376.188553990796208 ], [ 3243983.596252922900021, 2192377.1936304429546 ], [ 3244031.321845036931336, 2192384.924391775391996 ] ] ], [ [ [ 3243080.115241116844118, 2193091.767284403089434 ], [ 3243089.048654926940799, 2193067.840527838096023 ], [ 3243132.225391443818808, 2193060.29558477178216 ], [ 3243159.480331740342081, 2193001.758029602468014 ], [ 3243151.329625954851508, 2192966.511175826191902 ], [ 3243144.767578704282641, 2192949.955945870839059 ], [ 3243137.932900951709598, 2192932.718382763210684 ], [ 3243114.160784141160548, 2192872.776526094414294 ], [ 3243076.668080621398985, 2192819.946702836081386 ], [ 3243069.935939999762923, 2192810.461676013190299 ], [ 3243069.935939999762923, 2193107.479442116804421 ], [ 3243080.115241116844118, 2193091.767284403089434 ] ] ], [ [ [ 3253448.461430794559419, 2193232.593147429637611 ], [ 3253412.77355373930186, 2193225.054744264110923 ], [ 3253378.098634885624051, 2193237.990249903406948 ], [ 3253356.176810731180012, 2193230.34037962090224 ], [ 3253349.980308951810002, 2193206.17877727933228 ], [ 3253310.540279083885252, 2193203.877597448416054 ], [ 3253298.984790689777583, 2193187.950541114900261 ], [ 3253280.979127433151007, 2193163.133130972739309 ], [ 3253240.897546213585883, 2193142.594554116018116 ], [ 3253233.612038350664079, 2193143.866139340680093 ], [ 3253227.481550394557416, 2193144.936132637783885 ], [ 3253202.110556928440928, 2193158.539011595770717 ], [ 3253180.268445633817464, 2193208.255251629743725 ], [ 3253169.878244076855481, 2193205.638516628649086 ], [ 3253158.706556995399296, 2193202.833772804588079 ], [ 3253153.006731804925948, 2193153.342341591604054 ], [ 3253146.155628036241978, 2193110.925299138762057 ], [ 3253139.804872758686543, 2193092.721239654347301 ], [ 3253133.324503109324723, 2193074.154568647034466 ], [ 3253105.137837291695178, 2193056.122239694464952 ], [ 3253087.802941367030144, 2193057.201386831700802 ], [ 3253064.188189598266035, 2193058.677111515309662 ], [ 3253036.79135715868324, 2193031.332243529614061 ], [ 3253007.590208929497749, 2192992.816183914430439 ], [ 3252971.979096695780754, 2192971.487343186512589 ], [ 3252930.086245563812554, 2193010.936188754159957 ], [ 3252937.16043980512768, 2193083.13974 ], [ 3252976.308714212849736, 2193140.570334079675376 ], [ 3252972.987955747172236, 2193205.413577239960432 ], [ 3252973.40840576030314, 2193228.880215525627136 ], [ 3252920.804603436030447, 2193204.77935896627605 ], [ 3252851.98974750796333, 2193191.040498337708414 ], [ 3252891.890130443032831, 2193272.356342159677297 ], [ 3252934.497439680621028, 2193237.395280735567212 ], [ 3252955.551230499055237, 2193268.138409773353487 ], [ 3252963.200801287312061, 2193289.481554037891328 ], [ 3252976.460095434449613, 2193326.451331115327775 ], [ 3252988.493367936927825, 2193372.546269014943391 ], [ 3253016.977212021127343, 2193400.147472667042166 ], [ 3253026.638702787458897, 2193409.501230316702276 ], [ 3253036.754259834066033, 2193408.343901138752699 ], [ 3253064.995663263835013, 2193405.097455082461238 ], [ 3253093.318938665091991, 2193402.54638409242034 ], [ 3253119.351288970559835, 2193400.202571528032422 ], [ 3253124.03829094953835, 2193429.220131301321089 ], [ 3253123.640914589632303, 2193439.893662184011191 ], [ 3253122.743720114696771, 2193463.87416910380125 ], [ 3253225.043562627397478, 2193471.261896127369255 ], [ 3253260.789389849640429, 2193479.976141879335046 ], [ 3253263.763939690776169, 2193540.243386559654027 ], [ 3253267.939821127802134, 2193549.946359519381076 ], [ 3253289.496653808746487, 2193600.015738808549941 ], [ 3253366.29807342402637, 2193623.107116881757975 ], [ 3253381.276278359815478, 2193627.609609819948673 ], [ 3253402.41510268393904, 2193662.585777103435248 ], [ 3253412.638980631716549, 2193679.505627152975649 ], [ 3253430.614787188358605, 2193701.246418025810272 ], [ 3253453.183360000606626, 2193728.549520331900567 ], [ 3253453.183360000606626, 2193231.769018110819161 ], [ 3253448.461430794559419, 2193232.593147429637611 ] ] ], [ [ [ 3253449.852162919938564, 2193824.490102336741984 ], [ 3253453.183360000606626, 2193879.725563107989728 ], [ 3253453.183360000606626, 2193805.06214841036126 ], [ 3253449.852162919938564, 2193824.490102336741984 ] ] ], [ [ [ 3253445.756184901110828, 2193930.527126492932439 ], [ 3253411.43336190097034, 2193984.976790805812925 ], [ 3253359.254940335638821, 2194014.471320001874119 ], [ 3253369.564169255085289, 2194022.242077922448516 ], [ 3253374.37325381860137, 2194025.87349280808121 ], [ 3253376.105659781489521, 2194040.808334330096841 ], [ 3253378.645655050873756, 2194062.627764928154647 ], [ 3253386.126166332513094, 2194127.096635789144784 ], [ 3253396.914235949516296, 2194145.87465809751302 ], [ 3253434.074739208444953, 2194210.536230186931789 ], [ 3253453.183360000606626, 2194263.818537232931703 ], [ 3253453.183360000606626, 2193918.748578727245331 ], [ 3253445.756184901110828, 2193930.527126492932439 ] ] ] ] } },
{ "type": "Feature", "properties": { "CODE_18": "323", "Uso": "Vegetación esclerófila", "color": "#A6E64D" }, "geometry": { "type": "MultiPolygon", "coordinates": [ [ [ [ 3243727.351273381151259, 2184757.236877996474504 ], [ 3243742.246215515770018, 2184759.339278498664498 ], [ 3243741.907261269632727, 2184823.773018185049295 ], [ 3243787.198312608059496, 2184811.574378667399287 ], [ 3243844.156638070009649, 2184831.664352474268526 ], [ 3243844.349082280416042, 2184926.053495703265071 ], [ 3243886.147303983569145, 2184918.753207013010979 ], [ 3243922.149315815418959, 2184822.340992182958871 ], [ 3243934.554827152751386, 2184779.400464583188295 ], [ 3243905.704887102358043, 2184707.189876159653068 ], [ 3243860.884788819588721, 2184695.705519781447947 ], [ 3243841.539020219817758, 2184669.046310897916555 ], [ 3243832.923482925165445, 2184589.003386215306818 ], [ 3243821.352774290367961, 2184546.621142706368119 ], [ 3243806.637775944545865, 2184492.744495339691639 ], [ 3243714.844798199832439, 2184416.503205334767699 ], [ 3243610.300441649276763, 2184381.123869354836643 ], [ 3243540.405339640565217, 2184374.019197267945856 ], [ 3243463.688665844500065, 2184404.581523516681045 ], [ 3243331.440020777285099, 2184477.030583107843995 ], [ 3243244.208808081224561, 2184522.314938355702907 ], [ 3243189.677626471966505, 2184570.464446079451591 ], [ 3243170.108571358490735, 2184591.410669766366482 ], [ 3243158.536129452753812, 2184603.792773952707648 ], [ 3243122.199963916093111, 2184631.601154671050608 ], [ 3243087.994659032672644, 2184642.299947787076235 ], [ 3243069.935939999762923, 2184645.553764784708619 ], [ 3243069.935939999762923, 2185074.428391200955957 ], [ 3243070.769375007599592, 2185073.498100877273828 ], [ 3243077.630219029262662, 2185065.821639766916633 ], [ 3243104.19154852302745, 2185052.35207249969244 ], [ 3243122.718404070474207, 2185048.720568457618356 ], [ 3243157.035673070698977, 2185041.986251010093838 ], [ 3243183.198508396744728, 2185026.173552664928138 ], [ 3243197.393908460624516, 2185017.591087218374014 ], [ 3243226.511188634671271, 2185038.255144123919308 ], [ 3243240.537369414232671, 2185053.211771667469293 ], [ 3243247.266906527802348, 2185060.379723259713501 ], [ 3243305.164097483735532, 2185099.617605656385422 ], [ 3243373.109305157326162, 2185081.312258640769869 ], [ 3243394.215024261269718, 2185090.13580314302817 ], [ 3243423.80041913036257, 2185102.50657687895 ], [ 3243456.213768322020769, 2185156.921530934050679 ], [ 3243490.998219397850335, 2185159.432573939673603 ], [ 3243532.398422965779901, 2185170.733257800340652 ], [ 3243562.914316626265645, 2185179.05879826657474 ], [ 3243513.512034644372761, 2185112.587000376544893 ], [ 3243485.272995758801699, 2185057.432802862953395 ], [ 3243452.932636801153421, 2184923.606175062246621 ], [ 3243407.10338439187035, 2184839.337059013545513 ], [ 3243388.197656447999179, 2184816.473677807953209 ], [ 3243359.047812629025429, 2184781.206736398395151 ], [ 3243300.549285975284874, 2184724.910609540063888 ], [ 3243409.06872857734561, 2184665.182158987037838 ], [ 3243510.247199776116759, 2184613.173698064405471 ], [ 3243537.897669543512166, 2184598.966882267966866 ], [ 3243611.427446049638093, 2184561.17537017352879 ], [ 3243667.74694999307394, 2184558.252698122058064 ], [ 3243698.79075556434691, 2184556.642489760648459 ], [ 3243692.510310637298971, 2184624.263039770070463 ], [ 3243650.924027411267161, 2184659.415223989635706 ], [ 3243635.882866702973843, 2184739.291720831766725 ], [ 3243667.492239729035646, 2184748.794989316258579 ], [ 3243727.351273381151259, 2184757.236877996474504 ] ] ], [ [ [ 3245284.150057262741029, 2187526.03642366733402 ], [ 3245310.368694776669145, 2187535.407057274598628 ], [ 3245336.560920246411115, 2187517.957525796256959 ], [ 3245333.359666333533823, 2187498.129379452206194 ], [ 3245304.481582509353757, 2187465.622259724419564 ], [ 3245262.323346481658518, 2187432.778400538954884 ], [ 3245254.195235748309642, 2187426.442506793420762 ], [ 3245212.131279739551246, 2187418.764658609870821 ], [ 3245158.347323984839022, 2187391.682029320858419 ], [ 3245148.779891432262957, 2187359.016049137338996 ], [ 3245138.557575283572078, 2187330.844007585197687 ], [ 3245123.599061076529324, 2187277.485411088913679 ], [ 3245119.486625801771879, 2187246.22885707905516 ], [ 3245122.372383798006922, 2187246.373680457938462 ], [ 3245134.940914331935346, 2187244.502993057481945 ], [ 3245140.932257446460426, 2187242.381991677451879 ], [ 3245147.738836751785129, 2187239.966542523354292 ], [ 3245160.349093347322196, 2187230.181052722036839 ], [ 3245180.240084746852517, 2187218.465034673456103 ], [ 3245224.533056986983865, 2187198.705850919242948 ], [ 3245225.187159185297787, 2187198.419270016252995 ], [ 3245304.505100625567138, 2187166.440181341953576 ], [ 3245371.666843974031508, 2187138.885558714158833 ], [ 3245429.462961950339377, 2187114.61916239419952 ], [ 3245430.444432403426617, 2187114.285550476051867 ], [ 3245455.425756940618157, 2187105.806794269476086 ], [ 3245480.667970717418939, 2187102.716359109152108 ], [ 3245485.284499041736126, 2187102.893488589208573 ], [ 3245486.928005057387054, 2187102.951149635948241 ], [ 3245492.177288212813437, 2187103.149565954227 ], [ 3245508.559485184494406, 2187103.775964206084609 ], [ 3245531.400170532055199, 2187110.330367065500468 ], [ 3245555.158270679879934, 2187124.642188766505569 ], [ 3245598.890729423612356, 2187152.274184511974454 ], [ 3245628.955054099671543, 2187166.792491029016674 ], [ 3245655.197290246374905, 2187176.057816761545837 ], [ 3245680.081865691579878, 2187180.937413812614977 ], [ 3245696.04649060824886, 2187183.755587046034634 ], [ 3245710.319398202002048, 2187182.256502198055387 ], [ 3245711.986168833915144, 2187181.955283490009606 ], [ 3245719.891138932667673, 2187172.008337244391441 ], [ 3245734.877545935567468, 2187166.75532528012991 ], [ 3245758.287463224958628, 2187156.401935291476548 ], [ 3245751.857478127349168, 2187099.283220032695681 ], [ 3245741.960850926116109, 2187083.56439045490697 ], [ 3245737.551312512718141, 2187076.558770116884261 ], [ 3245692.259624079335481, 2187051.277225551195443 ], [ 3245656.730318561196327, 2187012.338377291336656 ], [ 3245619.236549395136535, 2187018.886200926732272 ], [ 3245571.563393172807992, 2187036.50813541887328 ], [ 3245554.046101142186671, 2187031.994408566039056 ], [ 3245528.563887776341289, 2187025.424827902577817 ], [ 3245520.130318895913661, 2187014.367345136590302 ], [ 3245510.365859156474471, 2187018.769267603754997 ], [ 3245471.971584545448422, 2187018.104289121925831 ], [ 3245444.19455032935366, 2187027.121949383988976 ], [ 3245383.423941809684038, 2187046.859111420344561 ], [ 3245328.296109726652503, 2187035.217706531751901 ], [ 3245298.938631240278482, 2187051.861396224237978 ], [ 3245267.312492976896465, 2187069.793453361839056 ], [ 3245232.488854332827032, 2187051.949999711941928 ], [ 3245197.986528131179512, 2187034.273479383438826 ], [ 3245162.818669741041958, 2187016.246869609691203 ], [ 3245109.279719231650233, 2187030.919711794238538 ], [ 3245034.102974376175553, 2187060.006267203018069 ], [ 3245013.220575996674597, 2187073.00048919627443 ], [ 3244968.782376616261899, 2187100.662296093534678 ], [ 3244915.151182615663856, 2187131.298368441872299 ], [ 3244756.039421583525836, 2187164.329405666794628 ], [ 3244722.758613931015134, 2187188.735024670604616 ], [ 3244691.561565906740725, 2187226.047224635258317 ], [ 3244683.71508123120293, 2187284.514269238337874 ], [ 3244672.759244118351489, 2187302.597755118273199 ], [ 3244645.934330814518034, 2187346.871502231806517 ], [ 3244628.567704320885241, 2187361.522819485515356 ], [ 3244636.450430936180055, 2187381.678912321105599 ], [ 3244647.732824301347136, 2187403.654036846011877 ], [ 3244646.987017490901053, 2187403.875542004592717 ], [ 3244645.264216386713088, 2187404.206863436847925 ], [ 3244644.821574253961444, 2187404.294314074795693 ], [ 3244644.142007313668728, 2187404.423146461136639 ], [ 3244646.765376463066787, 2187413.190437230281532 ], [ 3244648.022146774921566, 2187417.076778959482908 ], [ 3244648.410290162079036, 2187418.286361177451909 ], [ 3244671.66455708257854, 2187490.522620396688581 ], [ 3244679.665550305508077, 2187508.20469888811931 ], [ 3244685.299077878706157, 2187520.653468645177782 ], [ 3244706.196836615446955, 2187566.851544963661581 ], [ 3244722.128174719400704, 2187581.911676421761513 ], [ 3244744.872132382821292, 2187603.395482536405325 ], [ 3244779.709508987609297, 2187641.126810252666473 ], [ 3244793.561735850293189, 2187656.134443260263652 ], [ 3244780.951333426870406, 2187676.291247720830142 ], [ 3244786.620081120170653, 2187704.863313958980143 ], [ 3244831.295348574407399, 2187772.030210798140615 ], [ 3244849.046102300286293, 2187783.71093688160181 ], [ 3244875.708629629574716, 2187758.991089464630932 ], [ 3244900.898032916709781, 2187778.709617530927062 ], [ 3244925.332743612118065, 2187797.840176191180944 ], [ 3244966.061505281366408, 2187834.02557530393824 ], [ 3244994.644691724330187, 2187862.001785636413842 ], [ 3245086.750994680915028, 2187880.25181963853538 ], [ 3245111.018897781148553, 2187864.212733555119485 ], [ 3245123.350923094898462, 2187834.159337446559221 ], [ 3245118.092231259681284, 2187808.252893086988479 ], [ 3245094.135188181418926, 2187799.561990855727345 ], [ 3245102.019449210260063, 2187782.572580083273351 ], [ 3245107.682415113784373, 2187770.370987283997238 ], [ 3245085.232613498345017, 2187771.078260944224894 ], [ 3245034.782531146425754, 2187804.565382732078433 ], [ 3245030.752837102860212, 2187807.519815934356302 ], [ 3245028.893076282460243, 2187808.888842453248799 ], [ 3245009.764441288076341, 2187795.715144816786051 ], [ 3245017.213451543357223, 2187776.155735917855054 ], [ 3245057.713149175513536, 2187709.329361530486494 ], [ 3245099.077848413959146, 2187663.073880612850189 ], [ 3245142.414290619082749, 2187621.360571959521621 ], [ 3245184.581398209091276, 2187581.645975437946618 ], [ 3245237.797115891240537, 2187531.526542656123638 ], [ 3245258.024578077252954, 2187520.826332506723702 ], [ 3245277.154793534427881, 2187524.642575040925294 ], [ 3245284.150057262741029, 2187526.03642366733402 ] ] ] ] } },
{ "type": "Feature", "properties": { "CODE_18": "324", "Uso": "Matorral boscoso de transición", "color": "#A6F200" }, "geometry": { "type": "MultiPolygon", "coordinates": [ [ [ [ 3246212.461287524551153, 2183215.31412920774892 ], [ 3246221.280389772728086, 2183269.965918969828635 ], [ 3246240.783987891394645, 2183325.347484327387065 ], [ 3246249.237916700541973, 2183349.36704374756664 ], [ 3246263.401303198188543, 2183439.022896747104824 ], [ 3246295.238745419308543, 2183430.565059796907008 ], [ 3246297.428205342032015, 2183429.980052048806101 ], [ 3246323.94325874466449, 2183439.867522682063282 ], [ 3246326.512952246703207, 2183436.732469114474952 ], [ 3246337.825914458371699, 2183422.926998316776007 ], [ 3246374.104362800717354, 2183429.03173720324412 ], [ 3246407.007226307876408, 2183439.88216711115092 ], [ 3246469.353377236053348, 2183414.480545868165791 ], [ 3246470.611320027150214, 2183403.971483055967838 ], [ 3246472.245747965760529, 2183390.385890380013734 ], [ 3246435.18930581305176, 2183308.254784031771123 ], [ 3246430.585731557570398, 2183252.867053918540478 ], [ 3246415.95266392827034, 2183217.791878140997142 ], [ 3246395.293406659271568, 2183168.26877111941576 ], [ 3246388.899636945687234, 2183151.857535016722977 ], [ 3246385.987360301427543, 2183144.377737136092037 ], [ 3246393.011328237131238, 2183116.824723035097122 ], [ 3246399.14222564548254, 2183092.732415469363332 ], [ 3246394.528311007656157, 2183088.672007824294269 ], [ 3246366.584678563289344, 2183064.081277059391141 ], [ 3246340.3685123892501, 2183021.448593610431999 ], [ 3246290.653925365768373, 2183003.852073159068823 ], [ 3246288.380017494782805, 2182939.876874424982816 ], [ 3246243.407844479661435, 2182926.3606400010176 ], [ 3245817.552206527907401, 2182926.3606400010176 ], [ 3245861.047531680203974, 2182993.561873168684542 ], [ 3245875.950430316384882, 2183032.259610789828002 ], [ 3245894.33419472631067, 2183080.010548797436059 ], [ 3245895.232127918861806, 2183098.344381140545011 ], [ 3245895.429380268324167, 2183102.334487747400999 ], [ 3245897.157952712848783, 2183137.452752389013767 ], [ 3245880.636697381734848, 2183168.235440696589649 ], [ 3245850.229970118962228, 2183192.856141474097967 ], [ 3245792.867029360029846, 2183250.081582492683083 ], [ 3245731.896060827653855, 2183305.139205801300704 ], [ 3245725.414059794042259, 2183348.189249534159899 ], [ 3245719.883457655087113, 2183384.86908776499331 ], [ 3245723.970385374967009, 2183430.889091202989221 ], [ 3245727.486810344271362, 2183470.480209565721452 ], [ 3245718.992680199444294, 2183534.774940828792751 ], [ 3245714.89114979095757, 2183565.842618540860713 ], [ 3245657.13359978236258, 2183631.815205235499889 ], [ 3245653.032630944624543, 2183728.299940195865929 ], [ 3245677.349773027934134, 2183768.03036541165784 ], [ 3245715.510371714830399, 2183871.338640987873077 ], [ 3245753.841547045856714, 2183942.430674833245575 ], [ 3245772.956698514521122, 2184027.603466080967337 ], [ 3245791.490163876675069, 2184094.893950158264488 ], [ 3245805.384346453938633, 2184145.324850894045085 ], [ 3245817.973512705415487, 2184199.116124948486686 ], [ 3245831.326364262960851, 2184256.129589967429638 ], [ 3245807.048587794415653, 2184322.055488183163106 ], [ 3245788.572884612716734, 2184356.069180950522423 ], [ 3245778.060994984582067, 2184375.402034753933549 ], [ 3245772.89796377485618, 2184400.01523470133543 ], [ 3245768.988021456636488, 2184418.681933704763651 ], [ 3245755.298511660657823, 2184483.985827371012419 ], [ 3245734.792119468562305, 2184534.787171787582338 ], [ 3245690.064858317375183, 2184645.574433261528611 ], [ 3245696.37205015309155, 2184767.857413803692907 ], [ 3245726.845599387772381, 2184776.17129233200103 ], [ 3245786.275958092883229, 2184792.394859231077135 ], [ 3245791.176731971092522, 2184835.840289659798145 ], [ 3245792.501361551694572, 2184847.632149594835937 ], [ 3245797.26711140293628, 2184898.54215716663748 ], [ 3245836.167797083035111, 2184886.934189161751419 ], [ 3245860.911097298376262, 2184878.23424060177058 ], [ 3245887.853075683116913, 2184868.755025704856962 ], [ 3245915.958650945685804, 2184852.838050424586982 ], [ 3245939.368702636100352, 2184846.631631245836616 ], [ 3245958.534950409084558, 2184841.551467101089656 ], [ 3246004.760070201009512, 2184817.087654221337289 ], [ 3246023.212713022716343, 2184801.548522576224059 ], [ 3246048.082076170481741, 2184780.610944939777255 ], [ 3246077.959719651378691, 2184753.598348180763423 ], [ 3246115.455467095598578, 2184719.700246767140925 ], [ 3246147.190112755633891, 2184689.099204875528812 ], [ 3246151.092473058961332, 2184659.50560231693089 ], [ 3246183.522758612409234, 2184615.290121699683368 ], [ 3246191.350828696973622, 2184588.133464068640023 ], [ 3246199.606114205904305, 2184559.47283526416868 ], [ 3246214.267327590379864, 2184506.793095961678773 ], [ 3246236.613541962578893, 2184447.95627255178988 ], [ 3246258.394308105111122, 2184379.577484730631113 ], [ 3246262.546803202480078, 2184374.929248572327197 ], [ 3246275.316731461323798, 2184360.656280412804335 ], [ 3246278.298666993156075, 2184367.434626162983477 ], [ 3246297.274082437623292, 2184346.391061492264271 ], [ 3246331.277722028084099, 2184310.22409544698894 ], [ 3246328.580690741539001, 2184283.638064422644675 ], [ 3246319.707578787580132, 2184277.715973325073719 ], [ 3246296.436239226721227, 2184262.20364458905533 ], [ 3246274.400252648629248, 2184234.219422977883369 ], [ 3246206.206288676243275, 2184099.477342492900789 ], [ 3246188.33413914591074, 2184080.437298311386257 ], [ 3246082.94371685013175, 2183968.115811952855438 ], [ 3245991.536522328387946, 2183900.928108463063836 ], [ 3245975.709566406905651, 2183769.583058858290315 ], [ 3246019.793618422467262, 2183659.953962487634271 ], [ 3246132.54466467583552, 2183476.660056910477579 ], [ 3246167.949257604777813, 2183363.184315592981875 ], [ 3246212.461287524551153, 2183215.31412920774892 ] ] ], [ [ [ 3243329.814093088265508, 2185725.377130703534931 ], [ 3243342.402674549259245, 2185713.192459841724485 ], [ 3243385.529040870256722, 2185741.851526787038893 ], [ 3243422.413767674937844, 2185703.73817572882399 ], [ 3243424.551180375739932, 2185646.805867241695523 ], [ 3243452.550094611942768, 2185623.819249988999218 ], [ 3243469.674449921585619, 2185645.706353489775211 ], [ 3243500.682559303939342, 2185645.196872293017805 ], [ 3243512.59788074856624, 2185645.001262838486582 ], [ 3243544.580892724450678, 2185562.49921309761703 ], [ 3243566.755712687037885, 2185531.476935313083231 ], [ 3243610.176542824134231, 2185575.919975011609495 ], [ 3243624.826394670642912, 2185570.593513465952128 ], [ 3243670.081948597915471, 2185554.152880567125976 ], [ 3243636.255374358035624, 2185498.9708317136392 ], [ 3243605.572458002250642, 2185473.764623849652708 ], [ 3243584.028793902136385, 2185456.065852366387844 ], [ 3243534.216351852286607, 2185442.13885877514258 ], [ 3243514.959360584616661, 2185407.039610531181097 ], [ 3243424.616892381105572, 2185441.59479369642213 ], [ 3243215.417433746159077, 2185544.832836819812655 ], [ 3243091.06669104937464, 2185662.67091525066644 ], [ 3243069.935939999762923, 2185678.573244265746325 ], [ 3243069.935939999762923, 2186071.799778001848608 ], [ 3243226.188936276361346, 2186001.466279877349734 ], [ 3243206.668478252366185, 2185927.199686300940812 ], [ 3243231.385512288659811, 2185888.159960669931024 ], [ 3243243.539520341902971, 2185833.796521067619324 ], [ 3243265.42626332025975, 2185752.134970212355256 ], [ 3243287.847003073431551, 2185747.914483728818595 ], [ 3243311.055909777991474, 2185743.546198091469705 ], [ 3243329.814093088265508, 2185725.377130703534931 ] ] ], [ [ [ 3251956.084439557045698, 2185836.217556404415518 ], [ 3251927.05481372307986, 2185802.386679044459015 ], [ 3251909.289710859302431, 2185781.684482234530151 ], [ 3251878.530591865070164, 2185753.112500005867332 ], [ 3251850.982537178322673, 2185727.518091458827257 ], [ 3251826.621368752326816, 2185678.964406196027994 ], [ 3251782.258835233747959, 2185619.060065167956054 ], [ 3251737.636988811660558, 2185557.548644576221704 ], [ 3251737.764979695901275, 2185532.680078939069062 ], [ 3251699.260131027549505, 2185519.449089414440095 ], [ 3251698.620979908853769, 2185516.620836893562227 ], [ 3251583.509018406271935, 2185314.946731705684215 ], [ 3251500.892996585462242, 2185244.058805210981518 ], [ 3251491.431398136541247, 2185252.542299351189286 ], [ 3251523.621163845062256, 2185265.009932511486113 ], [ 3251415.552353695034981, 2185375.862889604642987 ], [ 3251407.890492349863052, 2185381.031758412718773 ], [ 3251379.912626166827977, 2185399.883019994013011 ], [ 3251253.776454581879079, 2185484.886955414898694 ], [ 3251242.607130849268287, 2185492.411542820278555 ], [ 3251232.186954799573869, 2185484.640128703787923 ], [ 3251151.886069522239268, 2185424.702242345549166 ], [ 3251054.441204320639372, 2185607.856488628312945 ], [ 3251029.955794588662684, 2185689.101596326101571 ], [ 3251025.806243696250021, 2185767.102035116869956 ], [ 3251095.719452768564224, 2185827.078528294339776 ], [ 3251137.226721780374646, 2185870.359083961229771 ], [ 3251131.319330328144133, 2185897.341385412961245 ], [ 3251129.371658843941987, 2185906.216854266822338 ], [ 3251127.494734838604927, 2185939.429689386859536 ], [ 3251164.587629566900432, 2185935.359035736415535 ], [ 3251174.185566935688257, 2185933.947646422311664 ], [ 3251221.85265598166734, 2185926.967301648110151 ], [ 3251226.711448647081852, 2185942.166668542660773 ], [ 3251204.732179197482765, 2185948.435244872700423 ], [ 3251176.048786141443998, 2185956.623942608013749 ], [ 3251244.546044627204537, 2186037.700034745037556 ], [ 3251263.916433230042458, 2186063.190614845603704 ], [ 3251292.428435594774783, 2186080.668995931278914 ], [ 3251335.997985578142107, 2186081.88506693020463 ], [ 3251371.291644527576864, 2186121.445033967960626 ], [ 3251399.023739255499095, 2186139.059558683540672 ], [ 3251424.398005813825876, 2186137.034048757981509 ], [ 3251475.565108842682093, 2186125.702434971928596 ], [ 3251479.375938021577895, 2186118.245453985407948 ], [ 3251484.112083839252591, 2186108.974627028685063 ], [ 3251533.374530139844865, 2186106.78473743237555 ], [ 3251551.879160580225289, 2186105.968231860548258 ], [ 3251588.969296704046428, 2186107.666419809684157 ], [ 3251625.556761542335153, 2186082.791402532719076 ], [ 3251689.246410490013659, 2186038.923934805672616 ], [ 3251746.953404479194432, 2185999.182301205117255 ], [ 3251802.777483102865517, 2185961.735970020294189 ], [ 3251820.748659677337855, 2185949.689403564669192 ], [ 3251878.434050309471786, 2185908.177789694163948 ], [ 3251879.519772005733103, 2185907.420650722458959 ], [ 3251884.779897733591497, 2185903.78600271884352 ], [ 3251892.67720436770469, 2185897.308932895772159 ], [ 3251899.309784656390548, 2185891.863532173912972 ], [ 3251928.592658786568791, 2185866.570614879950881 ], [ 3251956.084439557045698, 2185836.217556404415518 ] ] ], [ [ [ 3244240.669896051287651, 2188501.023130988702178 ], [ 3244245.541384047828615, 2188475.435363000724465 ], [ 3244264.435788576491177, 2188453.024695170111954 ], [ 3244244.691679083742201, 2188428.370958347339183 ], [ 3244243.485254387371242, 2188415.493496005423367 ], [ 3244241.587904510553926, 2188395.194030689075589 ], [ 3244219.478633156046271, 2188404.672540876083076 ], [ 3244193.179703695233911, 2188381.163814621046185 ], [ 3244165.810581186786294, 2188351.090110447257757 ], [ 3244131.378394088707864, 2188346.987000223249197 ], [ 3244117.638895016629249, 2188345.250717228744179 ], [ 3244101.505987050011754, 2188343.21272212266922 ], [ 3244085.546998839825392, 2188362.870166382286698 ], [ 3244063.094175246544182, 2188370.158114308491349 ], [ 3244043.173370582982898, 2188344.409968166146427 ], [ 3244034.292067568283528, 2188340.010352429468185 ], [ 3244018.405076617375016, 2188332.140602462459356 ], [ 3244021.253909072838724, 2188328.348095296882093 ], [ 3244023.553101101890206, 2188325.300436159130186 ], [ 3244064.341852247714996, 2188270.141334780026227 ], [ 3244087.502469344995916, 2188228.199650672730058 ], [ 3244098.756312844343483, 2188202.095183664467186 ], [ 3244112.378204004373401, 2188170.477655640803277 ], [ 3244129.735056000761688, 2188125.028308702632785 ], [ 3244161.870064311195165, 2188145.266928646713495 ], [ 3244186.746799300424755, 2188147.207063973415643 ], [ 3244203.534457550384104, 2188148.522453563287854 ], [ 3244213.809649187140167, 2188149.170865388587117 ], [ 3244230.16486928332597, 2188150.196832269430161 ], [ 3244248.132889972534031, 2188176.549692070111632 ], [ 3244267.255384809803218, 2188177.426841790322214 ], [ 3244306.005379459355026, 2188182.245869148056954 ], [ 3244340.91182673163712, 2188202.487091625109315 ], [ 3244365.497233293019235, 2188221.733071384951472 ], [ 3244390.419872525613755, 2188241.244569409638643 ], [ 3244384.959973669145256, 2188272.744089670013636 ], [ 3244386.380526323802769, 2188294.617088911123574 ], [ 3244417.509907221421599, 2188317.616673012729734 ], [ 3244438.811346758157015, 2188351.223998460453004 ], [ 3244447.157986440230161, 2188356.335481632500887 ], [ 3244456.608977728523314, 2188362.125932482071221 ], [ 3244512.312050986103714, 2188382.171380093786865 ], [ 3244539.083129431121051, 2188391.191632981412113 ], [ 3244548.833247034810483, 2188389.782552203163505 ], [ 3244574.127255626954138, 2188386.134868296328932 ], [ 3244569.4025699198246, 2188404.083231817465276 ], [ 3244566.282931106630713, 2188415.942163383588195 ], [ 3244567.503149944357574, 2188443.111785983201116 ], [ 3244576.441550135612488, 2188465.780334030278027 ], [ 3244596.756296404637396, 2188467.503664487041533 ], [ 3244621.376479194033891, 2188463.20319812418893 ], [ 3244615.716857637278736, 2188434.69017618149519 ], [ 3244624.105404493864626, 2188426.797438036650419 ], [ 3244634.942180370911956, 2188416.591398647986352 ], [ 3244648.50728543754667, 2188435.288733133114874 ], [ 3244669.389823109377176, 2188460.078255279920995 ], [ 3244706.680843960493803, 2188482.011840744875371 ], [ 3244715.082190615125, 2188517.132431090343744 ], [ 3244771.721319895237684, 2188418.258078343700618 ], [ 3244830.212865242734551, 2188371.777909534052014 ], [ 3244881.25460139522329, 2188320.019546876661479 ], [ 3244807.751534891314805, 2188273.530599929392338 ], [ 3244784.559811717364937, 2188313.834837531205267 ], [ 3244723.890097011812031, 2188265.104415074922144 ], [ 3244624.712153724394739, 2188223.110390597954392 ], [ 3244567.362992477137595, 2188154.020890969783068 ], [ 3244503.600018170196563, 2188172.569311648607254 ], [ 3244482.260679169092327, 2188178.770369844511151 ], [ 3244426.768374029546976, 2188162.104592238552868 ], [ 3244348.513762616552413, 2188110.201090913265944 ], [ 3244304.817823811434209, 2188081.225374444853514 ], [ 3244231.209990072064102, 2187952.363862256519496 ], [ 3244193.09783989097923, 2187961.930744392797351 ], [ 3244179.223244458436966, 2187962.752508841454983 ], [ 3244182.302862807177007, 2187949.765116146765649 ], [ 3244184.997452116571367, 2187938.416369885671884 ], [ 3244185.035839533433318, 2187915.457255805842578 ], [ 3244181.51592396851629, 2187893.657010283321142 ], [ 3244174.299347977153957, 2187865.557966484222561 ], [ 3244172.193615353666246, 2187859.619961050339043 ], [ 3244152.726839864160866, 2187804.747215368319303 ], [ 3244139.969739406369627, 2187762.13529150467366 ], [ 3244128.585114093031734, 2187721.422754460014403 ], [ 3244124.980898052453995, 2187699.099951133131981 ], [ 3244127.040102838538587, 2187668.853520609904081 ], [ 3244116.983689585700631, 2187667.234183293767273 ], [ 3244118.639848492108285, 2187657.688927109818906 ], [ 3244098.817623501643538, 2187647.637469115667045 ], [ 3244077.488626786042005, 2187621.841359755955637 ], [ 3244065.800006935372949, 2187615.204978167079389 ], [ 3244048.658758480101824, 2187605.475993094965816 ], [ 3244018.061462691053748, 2187591.680133871268481 ], [ 3244001.147530665621161, 2187584.05056533915922 ], [ 3243973.402741798199713, 2187562.964018021710217 ], [ 3243940.081491161137819, 2187537.640648290049285 ], [ 3243909.270017976872623, 2187531.130898528732359 ], [ 3243883.58024910511449, 2187541.569346408359706 ], [ 3243865.869511485099792, 2187572.005173658952117 ], [ 3243849.139004342257977, 2187601.093790717422962 ], [ 3243835.568673714529723, 2187595.941877955570817 ], [ 3243821.242048397660255, 2187590.506420779973269 ], [ 3243762.15477260062471, 2187607.965019763447344 ], [ 3243728.722984206862748, 2187622.1282650064677 ], [ 3243710.566179342102259, 2187627.672245979309082 ], [ 3243685.539608518593013, 2187620.152108745183796 ], [ 3243682.597193865571171, 2187594.510068384930491 ], [ 3243686.780912484042346, 2187568.809360546991229 ], [ 3243675.269827481359243, 2187556.545862841885537 ], [ 3243633.03239833842963, 2187560.365630604326725 ], [ 3243606.83284374512732, 2187572.109859347343445 ], [ 3243580.859078761655837, 2187583.743699179962277 ], [ 3243566.2727075163275, 2187587.700915797613561 ], [ 3243565.280114786699414, 2187587.965550024528056 ], [ 3243563.510516310110688, 2187588.447020466439426 ], [ 3243531.812514065764844, 2187597.066189177334309 ], [ 3243537.689796879887581, 2187632.901305664330721 ], [ 3243560.539606295526028, 2187634.860755095258355 ], [ 3243576.216631560586393, 2187658.278253633994609 ], [ 3243615.136377394199371, 2187700.233199245296419 ], [ 3243655.890342469327152, 2187687.163055200595409 ], [ 3243721.731105655431747, 2187667.338401257060468 ], [ 3243794.453156775794923, 2187660.586112827062607 ], [ 3243825.469846830703318, 2187686.535014177206904 ], [ 3243850.889382338151336, 2187707.804645844735205 ], [ 3243872.870339230168611, 2187730.597498113289475 ], [ 3243900.934696307871491, 2187759.698026868049055 ], [ 3243959.086370356380939, 2187810.185562008991838 ], [ 3244004.129368758760393, 2187860.580529002472758 ], [ 3244043.015013070777059, 2187909.678794766776264 ], [ 3244044.404590213671327, 2187914.890308134257793 ], [ 3244045.052571227774024, 2187917.331895200535655 ], [ 3244049.058274894021451, 2187932.396772203501314 ], [ 3244041.587680046446621, 2187959.867914848029613 ], [ 3244093.419605873525143, 2188030.620322522707283 ], [ 3244116.00360152637586, 2188064.125169866252691 ], [ 3244092.657008971087635, 2188133.644212119281292 ], [ 3244028.121376656927168, 2188238.116233630571514 ], [ 3243959.728141642641276, 2188342.583156072534621 ], [ 3243988.881189339794219, 2188371.321228945627809 ], [ 3244007.550544295459986, 2188395.605059581343085 ], [ 3244026.542460266966373, 2188422.640789121389389 ], [ 3244028.764261206611991, 2188450.35535141127184 ], [ 3244025.429404387250543, 2188463.458393860608339 ], [ 3244021.87641063099727, 2188477.410588387865573 ], [ 3243993.000255217775702, 2188493.697928143665195 ], [ 3243976.650915465317667, 2188517.914818564429879 ], [ 3243994.526673185639083, 2188515.47142644925043 ], [ 3244006.383554799947888, 2188513.846275340300053 ], [ 3244025.198794604279101, 2188539.787556042894721 ], [ 3244046.636487109120935, 2188519.172984363511205 ], [ 3244047.30854116845876, 2188503.534222896210849 ], [ 3244048.294653424061835, 2188480.662861009594053 ], [ 3244055.571372456848621, 2188449.038408807013184 ], [ 3244062.333481905981898, 2188450.057135056238621 ], [ 3244072.87167349550873, 2188451.64294679928571 ], [ 3244077.424725151620805, 2188486.817404925823212 ], [ 3244072.620592838153243, 2188533.75434099836275 ], [ 3244068.203768378123641, 2188576.112207809463143 ], [ 3244097.054372889455408, 2188566.581298680976033 ], [ 3244104.543179091066122, 2188529.293166619259864 ], [ 3244101.50186197180301, 2188482.611528598237783 ], [ 3244112.382315608672798, 2188459.35003257682547 ], [ 3244122.938553456217051, 2188471.293784154113382 ], [ 3244133.037196926772594, 2188482.729464366100729 ], [ 3244135.716723286546767, 2188499.323732025921345 ], [ 3244140.274954542517662, 2188527.552723682485521 ], [ 3244123.400221664458513, 2188583.339992764871567 ], [ 3244124.842798612080514, 2188620.183155798818916 ], [ 3244130.323072148952633, 2188635.892812771722674 ], [ 3244131.131261684466153, 2188638.194907942321151 ], [ 3244153.161712779663503, 2188686.435911853332072 ], [ 3244120.17667465377599, 2188665.585455009248108 ], [ 3244103.525669181719422, 2188665.1789815495722 ], [ 3244041.556285550817847, 2188660.259706694632769 ], [ 3244032.805492140352726, 2188662.63994678389281 ], [ 3244000.401451639831066, 2188671.473715252242982 ], [ 3243983.820707635954022, 2188695.325564695522189 ], [ 3243980.236622406635433, 2188700.47324316482991 ], [ 3243963.666062409523875, 2188730.862397524528205 ], [ 3243957.441438300535083, 2188743.040831442922354 ], [ 3243947.843863856978714, 2188761.80009496351704 ], [ 3243917.97205161023885, 2188797.189340337645262 ], [ 3243892.740630657412112, 2188819.703660833649337 ], [ 3243881.407901355065405, 2188847.768713815137744 ], [ 3243869.718856212683022, 2188876.707075246609747 ], [ 3243854.325409522280097, 2188910.236306420061737 ], [ 3243828.611015846487135, 2188951.570321043021977 ], [ 3243815.942832200787961, 2188971.930596645455807 ], [ 3243804.174268847331405, 2188998.804608482867479 ], [ 3243823.020239328499883, 2189006.958271038718522 ], [ 3243841.703806727658957, 2189015.049066531937569 ], [ 3243865.128966549877077, 2189027.046045581344515 ], [ 3243896.279518150724471, 2189046.026997230947018 ], [ 3243913.429492695257068, 2189058.197651902213693 ], [ 3243944.98957901308313, 2189080.594594698864967 ], [ 3244000.026086293160915, 2189103.614790260326117 ], [ 3244072.278486942406744, 2189129.031204309780151 ], [ 3244133.037960299290717, 2189120.424539482221007 ], [ 3244190.764289355836809, 2189099.320344878360629 ], [ 3244210.412731131538749, 2189086.043929123785347 ], [ 3244228.725003018975258, 2189073.670050819870085 ], [ 3244224.415190432686359, 2189028.375689687207341 ], [ 3244231.926280410494655, 2188988.021828117314726 ], [ 3244275.415880989283323, 2188959.398483084049076 ], [ 3244290.148944723419845, 2188937.116430504713207 ], [ 3244296.363992851227522, 2188927.707403810229152 ], [ 3244288.17663659574464, 2188889.325373460073024 ], [ 3244279.886451162863523, 2188850.494964840356261 ], [ 3244268.126590068917722, 2188802.497561794705689 ], [ 3244254.725824669469148, 2188756.784010452684015 ], [ 3244248.070548799820244, 2188728.140665372367948 ], [ 3244265.140168260782957, 2188701.344607342034578 ], [ 3244261.635908235795796, 2188672.728720138780773 ], [ 3244247.659870537929237, 2188662.801649743691087 ], [ 3244235.677747185342014, 2188677.040101937483996 ], [ 3244227.248927133157849, 2188673.494128046091646 ], [ 3244217.319344663992524, 2188662.099865585565567 ], [ 3244207.562995173968375, 2188650.898381079081446 ], [ 3244185.550773272290826, 2188638.72540309978649 ], [ 3244170.434810637030751, 2188616.710147325415164 ], [ 3244170.122554627712816, 2188599.438755265437067 ], [ 3244169.866005390882492, 2188585.340983824338764 ], [ 3244174.572382244747132, 2188571.177184122148901 ], [ 3244178.2014449685812, 2188560.273404747247696 ], [ 3244183.821394972968847, 2188551.201535697095096 ], [ 3244190.697939540725201, 2188540.105592012871057 ], [ 3244218.804682803340256, 2188532.945218198932707 ], [ 3244224.523304229136556, 2188529.513152490835637 ], [ 3244237.27317673061043, 2188521.852002766914666 ], [ 3244240.669896051287651, 2188501.023130988702178 ] ] ], [ [ [ 3251409.735616461373866, 2187725.549250864889473 ], [ 3251388.285126994829625, 2187712.768888420891017 ], [ 3251366.945770362392068, 2187709.417210379615426 ], [ 3251338.965177534148097, 2187702.966886498034 ], [ 3251318.527326441369951, 2187700.420945656020194 ], [ 3251281.431699456647038, 2187695.794617501087487 ], [ 3251172.585521735716611, 2187691.312978044617921 ], [ 3251066.389174431562424, 2187688.72097132448107 ], [ 3251031.503597484901547, 2187661.944005279801786 ], [ 3250995.890984192490578, 2187630.600311828777194 ], [ 3250989.115326089784503, 2187544.92532832827419 ], [ 3250985.355628193821758, 2187463.407519887201488 ], [ 3250977.368701803963631, 2187449.96029237145558 ], [ 3250976.87833605427295, 2187449.123370550572872 ], [ 3250956.304920655675232, 2187414.485836741980165 ], [ 3250907.101657915394753, 2187364.408062607981265 ], [ 3250915.090350179001689, 2187406.037007682025433 ], [ 3250912.504712836816907, 2187429.256939790677279 ], [ 3250904.162014658562839, 2187438.883771086111665 ], [ 3250887.946392466314137, 2187457.589131467975676 ], [ 3250871.552780170924962, 2187476.072134166024625 ], [ 3250867.251345488708466, 2187480.928536932915449 ], [ 3250860.080697939731181, 2187489.012683570384979 ], [ 3250856.376165523193777, 2187528.880997234489769 ], [ 3250854.785352794453502, 2187558.263243480585515 ], [ 3250845.799147442914546, 2187590.375765885226429 ], [ 3250839.522420036606491, 2187612.800463418010622 ], [ 3250838.747219110839069, 2187647.1091119768098 ], [ 3250837.64661274291575, 2187695.373020727187395 ], [ 3250829.097542990464717, 2187760.122899273876101 ], [ 3250823.74778747279197, 2187784.768160178791732 ], [ 3250821.105725083034486, 2187796.948210430331528 ], [ 3250817.578311484307051, 2187819.866308879107237 ], [ 3250814.30450398568064, 2187841.148566644638777 ], [ 3250827.259616966824979, 2187913.539790760260075 ], [ 3250885.91610581567511, 2187910.378012971021235 ], [ 3250913.870546875521541, 2187890.698242132551968 ], [ 3250930.23869909811765, 2187879.163743792567402 ], [ 3250960.637840094044805, 2187912.228344362229109 ], [ 3250973.012253786902875, 2187925.690417295787483 ], [ 3250932.635097511578351, 2187966.505586191080511 ], [ 3250922.487472930923104, 2187976.771920511499047 ], [ 3251055.306660460308194, 2188056.881027760449797 ], [ 3251127.433552329428494, 2188023.165981363039464 ], [ 3251144.288904203101993, 2188038.228317107073963 ], [ 3251151.216250598430634, 2188044.419622475281358 ], [ 3251113.887994776945561, 2188123.549350598827004 ], [ 3251182.30357598233968, 2188142.862402679864317 ], [ 3251196.0413504014723, 2188194.44677390018478 ], [ 3251203.038245147094131, 2188220.748842491768301 ], [ 3251286.899475316051394, 2188276.760453082621098 ], [ 3251301.218467804603279, 2188318.237726463936269 ], [ 3251285.89948342461139, 2188328.159677938558161 ], [ 3251245.045911498367786, 2188316.413954833522439 ], [ 3251284.881096792407334, 2188414.151257619261742 ], [ 3251386.089253653772175, 2188432.688176846131682 ], [ 3251477.805478977970779, 2188411.480423542205244 ], [ 3251472.366512562148273, 2188377.789924599230289 ], [ 3251480.909511725883931, 2188315.017916749697179 ], [ 3251465.684419920202345, 2188253.717848962172866 ], [ 3251438.818703985773027, 2188237.259916325565428 ], [ 3251418.305675116367638, 2188224.691038895398378 ], [ 3251433.783342074602842, 2188187.268946388736367 ], [ 3251443.253099190071225, 2188164.378239592537284 ], [ 3251458.940146069042385, 2188135.860880364198238 ], [ 3251472.247115082573146, 2188111.651706547476351 ], [ 3251488.629796794615686, 2188081.847170793451369 ], [ 3251501.347811489365995, 2188044.998052194714546 ], [ 3251507.379620025865734, 2187966.66767712123692 ], [ 3251461.687144569121301, 2187865.401180204469711 ], [ 3251474.214470254257321, 2187858.683432490099221 ], [ 3251513.972570412792265, 2187837.359716127626598 ], [ 3251498.156512283720076, 2187820.372287609614432 ], [ 3251465.295248246751726, 2187785.07106850668788 ], [ 3251409.735616461373866, 2187725.549250864889473 ] ] ], [ [ [ 3247763.306316466070712, 2188066.197182311210781 ], [ 3247716.186413747258484, 2188035.880824530031532 ], [ 3247689.05462752841413, 2187991.997585921082646 ], [ 3247653.662505387328565, 2187934.735294505022466 ], [ 3247651.302617751993239, 2187931.183489781804383 ], [ 3247643.549238805659115, 2187963.193750840611756 ], [ 3247625.500729001127183, 2187971.170666329562664 ], [ 3247601.834375784732401, 2188004.266444861888885 ], [ 3247611.135598042048514, 2188021.954786459449679 ], [ 3247581.867774151265621, 2188030.288928082678467 ], [ 3247546.533385613001883, 2188001.047421316616237 ], [ 3247487.330553621519357, 2188043.572032257448882 ], [ 3247468.422376635484397, 2188016.298113802447915 ], [ 3247464.582822284195572, 2187952.593852683901787 ], [ 3247454.178747125901282, 2187898.085205974057317 ], [ 3247426.39039957197383, 2187824.10624189581722 ], [ 3247403.360392964445055, 2187846.557869571261108 ], [ 3247399.186612182762474, 2187850.632100459188223 ], [ 3247331.367978717200458, 2187941.578710549511015 ], [ 3247404.974871517624706, 2188070.441830476745963 ], [ 3247438.360387238673866, 2188150.732642414513975 ], [ 3247453.526508346199989, 2188187.206109287217259 ], [ 3247493.177290209569037, 2188269.271990105044097 ], [ 3247377.222116803750396, 2188368.614127519540489 ], [ 3247400.303957086987793, 2188450.278468008618802 ], [ 3247390.201570535544306, 2188489.866610119584948 ], [ 3247376.730610624887049, 2188542.664546268992126 ], [ 3247343.228180212900043, 2188589.52204319043085 ], [ 3247327.115344979800284, 2188612.063801562413573 ], [ 3247253.656226455233991, 2188638.394661428872496 ], [ 3247188.143547965679318, 2188609.333837173879147 ], [ 3247144.053590133786201, 2188566.414672392420471 ], [ 3247118.471940709277987, 2188568.722402882762253 ], [ 3247107.466343033127487, 2188569.711533090099692 ], [ 3247064.127989219035953, 2188573.629733909852803 ], [ 3247045.036623143590987, 2188589.291121718473732 ], [ 3247043.648160431534052, 2188590.435846289619803 ], [ 3247022.362653968855739, 2188607.909832494333386 ], [ 3247000.999517315067351, 2188636.092815924435854 ], [ 3246972.219210437498987, 2188674.036150934174657 ], [ 3246896.217766998335719, 2188663.686771489679813 ], [ 3246863.393649977166206, 2188669.418746124953032 ], [ 3246820.638401314616203, 2188676.884999989531934 ], [ 3246723.009782983455807, 2188720.930972549133003 ], [ 3246685.593976062722504, 2188761.213930501136929 ], [ 3246691.888408313505352, 2188826.91322505986318 ], [ 3246695.447647139430046, 2188864.105983233079314 ], [ 3246706.998367685824633, 2188956.574002572335303 ], [ 3246697.959088679868728, 2188967.225979818031192 ], [ 3246744.201530321501195, 2189061.441920970100909 ], [ 3246774.447091808542609, 2189096.630553357768804 ], [ 3246827.416035327594727, 2189158.264672474004328 ], [ 3246897.590814804658294, 2189237.129410173278302 ], [ 3246932.781546073500067, 2189308.599834016989917 ], [ 3246972.212233245372772, 2189406.327136907726526 ], [ 3247005.533509146422148, 2189443.401725736446679 ], [ 3247027.439058625139296, 2189413.552301096729934 ], [ 3247025.990292499773204, 2189395.465812463313341 ], [ 3247020.754086726345122, 2189330.35199903184548 ], [ 3247063.057205180637538, 2189299.343307789880782 ], [ 3247130.578959919512272, 2189257.17897677840665 ], [ 3247205.303708772640675, 2189196.887534216046333 ], [ 3247208.433435169514269, 2189195.023081286810338 ], [ 3247285.446486170403659, 2189149.153833780437708 ], [ 3247332.55338775459677, 2189135.007400543894619 ], [ 3247366.009984601289034, 2189124.957948962692171 ], [ 3247430.460828912910074, 2189042.839934613090008 ], [ 3247451.280906073749065, 2189045.743271713610739 ], [ 3247457.89426548127085, 2189021.261273455806077 ], [ 3247489.61188079835847, 2188980.199821119196713 ], [ 3247573.852594299707562, 2188864.993762555532157 ], [ 3247593.54170515248552, 2188795.639686525799334 ], [ 3247638.729998236056417, 2188659.029556083027273 ], [ 3247640.146614439319819, 2188564.389220807235688 ], [ 3247686.873766071163118, 2188528.777098077815026 ], [ 3247643.91174113471061, 2188467.068038557656109 ], [ 3247681.283152794465423, 2188405.383048613555729 ], [ 3247722.078844096511602, 2188338.06178903253749 ], [ 3247777.805301120504737, 2188285.763209702912718 ], [ 3247772.497925145085901, 2188252.890648521482944 ], [ 3247805.458687580190599, 2188187.586470572743565 ], [ 3247763.306316466070712, 2188066.197182311210781 ] ] ], [ [ [ 3250939.24192825332284, 2193291.635530289262533 ], [ 3250892.201137307099998, 2193274.827622408978641 ], [ 3250873.350367280654609, 2193268.092235408723354 ], [ 3250860.907985202036798, 2193224.430660819634795 ], [ 3250923.062422179616988, 2193208.18599002296105 ], [ 3251002.750892005860806, 2193183.486864234786481 ], [ 3251043.321825212799013, 2193170.483318185899407 ], [ 3251095.13701611943543, 2193153.88456965982914 ], [ 3251149.000141177326441, 2193136.391049960628152 ], [ 3251188.632597779855132, 2193080.941689715720713 ], [ 3251230.55311918631196, 2193089.803463246673346 ], [ 3251277.554128483869135, 2193130.118372978176922 ], [ 3251299.992279932834208, 2193185.51832224894315 ], [ 3251310.8565245391801, 2193226.322724040132016 ], [ 3251320.576114867813885, 2193262.80543961096555 ], [ 3251380.284676232375205, 2193298.215412635356188 ], [ 3251425.920640071853995, 2193263.281543721444905 ], [ 3251421.346204807981849, 2193218.246476541273296 ], [ 3251422.448852275498211, 2193174.927183331921697 ], [ 3251413.977673006244004, 2193122.48234767653048 ], [ 3251447.680965006351471, 2193113.901958293281496 ], [ 3251474.52360203396529, 2193079.562529761344194 ], [ 3251490.308675958309323, 2193076.806897934991866 ], [ 3251511.276469925418496, 2193073.146516949404031 ], [ 3251555.737416008487344, 2193014.158045886084437 ], [ 3251548.537314012181014, 2192969.581470497883856 ], [ 3251578.006025194190443, 2192934.78376666456461 ], [ 3251558.41206584777683, 2192903.08656447334215 ], [ 3251552.434455767739564, 2192893.41430666577071 ], [ 3251527.362438188865781, 2192838.484385658986866 ], [ 3251517.282943282276392, 2192759.363824363797903 ], [ 3251514.149861516430974, 2192689.817401581909508 ], [ 3251519.306785031221807, 2192621.510397064033896 ], [ 3251495.246714826673269, 2192600.872694184072316 ], [ 3251456.644632621668279, 2192567.749230002053082 ], [ 3251461.209526253864169, 2192529.209036479704082 ], [ 3251542.254110886715353, 2192496.18466622941196 ], [ 3251605.351290988270193, 2192552.576769542880356 ], [ 3251696.814346637576818, 2192617.49050037143752 ], [ 3251718.315124358981848, 2192629.258326806593686 ], [ 3251782.686270506586879, 2192664.503642042167485 ], [ 3251862.627846339717507, 2192680.455631007906049 ], [ 3251869.151968424208462, 2192681.760001356713474 ], [ 3251888.030580726452172, 2192748.55770177161321 ], [ 3251942.487205303274095, 2192784.885016918648034 ], [ 3252031.832420912571251, 2192836.685493629425764 ], [ 3252062.073577486909926, 2192906.903299134690315 ], [ 3252096.368534338660538, 2192952.133321960456669 ], [ 3252119.311490490101278, 2192969.49906623410061 ], [ 3252145.573416916653514, 2192989.377515303902328 ], [ 3252166.867101591546088, 2192985.660549430642277 ], [ 3252182.326496906578541, 2192982.962007088586688 ], [ 3252205.696354393381625, 2192943.836076246574521 ], [ 3252236.998065595515072, 2192910.330895335879177 ], [ 3252244.82182808034122, 2192901.959966842085123 ], [ 3252282.422195055522025, 2192900.790000721812248 ], [ 3252314.347096382640302, 2192897.914066230412573 ], [ 3252333.820313543081284, 2192851.378454198129475 ], [ 3252367.110208889003843, 2192840.17431269492954 ], [ 3252373.453837053384632, 2192795.930553160607815 ], [ 3252362.133372351527214, 2192777.184829871170223 ], [ 3252351.35557665862143, 2192759.348030593711883 ], [ 3252369.746990480925888, 2192756.137793981004506 ], [ 3252403.854531922377646, 2192750.18431419506669 ], [ 3252477.276700844522566, 2192753.548498912714422 ], [ 3252557.906883324496448, 2192801.477563090622425 ], [ 3252615.148846972733736, 2192888.545612868852913 ], [ 3252683.834425431676209, 2192962.819501891732216 ], [ 3252735.410979572683573, 2193048.179881737101823 ], [ 3252772.078367421869189, 2193057.949586299713701 ], [ 3252769.55896547017619, 2193042.351300265174359 ], [ 3252764.032859049737453, 2193008.137617141008377 ], [ 3252747.906867699231952, 2192976.230298416223377 ], [ 3252740.240052962675691, 2192961.064135745167732 ], [ 3252763.102255532518029, 2192935.510533280670643 ], [ 3252824.146822052076459, 2192946.388306262437254 ], [ 3252820.29881284525618, 2192928.345556067302823 ], [ 3252814.975333862472326, 2192882.062972869724035 ], [ 3252806.342369296588004, 2192828.61277356557548 ], [ 3252803.85170254856348, 2192813.191984184086323 ], [ 3252760.232645225711167, 2192769.305351905524731 ], [ 3252733.155512725003064, 2192763.295546314679086 ], [ 3252722.353257656097412, 2192760.892718558199704 ], [ 3252734.282953597605228, 2192808.171417837962508 ], [ 3252679.549604937434196, 2192828.450605366379023 ], [ 3252654.812464115209877, 2192834.917569354176521 ], [ 3252639.74541400372982, 2192803.281657158397138 ], [ 3252625.556395349092782, 2192773.499780943617225 ], [ 3252616.887412877753377, 2192743.078823158983141 ], [ 3252605.743558276444674, 2192703.996240037493408 ], [ 3252592.51553429570049, 2192668.034930249676108 ], [ 3252582.757905330974609, 2192641.494169989135116 ], [ 3252504.162306779064238, 2192633.750988177489489 ], [ 3252412.355744150932878, 2192624.02557680523023 ], [ 3252345.754907226189971, 2192584.150613220408559 ], [ 3252324.426920374855399, 2192568.236467092763633 ], [ 3252295.73845496494323, 2192546.845179918687791 ], [ 3252294.45794189767912, 2192545.892707698978484 ], [ 3252263.206979803740978, 2192542.446581310592592 ], [ 3252226.644564419053495, 2192538.417060112114996 ], [ 3252186.677753056399524, 2192596.893482088111341 ], [ 3252169.960132971405983, 2192666.336028440389782 ], [ 3252122.920398018788546, 2192747.509058663621545 ], [ 3252088.674150475300848, 2192708.42422903701663 ], [ 3252036.235061157494783, 2192689.678465729579329 ], [ 3252027.818969693500549, 2192686.46386904688552 ], [ 3251951.501898990012705, 2192657.257336823269725 ], [ 3251816.957085796631873, 2192635.680682071018964 ], [ 3251680.661436688154936, 2192550.034548395313323 ], [ 3251675.879661584272981, 2192514.96097858203575 ], [ 3251655.556814408861101, 2192366.004913285374641 ], [ 3251655.408122225664556, 2192367.095342789776623 ], [ 3251654.997362455353141, 2192368.95130618289113 ], [ 3251654.601886292453855, 2192370.713361098431051 ], [ 3251653.529743038583547, 2192374.256142750382423 ], [ 3251652.170356161892414, 2192377.717274442780763 ], [ 3251650.558435924351215, 2192381.060283587314188 ], [ 3251648.68092545773834, 2192384.267173742875457 ], [ 3251646.565848036669195, 2192387.322915298864245 ], [ 3251644.219890617765486, 2192390.206065294332802 ], [ 3251641.649740152060986, 2192392.895180765073746 ], [ 3251638.883419896475971, 2192395.375232090707868 ], [ 3251637.736382440663874, 2192396.254697522614151 ], [ 3251635.94067365815863, 2192397.642772747669369 ], [ 3251634.507350749801844, 2192398.572213015984744 ], [ 3251632.816723982803524, 2192399.668223163112998 ], [ 3251631.220990165136755, 2192400.534773828461766 ], [ 3251629.560930421575904, 2192401.442967020906508 ], [ 3251627.364602400921285, 2192402.424497058149427 ], [ 3251626.171700468286872, 2192402.957144460640848 ], [ 3251624.885490949265659, 2192403.414839298464358 ], [ 3251622.688521749805659, 2192404.203862412832677 ], [ 3251619.109801759943366, 2192405.173261005431414 ], [ 3251617.021733550354838, 2192405.568173915147781 ], [ 3251615.47662060521543, 2192405.868307013530284 ], [ 3251611.795665214769542, 2192406.267557431012392 ], [ 3251610.340667716227472, 2192406.308651455678046 ], [ 3251608.108015695586801, 2192406.373979010153562 ], [ 3251606.236164071597159, 2192406.285083532799035 ], [ 3251604.425136420410126, 2192406.195708335842937 ], [ 3251600.766771195456386, 2192405.729298829101026 ], [ 3251597.162535746116191, 2192404.969580651260912 ], [ 3251596.427229536697268, 2192404.753251255489886 ], [ 3251593.635358843021095, 2192403.932826939970255 ], [ 3251591.094105008989573, 2192402.967275674454868 ], [ 3251590.196704873815179, 2192402.627174263820052 ], [ 3251586.886061484925449, 2192401.045729481615126 ], [ 3251583.706613639835268, 2192399.208212301135063 ], [ 3251583.056328363250941, 2192398.764146605972201 ], [ 3251575.591338466852903, 2192390.000375897623599 ], [ 3251572.609610076993704, 2192386.496150453109294 ], [ 3251552.110823070630431, 2192351.520250668283552 ], [ 3251528.120437571778893, 2192310.574403730221093 ], [ 3251480.332164369989187, 2192200.901869179680943 ], [ 3251357.313649212941527, 2192170.876355670392513 ], [ 3251310.513150034938008, 2192179.877468969672918 ], [ 3251236.452207368798554, 2192194.113928923849016 ], [ 3251217.989117377437651, 2192266.010904212016612 ], [ 3251275.146505305543542, 2192313.970873761922121 ], [ 3251337.766468501649797, 2192382.429022478871047 ], [ 3251353.895935463253409, 2192408.262945288792253 ], [ 3251381.244526046328247, 2192452.089701495599002 ], [ 3251388.905409592203796, 2192487.015528015326709 ], [ 3251397.565093704033643, 2192526.491255071479827 ], [ 3251407.677576283924282, 2192589.101474463008344 ], [ 3251418.187091756612062, 2192635.75634308764711 ], [ 3251430.463954044040293, 2192690.273842432536185 ], [ 3251435.22247225092724, 2192719.735173245891929 ], [ 3251440.5766202933155, 2192752.884104857221246 ], [ 3251430.465872528031468, 2192823.32327838614583 ], [ 3251421.113041112199426, 2192871.935072275809944 ], [ 3251412.943086270242929, 2192914.35903040273115 ], [ 3251396.210465174168348, 2192940.343840288929641 ], [ 3251363.1363171543926, 2192991.718068440444767 ], [ 3251299.973671989515424, 2193026.355892377439886 ], [ 3251260.854098346084356, 2192997.570652646012604 ], [ 3251229.267315193079412, 2192974.3236298924312 ], [ 3251165.095422226935625, 2192936.16494703060016 ], [ 3251108.201445849612355, 2192969.708644103258848 ], [ 3251067.017490620724857, 2192994.062051714397967 ], [ 3250993.082886931486428, 2193028.431656668428332 ], [ 3250999.961467063520104, 2193110.919650143943727 ], [ 3250980.394175833556801, 2193127.271803293377161 ], [ 3250931.817680614069104, 2193167.879692304879427 ], [ 3250883.146792344748974, 2193159.203151411842555 ], [ 3250827.805974553804845, 2193095.911965746432543 ], [ 3250801.910930185578763, 2193083.583558295387775 ], [ 3250788.241952760145068, 2193077.068829457275569 ], [ 3250675.53787358244881, 2193070.995079472661018 ], [ 3250651.79206739552319, 2193043.946248727850616 ], [ 3250628.149135551415384, 2193017.031535107176751 ], [ 3250615.19678654614836, 2193005.464664737228304 ], [ 3250591.077680014073849, 2193120.068203036673367 ], [ 3250606.58550425991416, 2193216.074392172507942 ], [ 3250558.396492472384125, 2193316.764010496903211 ], [ 3250463.362209420185536, 2193393.43443223554641 ], [ 3250404.992540142964572, 2193377.874967209994793 ], [ 3250360.025738035328686, 2193325.648052087984979 ], [ 3250318.982464626431465, 2193324.227207070216537 ], [ 3250311.065718702971935, 2193320.459335342980921 ], [ 3250307.843609454110265, 2193318.923337023705244 ], [ 3250298.475673050619662, 2193314.46600497327745 ], [ 3250279.40860999841243, 2193305.386133275460452 ], [ 3250257.142439975403249, 2193315.711446491070092 ], [ 3250227.444884895347059, 2193329.483560820110142 ], [ 3250192.259806686080992, 2193404.291925190482289 ], [ 3250175.931484838947654, 2193428.189489103853703 ], [ 3250167.973677823320031, 2193485.368696450721473 ], [ 3250144.188472833484411, 2193510.983960480429232 ], [ 3250092.978774646297097, 2193535.852308542933315 ], [ 3250054.542234264314175, 2193554.526471246033907 ], [ 3249988.387626993935555, 2193600.922117955982685 ], [ 3249981.202847625128925, 2193605.958144593983889 ], [ 3249893.047462223097682, 2193632.087111542467028 ], [ 3249871.525361858308315, 2193636.8386254850775 ], [ 3249799.693560945801437, 2193652.676157174631953 ], [ 3249759.782060256693512, 2193631.745125974994153 ], [ 3249703.90313136158511, 2193605.025404545944184 ], [ 3249670.287013036198914, 2193644.553799044340849 ], [ 3249669.603998349048197, 2193645.352317423559725 ], [ 3249720.423689408227801, 2193707.293222925625741 ], [ 3249751.707960495725274, 2193713.083863333798945 ], [ 3249779.320218902546912, 2193718.197746840305626 ], [ 3249797.944619061425328, 2193721.646979069337249 ], [ 3249839.436298861633986, 2193732.630345064215362 ], [ 3249880.982123342342675, 2193743.634698752313852 ], [ 3249888.601788072381169, 2193742.547534363344312 ], [ 3249948.188869286328554, 2193734.038830958306789 ], [ 3249983.371056943200529, 2193725.756549240555614 ], [ 3250000.428477083332837, 2193708.635523966513574 ], [ 3250022.193516807630658, 2193686.789357002824545 ], [ 3250048.141324757132679, 2193647.920958623755723 ], [ 3250099.163272771053016, 2193604.67451267875731 ], [ 3250127.166938346810639, 2193592.292887029703707 ], [ 3250147.28865954047069, 2193583.396223714575171 ], [ 3250177.159396875649691, 2193588.541784795932472 ], [ 3250209.170109244994819, 2193594.053793961182237 ], [ 3250255.340320319868624, 2193613.89231971045956 ], [ 3250289.309553813654929, 2193638.000321134459227 ], [ 3250329.824892426840961, 2193675.98999875690788 ], [ 3250344.01366435084492, 2193684.025799873284996 ], [ 3250379.749651776626706, 2193679.611120787449181 ], [ 3250396.944938085973263, 2193677.480693955440074 ], [ 3250464.774261757731438, 2193662.941020498052239 ], [ 3250512.613215730059892, 2193624.934632518328726 ], [ 3250556.141542178578675, 2193576.894068826921284 ], [ 3250588.913240374997258, 2193579.262436880264431 ], [ 3250657.844426117837429, 2193604.971350804902613 ], [ 3250706.540751431137323, 2193572.208981387317181 ], [ 3250773.013833054341376, 2193565.986611995380372 ], [ 3250849.568417109083384, 2193555.317633870057762 ], [ 3250849.080188905354589, 2193541.675996522419155 ], [ 3250848.043141890317202, 2193512.446668354794383 ], [ 3250920.278857924509794, 2193491.755162114277482 ], [ 3250988.278038850054145, 2193444.836345330812037 ], [ 3251035.702118953689933, 2193404.196338350884616 ], [ 3251033.996346355415881, 2193393.636352320667356 ], [ 3251032.507181451655924, 2193384.417317290324718 ], [ 3251027.655859180726111, 2193354.383971494622529 ], [ 3250980.101263141725212, 2193320.633890581317246 ], [ 3250939.24192825332284, 2193291.635530289262533 ] ] ], [ [ [ 3253440.502620151266456, 2192830.823423685971648 ], [ 3253380.370634663850069, 2192884.231374876573682 ], [ 3253334.406629760749638, 2192892.253536809701473 ], [ 3253283.780111976899207, 2192924.70037376973778 ], [ 3253202.960529266390949, 2192943.094432170502841 ], [ 3253182.610317954793572, 2192910.170534263364971 ], [ 3253132.460672999732196, 2192918.92344160284847 ], [ 3253099.229437435977161, 2192952.612562532536685 ], [ 3253047.39496600208804, 2192950.93385921837762 ], [ 3252972.16509376000613, 2192897.540209798142314 ], [ 3252967.096162125933915, 2192866.156349210068583 ], [ 3252964.412804659921676, 2192849.542525903321803 ], [ 3252996.76218925556168, 2192783.809666555840522 ], [ 3252980.325685313902795, 2192773.3574189376086 ], [ 3252946.477887076791376, 2192751.822188576217741 ], [ 3252914.328212437685579, 2192778.885112339165062 ], [ 3252872.469765252433717, 2192799.06607997789979 ], [ 3252861.347155199851841, 2192863.24334952281788 ], [ 3252862.202905768994242, 2192878.848124074749649 ], [ 3252863.574786372017115, 2192903.618626691401005 ], [ 3252866.329581058118492, 2192959.574953334406018 ], [ 3252867.348225272726268, 2192980.210075344890356 ], [ 3252861.187734940554947, 2192978.517720733303577 ], [ 3252829.132807062473148, 2192969.716988209635019 ], [ 3252832.708335366100073, 2192979.788294604048133 ], [ 3252837.016042397357523, 2192991.941847840324044 ], [ 3252863.505805883090943, 2193049.554278896190226 ], [ 3252859.535221653059125, 2193078.136451720260084 ], [ 3252842.275055341888219, 2193117.635124544613063 ], [ 3252851.98974750796333, 2193191.040498337708414 ], [ 3252920.804603436030447, 2193204.77935896627605 ], [ 3252973.40840576030314, 2193228.880215525627136 ], [ 3252972.987955747172236, 2193205.413577239960432 ], [ 3252976.308714212849736, 2193140.570334079675376 ], [ 3252937.16043980512768, 2193083.13974 ], [ 3252930.086245563812554, 2193010.936188754159957 ], [ 3252971.979096695780754, 2192971.487343186512589 ], [ 3253007.590208929497749, 2192992.816183914430439 ], [ 3253036.79135715868324, 2193031.332243529614061 ], [ 3253064.188189598266035, 2193058.677111515309662 ], [ 3253087.802941367030144, 2193057.201386831700802 ], [ 3253105.137837291695178, 2193056.122239694464952 ], [ 3253133.324503109324723, 2193074.154568647034466 ], [ 3253139.804872758686543, 2193092.721239654347301 ], [ 3253146.155628036241978, 2193110.925299138762057 ], [ 3253153.006731804925948, 2193153.342341591604054 ], [ 3253158.706556995399296, 2193202.833772804588079 ], [ 3253169.878244076855481, 2193205.638516628649086 ], [ 3253180.268445633817464, 2193208.255251629743725 ], [ 3253202.110556928440928, 2193158.539011595770717 ], [ 3253227.481550394557416, 2193144.936132637783885 ], [ 3253233.612038350664079, 2193143.866139340680093 ], [ 3253240.897546213585883, 2193142.594554116018116 ], [ 3253280.979127433151007, 2193163.133130972739309 ], [ 3253298.984790689777583, 2193187.950541114900261 ], [ 3253310.540279083885252, 2193203.877597448416054 ], [ 3253349.980308951810002, 2193206.17877727933228 ], [ 3253356.176810731180012, 2193230.34037962090224 ], [ 3253378.098634885624051, 2193237.990249903406948 ], [ 3253412.77355373930186, 2193225.054744264110923 ], [ 3253448.461430794559419, 2193232.593147429637611 ], [ 3253453.183360000606626, 2193231.769018110819161 ], [ 3253453.183360000606626, 2192818.88326268363744 ], [ 3253440.502620151266456, 2192830.823423685971648 ] ] ] ] } },
{ "type": "Feature", "properties": { "CODE_18": "333", "Uso": "Espacios con vegetación escasa", "color": "#CCFFCC" }, "geometry": { "type": "MultiPolygon", "coordinates": [ [ [ [ 3253137.472112902440131, 2189287.102502752095461 ], [ 3253140.433447163552046, 2189417.166094235610217 ], [ 3253423.611998056527227, 2189579.380265141371638 ], [ 3253453.183360000606626, 2189590.461039440706372 ], [ 3253453.183360000606626, 2189448.063532341271639 ], [ 3253137.472112902440131, 2189287.102502752095461 ] ] ], [ [ [ 3252680.767967335879803, 2194369.571112137753516 ], [ 3252707.589672899805009, 2194364.889146372210234 ], [ 3252718.830993072129786, 2194349.149403171613812 ], [ 3252737.508279040921479, 2194336.714290787931532 ], [ 3252714.365694088861346, 2194278.780739288311452 ], [ 3252686.168955557048321, 2194260.750393325928599 ], [ 3252674.125001596286893, 2194214.656978908926249 ], [ 3252642.689044822007418, 2194191.089037886820734 ], [ 3252624.454270501621068, 2194177.422811759170145 ], [ 3252578.962013982236385, 2194123.390650033950806 ], [ 3252593.391667681280524, 2194100.494572067633271 ], [ 3252608.227327715605497, 2194076.970050140749663 ], [ 3252671.887936227954924, 2194072.751422293484211 ], [ 3252691.345324485562742, 2194069.355011533014476 ], [ 3252756.815364046022296, 2194057.926862109918147 ], [ 3252762.65213873423636, 2194049.760793135501444 ], [ 3252792.422269204631448, 2194008.098215574398637 ], [ 3252803.119812288321555, 2193985.346827731002122 ], [ 3252830.056375327985734, 2193928.090079675428569 ], [ 3252809.505212702788413, 2193871.995506439357996 ], [ 3252837.046045923605561, 2193800.632947256788611 ], [ 3252895.220094318967313, 2193776.711422806605697 ], [ 3252974.098160770721734, 2193781.303081652615219 ], [ 3252970.710059524513781, 2193859.925735833123326 ], [ 3252980.855134538374841, 2193886.348388406448066 ], [ 3252990.539687574375421, 2193911.553779219277203 ], [ 3253000.533433710224926, 2193943.071799837052822 ], [ 3253013.973645554855466, 2193985.494759399443865 ], [ 3253044.404320192523301, 2193997.498653773218393 ], [ 3253049.814565280918032, 2193999.636224829591811 ], [ 3253070.423749711364508, 2194007.768475424963981 ], [ 3253091.947281554341316, 2194024.388756043277681 ], [ 3253101.932958690449595, 2194032.104434692766517 ], [ 3253109.456306256353855, 2194038.212191269733012 ], [ 3253131.651522075757384, 2194056.225788378156722 ], [ 3253205.672913142479956, 2193977.277626804076135 ], [ 3253226.935777864418924, 2193968.720408273860812 ], [ 3253266.087922088801861, 2193952.965322148054838 ], [ 3253277.361375558190048, 2193959.918944945558906 ], [ 3253304.371808944735676, 2193976.575098855420947 ], [ 3253329.894405480474234, 2193992.31496009696275 ], [ 3253342.378085454925895, 2194001.73375475499779 ], [ 3253359.254940335638821, 2194014.471320001874119 ], [ 3253411.43336190097034, 2193984.976790805812925 ], [ 3253445.756184901110828, 2193930.527126492932439 ], [ 3253453.183360000606626, 2193918.748578727245331 ], [ 3253453.183360000606626, 2193879.725563107989728 ], [ 3253449.852162919938564, 2193824.490102336741984 ], [ 3253453.183360000606626, 2193805.06214841036126 ], [ 3253453.183360000606626, 2193728.549520331900567 ], [ 3253430.614787188358605, 2193701.246418025810272 ], [ 3253412.638980631716549, 2193679.505627152975649 ], [ 3253402.41510268393904, 2193662.585777103435248 ], [ 3253381.276278359815478, 2193627.609609819948673 ], [ 3253366.29807342402637, 2193623.107116881757975 ], [ 3253289.496653808746487, 2193600.015738808549941 ], [ 3253267.939821127802134, 2193549.946359519381076 ], [ 3253263.763939690776169, 2193540.243386559654027 ], [ 3253260.789389849640429, 2193479.976141879335046 ], [ 3253225.043562627397478, 2193471.261896127369255 ], [ 3253122.743720114696771, 2193463.87416910380125 ], [ 3253123.640914589632303, 2193439.893662184011191 ], [ 3253124.03829094953835, 2193429.220131301321089 ], [ 3253119.351288970559835, 2193400.202571528032422 ], [ 3253093.318938665091991, 2193402.54638409242034 ], [ 3253064.995663263835013, 2193405.097455082461238 ], [ 3253036.754259834066033, 2193408.343901138752699 ], [ 3253026.638702787458897, 2193409.501230316702276 ], [ 3253016.977212021127343, 2193400.147472667042166 ], [ 3252988.493367936927825, 2193372.546269014943391 ], [ 3252976.460095434449613, 2193326.451331115327775 ], [ 3252963.200801287312061, 2193289.481554037891328 ], [ 3252955.551230499055237, 2193268.138409773353487 ], [ 3252934.497439680621028, 2193237.395280735567212 ], [ 3252891.890130443032831, 2193272.356342159677297 ], [ 3252890.518897873349488, 2193320.801097654737532 ], [ 3252893.404911495745182, 2193409.804375703912228 ], [ 3252878.474297357257456, 2193426.208068020176142 ], [ 3252866.086419873870909, 2193439.815962756518275 ], [ 3252814.751690248493105, 2193435.00908980704844 ], [ 3252811.007464459631592, 2193411.828538477420807 ], [ 3252805.37760690972209, 2193376.973906976170838 ], [ 3252787.779482786078006, 2193324.956538894213736 ], [ 3252766.054681803099811, 2193312.933504155371338 ], [ 3252737.320970870088786, 2193297.044666965957731 ], [ 3252715.905638211406767, 2193264.063387178815901 ], [ 3252710.817338566295803, 2193232.561122397426516 ], [ 3252707.972994859330356, 2193214.95140755455941 ], [ 3252681.753959874156862, 2193214.002766366116703 ], [ 3252631.695686413906515, 2193212.197023109067231 ], [ 3252563.419400213286281, 2193244.775612765923142 ], [ 3252507.554310200270265, 2193254.526963022071868 ], [ 3252502.424938663840294, 2193242.628325210418552 ], [ 3252500.198156042955816, 2193237.451329469680786 ], [ 3252480.292449234984815, 2193199.614138028584421 ], [ 3252430.983895440585911, 2193235.755535800009966 ], [ 3252387.085484968498349, 2193305.391013187356293 ], [ 3252329.049881880171597, 2193372.901904061436653 ], [ 3252308.477660824079067, 2193379.828303469344974 ], [ 3252272.38537010550499, 2193391.967930994927883 ], [ 3252234.537082441151142, 2193442.187931683380157 ], [ 3252199.852738819550723, 2193455.12607416510582 ], [ 3252164.174971039406955, 2193447.586742569692433 ], [ 3252135.888882872648537, 2193451.561306117568165 ], [ 3252096.763812134973705, 2193457.052865823730826 ], [ 3252052.425614918582141, 2193467.093993830494583 ], [ 3252009.818195910193026, 2193430.918395499233156 ], [ 3251958.335128635168076, 2193382.524906371254474 ], [ 3251875.716784539632499, 2193383.17994880862534 ], [ 3251862.651696676388383, 2193380.969579031225294 ], [ 3251762.309415034018457, 2193363.95633783005178 ], [ 3251698.077625758945942, 2193407.306516065262258 ], [ 3251620.506595015525818, 2193439.208025512285531 ], [ 3251605.806429475545883, 2193476.202755599282682 ], [ 3251569.468142369762063, 2193521.567460582591593 ], [ 3251480.935167850926518, 2193514.070770859718323 ], [ 3251443.443142876029015, 2193495.362316251732409 ], [ 3251394.643133486621082, 2193506.183005126658827 ], [ 3251374.671672408934683, 2193553.273018709383905 ], [ 3251339.637554040644318, 2193563.981746199540794 ], [ 3251285.417314103804529, 2193541.310103852301836 ], [ 3251273.539306106045842, 2193536.206079012714326 ], [ 3251236.030549516901374, 2193520.095993436872959 ], [ 3251207.271318715065718, 2193541.185536316595972 ], [ 3251221.829582065343857, 2193602.908658442087471 ], [ 3251242.740757628809661, 2193661.231512307189405 ], [ 3251224.46194885019213, 2193668.467735721264035 ], [ 3251190.910423146095127, 2193681.756424671504647 ], [ 3251089.691775959916413, 2193681.057575746439397 ], [ 3250993.587222024798393, 2193626.687548548448831 ], [ 3250918.325864513404667, 2193644.419804675504565 ], [ 3250909.23845571000129, 2193658.476135531440377 ], [ 3250899.942170004360378, 2193672.873080309014767 ], [ 3250867.062918185256422, 2193696.983577295672148 ], [ 3250852.090915400069207, 2193727.831973187625408 ], [ 3250846.380221635103226, 2193739.605742242187262 ], [ 3250817.565923649817705, 2193768.207421328406781 ], [ 3250812.711480800062418, 2193773.029081816785038 ], [ 3250799.881290681660175, 2193807.396601737476885 ], [ 3250819.837654126808047, 2193835.867490235250443 ], [ 3250835.717912508174777, 2193858.521139527205378 ], [ 3250816.46858642809093, 2193910.078238332644105 ], [ 3250785.040883267298341, 2193943.110429567750543 ], [ 3250751.290948013775051, 2193919.166674271225929 ], [ 3250684.5323849292472, 2193875.742322296369821 ], [ 3250633.12535388674587, 2193813.558738778345287 ], [ 3250594.601651454344392, 2193817.618543604388833 ], [ 3250533.711774810217321, 2193824.032351201865822 ], [ 3250402.217084403149784, 2193849.292669282760471 ], [ 3250343.390783412382007, 2193854.971314619295299 ], [ 3250300.769897330086678, 2193747.64993654936552 ], [ 3250262.995883287861943, 2193712.932715121656656 ], [ 3250223.052441705949605, 2193735.975845043547451 ], [ 3250208.86230827216059, 2193818.787725559901446 ], [ 3250142.096031717956066, 2193846.504266670439392 ], [ 3250084.633042314555496, 2193856.53773545101285 ], [ 3250016.952913017943501, 2193868.355288006830961 ], [ 3249973.923820104915649, 2193889.261056843213737 ], [ 3249921.069793290924281, 2193914.94414360076189 ], [ 3249917.033745596650988, 2193918.548390223179013 ], [ 3249866.853700826875865, 2193963.422490926459432 ], [ 3249858.288835534825921, 2193992.838459617458284 ], [ 3249852.07675988227129, 2194014.199453033972532 ], [ 3249842.638445622753352, 2194048.512613085098565 ], [ 3249836.152046670671552, 2194072.070812772959471 ], [ 3249761.683762110769749, 2194151.631171287037432 ], [ 3249751.842162271030247, 2194163.781856082845479 ], [ 3249711.873688725288957, 2194213.118346200790256 ], [ 3249684.053041765466332, 2194268.474618646781892 ], [ 3249686.283999624662101, 2194307.603667704854161 ], [ 3249687.807779773138463, 2194334.376114280894399 ], [ 3249671.2804199680686, 2194370.860085473395884 ], [ 3249664.089250552468002, 2194386.724948537535965 ], [ 3249657.818879702594131, 2194447.493295923806727 ], [ 3249670.945246339775622, 2194500.281965503003448 ], [ 3249690.040429370477796, 2194576.319500890094787 ], [ 3249690.270734662655741, 2194577.242413848172873 ], [ 3249691.672554289922118, 2194585.919245309196413 ], [ 3249696.185780628584325, 2194613.791844794526696 ], [ 3249759.843328953720629, 2194581.162543403916061 ], [ 3249764.811046127229929, 2194573.147642255295068 ], [ 3249780.695526632014662, 2194547.512240992859006 ], [ 3249798.11664094729349, 2194519.388265592046082 ], [ 3249843.186091875657439, 2194446.654147222172469 ], [ 3249861.91338866809383, 2194416.436738735530525 ], [ 3249883.457311342004687, 2194390.208595250733197 ], [ 3249952.161756729707122, 2194306.57540709991008 ], [ 3249978.762489863205701, 2194300.65311933727935 ], [ 3250047.541984367184341, 2194285.338243098463863 ], [ 3250079.164800175465643, 2194277.768598165363073 ], [ 3250153.733812615275383, 2194259.901974736247212 ], [ 3250218.934243135154247, 2194251.082295041065663 ], [ 3250270.664335043169558, 2194244.077411369420588 ], [ 3250329.638581073842943, 2194281.976735033560544 ], [ 3250385.661870967131108, 2194315.808927201200277 ], [ 3250430.477568021044135, 2194293.962830275762826 ], [ 3250451.69480524584651, 2194283.617731051985174 ], [ 3250483.989276718348265, 2194227.491176671348512 ], [ 3250575.97806734777987, 2194213.720936888828874 ], [ 3250581.331602089107037, 2194221.099447690881789 ], [ 3250596.674053608439863, 2194242.245181698352098 ], [ 3250661.989629096817225, 2194276.736238179728389 ], [ 3250673.674041517078876, 2194320.601473365910351 ], [ 3250713.329228119924664, 2194352.699248360469937 ], [ 3250761.488092503510416, 2194350.353335828520358 ], [ 3250744.756557987071574, 2194319.666835385840386 ], [ 3250767.395702118985355, 2194260.633802653290331 ], [ 3250822.907842327840626, 2194248.640197630040348 ], [ 3250837.906352558173239, 2194298.82067805994302 ], [ 3250865.799398132134229, 2194300.834417497273535 ], [ 3250878.63751167897135, 2194266.455201634205878 ], [ 3250877.307817263528705, 2194263.564830181188881 ], [ 3250860.971866267267615, 2194228.226852750405669 ], [ 3250871.560880303848535, 2194194.250484506133944 ], [ 3250911.86423877440393, 2194173.436096881516278 ], [ 3250959.515856780577451, 2194169.708984169643372 ], [ 3250995.858455565758049, 2194195.501512582413852 ], [ 3251006.449731813743711, 2194232.663650337606668 ], [ 3250988.360082169063389, 2194277.134628741536289 ], [ 3250992.460053009912372, 2194296.796338154934347 ], [ 3250997.475279767997563, 2194292.341971294954419 ], [ 3251001.699533816892654, 2194288.58329809922725 ], [ 3251039.61791470926255, 2194295.730530365370214 ], [ 3251059.895098173059523, 2194333.097426172345877 ], [ 3251128.150367636233568, 2194303.226108896546066 ], [ 3251149.383961234241724, 2194312.647724688053131 ], [ 3251172.705345187336206, 2194322.992374427616596 ], [ 3251176.761617665179074, 2194326.613145130220801 ], [ 3251218.091535162180662, 2194363.548656322993338 ], [ 3251247.902309572324157, 2194390.187690022401512 ], [ 3251268.924914294853806, 2194430.911981269251555 ], [ 3251291.379777260590345, 2194474.407373098656535 ], [ 3251275.453403513412923, 2194532.268115900456905 ], [ 3251294.494522729422897, 2194593.209031558595598 ], [ 3251331.630986863747239, 2194680.837239482440054 ], [ 3251351.445837526582181, 2194661.308902668766677 ], [ 3251348.502140377182513, 2194643.08765879785642 ], [ 3251344.954738431610167, 2194621.129484244156629 ], [ 3251336.298923161812127, 2194567.550363899208605 ], [ 3251342.647559153381735, 2194493.001753697637469 ], [ 3251370.752582041546702, 2194453.666089951992035 ], [ 3251370.920657050795853, 2194437.993713387288153 ], [ 3251371.185902351047844, 2194413.058462570421398 ], [ 3251371.468601197004318, 2194386.974569978192449 ], [ 3251350.558295750524849, 2194328.661422842182219 ], [ 3251347.307293761521578, 2194308.537235633470118 ], [ 3251345.469150852877647, 2194297.158837561961263 ], [ 3251341.182814579922706, 2194270.625677518546581 ], [ 3251323.736541828140616, 2194246.572547413408756 ], [ 3251308.668314611539245, 2194225.804635758977383 ], [ 3251282.790385872125626, 2194193.602560908999294 ], [ 3251258.050491063855588, 2194154.307939889840782 ], [ 3251242.333838757127523, 2194099.680670656263828 ], [ 3251246.228422573301941, 2194066.863145949319005 ], [ 3251267.038232977502048, 2194072.090692068450153 ], [ 3251289.340306657832116, 2194077.696414240635931 ], [ 3251327.552348061930388, 2194100.861403439659625 ], [ 3251364.966602140106261, 2194133.350752504076809 ], [ 3251434.606431855820119, 2194123.483988320454955 ], [ 3251440.689921256154776, 2194105.096029022242874 ], [ 3251453.134242841973901, 2194067.460666531696916 ], [ 3251538.060916098766029, 2194052.634099991992116 ], [ 3251622.827189201489091, 2194026.886651217937469 ], [ 3251697.96704517910257, 2194004.066895802039653 ], [ 3251728.354387022554874, 2194012.661193056497723 ], [ 3251758.168837973847985, 2194021.102067514788359 ], [ 3251814.033218699973077, 2194011.349577827379107 ], [ 3251888.651211742777377, 2193975.370909188408405 ], [ 3251955.551358020864427, 2193920.078524383716285 ], [ 3251978.081452530808747, 2193918.173045149073005 ], [ 3252057.568293239921331, 2193911.454537164419889 ], [ 3252104.929871974047273, 2193962.858779352158308 ], [ 3252119.430178373120725, 2194038.359408927150071 ], [ 3252137.888313664123416, 2194138.42286342009902 ], [ 3252149.918361560441554, 2194156.720407380256802 ], [ 3252174.445036384742707, 2194194.004539720248431 ], [ 3252172.646931016817689, 2194254.000726050697267 ], [ 3252182.693645955063403, 2194259.76927006104961 ], [ 3252198.221024892292917, 2194268.67681095842272 ], [ 3252230.899924357421696, 2194287.435075935907662 ], [ 3252250.074932578485459, 2194320.807516245171428 ], [ 3252267.524761456996202, 2194329.237542017363012 ], [ 3252321.236039307899773, 2194306.093966400250793 ], [ 3252328.223989996593446, 2194282.246146602556109 ], [ 3252337.523127897642553, 2194250.462370082736015 ], [ 3252337.748885788023472, 2194244.31990233855322 ], [ 3252338.816983576398343, 2194215.807964885607362 ], [ 3252363.329730599652976, 2194225.296266679186374 ], [ 3252366.80158176459372, 2194239.248325711116195 ], [ 3252369.957784377038479, 2194251.93755119247362 ], [ 3252376.456851940602064, 2194278.094458465464413 ], [ 3252359.088267926126719, 2194327.031149389687926 ], [ 3252343.151365638710558, 2194384.892832975834608 ], [ 3252345.103794130031019, 2194439.641819550190121 ], [ 3252344.102114731445909, 2194490.30387422721833 ], [ 3252345.399450155440718, 2194526.797219777479768 ], [ 3252346.270487006288022, 2194574.85135004343465 ], [ 3252351.679805812425911, 2194608.335712758824229 ], [ 3252385.012068824376911, 2194609.147226259112358 ], [ 3252386.275988907087594, 2194609.180036978796124 ], [ 3252417.713634198065847, 2194576.147120117675513 ], [ 3252436.379316844977438, 2194563.703698983415961 ], [ 3252457.457835789304227, 2194571.348248235415667 ], [ 3252470.559065094217658, 2194576.1071299132891 ], [ 3252493.696672548539937, 2194562.883092015050352 ], [ 3252498.035208978690207, 2194557.695435681380332 ], [ 3252520.662481983192265, 2194530.630914112087339 ], [ 3252532.139054303988814, 2194509.750598165672272 ], [ 3252540.195556279737502, 2194495.093888680450618 ], [ 3252542.63878773059696, 2194453.355136370752007 ], [ 3252544.585082365199924, 2194435.872072682250291 ], [ 3252547.322952352464199, 2194411.225219704676419 ], [ 3252582.006956085562706, 2194398.287034954875708 ], [ 3252630.884837625548244, 2194373.686199995223433 ], [ 3252668.647873007692397, 2194370.571611734107137 ], [ 3252680.767967335879803, 2194369.571112137753516 ] ] ] ] } }
]
}
